# en	cn	source	id
Skin Prophet	人皮预言者	AbEvents-a1c5p3.json	810001
Ambling Pearl	陆行珍珠	AbEvents-a1c5p3.json	810101
Dream-Devouring Siltcurrent	噬梦的浊流	AbEvents-a1c5p3.json	810201
Check underneath the ship	检查船体底部	AbEvents-a1c5p3.json	1050101
Left or Right	左转或右转	AbEvents-a1c5p3.json	10502
Right or Left	左转或右转	AbEvents-a1c5p3.json	1050201
To the Arteries	前往动脉	AbEvents-a1c5p3.json	10503
The Artery	切断白鲸动脉	AbEvents-a1c5p3.json	1050401
Supply Crate 1	补给品 1	AbEvents-a1c5p3.json	1050501
Supply Crate 2	补给品 2	AbEvents-a1c5p3.json	1050502
Ahab 2	亚哈 2	AbEvents-a1c5p3.json	810602
Ahab 3	亚哈 3	AbEvents-a1c5p3.json	810603
Erlking Heathcliff	魔王希斯克利夫	AbEvents-a1c6p2.json	816401
Heathcliff, The Heartbroken	心被撕碎的希斯克利夫	AbEvents-a1c6p3.json	816601
Nelly	耐莉	AbEvents-a1c6p3.json	817101
Rose Hunter	玫瑰猎人	AbEvents-a1c7p3.json	837601
막힌_길_장치_조작	막힌_길_장치_조작	AbEvents-a1c8p2.json	1080101
낭떠러지_도전	낭떠러지_도전	AbEvents-a1c8p2.json	1080601
죄인_벌주기_1차	죄인_벌주기_1차	AbEvents-a1c8p2.json	1080701
죄인_벌주기_2차	죄인_벌주기_2차	AbEvents-a1c8p2.json	1080702
항아리_보기	항아리_보기	AbEvents-a1c8p2.json	1080801
공포_견디기	공포_견디기	AbEvents-a1c8p2.json	1081001
막바지_보너스_내기	막바지_보너스_내기	AbEvents-a1c8p2.json	1081301
Faelantern	精灵提灯	AbEvents-a1c9p1.json	130801
Ardor Blossom Moth	红焰蛾	AbEvents-a1c9p2.json	132001
Wayward Passenger	迷失的乘客	AbEvents-a1c9p2.json	876701
Punish the You branch Heishou.	处罚黑兽 - 酉。	AbEvents-cultivation.json	97106801
Suspicious Red Cloth	奇怪的红布	AbEvents-cultivation.json	97106901
Someone fenced Heishou Pack - Wu Branch gear	赃物：黑兽 - 午的装备	AbEvents-cultivation.json	97107301
Enter The Last Knight	最后的骑士之现身	AbEvents-pilgrimage.json	12880101
Frozen Sinners	冻结的罪人	AbEvents-pilgrimage.json	12880201
The Last Knight and Rocinante	最后的骑士与罗辛南特	AbEvents-pilgrimage.json	12880301
Iberians and the Ægir - #3	伊比利亚人与阿戈尔人 #3	AbEvents-pilgrimage.json	97107402
The Glorious Past of Iberia	伊比利亚昔日的辉煌荣光	AbEvents-pilgrimage.json	97107501
A Story of Lighthouse Keepers and The Profound Silence - #3	灯塔看守人与大静谧的故事 #3	AbEvents-pilgrimage.json	97107602
Daily Life	日常生活	AbEvents-tktRe.json	1081401
T Corp. Collector	T公司征收员	AbEvents-tktRe.json	1081501
Yurodiviye	圣愚	AbEvents-tktRe.json	1081601
Punishing Bird	惩戒鸟	AbEvents-walpu8.json	97109002
1.76 MHz	1.76兆赫	AbEvents-walpu8.json	97109102
Queen Bee Gift Options	蜂后 饰品 选项	AbEvents-walpu8.json	97109601
Singing Machine Gift Options	歌唱机 饰品 选项	AbEvents-walpu8.json	97109701
Singing Machine Gift Option 2 - Harmony Guitar	歌唱机 饰品 选项2 - 和声吉他	AbEvents-walpu8.json	97109801
Singing Machine Gift Option 2 - Self-playing Bass	歌唱机 饰品 选项2 - 自动演奏贝斯	AbEvents-walpu8.json	97109901
백설선택지1	白雪选项1	AbEvents.json	800101
백설선택지2	白雪选项2	AbEvents.json	800102
백설선택지4	백설선택지4	AbEvents.json	800104
백설선택지5	백설선택지5	AbEvents.json	800105
구더기사과선택지1	구더기사과선택지1	AbEvents.json	800801
아즈텍원판선택지2	아즈텍원판선택지2	AbEvents.json	800202
아즈텍원판선택지4	아즈텍원판선택지4	AbEvents.json	800204
아즈텍원판선택지6	아즈텍원판선택지6	AbEvents.json	800206
분홍신선택지2	분홍신선택지2	AbEvents.json	801502
Eternal Rest	永远的解放	AbEvents.json	10100201
Exhilarating Edutainment Featuring Excess Violence!	寓教于揍的有趣游戏！	AbEvents.json	10200201
Before a Sealed Door	在紧闭的门扉前	AbEvents.json	1030201
The First Gate	第一道关口	AbEvents.json	1030301
Who Judges the Judge	审判审判官之人	AbEvents.json	1030501
A Rotting Corpse’s Memento	腐尸所遗留之物	AbEvents.json	1030601
Rite of Suppuration	溃烂仪式	AbEvents.json	1030801
Rite of Confrontation	直面仪式	AbEvents.json	1031001
Rite of Penance	忏悔仪式	AbEvents.json	1031201
Rite of Conclusion	最终仪式	AbEvents.json	1031401
던전 103003 선택지	던전 103003 선택지	AbEvents.json	103003
던전 103004 선택지 : 짓무름의 의식	던전 103004 선택지 : 짓무름의 의식	AbEvents.json	103004
던전 103004 선택지 : 속죄의 의식	던전 103004 선택지 : 속죄의 의식	AbEvents.json	103005
던전 103006 2차 선택지	던전 103006 2차 선택지	AbEvents.json	10300601
늑대선택지1	늑대선택지1	AbEvents.json	802501
뱀선택지1	뱀선택지1	AbEvents.json	802801
크로머선택지1	크로머선택지1	AbEvents.json	802901
크로머선택지2	크로머선택지2	AbEvents.json	803001
단수어선택지1	단수어선택지1	AbEvents.json	803101
골목파수견선택지1	골목파수견선택지1	AbEvents.json	803201
Blubbering Toad	悲泣蟾蜍	AbEvents.json	851001
Kqe-1j-23	Kqe-1j-23	AbEvents.json	851901
My Form Empties	无我入定	AbEvents.json	852701
Tango of Poultry Passion	鸡群的激情探戈	AbEvents.json	91030201
Shock Centipede	电击蜈蚣	AbEvents.json	804501
Drifting Fox	流浪狐狸	AbEvents.json	804601
So That No One Will Cry	因而无人哭泣	AbEvents.json	804701
Fairy Gentleman	绅士精灵	AbEvents.json	804801
Looking for a Drone	寻找无人机	AbEvents.json	1040101
Poking at the Egg	触摸那颗卵	AbEvents.json	1040301
PickingRowAndColumn	选择行与列	AbEvents.json	1040401
Try Talking	与其搭话。	AbEvents.json	1040801
Stand in his way.	阻止他。	AbEvents.json	805002
Fairy Longlegs	长腿精灵	AbEvents.json	805901
{0} <color=#fe4b48>loses {1} SP</color>	{0} <color=#fe4b48>失去{1}点理智值</color>	AbEventsResultLog-a1c5p3.json	810001_skinPredector_success_1_1
{0} gains %{2} {1}/% for the encounter.	本关卡中，{0} 获得%{2} {1}/%。	AbEventsResultLog-a1c5p3.json	810001_skinPredector_success_1_2
{0} gains %{2} {1}/% and %{4} {3}/% for the encounter.	本关卡中，{0} 获得%{2} {1}/%，%{4} {3}/%。	AbEventsResultLog-a1c5p3.json	810001_skinPredector_success_1_3
All Identities gain %{1} {0}/% and %{3} {2}/%.	所有人格获得%{1} {0}/%，%{3} {2}/%。	AbEventsResultLog-a1c5p3.json	810001_skinPredector_failure_1_2
1 {0} <color=#e30000>loses {1} HP</color>	{0}之一<color=#e30000>失去{1}体力</color>	AbEventsResultLog-a1c5p3.json	810201_nk_success_1_1
{0} gains %{2} {1}/%	{0}获得%{2} {1}/%。	AbEventsResultLog-a1c5p3.json	810201_nk_success_1_2
{0} <color=#e30000>loses {1} HP</color>	{0}<color=#e30000>失去{1}体力</color>	AbEventsResultLog-a1c5p3.json	810201_nk_failure_1_2
{0} <color=#fe4b48>loses {1} SP</color>	{0}<color=#fe4b48>失去{1}点理智值</color>	AbEventsResultLog-a1c5p3.json	810101_walkingPearl_success_1_1
{0} %loses {2} {1}/%	{0} %失去{2} {1}/%	AbEventsResultLog-a1c5p3.json	810101_walkingPearl_success_1_3
{0} gains %{2} [{1}]/% and %{4} [{3}]/%	{0}获得%{2} [{1}]/%，%{4} [{3}]/%	AbEventsResultLog-a1c5p3.json	810602_success_1_1
{0} <color=#80c9ff>fully heals SP</color>	{0}<color=#80c9ff>恢复至理智值上限</color>	AbEventsResultLog-a1c5p3.json	810602_success_1_2
All allies gain %{1} [{0}]/%	全体友方单位获得%{1} [{0}]/%	AbEventsResultLog-a1c5p3.json	810602_success_1_3
All allies <color=#80c9ff>heal {0} SP</color>	全体友方单位<color=#80c9ff>恢复{0}点理智值</color>	AbEventsResultLog-a1c5p3.json	810602_success_1_4
{0} gains %{2} [{1}]/%	{0} 获得%{2} [{1}]/%	AbEventsResultLog-a1c5p3.json	810602_success_1_5
<color=#ebcaa2>[{0}]</color> gains %{2} [{1}]/%	<color=#ebcaa2>[{0}]</color>获得%{2} [{1}]/%	AbEventsResultLog-a1c6p3.json	816601_success_1
<color=#ebcaa2>[{0}]</color> gains %{2} [{1}]/% next turn	<color=#ebcaa2>[{0}]</color>在下回合获得%{2} [{1}]/%	AbEventsResultLog-a1c6p3.json	816601_success_2
<color=#ebcaa2>[{0}]</color> gains %{2} [{1}]/% next turn	在下回合对<color=#ebcaa2>[{0}]</color>施加%{2} [{1}]/%	AbEventsResultLog-a1c6p3.json	816601_failure_1
<color=#ebcaa2>[{0}]</color> takes {1} SP damage	<color=#ebcaa2>[{0}]</color>受到{1}点理智值伤害	AbEventsResultLog-a1c6p3.json	816601_failure_2
<color=#ebcaa2>[{0}]</color> heals {1} HP and {2} SP	<color=#ebcaa2>[{0}]</color>恢复{1}点体力与点{2}理智值	AbEventsResultLog-a1c6p3.json	816602_success_2
<color=#ebcaa2>[{0}]</color> heals {1} HP to Core and Part	<color=#ebcaa2>[{0}]</color> 的本体和部位恢复{1}点体力	AbEventsResultLog-a1c6p3.json	816602_failure_1
<color=#ebcaa2>[{0}]</color> gains %{2} [{1}]/%	对<color=#ebcaa2>[{0}]</color>施加%{2} [{1}]/%	AbEventsResultLog-a1c6p3.json	817101_log_1_1
<color=#ebcaa2>All Sinners</color> heal {0} SP	<color=#ebcaa2>全体友方单位</color> 恢复{0}点理智值	AbEventsResultLog-a1c6p3.json	817302_success_1
<color=#ebcaa2>[{0}]</color> heals {1} SP	<color=#ebcaa2>罪人[{0}]</color>恢复{1}点理智值	AbEventsResultLog-a1c6p3.json	817304_success_1
[{0}] gains %{3} {2}/% for {1} turn(s)	[{0}]在{1}回合内获得%{3} {2}/%	AbEventsResultLog-a1c6p3.json	817304_success_2
[{0}] <color=#80c9ff>fully heals SP</color>	[{0}]的<color=#80c9ff>理智值恢复至上限</color>	AbEventsResultLog-a1c6p3.json	817305_1
[{0}]'s {1} changes to {2}	[{0}]的{1}变为{2}	AbEventsResultLog-a1c6p3.json	817305_3
<color=#ebcaa2>[{0}]</color> gains %{2} [{1}]/% every turn	<color=#ebcaa2>[{0}]</color>每回合对自身施加%{2} [{1}]/%	AbEventsResultLog-a1c7p3.json	837902_2
<color=#ebcaa2>Fairy is Staggered!</color>	<color=#ebcaa2>精灵部位陷入混乱</color>	AbEventsResultLog-a1c9p1.json	130801_success_1
<color=#ebcaa2>Fairy permanently gains {1} {0}</color>	<color=#ebcaa2>精灵部位对自身永久施加 {1} {0} </color>	AbEventsResultLog-a1c9p1.json	130801_success_2
<color=#ebcaa2>{0}</color> gains % [{2} {1}]/%	<color=#ebcaa2>{0}</color>获得%[{2} {1}]/%	AbEventsResultLog-pilgrimage.json	12880101_succeed_1
<color=#ebcaa2>{0}</color> gains %[{1}]/%	<color=#ebcaa2>{0}</color>获得%[{1}]/%	AbEventsResultLog-pilgrimage.json	12880302_succeed_2
Apply %[{2} {1}]/% on <color=#ebcaa2>{0}</color>	对<color=#ebcaa2>{0}</color>施加%[{2} {1}]/%	AbEventsResultLog-pilgrimage.json	12880302_failure_2
<color=#ebcaa2>Nothing happened.</color>	<color=#ebcaa2>什么都没有发生。</color>	AbEventsResultLog.json	800101_whitesnow_failure_1_1
<color=#ebcaa2>[{0}] got Staggered!</color>	<color=#ebcaa2>[{0}]陷入了混乱</color>	AbEventsResultLog.json	800105_whitesnow_success_1_2
<color=#ebcaa2>The Golden Apple formed a new body!</color>	<color=#ebcaa2>金苹果生成了新的躯干！</color>	AbEventsResultLog.json	800801_muckwormedapple_success_1_1
All of [{0}]’s parts gain %{3} {2} for {1} turn(s)/%.	[{0}]的所有部位</color>获得%持续{1}回合的{3}{2}/%。</color>	AbEventsResultLog.json	800801_muckwormedapple_failure_1_2
<color=#ebcaa2>Abnormality Suppressed!</color>	<color=#ebcaa2>异想体镇压完成</color>	AbEventsResultLog.json	800206_aztec_circle_success_1_3
<color=#ebcaa2>Investigating the factory…</color>	<color=#ebcaa2>我们决定调查工厂。</color>	AbEventsResultLog.json	801201_reinforcedHuman_1_1
<color=#ebcaa2>Pressed “Yes”.</color>	<color=#ebcaa2>按下了“是”的按钮。</color>	AbEventsResultLog.json	801202_reinforcedHuman_1_1
<color=#ebcaa2>Pressed “No”.</color>	<color=#ebcaa2>按下了“不是”的按钮。</color>	AbEventsResultLog.json	801202_reinforcedHuman_2_1
<color=#ebcaa2>All enemies become %[{0}]/%.</color>	<color=#ebcaa2>全体敌方单位进入%[{0}]/%状态</color>	AbEventsResultLog.json	801502_pinkshoe_failure_1_3
<color=#ff8000>Combat Encounter!</color>	<color=#ff8000>触发遭遇战！</color>	AbEventsResultLog.json	102002_action_2_2
<color=#ebcaa2>Got an E.G.O Gift!</color>	<color=#ebcaa2>获得E.G.O饰品！</color>	AbEventsResultLog.json	acquire_ego_gift
<color=#ebcaa2>Combat Encounter!</color>	<color=#ebcaa2>触发遭遇战！</color>	AbEventsResultLog.json	battle_occurrence
<color=#ebcaa2>There’s a new path on the map!</color>	<color=#ebcaa2>地图中追加了新的道路！</color>	AbEventsResultLog.json	unlock_hidden_node
<color=#ebcaa2>Enemy waves reduced by {0}!</color>	<color=#ebcaa2>敌人的波次减少{0}波！</color>	AbEventsResultLog.json	enemy_wave_decrease
<color=#ebcaa2>[{0}]’s Karma was resolved.</color>	<color=#ebcaa2>解除[{0}]的业报</color>	AbEventsResultLog.json	852701_statue_failure_1_1
Karma strikes every Sinner randomly!	对全体人格随机施加业报。	AbEventsResultLog.json	852701_statue_failure_1_2
<color=#ebcaa2>[{0}] loses %{2} [{1}]/%</color>	<color=#ebcaa2>[{0}] 减少%{2} [{1}] /%</color>	AbEventsResultLog.json	804501_electriccentipede_success_1_1
<color=#ebcaa2>[{0}] gains %{2} [{1}]/%</color>	<color=#ebcaa2>[{0}] 增加%{2} [{1}] /%</color>	AbEventsResultLog.json	804501_electriccentipede_failure_1_1
[{0}] gains <color=#00ff9c>{2} {1}</color> next turn	下回合对罪人[{0}]施加<color=#00ff9c>{2} {1}</color>	AbEventsResultLog.json	804701_nobodygonnacry_success_1_2
Dongrang has been confronted	东朗被阻拦了	AbEventsResultLog.json	805006_egoawakendongrang_success_3_1
<color=#ebcaa2>[{0}] loses %{2} [{1}]/%</color>	<color=#ebcaa2>[{0}] 减少%{2} [{1}]/%</color>	AbEventsResultLog_Refraction2.json	854101_success_1_1
[{0}] gains <color=#00ff9c>{2} {1}</color> next turn	下回合对[{0}]施加<color=#00ff9c>{2} {1}</color>	AbEventsResultLog_Refraction2.json	854401_success_1_2
<color=#ebcaa2>{0} is Staggered</color>	<color=#ebcaa2>[{0}]陷入混乱</color>	AbEventsResultLog_Refraction2.json	854501_success_1_1
<color=#ebcaa2>Fairy is Staggered!</color>	<color=#ebcaa2>精灵陷入混乱</color>	AbEventsResultLog_Refraction2.json	854901_success_1_1
All characters deal {0}% damage	所有角色造成的伤害{0}%	AbEventsResultLog_Refraction2.json	855601_1_1
All characters take {0}% damage	所有角色受到的伤害{0}%	AbEventsResultLog_Refraction2.json	855601_1_2
<color=#ebcaa2>All Sinners</color> lose %{0}/%.	<color=#ebcaa2>全体罪人</color>失去 %{0}/%。	AbEventsResultLog_Refraction3.json	857701_abm_success_1_1
<color=#ebcaa2>{0}</color> loses %{2} {1}/%	<color=#ebcaa2>{0}</color> 减少 %{2} {1}/%	AbEventsResultLog_Refraction3.json	857701_abm_success_1_2
All allies gain {0} for the rest of the Encounter.	本场战斗中的全体友方单位获得{0}。	AbEventsResultLog_Refraction4.json	862901_1_4
All allies gain %{1} {0}/% for this Encounter	本场战斗中全体友方单位获得%{0} {1}/%。	AbEventsResultLog_Refraction4.json	862901_2_3
All allies gain {0} for the rest of the Encounter	本场战斗中的全体友方单位获得{0}	AbEventsResultLog_Refraction4.json	862901_2_4
Gain {0} E.G.O resources for all affinities	获得所有E.G.O资源各{0}个	AbEventsResultLog_Refraction4.json	862902_2_1
Halve all allies' {0} Potency and Count	全体友方单位的{0}强度与层数减半	AbEventsResultLog_Refraction4.json	862903_success_1
Nothing happened.	什么都没有发生	AbEventsResultLog_Refraction4.json	862903_failure_1
<color=#ebcaa2>{0} gains {1} Shield</color>	<color=#ebcaa2>{0} 获得 {1} 护盾</color>	AbEventsResultLog_Refraction5.json	8630_SHIELD
<color=#ebcaa2>All allies fully heal HP and SP</color>	<color=#ebcaa2>全体友方单位恢复全部理智值与体力</color>	AbEventsResultLog_Refraction6.json	956801_1_1
Gain {0} E.G.O resource for all Affinities	获得所有E.G.O资源各{0}个	AbEventsResultLog_Refraction6.json	956801_3_1
- Gain +50% max HP (max 200; excluding Peccatula Invidiae)	- 自身的体力上限+50%(最多200点，不包括嫉妒罪种)	AbEventsResultLog_Refraction6.json	955601_1_2
- Remove the first Stagger Threshold	- 移除自身的第一混乱阈值	AbEventsResultLog_Refraction6.json	955601_1_3
- When hit by Unbreakable Coins, take -20% damage	- 受到来自不可摧毁的硬币的伤害-20%	AbEventsResultLog_Refraction6.json	955101_1_3
- On Hit with Unbreakable Coins, deal +20% damage	- 不可摧毁的硬币命中时，造成的伤害+20%	AbEventsResultLog_Refraction6.json	955101_2_3
Physical Intervention Shield Activated	物理屏蔽力场已激活	AbEventsResultLog_walpu4.json	836601_succeed_1
All allies <color=#00ff9c>heal 30 HP</color>	全体友方单位<color=#00ff9c>恢复30点体力</color>	AbEventsResultLog_walpu4.json	836602_1_1
All allies <color=#80c9ff>heal 30 SP</color>	全体友方单位<color=#80c9ff>恢复30点理智值</color>	AbEventsResultLog_walpu4.json	836602_2_1
All allies <color=#00ff9c>heal 3 HP every turn</color>	全体友方单位<color=#00ff9c>每回合恢复3点体力</color>	AbEventsResultLog_walpu4.json	836602_3_1
All allies <color=#80c9ff>heal 3 SP every turn</color>	全体友方单位<color=#80c9ff>每回合恢复3点理智值</color>	AbEventsResultLog_walpu4.json	836602_3_2
Black Ledger Choice - Save the Civilians.	黑色账簿选项 - 拯救居民。	AbEvents_Mirror4.json	97101201
Rusted Hilt - To wield a blade is to Slash with it	锈蚀的刀柄 判定 - 剑术乃斩击	AbEvents_Mirror4.json	97101301
Fractured Blade Choice - Draw of the Sword	破碎的刀刃 选项 - 拔剑	AbEvents_Mirror4.json	97101401
Broken Blade Choice - Let the sword hang to the side	损坏的刀刃 选项 - 垂剑	AbEvents_Mirror4.json	97101402
Red Tassel Choice - Small fries	红色流苏 选项 - 殃及池鱼	AbEvents_Mirror4.json	97101601
Ragged Bamboo Hat Choice - That's not what matters	破损的斗笠 判定 - 重要的另有其事	AbEvents_Mirror4.json	97101701
Old Dopo Cloak - What's right is right	陈旧的长袍 选项 - 是则是	AbEvents_Mirror4.json	97101702
Take a general, sweeping look around the factory.	整体性地调查工厂。	AbEvents_Mirror4.json	97102101
Take a closer look at the factory owner and the employee.	仔细地调查厂长和员工。	AbEvents_Mirror4.json	97102102
Carnival of La Manchaland	拉·曼却领嘉年华游行	AbEvents_Mirror6.json	97105601
The Carousel	旋转木马	AbEvents_Mirror6.json	97105701
Refracted Sleeping Bag of a Bygone Day	折射的往昔的睡袋	AbEvents_Mirror6.json	97105801
Refracted Four-hundred Roses	折射的四百朵玫瑰	AbEvents_Mirror6.json	97105901
Bamboo-hatted Kim's Past 1	金笠的过去 1	AbEvents_Mirror7.json	97111001
Bamboo-hatted Kim's Past 2	金笠的过去 2	AbEvents_Mirror7.json	97111101
Bamboo-hatted Kim's Past 3	金笠的过去 3	AbEvents_Mirror7.json	97111202
Fairy-Long-Legs	长腿精灵	AbEvents_Refraction2.json	854501
Steam Transport Machine	蒸汽运输机	AbEvents_Refraction2.json	855501
Sign of Roses	玫瑰告示牌	AbEvents_Refraction2.json	85560101
Drenched Gossypium	浸染棉花	AbEvents_Refraction3.json	857801
Spiral of Contempt	轻蔑螺旋	AbEvents_Refraction3.json	85850101
Dreaming Electric Sheep	梦中的电子羊	AbEvents_Refraction4.json	860801
Portrait of a Certain Day	某日的肖像	AbEvents_Refraction4.json	860501
The King in Binds	受缚之王	AbEvents_Refraction4.json	862903
Fell Bullet	凶弹	AbEvents_Refraction5.json	863001
Four-hundred Roses	四百朵玫瑰	AbEvents_Refraction5.json	863301
Rusted Hilt - To wield a blade is to Slash with it	锈蚀的刀柄选项 - 剑术乃斩击	AbEvents_Ycgd.json	1050701
Fractured Blade Choice - Draw of the Sword	破碎的刀刃选项 - 拔剑	AbEvents_Ycgd.json	1050801
Broken Blade Choice - Let the sword hang to the side	损坏的刀刃选项 - 垂剑	AbEvents_Ycgd.json	1050802
Red Tassel Choice - Small fries	红色流苏选项 - 殃及池鱼	AbEvents_Ycgd.json	1050901
Old Dopo Cloak - What's right is right	陈旧的长袍选项 - 是则是	AbEvents_Ycgd.json	1051002
You know your stuff	你很懂行嘛	AbEvents_Ycgd.json	97104901
I gues so	似乎如此	AbEvents_Ycgd.json	97105001
Bamboo-hatted Kim's Past 4	金笠的过去 4	AbEvents_exme.json	1090501
Bamboo-hatted Kim's Past 5	金笠的过去 5	AbEvents_exme.json	1090601
Ardor Blossom Moth Containment Breach	红焰蛾出逃	AbEvents_lcbcheckup-re.json	97110001
Faelantern Containment Breach	精灵提灯出逃	AbEvents_lcbcheckup-re.json	97110101
Post-choice Development	选项后文字	AbEvents_lcbcheckup-re.json	97110302
We're the 'samples'.	我们就是样本。	AbEvents_lcbcheckup.json	97104301
Eat it.	尝尝看。	AbEvents_lcbcheckup.json	97104401
Accept and investigate.	同意调查。	AbEvents_lcbcheckup.json	97104701
Carefully look around.	仔细地观察周围。	AbEvents_lcbcheckup.json	97104801
A W Corp. Cleanup Agent is battling a group of Bloodbags.	一位W公司清扫人员正在与一群血袋战斗	AbEvents_mowe-re.json	97108402
Post-Heishou Choice Development	黑兽选项后	AbEvents_night-clean-up-re.json	97110802
Oddly Familiar Boombox	似曾相识的音响	AbEvents_night-clean-up-re.json	97110901
LCE Recovers The Ring's Artwork - Corporist Piece	回收环指作品的LCE组员们 - 人体派作品	AbEvents_twth.json	97110401
LCE Recovers The Ring's Artwork - Fauvist Piece	回收环指作品的LCE组员们 - 野兽派作品	AbEvents_twth.json	97110402
Gallery of the Ring's School of Fauvism	野兽派环指画廊	AbEvents_twth.json	97110501
Quiet Corridor of the Middle	寂静的中指走廊	AbEvents_twth.json	97110601
Effloresced E.G.O::GasHarpoon	绽放E.G.O::燃气捕鲸叉	AbnormalityGuides-a1c5p3.json	8106
Hindley, The Reaved Lamenter	因被夺取而哭嚎的亨德利	AbnormalityGuides-a1c6p2.json	8165
Peccatulum Pigritiae?	怠惰罪种?	AbnormalityGuides-a1c6p2.json	8159
Peccatulum Gulae?	暴食罪种?	AbnormalityGuides-a1c6p2.json	8160
Peccatulum Irae Type 3	暴怒罪种 3型	AbnormalityGuides-a1c6p3.json	8161
Peccatulum Luxuriae??	色欲罪种??	AbnormalityGuides-a1c7p3.json	8373
Peccatulum Superbiae??	傲慢罪种??	AbnormalityGuides-a1c7p3.json	8374
Hurting Teddy Bear	痛苦泰迪	AbnormalityGuides-a1c7p3.json	8379
Muddled Heishou of the Corpse Palanquin	混觉辒辌黑兽	AbnormalityGuides-a1c8p3.json	1146
Class 3 Peccatulum Pigritiae	怠惰罪种 3型	AbnormalityGuides-a1c9114.json	1080
Class 3 Peccatulum Morositatis	忧郁罪种 3型	AbnormalityGuides-a1c9114.json	1081
Distorted Hohenheim	扭曲的霍恩海姆	AbnormalityGuides-a1c9114.json	1082
Pink Shoes	粉红鞋	AbnormalityGuides-a1c9p1.json	1317
Ebony Queen's Apple	黑檀女王的苹果	AbnormalityGuides-a1c9p1.json	1307
Passenger Bloodbag	乘客血袋	AbnormalityGuides-mowe.json	8349
W Corp. Bloodbag	W公司血袋	AbnormalityGuides-mowe.json	8348
Sasha	萨莎	AbnormalityGuides-mowe.json	8347
Prosthetic Bloodbag	义体血袋	AbnormalityGuides-mowe.json	8346
Cassetti	卡塞蒂	AbnormalityGuides-mowe.json	8350
Mayors, the Yearning Flotsam	梅厄斯，羡望漂流	AbnormalityGuides-pilgrimage.json	1297
The Time Ripper	时间杀人魔	AbnormalityGuides-tkt.json	8278
??-??-??-??	??-??-??-??	AbnormalityGuides-walpu4.json	8363
The Knight of Despair	绝望骑士	AbnormalityGuides-walpu6.json	1223
Peccatulum Morositatis?	忧郁罪种?	AbnormalityGuides-ycgd.json	8152
Peccatulum Irae?	暴怒罪种?	AbnormalityGuides-ycgd.json	8151
Distorted Bamboo-hatted Kim	扭曲的金笠	AbnormalityGuides-ycgd.json	8154
Doomsday Calendar	终末日历	AbnormalityGuides.json	8002
Doomsday Calendar-A	终末日历-A	AbnormalityGuides.json	8003
Peccatulum Gulae	暴食罪种	AbnormalityGuides.json	8005
Peccatulum Pigritiae	怠惰罪种	AbnormalityGuides.json	8006
Peccatulum Irae	暴怒罪种	AbnormalityGuides.json	8007
Golden Apple	金苹果	AbnormalityGuides.json	8008
False Apple	假苹果	AbnormalityGuides.json	8009
Become Strong? Genuinely?	我变强了？真的？	AbnormalityGuides.json	8010
Pink Shoes-A	粉红鞋-A	AbnormalityGuides.json	8013
You Want To Get Beat? Hurtily?	你想挨打吗？很想？	AbnormalityGuides.json	8015
Peccatulum Morositatis	忧郁罪种	AbnormalityGuides.json	8016
Peccatulum Luxuriae	色欲罪种	AbnormalityGuides.json	8017
Peccatulum Superbiae	傲慢罪种	AbnormalityGuides.json	8018
Baba Yaga-A	芭芭雅嘎-A	AbnormalityGuides.json	8019
Baba Yaga-B	芭芭雅嘎-B	AbnormalityGuides.json	8021
Mimicry Corroded	拟态侵蚀者	AbnormalityGuides.json	8024
Feral Mane Corroded	兽鬃侵蚀者	AbnormalityGuides.json	8025
Coil Corroded	蛇手侵蚀者	AbnormalityGuides.json	8028
Kromer	克罗默	AbnormalityGuides.json	8029
Kromer the Attempted Protoplast	欲成原初的克罗默	AbnormalityGuides.json	8030
Headless Ichthys	断首鱼	AbnormalityGuides.json	8031
Alleyway Watchdog	巷头恶犬	AbnormalityGuides.json	8032
S-08-04-01	S-08-04-01	AbnormalityGuides.json	8901
Feral Mane Corroded	野兽鬃毛的侵蚀者	AbnormalityGuides.json	8536
Headchicken a.k.a. Bongy	猎头鸡 a.k.a. 小凤	AbnormalityGuides.json	8034
Papa Bongy	凤老爹	AbnormalityGuides.json	8038
Spiced-up Papa Bongy	香辣凤老爹	AbnormalityGuides.json	8040
Brazen Bull - Tearful	黄铜公牛 - 流泪	AbnormalityGuides.json	8041
Lobotomy E.G.O::Sunshower - Dongbaek	脑叶公司E.G.O::狐雨 - 冬柏	AbnormalityGuides.json	8043
Effloresced E.G.O::Spicebush	绽放E.G.O::山茶花	AbnormalityGuides.json	8044
Dongrang, Who Denies All	否定一切的东朗	AbnormalityGuides.json	8049
Effloresced E.G.O::Farmwatch	绽放E.G.O::司田	AbnormalityGuides.json	8050
kqe-1j-23	Kqe-1j-23	AbnormalityGuides.json	8076
Fairy Queen	精灵女王	AbnormalityGuides.json	8263
Fairy Mass	精灵畸块	AbnormalityGuides.json	8264
Portrait	肖像画	AbnormalityGuides_Refraction4.json	8606
Peccatulum Invidiae	嫉妒罪种	AbnormalityGuides_Refraction4.json	8280
Peccatulum Invidiae?	嫉妒罪种?	AbnormalityGuides_Refraction4.json	8292
Sleeping Bag of a Bygone Day	往昔的睡袋	AbnormalityGuides_Refraction5.json	8632
Der Fluchschütze	凶弹射手	AbnormalityGuides_Refraction5.json	8630
Will You Play?	玩吗？	AbnormalityGuides_Refraction6.json	9556
Yinglong	应龙	AbnormalityGuides_Refraction6.json	9569
Butterfly of Entangled Lives	罗生蝶	AbnormalityGuides_Refraction6.json	9567
Flash Phenomenon	闪光现象	AbnormalityGuides_exme.json	1460
Checking the Boat	检查船只	ActionEvents-a1c5p3.json	10501
The Artery	动脉	ActionEvents-a1c5p3.json	10504
Supply Crates	回收补给	ActionEvents-a1c5p3.json	10505
Ahab	亚哈	ActionEvents-a1c5p3.json	810601
아파하는 테디 선택지 선택 이벤트	아파하는 테디 선택지 선택 이벤트	ActionEvents-a1c7p3.json	837901
막힌길_뚫기	막힌길_뚫기	ActionEvents-a1c8p2.json	10801
부적_떼기	부적_떼기	ActionEvents-a1c8p2.json	10802
부적_떼기_북	부적_떼기_북	ActionEvents-a1c8p2.json	1080201
부적_떼기_중앙	부적_떼기_중앙	ActionEvents-a1c8p2.json	1080202
부적_떼기_서	부적_떼기_서	ActionEvents-a1c8p2.json	1080203
부적_떼기_끝	부적_떼기_끝	ActionEvents-a1c8p2.json	1080204
붉은_출입증_획득_전투	붉은_출입증_획득_전투	ActionEvents-a1c8p2.json	10803
죄수_꽃뜯기	죄수_꽃뜯기	ActionEvents-a1c8p2.json	10804
환_도박	환_도박	ActionEvents-a1c8p2.json	10805
환_도박_코인_성공	환_도박_코인_성공	ActionEvents-a1c8p2.json	1080501
환_도박_코인_실패	환_도박_코인_실패	ActionEvents-a1c8p2.json	1080502
죄인_고문	죄인_고문	ActionEvents-a1c8p2.json	10807
항아리_보기_뽀개기	항아리_보기_뽀개기	ActionEvents-a1c8p2.json	10808
타임어택_인형_전투	타임어택_인형_전투	ActionEvents-a1c8p2.json	10809
공포_견디기_내기	공포_견디기_내기	ActionEvents-a1c8p2.json	10810
붉은_출입증_사용	붉은_출입증_사용	ActionEvents-a1c8p2.json	10811
가문_기물_획득	가문_기물_획득	ActionEvents-a1c8p2.json	10812
막바지_보너스	막바지_보너스	ActionEvents-a1c8p2.json	10813
막바지_보너스_내기_패배	막바지_보너스_내기_패배	ActionEvents-a1c8p2.json	1081302
Office Hours for Jia Xichun	贾惜春同学的课程回顾	ActionEvents-cultivation.json	971070
Mayors, the Yearning Flotsam's first Choice Event	梅厄斯，羡望漂流 首个选项事件	ActionEvents-pilgrimage.json	129701
Mayors, the Yearning Flotsam's second Choice Event	梅厄斯，羡望漂流 第二个选项事件	ActionEvents-pilgrimage.json	129702
Iberians and the Ægirian	伊比利亚人与阿戈尔人	ActionEvents-pilgrimage.json	971074
Iberians and the Ægirian - #2	伊比利亚人与阿戈尔人 #2	ActionEvents-pilgrimage.json	97107401
A Story of Lighthouse Keepers and The Profound Silence	灯塔看守人与大静谧的故事	ActionEvents-pilgrimage.json	971076
A Story of Lighthouse Keepers and The Profound Silence - #2	灯塔看守人与大静谧的故事 #2	ActionEvents-pilgrimage.json	97107601
An Inquisitor Locked in a Fight Against Sea Terrors	与海嗣激战正酣的审判官	ActionEvents-pilgrimage.json	971078
Education & Machine Console	培训与机械装置	ActionEvents-walpu4.json	971032
Safety Team	安保部	ActionEvents-walpu4.json	971033
One Sin SP Healing E.G.O Gift Giveaway	一罪百善理智值恢复E.G.O饰品获取	ActionEvents-walpu4.json	971034
Heal HP, SP, or gain Cost	恢复体力、恢复理智值或获得经费	ActionEvents-walpu4.json	971035
Miracle in District 20 Hard Event 1	20区的奇迹困难事件1	ActionEvents-walpu4.json	971036
Miracle in District 20 Hard Event 2	20区的奇迹困难事件2	ActionEvents-walpu4.json	971037
The Knight of Despair Containment Unit	绝望骑士 收容单元	ActionEvents-walpu6.json	971060
The Queen of Hatred Containment Unit	憎恶皇后 收容单元	ActionEvents-walpu6.json	971061
Lobotomy Corporation Central Command	脑叶公司 中央本部	ActionEvents-walpu6.json	971062
Lobotomy Corporation Storage	脑叶公司 仓库	ActionEvents-walpu6.json	971063
Choice Event for resting	去往休息的选项	ActionEvents-walpu8.json	971092
Alriune Choice Event (#1)	爱娜温 选项(#1)	ActionEvents-walpu8.json	971093
Alriune Choice Event (#2)	爱娜温 选项(#2)	ActionEvents-walpu8.json	971094
Alriune Choice Event (#3)	爱娜温 选项(#3)	ActionEvents-walpu8.json	971095
Human Offering	以人为祭	ActionEvents.json	101001
An Encounter with the Unbearable	与无法忍受的存在相遇	ActionEvents.json	101003
Suspiciously Sparkly Vending Machine	可疑的闪光自动贩卖机	ActionEvents.json	102001
Are You Happy?	你感到幸福吗？	ActionEvents.json	102003
Are You Happy? 2	你感到幸福吗？2	ActionEvents.json	10200301
An Old Room with a Clockwork Mechanism	一间放着机械发条装置的破旧房间	ActionEvents.json	10301
The First Gate	第一关	ActionEvents.json	10303
A Room Full of Crates	装满箱子的房间	ActionEvents.json	10304
[Hel. P. Me. He. Lp.]	[救。救。我。救。救。]	ActionEvents.json	10307
A Vessel of Zeal	狂信之物	ActionEvents.json	10309
Exhibit of Human Parts	人体部位展览	ActionEvents.json	10311
Inquisition	审问异端	ActionEvents.json	103001
Fanaticism	狂信	ActionEvents.json	103002
Test of Worthiness	资格试炼	ActionEvents.json	103006
아즈텍원판 선택지1	阿兹特克历法石选项1	ActionEvents.json	800201
아즈텍원판 선택지3	阿兹特克历法石选项3	ActionEvents.json	800203
아즈텍원판 선택지5	阿兹特克历法石选项5	ActionEvents.json	800205
강화인간 선택지1	改造人选项1	ActionEvents.json	801201
강화인간 선택지2	改造人选项2	ActionEvents.json	801202
강화인간 선택지2-그렇다	改造人选项2-是	ActionEvents.json	801203
강화인간 선택지2-아니다	改造人选项2-不是	ActionEvents.json	801204
분홍신 선택지1	粉红鞋选项1	ActionEvents.json	801501
Vending Machine and Oceanic Waves	传来潮声的自动贩卖机	ActionEvents.json	201001
Mirror Room	镜之屋	ActionEvents.json	201002
강화앰플교환삽입소	强化安瓿交换注射所	ActionEvents.json	201003
The Chicken Strife	炸鸡对决	ActionEvents.json	910301
An Ampule to Use	使用再生安瓿。	ActionEvents.json	10402
Poking at the Egg	触碰卵	ActionEvents.json	10403
Make a Wish	祈愿	ActionEvents.json	10405
ApproachingTheFlower	靠近花树	ActionEvents.json	10406
Run	跑	ActionEvents.json	10407
Run.	跑	ActionEvents.json	1040701
Try Talking	尝试着交流。	ActionEvents.json	10408
Picking a Row and Column	选择行与列	ActionEvents.json	1040402
Hell's Chicken Dungeon Renewal - Starting Point Choice	地狱鸡迷宫更新 - 起点选项	ActionEvents.json	910303
Black Ledger Choice	黑色账簿 选项	ActionEvents_Mirror4.json	971012
Black Ledger Choice #2	黑色账簿 选项2	ActionEvents_Mirror4.json	97101202
Rusted Hilt Choice	锈蚀的刀柄 选项	ActionEvents_Mirror4.json	971013
Fractured & Broken Blade Choice	破碎的刀刃，损坏的刀刃 选项	ActionEvents_Mirror4.json	971014
Red Tassel Choice	红色流苏 选项	ActionEvents_Mirror4.json	971016
Bamboo Hat & Dopo Robe Choice	斗笠，长袍 选项	ActionEvents_Mirror4.json	971017
Factory Laborer	工厂的工人	ActionEvents_Mirror4.json	971021
T Corp. Tax Collection	T公司税金征收	ActionEvents_Mirror4.json	971022
Streets of T Corp.	T公司的街道	ActionEvents_Mirror4.json	971023
Yurodiviye Hideout	圣愚的据点	ActionEvents_Mirror4.json	971024
The Timekilling Scene	时间杀人现场	ActionEvents_Mirror4.json	971025
Bizarre Machine	奇妙的机器	ActionEvents_Mirror6.json	971055
Yield My Flesh	肉斩	ActionEvents_Mirror7.json	971085
T Corp. Time Prepayment Apparatus	T公司 时间预付机	ActionEvents_Mirror7.json	971086
Audio Logs of That Day	那一日的语音记录	ActionEvents_Mirror7.json	971087
Recurring Faith and Promise	循环的信念与承诺	ActionEvents_Mirror7.json	971088
Recurring Faith and Promise 2	循环的信念与承诺2	ActionEvents_Mirror7.json	97108801
Recurring Faith and Promise 3	循环的信念与承诺3	ActionEvents_Mirror7.json	97108802
Poultry Memory	群之鸡忆	ActionEvents_Mirror7.json	971089
Worn Hilt Choice	陈旧的刀柄 选项	ActionEvents_Ycgd.json	971049
'Yield My Flesh to Claim Their Bones' Renewal Hard Fusion	肉斩骨断迷宫更新 困难合成	ActionEvents_Ycgd.json	911501
Story Dungeon Starting Choice Event	剧情迷宫起始选项事件	ActionEvents_exme.json	10901
Blade Lineage	剑契组	ActionEvents_exme.json	10906
Hardblood weapon found while resting	休息时发现的硬血武器	ActionEvents_mowe-re.json	971080
A merchant passenger	一位正在卖东西的乘客	ActionEvents_mowe-re.json	971083
Timekilling Time Dungeon Renewal Starting Point	时间杀人时间迷宫 更新起点	ActionEvents_tkt.json	910901
Timekilling Time Dungeon Renewal Fusion	时间杀人时间迷宫 更新合成	ActionEvents_tkt.json	910902
LCE Recovers The Ring's Artwork	回收环指作品的LCE组员们	ActionEvents_twth.json	971104
Kurokumo Clan	黑云会	AssociationName.json	associationName_BLACK_CLOUD
Every skill consists of at least 1 Coin.	每个技能都至少包含1枚硬币。	BattleHint.json	2
Sinners with low Sanity will be corroded by E.G.O.	理智值到达下限的罪人会被E.G.O侵蚀。	BattleHint.json	6
Speed determines the formation of units in combat.	速度值决定了敌我双方的角色在战斗中的站位。	BattleHint.json	13
Cancelling E.G.O before using it will return its resources.	在E.G.O使用之前将其取消会返还其消耗的E.G.O资源。	BattleHint.json	17
Every Identity has a Combat Passive and a Support Passive.	所有人格都拥有一个战斗被动技能和一个支援被动技能。	BattleHint.json	23
Identities participating in combat use Combat Passives.	参与战斗的人格可以使用战斗被动技能。	BattleHint.json	24
E.G.O skills are placed at the bottom of a Sinner’s column.	E.G.O技能将会固定生成在仪表盘最下方的行动槽。	BattleHint.json	33
Clashes occur when two Attack Skills target each other.	使用攻击技能对峙时，将会进行拼点。	BattleHint.json	34
Shade of Reflection [Rouge]	映射[红色]	BattleKeywords-BossRaid.json	FavorBuffTwth1stPhaseForUI
Shade of Reflection [Bleu]	映射[蓝色]	BattleKeywords-BossRaid.json	FavorBuffTwth2ndPhaseForUI
Tribulation	苦难	BattleKeywords-BossRaid.json	FavorBuffTwthHardForUI
Shade of Reflection [The Middle]	映射[中指]	BattleKeywords-BossRaid.json	FavorBuff5001FirstPhaseForUI
Shade of Reflection [Ambuscade]	映射[突袭]	BattleKeywords-BossRaid.json	FavorBuff5001SecondPhaseForUI
Written in the Book	写进账簿	BattleKeywords-BossRaid.json	RicardoBookRaid
Vengeance Tattoo	仇怨纹身	BattleKeywords-BossRaid.json	RicardoTattooRaid
Test of the Big Brother	大哥的试炼	BattleKeywords-BossRaid.json	RicardoJokeRaid
Shade of Reflection [Bearhunt]	映射[狩熊]	BattleKeywords-BossRaid.json	FavorBuff5012AllyOne
Shade of Reflection [Tigerhunt]	映射[狩虎]	BattleKeywords-BossRaid.json	FavorBuff5012AllyTwo
Shade of Reflection [Chachihu]	映射[插翅虎]	BattleKeywords-BossRaid.json	FavorBuffLeiheng
Shade of Reflection [Tiantui Star]	映射[天退星]	BattleKeywords-BossRaid.json	FavorBuffLeihengTwo
Shin (心) - Tiantui Star [天退星]	心-天退星	BattleKeywords-BossRaid.json	HugeIrritationReflectrial
Prey	猎物	BattleKeywords-BossRaid.json	Prey_leiheng
Instincts	本能	BattleKeywords-Refraction1BokGak.json	AggressiveBokgak
Lingering Determination	遗留的意志	BattleKeywords-Refraction1BokGak.json	DeadEGOResource
Poisonous Dimension	剧毒沸腾的次元	BattleKeywords-Refraction2BokGak.json	PassedPortal_GreenBokGak
Compulsion	强迫	BattleKeywords-a1c5p1.json	AaCePaBa
Pallid Noise	苍白的噪音	BattleKeywords-a1c5p2.json	AaCePbBa
Noise Panic	噪音恐慌	BattleKeywords-a1c5p2.json	AaCePbBb
Impurity	不洁	BattleKeywords-a1c5p2.json	AaCePbBc
Vengeance	报复	BattleKeywords-a1c5p2.json	AaCePbBe
Marked	标识	BattleKeywords-a1c5p3.json	AaCePcBa
Fluorescence Shard	荧光灯碎片	BattleKeywords-a1c5p3.json	AaCePcBb
Blind Obsession	盲目	BattleKeywords-a1c5p3.json	AaCePcBc
Larva	幼虫	BattleKeywords-a1c5p3.json	AaCePcBg
Green Slime	绿色黏液	BattleKeywords-a1c5p3.json	AaCePcBh
Uneven Breathing	粗重喘息	BattleKeywords-a1c5p3.json	AaCePcBi
Prey Mark	猎物标记	BattleKeywords-a1c5p3.json	AaCePcBj
Tangle	捆缚	BattleKeywords-a1c5p3.json	AaCePcBk
Capture	捕获	BattleKeywords-a1c5p3.json	AaCePcBl
Undefiable Command	不可抗拒的命令	BattleKeywords-a1c5p3.json	AaCePcBn
Pip's Ego	比普的自我	BattleKeywords-a1c5p3.json	AaCePcBo
Starbuck's Ego	斯达巴克的自我	BattleKeywords-a1c5p3.json	AaCePcBp
Queequeg's Ego	魁魁格的自我	BattleKeywords-a1c5p3.json	AaCePcBq
Pallid Panic	苍白恐慌	BattleKeywords-a1c5p3.json	AaCePcBe
Assist Barrier	援护护盾	BattleKeywords-a1c5p3.json	AaCePcBr
Assist Defense	援护防御	BattleKeywords-a1c5p3.json	AaCePcBs
Assist Attack	援护攻击	BattleKeywords-a1c5p3.json	AaCePcBt
Marked Prey	猎物标识	BattleKeywords-a1c6p2.json	AaCfPbBe
Inferiority Complex	自卑感	BattleKeywords-a1c6p2.json	AaCfPbBf
Explosive Gloom	爆发的忧郁	BattleKeywords-a1c6p2.json	AaCfPbBa
Explosive Envy	爆发的嫉妒	BattleKeywords-a1c6p2.json	AaCfPbBb
Explosive Wrath	爆发的暴怒	BattleKeywords-a1c6p2.json	AaCfPbBc
Deep Bereavement	深切的丧失感	BattleKeywords-a1c6p2.json	AaCfPbBd
Fettered Woe	未能释怀的怅惘	BattleKeywords-a1c6p3.json	AaCfPcBf
Subject of Wrath	泄愤对象	BattleKeywords-a1c6p3.json	AaCfPcBg
Butler's Mark	管家的标记	BattleKeywords-a1c6p3.json	AaCfPcBb
Binding Technique	束缚法	BattleKeywords-a1c6p3.json	AaCfPcBc
Excruciating Rage	充满痛苦的暴怒	BattleKeywords-a1c6p3.json	AaCfPcBh
Lightning of Suffering	苦痛之雷	BattleKeywords-a1c6p3.json	AaCfPcBm
Breaking Heart	撕碎的心	BattleKeywords-a1c6p3.json	AaCfPcBn
Courage to Approach	靠近的勇气	BattleKeywords-a1c6p3.json	AaCfPcBp
Determination	觉悟	BattleKeywords-a1c6p3.json	AaCfPcBo
Broken Heart	被撕碎的心	BattleKeywords-a1c6p3.json	AaCfPcBq
May She... Wake in Torment!	愿她…在苦痛中醒来！	BattleKeywords-a1c6p3.json	AaCfPcBr
Superthermogenesis	高温装置	BattleKeywords-a1c6p3.json	AaCfPcBi
Unobservable	无法观测	BattleKeywords-a1c6p3.json	Unobservable
Away With You	别妨碍我	BattleKeywords-a1c6p3.json	AaCfPcBs
Seized Wrath	紧握的暴怒	BattleKeywords-a1c6p3.json	RageResonance
Blood-tinged Scissorblades	染血的剪刃	BattleKeywords-a1c7p1.json	BloodScissor
Blood-tinged Scissorblades II	染血的剪刃II	BattleKeywords-a1c7p1.json	BloodScissorTwo
Blood-tinged Scissorblades III	染血的剪刃III	BattleKeywords-a1c7p1.json	BloodScissorThree
Bloodfeast	血宴	BattleKeywords-a1c7p1.json	BloodDinner
Bloodfeast Consumed	消耗血宴总数	BattleKeywords-a1c7p1.json	BloodDinner_Accumulation
Hunger	饥饿	BattleKeywords-a1c7p1.json	FamineBlood_LowMorale
Declared Duel - Camille	决斗宣告-卡米尔	BattleKeywords-a1c7p1.json	DuelDeclaration_Camille
Foolhardy Duel	鲁莽的决斗	BattleKeywords-a1c7p1.json	RecklessDuel
Focused Attack	集中攻击	BattleKeywords-a1c7p1.json	ConcentratedAttack
The Weak	弱者	BattleKeywords-a1c7p1.json	TrulyWeak
An Actual Bear	真正的熊	BattleKeywords-a1c7p1.json	RealPaperBear
Deep Laceration	深度裂伤	BattleKeywords-a1c7p1.json	BloodScissorScars
Sewing Target	缝纫对象	BattleKeywords-a1c7p1.json	LineCutting
Withered	衰老	BattleKeywords-a1c7p1.json	StarvingBarberOne
Blood-shooting!!	血猎！！	BattleKeywords-a1c7p1.json	BloodShooting
HOW RIGHTEOUS!!	正义至极！！	BattleKeywords-a1c7p1.json	RighteousFeeling
Declared Duel - Meursault	决斗宣告-默尔索	BattleKeywords-a1c7p1.json	DuelDeclarationMeursault
Focused Attack - Meursault	集中攻击-默尔索	BattleKeywords-a1c7p1.json	ConcentratedAttackMeursault
Duel Specialist	决斗担当	BattleKeywords-a1c7p1.json	Duello_LowMorale
I will take responsibility, through my bloody tears.	含着血泪，我会承担起责任。	BattleKeywords-a1c7p1.json	RighteousFeelingSancho
Bloodied Hand	染血之手	BattleKeywords-a1c7p2.json	BloodyHand
Blooming Thorn	绽放荆棘	BattleKeywords-a1c7p2.json	BloomingThorns
Bloodwoven Thorn	血编荆棘	BattleKeywords-a1c7p2.json	BloomingThorns_2nd
Bloodmolded Thorn	血塑荆棘	BattleKeywords-a1c7p2.json	BloomingThorns_3rd
Festive Fever	庆典的热潮	BattleKeywords-a1c7p2.json	FestivalFever
Imperfect Parade	不完善的游行	BattleKeywords-a1c7p2.json	IncompleteParade
Bridle of Nihility	虚无的枷锁	BattleKeywords-a1c7p2.json	FamineBloodDolci_LowMorale
Thorns	荆棘	BattleKeywords-a1c7p2.json	ThornyFall_LowMorale
Honorable Duel	光荣的决斗	BattleKeywords-a1c7p2.json	HonorableDuel_Don
Unstoppable Bliss	无法停止的欢喜	BattleKeywords-a1c7p2.json	UnstoppableFunny
Bloodied Hand II	染血之手II	BattleKeywords-a1c7p3.json	BloodyHand_2nd
Bloodied Hand III	染血之手III	BattleKeywords-a1c7p3.json	BloodyHand_3rd
Ailing Heart	磨灭的心	BattleKeywords-a1c7p3.json	WornHeart
Guilt	负罪感	BattleKeywords-a1c7p3.json	Guilt_LowMorale
SP Heal Efficiency Down	理智值恢复效率减少	BattleKeywords-a1c7p3.json	MentalIncreaseDown
Attachment	依恋	BattleKeywords-a1c7p3.json	AffectionTeddy
Faint Memories	模糊的记忆	BattleKeywords-a1c7p3.json	FaintMemory
Box of Curses	诅咒包裹	BattleKeywords-a1c7p3.json	CursePackage
Little Carmilla	小卡蜜拉	BattleKeywords-a1c7p3.json	TinyCarmilla
A Drop of Nourishment	一滴养分	BattleKeywords-a1c7p3.json	OneDropNutrition
Barbed Lasso	荆棘套索	BattleKeywords-a1c7p3.json	ThornNoose
Shimmering【Bloodfiend】	摇曳【血魔】	BattleKeywords-a1c7p3.json	SwirlingBlood
Hardblood	硬血	BattleKeywords-a1c7p3.json	BloodArmor
Hardblood II	硬血II	BattleKeywords-a1c7p3.json	BloodArmor_2nd
Hardblood III	硬血III	BattleKeywords-a1c7p3.json	BloodArmor_3rd
Dreamy Hesitation	如在梦中的犹豫	BattleKeywords-a1c7p3.json	Dreamy
Bloodfeast Consumed (shared)	共用消耗血宴总数	BattleKeywords-a1c7p3.json	BloodDinner_Common_Accumulation
Polydipsic Rose	饥渴的玫瑰	BattleKeywords-a1c7p3.json	ThirstyRose
Rose Wedge	玫瑰之楔	BattleKeywords-a1c7p3.json	RoseWedge
The Endless Wheel	不停旋转的摩天轮	BattleKeywords-a1c7p3.json	FerrisWheel
Starved and Withered	饥饿与衰老	BattleKeywords-a1c7p3.json	StarvingDonqui
Returning Bloodlust	复还的血之冲动	BattleKeywords-a1c7p3.json	RegainedStrength
Returning Bloodlust II	复还的血之冲动II	BattleKeywords-a1c7p3.json	RegainedStrength_2nd
Returning Bloodlust III	复还的血之冲动III	BattleKeywords-a1c7p3.json	RegainedStrength_3rd
Time to abandon my dream...	是时候放弃我的梦了…	BattleKeywords-a1c7p3.json	WeightOfResponsibility_LowMorale
... For my Family, as their Father...	作为父亲，为了家人…	BattleKeywords-a1c7p3.json	WeightOfResponsibility_Panic
Irresponsible Dream	不负责任的梦	BattleKeywords-a1c7p3.json	Precarious
Congealing Blood	正在凝固的血	BattleKeywords-a1c7p3.json	Penetration
Crippling Injury	严重的负伤	BattleKeywords-a1c7p3.json	DecreamentalDefense
Reawakening Joy Of Carnage	觉醒杀戮的昂扬感	BattleKeywords-a1c7p3.json	SanchoMind_LowMorale
WHICH TREATS THE BUS, THE COMPANIONS, AND THE ADVENTURES	与同伴们在巴士上一同经历了诸多冒险，	BattleKeywords-a1c7p3.json	FragmentOfHope
OF HOW SANCHO, OUR DON QUIXOTE, REFUSED TO END THE DREAM	梦永不迎来终焉的桑丘，也是我们的堂吉诃德的故事	BattleKeywords-a1c7p3.json	FragmentOfHopeTwo
The Golden Bough's Forced Arbitration	金枝的强制调律	BattleKeywords-a1c7p3.json	ConfinementOfGoldenBranch
Podao	朴刀	BattleKeywords-a1c8p1.json	TheDrifter_LowMorale
Swig	小酌	BattleKeywords-a1c8p1.json	SipOfAlcohol
A Sliver of Anticipation	一丝期待	BattleKeywords-a1c8p2.json	ExaminationOfQiu
Deathrite 【Halt】	咒杀【勿动】	BattleKeywords-a1c8p2.json	BurstStop
Deathrite 【Impede】	咒杀【掣肘】	BattleKeywords-a1c8p2.json	BurstSuppress
Deathrite 【Wane】	咒杀【衰亡】	BattleKeywords-a1c8p2.json	BurstWave
Dialogues	问答	BattleKeywords-a1c8p2.json	Teaching
Deathrite 【Enfeeble】	咒杀【弱化】	BattleKeywords-a1c8p2.json	BurstWeakness
Jia Qiu	贾丘	BattleKeywords-a1c8p2.json	Qiu_LowMorale
My True Heart...	我的本心…	BattleKeywords-a1c8p2.json	QiuAndHonglu
Protective Stance	守护姿态	BattleKeywords-a1c8p2.json	ProtectStance
Bloodthirst Suppressed	杀气抑制	BattleKeywords-a1c8p2.json	ZiluDebuff
Eldtree Mutation	古木化	BattleKeywords-a1c8p2.json	WitheredWood_LowMorale
Heart of Evil	邪心	BattleKeywords-a1c8p2.json	EvilHeart_LowMorale
Heart of Oppressive Evil	邪心深重	BattleKeywords-a1c8p2.json	DeepEvilHeart_LowMorale
Omen Talisman	不祥符咒	BattleKeywords-a1c8p2.json	OminousTalisman
Concealed Bloodthirst	抑制杀气	BattleKeywords-a1c8p2.json	RepressedMurderousIntendTwo
Charge Circuitry Countercurrent	充能回路逆流	BattleKeywords-a1c8p2.json	UncontrolledChargeAxe_LowMorale
Eyeball Pinion	眼羽	BattleKeywords-a1c8p2.json	MadFeather
Double-edged Feather	双刃羽	BattleKeywords-a1c8p2.json	MadFeather_LowMorale
Charge Order	突击指示	BattleKeywords-a1c8p2.json	JarMaster_LowMorale
Angst	郁愤	BattleKeywords-a1c8p2.json	DeepAngry_LowMorale
Catching Breath	调息	BattleKeywords-a1c8p2.json	TakeBreath_LowMorale
Severing Slash [切斬]	切斩	BattleKeywords-a1c8p3.json	Bothersome
Tremor - Scorch	震颤-灼热	BattleKeywords-a1c8p3.json	VibrationIgnition
Tigermark Round	虎标弹	BattleKeywords-a1c8p3.json	BulletPropellant
Savage Tigermark Round	猛虎标弹	BattleKeywords-a1c8p3.json	BulletPropellantSpecial
Overheat	过热	BattleKeywords-a1c8p3.json	Complacency
Inner Strength [底力]	底力	BattleKeywords-a1c8p3.json	BattleSense
Extreme Strength [極力]	极力	BattleKeywords-a1c8p3.json	RestoredBattleSense
Tiantui Star [天退星]	天退星	BattleKeywords-a1c8p3.json	Irritation
Reload - Tactical	再次装填-余弹维持	BattleKeywords-a1c8p3.json	ReloadKeepAmmo
Beastly Instinct - Low Morale	猛兽本能-士气低落	BattleKeywords-a1c8p3.json	BeastEyes_LowMorale
Beastly Instinct - Panic	猛兽本能-陷入恐慌	BattleKeywords-a1c8p3.json	BeastEyes_Panic
Escape Battle	脱离战斗	BattleKeywords-a1c8p3.json	DisengageCombat
Chesed's Mercy	Chesed的慈悲	BattleKeywords-a1c8p3.json	Chesed_Mercy
Mutilated Memory	被千刀万剐的记忆	BattleKeywords-a1c8p3.json	Ryoshu_Attackup
My Heart, My Own Thoughts...	我的本心与想法…	BattleKeywords-a1c8p3.json	Honglu_EGOResourceup
Propellant Ammo	推进弹	BattleKeywords-a1c8p3.json	BudgetBulletPropellant
Flesh Scoop	肉勺	BattleKeywords-a1c8p3.json	NEgoFleshSpatula_LowMorale
Le Regole	纪律	BattleKeywords-a1c8p3.json	LeRegole_LowMorale
Gaze	视线	BattleKeywords-a1c8p3.json	GazeReplica
Contempt	轻蔑	BattleKeywords-a1c8p3.json	ContemptReplica
Grasp	掌	BattleKeywords-a1c8p3.json	GraspReplica
E.G.O Corrosion - N Corp.	E.G.O侵蚀-N公司	BattleKeywords-a1c8p3.json	EgoErodeReplica
Torn Memory	撕裂的回忆	BattleKeywords-a1c8p3.json	BoseProjektilReplica
Soft Goldcasted Heart	脆金所铸之心	BattleKeywords-a1c8p3.json	EgoErodeContempt_LowMorale
Heart Toward the New Era	迈向新时代的心	BattleKeywords-a1c8p3.json	EgoErodeMemory_LowMorale
Heaping Obedience	积累的顺从	BattleKeywords-a1c8p3.json	PileObedient
Hollow Obedience	空虚的顺从	BattleKeywords-a1c8p3.json	Obedient
Precious Jade's Cradle	宝玉摇篮	BattleKeywords-a1c8p3.json	ExpensiveJade
Explosive Amusement	爆发游戏	BattleKeywords-a1c8p3.json	FamilyTreasure
Rampage	挣扎	BattleKeywords-a1c8p3.json	OutpouringAnger
Happiness	喜	BattleKeywords-a1c8p3.json	Honglu_Xi
Happiness, Joy	喜、乐	BattleKeywords-a1c8p3.json	Honglu_Le
Happiness, Joy, Sorrow	喜、乐、哀	BattleKeywords-a1c8p3.json	Honglu_Ai
Happiness, Joy, Sorrow, Wrath	喜、乐、哀、怒	BattleKeywords-a1c8p3.json	Honglu_Nu
Sublime Immortality	至高无上的不死	BattleKeywords-a1c8p3.json	SupremeEternalLife
Imperfect Immortality	不完善的不死	BattleKeywords-a1c8p3.json	ImperfectEternalLife
Malattunement	未感应	BattleKeywords-a1c8p3.json	GoldenBoughSync
Supernatural, Strength, Chaos, and Spirits	怪力乱神	BattleKeywords-a1c8p3.json	GoldenBoughSyncDistorted
Inherited Will of Hongyuan	传承的鸿园之意	BattleKeywords-a1c8p3.json	LastingHongwonWill_LowMorale
Infinitely Bequeathing Will of Hongyuan	悠久传承的鸿园之意	BattleKeywords-a1c8p3.json	LongLastingHongwonWill_LowMorale
Responsibility	责任感	BattleKeywords-a1c8p3.json	YisangParryGubo
The Will to Confront	希冀直面的意志	BattleKeywords-a1c8p3.json	HongluParryGahwan
Volatile E.G.O Attunement - Contempt	不稳定E.G.O感应-轻蔑	BattleKeywords-a1c8p3.json	GahwanEgoContempt
Volatile E.G.O Attunement - Fell Bullet	不稳定E.G.O感应-凶弹	BattleKeywords-a1c8p3.json	GuboEgoShooter
Stigmatized	标记	BattleKeywords-a1c8p3.json	FellBulletMarkReplica
Boiling Wrath	喷涌的暴怒	BattleKeywords-a1c9114.json	A1c971a
Propagating Gloom	蔓延的忧郁	BattleKeywords-a1c9114.json	A1c971b
Perpetuating Gluttony	不息的暴食	BattleKeywords-a1c9114.json	A1c971c
Gasping Breath	吐出的呼吸	BattleKeywords-a1c9114.json	A1c971d
Wounded Wound	伤中之伤	BattleKeywords-a1c9114.json	A1c971e
Lazy Sloth	慵懒的怠惰	BattleKeywords-a1c9114.json	A1c971f
Deathrite【Haste】	咒杀【迅捷】	BattleKeywords-a1c9116.json	BurstAgility
Strider【Mao】	脚力【卯】	BattleKeywords-a1c9116.json	LegStrength
Deception	暗算	BattleKeywords-a1c9116.json	DarkBeast_LowMorale
Repressed Bloodthirst	压抑的杀气	BattleKeywords-a1c9116.json	RepressedMurderousIntend
Crushed Bloodthirst	深深压抑的杀气	BattleKeywords-a1c9116.json	WeighedMurderousIntend
The Middle's Vendetta Mark	中指的复仇对象	BattleKeywords-a1c9116.json	MiddleFingerBook
Persistence	坚韧	BattleKeywords-a1c9116.json	Persistent
Night in the Backstreets	后巷深宵	BattleKeywords-a1c9116.json	BackstreetsNight_LowMorale
The First Wave	第一波	BattleKeywords-a1c9116.json	SweeperA
The Second Wave	第二波	BattleKeywords-a1c9116.json	SweeperB
The Third Wave	第三波	BattleKeywords-a1c9116.json	SweeperC
HO! HO! HO!	嚯！嚯！嚯！	BattleKeywords-a1c951.json	AaCeSeBa
I'll Gift-wrap You	我要把你做成礼物！	BattleKeywords-a1c951.json	AaCeSeBb
Yearning for Blood	血之渴望	BattleKeywords-a1c971.json	Bloodthirst
Subject of Observation	观察对象	BattleKeywords-a1c971.json	ObservedPerson
Automated Myofiber Activity	肌纤维的机械性收缩与舒张	BattleKeywords-a1c9p1.json	MuscleContraction
The Duel Escalates	决斗高潮	BattleKeywords-a1c9p1.json	DuelEdge
Hostage Situation	人质事件	BattleKeywords-a1c9p1.json	HostageCharon
Severed Tendon	肌腱切断	BattleKeywords-a1c9p1.json	SeveredTendon
The Audacity...!	竟敢…！	BattleKeywords-a1c9p1.json	HowDareYouApple
Rapid Growth	急速生长	BattleKeywords-a1c9p1.json	RapidGrowthApple
Corpus Ingredient	活体材料	BattleKeywords-a1c9p1.json	HumanFleshTheRings
Artwork: Fascia	作品名：法西娅	BattleKeywords-a1c9p1.json	BoneBladeTheRings
Impact-rattled Armor	剧烈振动的甲胄	BattleKeywords-a1c9p1.json	UnsteadyTheRings
Iron Maiden	铁处女	BattleKeywords-a1c9p1.json	IronMaiden_LowMorale
Moonlit Azure Blade	月下青刀	BattleKeywords-a1c9p1.json	DicipleLittleFinger
Stench of Times Past	过往的恶臭	BattleKeywords-a1c9p1.json	RyoshuSlotPlusA1C9
Keen Observation	观察力	BattleKeywords-a1c9p1.json	ObservationMoses
Untroubled Analysis	冷静分析	BattleKeywords-a1c9p1.json	CalmAnalysisMoses
The Thumb Nursefather's Command	拇指父辈的命令	BattleKeywords-a1c9p1.json	TeachersCommand
Rekindled Exhilaration	复燃的喜悦	BattleKeywords-a1c9p1.json	RyoshuStartA1C9
Ragged Breath	紊乱的呼吸	BattleKeywords-a1c9p1.json	BreathLoss_LowMorale
Mark of the Prescript	指令的印记	BattleKeywords-a1c9p1.json	IndexPrescriptTargetMarkToEnemy
The Prescript's Target	指令对象	BattleKeywords-a1c9p1.json	IndexPrescriptTargetToEnemy
Grace of the Prescript	指令加护	BattleKeywords-a1c9p1.json	BlessingOfIndexPrescriptAlly
Prescript	指令	BattleKeywords-a1c9p1.json	IndexPrescript_Base
Prescript: [Paper Slip] I	指令[纸条]I	BattleKeywords-a1c9p1.json	IndexPrescriptFaust_0
Prescript: [Paper Slip] II	指令[纸条]II	BattleKeywords-a1c9p1.json	IndexPrescriptFaust_1
Prescript: [Paper Slip] III	指令[纸条]III	BattleKeywords-a1c9p1.json	IndexPrescriptFaust_2
Prescript: [Paper Slip] IV	指令[纸条]IV	BattleKeywords-a1c9p1.json	IndexPrescriptFaust_3
Karmic Consequence	业	BattleKeywords-a1c9p1.json	KarmaOfIndexAlly
The Prescript's Target - The Index	食指的指令对象	BattleKeywords-a1c9p2.json	IndexPrescriptTargetToPersonality
Prescript: [Device] I	指令[终端]I	BattleKeywords-a1c9p2.json	IndexPrescriptStudent_0
Prescript: [Device] II	指令[终端]II	BattleKeywords-a1c9p2.json	IndexPrescriptStudent_1
Prescript: [Device] III	指令[终端]III	BattleKeywords-a1c9p2.json	IndexPrescriptStudent_2
Prescript: [Device] IV	指令[终端]IV	BattleKeywords-a1c9p2.json	IndexPrescriptStudent_3
Unlock - I	解放 - I	BattleKeywords-a1c9p2.json	UnlockBuff_1
Unlock - II	解放 - II	BattleKeywords-a1c9p2.json	UnlockBuff_2
Unlock - III	解放 - III	BattleKeywords-a1c9p2.json	UnlockBuff_3
Faith Beyond Question	理所应当的信念	BattleKeywords-a1c9p2.json	Blandishment_Enemy
Shin (心) - Sora	心-空	BattleKeywords-a1c9p2.json	Blandishment_Shin_Enemy
Onus	压迫感	BattleKeywords-a1c9p2.json	PressureOfPrescript
Extreme Onus	强烈的压迫感	BattleKeywords-a1c9p2.json	PressureOfPrescript_2nd
Prescript Incompliance Risk	指令崩坏的危机	BattleKeywords-a1c9p2.json	BlindFaith_LowMorale
The Yellow Harpoon	蜜黄标枪	BattleKeywords-a1c9p2.json	YellowHarpoon
Shin(心) - The Yellow Harpoon	心-蜜黄标枪	BattleKeywords-a1c9p2.json	YellowHarpoonSin
Nested Harpoon [Beesting]	穿刺标枪[蜂针]	BattleKeywords-a1c9p2.json	BeeSting
Nested Harpoon [Waspsting]	穿刺标枪[胡蜂针]	BattleKeywords-a1c9p2.json	ArtifactBeeSting
Gungnir's Droning	冈格尼尔的共鸣	BattleKeywords-a1c9p2.json	HornetPoison
Apic Flashburst Blade Art - Hwando	闪蜂光剑术-环刀	BattleKeywords-a1c9p2.json	CriticalDmgUpVespa
Vexation	不快	BattleKeywords-a1c9p2.json	Vespa_LowMorale
Affection and Resentment	爱憎	BattleKeywords-a1c9p2.json	ScarBygoneDays_LowMorale
Bladetrail [Afterimage]	剑痕[残像]	BattleKeywords-a1c9p2.json	PhantomIncision
Dihui Star's Blade	地慧星刀	BattleKeywords-a1c9p2.json	PhantomIncisionTotal
Silent Regard	观望	BattleKeywords-a1c9p2.json	LvDownLittleFingerBoss
Disjunction	背离	BattleKeywords-a1c9p2.json	TimeGapAb
Fourfold Afterimage Entanglement	四重残像纠缠	BattleKeywords-a1c9p2.json	TimeEntangleFour
Threefold Afterimage Entanglement	三重残像纠缠	BattleKeywords-a1c9p2.json	TimeEntangleThree
Twofold Afterimage Entanglement	二重残像纠缠	BattleKeywords-a1c9p2.json	TimeEntangleTwo
Onefold Afterimage Entanglement	一重残像纠缠	BattleKeywords-a1c9p2.json	TimeEntangleOne
Shin (心) - Dihui Star	心-地慧星	BattleKeywords-a1c9p2.json	LittleFingerBoss_Shin
Twisted and Disjointed Memory and Recollection	相互纠缠、扭曲的记忆与回忆	BattleKeywords-a1c9p2.json	RyoshuParrySoji
Mutilated Memory and Recollection	被千刀万剐的记忆与回忆	BattleKeywords-a1c9p2.json	Ryoshu_IndexFightBuff
Malkuth's Reign - Imperfect Manifestation	Malkuth的统治-不完全显现	BattleKeywords-a1c9p2.json	Malkuth_Imperfect
Afterimage Entanglement	残像纠缠	BattleKeywords-a1c9p2.json	TimeEntangleDesc
Unlock	解放	BattleKeywords-a1c9p2.json	UnlockBuff_Base
Shin (心) - Procuration	心-代行	BattleKeywords-a1c9p2.json	Blandishment_Shin
White Breath - Safeguard the Mind	白色吐息-精神守护	BattleKeywords-a1c9p3.json	MosesWhiteBreathMental
Red Breath - Strengthen the Body	红色吐息-身体强化	BattleKeywords-a1c9p3.json	MosesRedBreathBody
Red Breath - Protect	红色吐息-守护	BattleKeywords-a1c9p3.json	MosesRedBreathShield
Purple Breath - Hysteria	紫色吐息-歇斯底里	BattleKeywords-a1c9p3.json	MosesPurpleBreathBind
Deep Breath - Red	深长吐息-红色	BattleKeywords-a1c9p3.json	MosesRedBreathCharge
Red Breath - Push the Body's Limit	红色吐息-疾驰的身体	BattleKeywords-a1c9p3.json	MosesRedBreathAttack
Shin (心) - Moses	心-摩西	BattleKeywords-a1c9p3.json	MosesSin
Memories of that Day	那一日的记忆	BattleKeywords-a1c9p3.json	MosesWarPTSD
Body Broken Beyond Repair	破损至无可挽回的身体	BattleKeywords-a1c9p3.json	MosesMiddle_LowMorale
Insecurity: Mask	自我防御-面具	BattleKeywords-a1c9p3.json	EzraMiddle_LowMorale
Dimensional Bag - Allas Workshop	次元包-阿拉斯工坊	BattleKeywords-a1c9p3.json	DimensionalBagEzraA
Dimensional Bag - Nester Workshop	次元包-涅斯托尔工坊	BattleKeywords-a1c9p3.json	DimensionalBagEzraB
Dimensional Bag - Screw Atelier	次元包-螺丝工作室	BattleKeywords-a1c9p3.json	DimensionalBagEzraC
Dimensional Bag - Namir Workshop	次元包-纳米尔工坊	BattleKeywords-a1c9p3.json	DimensionalBagEzraD
Dimensional Bag - YuRia Atelier	次元包-尤里亚工坊	BattleKeywords-a1c9p3.json	DimensionalBagEzraE
Shin (心) - Ezra	心-以斯拉	BattleKeywords-a1c9p3.json	MiddleFingerEzraSin
The Book of Vengeance	复仇账簿	BattleKeywords-a1c9p3.json	VengeanceBookSpider
The Middle - Grudge	中指-仇怨	BattleKeywords-a1c9p3.json	ResentmentSpider
I Got Praised!	受到表扬啦！	BattleKeywords-a1c9p3.json	GotACompliment
Check This Out, Kiddo!	仔细看好，闺女！	BattleKeywords-a1c9p3.json	DaughterEducationSpider
The Middle - Vengeance Tattoo [<s>Great Brother</s>]	中指-仇怨纹身[<s>长兄</s>]	BattleKeywords-a1c9p3.json	ReinforcedTattooSpider
The Middle Styled Augmentation Tattoos	中指式强化纹身	BattleKeywords-a1c9p3.json	ReinforcedTattooSpiderDaughter
Thermal Blades ON	热丝 ON	BattleKeywords-a1c9p3.json	HeatingWireOnSpider
Thermal Blades OFF	热丝 OFF	BattleKeywords-a1c9p3.json	HeatingWireOffSpider
Ridiculous Grit	过人的毅力	BattleKeywords-a1c9p3.json	MiddleFatherGuts
Mad Rampage	狂怒	BattleKeywords-a1c9p3.json	MiddleFingerDaddy_LowMorale
Fervor	狂热	BattleKeywords-a1c9p3.json	MiddleFingerDaughter_LowMorale
Corpus Ingredient (Bones)	活体材料(骨)	BattleKeywords-a1c9p3.json	HumanBoneTheRings
Corpus Ingredient (Blood)	活体材料(血)	BattleKeywords-a1c9p3.json	HumanBloodTheRings
Corpus Theater	人体观剧	BattleKeywords-a1c9p3.json	LivingSpecimenTheRings
Artwork: Tibia	作品名：提比娅	BattleKeywords-a1c9p3.json	MineTheRings
Viewing the Tableau	眺望	BattleKeywords-a1c9p3.json	ObservationTheRings
Ingredient-shedding Wound	材料脱落的伤口	BattleKeywords-a1c9p3.json	RedemptionTheRings
The Exhibition is Complete!	展览完成	BattleKeywords-a1c9p3.json	SpecimenTheRings
K Corp. Emergency Ampule	紧急用K公司安瓿	BattleKeywords-a1c9p3.json	KAmpouleA1C94TH
Lamp	目灯	BattleKeywords-a1c9p3.json	LanternHohenheimBigBird
Dazzle	眩惑	BattleKeywords-a1c9p3.json	DelusionHohenheimBigBird
E.G.O Attunement Boost	E.G.O感应度 增加	BattleKeywords-a1c9p3.json	LvUpHohenheimBigBird
E.G.O Attunement Overload	E.G.O感应度 过载	BattleKeywords-a1c9p3.json	LvUpHohenheimBigBird_Over
Wave of Somnolence	袭来的睡意	BattleKeywords-a1c9p3.json	HohenheimBigBird_LowMorale
Degraded Corrosion	劣化侵蚀	BattleKeywords-a1c9p3.json	LCEFireFly_LowMorale
Outmoded Art	过时的艺术	BattleKeywords-a1c9p3.json	Cubism_LowMorale
Eye of Precognition	预知眼	BattleKeywords-a1c9p3.json	FutureEyeOn
Eye of Precognition - Overheat	预知眼 过热	BattleKeywords-a1c9p3.json	FutureEyeOff
Accelerating Future	加速的未来	BattleKeywords-a1c9p3.json	LookingFuture
Shin (心) - Valencina	心-瓦伦希娜	BattleKeywords-a1c9p3.json	ObsessionAndGreed
Acceleration Round	加速弹	BattleKeywords-a1c9p3.json	AccelBullet
Game Target	狩猎目标	BattleKeywords-a1c9p3.json	TeachersPrey
Shin (心) - The Red Gaze	心-猩红视线	BattleKeywords-a1c9p3.json	VergiliusSin
Blinding Blood [盲血]	盲血	BattleKeywords-a1c9p3.json	BloodBranch
Gebura's Blade	Gebura之刃	BattleKeywords-a1c9p3.json	Gebura_Reinforcement
Shattered World	破碎的世界	BattleKeywords-a1c9p3.json	ThreeMirrorpartYiSang
Entangled Life [羅生]	罗生	BattleKeywords-a1c9p3.json	RyoshuEGOPF
Hurting Pest [Roaches]	攻击害虫[蜚蠊]	BattleKeywords-a1c9p3.json	OffenseBug
Protecting Pest [Roaches]	防御害虫[蜚蠊]	BattleKeywords-a1c9p3.json	DefenseBug
Tiansha Star's Bladewound [天殺星傷]	天杀星伤	BattleKeywords-a1c9p3.json	LvDownLittleFingerBossTwo
Backward Flow - Bitterness	逆行-憎恶	BattleKeywords-a1c9p3.json	SojiAbiAgePast
Forward Flow - Compassion	顺行-怜悯	BattleKeywords-a1c9p3.json	SojiAbiAgeFuture
Paroxysm - Afterimage Entanglement	暴走-残像纠缠	BattleKeywords-a1c9p3.json	TimeEntangleUnstable
Shin (心) - A Certain Sinclair	心-某个辛克莱	BattleKeywords-a1c9p3.json	WillAwakenSinclair
Sign - Manifestation of the Future	印记-未来显现	BattleKeywords-a1c9p3.json	SignAwakenSinclair
Umbra Unsealed	本影 禁制解除	BattleKeywords-a1c9p3.json	LimitedAwakenSinclair
Of the Second Smoke War	第二次烟霾战争的	BattleKeywords-a1c9p3.json	Veteran_LowMorale
Sealed Sword	封印之剑	BattleKeywords-a1c9p3.json	MiddleFatherSwordOne
First Seal Removed	1阶段 封印解除	BattleKeywords-a1c9p3.json	MiddleFatherSwordTwo
Second Seal Removed	2阶段 封印解除	BattleKeywords-a1c9p3.json	MiddleFatherSwordThree
Lævateinn	莱瓦汀	BattleKeywords-a1c9p3.json	MiddleFatherSwordFour
Dawn's First Crow (雞鳴)	鸡鸣	BattleKeywords-a1c9p3.json	SojiAbiBuffOne
The Sun's Descent (日入)	日入	BattleKeywords-a1c9p3.json	SojiAbiBuffTwo
Eventide Glow (黃昏)	黄昏	BattleKeywords-a1c9p3.json	SojiAbiBuffThree
Unsevered Memory	未曾割舍的记忆	BattleKeywords-a1c9p3.json	RyoshuParrySojiTwo
Unseverable Time	未曾割舍的时间	BattleKeywords-a1c9p3.json	RyoshuParrySojiThree
Tiansha Star's Blade - Arayashiki [天殺星刀阿賴耶識]	天杀星刀-阿赖耶识	BattleKeywords-a1c9p3.json	HeavenlyKillerStar
Sever the Thread [切絲]	切丝	BattleKeywords-a1c9p3.json	CutoffRyoshu
Muga [無我]	无我	BattleKeywords-a1c9p3.json	CutbondRyoshu
Desire for Acknowledgement	认可欲	BattleKeywords-a1c9p3.json	EsteemNeeds
Way of the Blade	剑道	BattleKeywords-a1c9p3.json	Fugacious
Shame of the Family	家族之耻	BattleKeywords-a1c9p3.json	ObsessedTeacher_LowMorale
"K-kill... kill me..."	“杀、杀…杀了我…”	BattleKeywords-a1c9p3.json	AgainstMyWill_LowMorale
Prescript: [Device] - Warning	指令[终端]-警告	BattleKeywords-a1c9p3.json	IndexPrescript_RienSecondPhase
Karmic Consequence [Fortuna]	业[福尔图娜]	BattleKeywords-a1c9p3.json	KarmaOfIndexRien_2Phase
Rien's Mask	里恩的假面	BattleKeywords-a1c9p3.json	BurningWoundRien_Mask
Sizzling Wound	灼烧着的伤口	BattleKeywords-a1c9p3.json	BurningWoundRien
Shin (心) - Rien	心-里恩	BattleKeywords-a1c9p3.json	Shin_Rien
Procuration [Hermes]	代行[赫尔墨斯]	BattleKeywords-a1c9p3.json	StackRienSpecialSkill
When hacking through the ribs with a hatchet...	用手斧将肋骨砍下时…	BattleKeywords-a1c9p3.json	RienWeapon01Hatchet
When penetrating the lungs with a stiletto...	用锥将肺贯穿时…	BattleKeywords-a1c9p3.json	RienWeapon02Stiletto
When caving in the back of the skull with a hammer...	应该用锤子将后脑敲碎时…	BattleKeywords-a1c9p3.json	RienWeapon05Sledgehammer
When rending the body with a greatsword...	应该用大剑将躯干劈开时…	BattleKeywords-a1c9p3.json	RienWeapon06Ultragreatsword
When rending the body with a great sword...	应该用大剑将躯干劈开时…	BattleKeywords-a1c9p3.json	RienWeapon06Ultragreatsword2phase
When boring a 20-inch hole with a lance...	应该用长枪刺穿一个20英寸的洞时…	BattleKeywords-a1c9p3.json	RienWeapon07Lance
Ketsuen [けつえん]	血缘[けつえん]	BattleKeywords-a1c9p3.json	Ryoshu_RienBattle_1Phase
Renketsuen [れんけつえん]	连血缘[れんけつえん]	BattleKeywords-a1c9p3.json	Ryoshu_RienBattle_2Phase
Imitation of a Father	仿造的父辈	BattleKeywords-a1c9p3.json	PainfulScar_Panic
Indulgence in Prescripts	指令成瘾	BattleKeywords-a1c9p3.json	BlackNightmare
Red String	赤丝	BattleKeywords-a1c9p3.json	RyoshuParrySojiWe
Crit DMG Up	暴击伤害强化	BattleKeywords-a1c9p3.json	CriticalDamageUp
K Corp. Ampule Used	使用K公司安瓿	BattleKeywords-a1c9p3.json	KAA1C9ActivateEffect
Strider【Wu】	脚力【午】	BattleKeywords-cultivation.json	LegStrengthHorse
Concussion	脑震荡	BattleKeywords-cultivation.json	ConcussionWei
Galestruck	余波	BattleKeywords-cultivation.json	SweptAwayWei
Recoiling	反冲力	BattleKeywords-cultivation.json	ReboundWei
Swig (眞)	小酌（真）	BattleKeywords-cultivation.json	SipOfAlcoholJin
Bloodpour (血注)	血注	BattleKeywords-cultivation.json	DrunkBlood
Mental Awakening	觉醒	BattleKeywords-cultivation.json	DrunkAwakening
Unbridled Steed	脱缰之马	BattleKeywords-cultivation.json	RunawayHorseWei_LowMorale
Night Drifter of the Drunken Palm	醉手夜客	BattleKeywords-cultivation.json	DrunkDrifter_LowMorale
Shadow Arm	暗臂	BattleKeywords-cultivation.json	DarkBeastSnake_LowMorale
Faint Guilt	微弱的负罪感	BattleKeywords-cultivation.json	NightDrifterGuilty
Thrashing to Hatch	为破卵而出的挣扎	BattleKeywords-cultivation.json	StudyStatSinclair
Thrashing to Hatch Ⅰ	为破卵而出的挣扎Ⅰ	BattleKeywords-cultivation.json	StudyStatSinclair_A
Thrashing to Hatch ⅠⅠ	为破卵而出的挣扎Ⅱ	BattleKeywords-cultivation.json	StudyStatSinclair_B
Thrashing to Hatch ⅠⅠⅠ	为破卵而出的挣扎Ⅲ	BattleKeywords-cultivation.json	StudyStatSinclair_C
Thrashing to Hatch ⅠⅤ	为破卵而出的挣扎Ⅳ	BattleKeywords-cultivation.json	StudyStatSinclair_D
Thrashing to Hatch Ⅴ	为破卵而出的挣扎Ⅴ	BattleKeywords-cultivation.json	StudyStatSinclair_E
A Sign	某道印记	BattleKeywords-cultivation.json	StudySignSinclair
Berserking	狂化	BattleKeywords-cultivation.json	CrazyWei
Snake Venom	蛇毒	BattleKeywords-cultivation.json	SnakePoisonJinWeak
Spreading Snake Venom	扩散的蛇毒	BattleKeywords-cultivation.json	SnakePoisonJin
Avulsion Wound	撕裂的伤口	BattleKeywords-exme.json	ScratchesHurt
Trussed	捕缚	BattleKeywords-exme.json	TiedRope
Prisoner Transport Arrangements	押送准备	BattleKeywords-exme.json	TiedWithRope
Headsplitting Memory	刺痛的记忆	BattleKeywords-exme.json	RegretSCorp
Intelligence Gathering	获取情报	BattleKeywords-exme.json	TakePicture
Pinning Nail	定格尖钉	BattleKeywords-exme.json	LensmanNail
Memory Transition	记忆转换	BattleKeywords-exme.json	PhotoTransition
Dokkaebi Arms	鬼怪之臂	BattleKeywords-exme.json	AengduNewArm
Jumbled Memories	混杂的记忆	BattleKeywords-exme.json	Collage_LowMorale
Intelligence Obsession	对情报的执念	BattleKeywords-exme.json	Lensman_LowMorale
Resentment	怨恨	BattleKeywords-exme.json	Aengdu_Lowmorale
Brand - No [奴]	烙印[奴]	BattleKeywords-exme.json	BrandedKimSatgat
Deep-rooted Regret	沉溺的悔恨	BattleKeywords-exme.json	RestingKimSatgat_LowMorale
Swordplay of the Homeland [Sal]	本国剑术[肉]	BattleKeywords-exme.json	ChoiSwordsmanship
Battleform of the Homeland - Bearhunt	本国姿态-狩熊	BattleKeywords-exme.json	ChoiSwordsmanshipOne
Battleform of the Homeland - Tigerhunt	本国姿态-狩虎	BattleKeywords-exme.json	ChoiSwordsmanshipMany
Dujeong Brigandine [Sal]	布面甲[肉]	BattleKeywords-exme.json	ChoiSwordsmanshipShield
Developed Memories	显影的记忆	BattleKeywords-exme.json	ChoiSword_LowMorale
Prisoner Transport Order	押送命令	BattleKeywords-exme.json	SlaveHunersPower
Investigation Order	调查命令	BattleKeywords-exme.json	LensmanPower
Candy?	糖果？	BattleKeywords-fools.json	CandyForCharon
Tick-Tock?!	滴答滴答？！	BattleKeywords-fools.json	TickTockTickTock
Candy	糖果	BattleKeywords-fools.json	CandyForCharon_LowMorale
Stored Blood	浸染的血液	BattleKeywords-mowe.json	KeptBlood
Bloodtinged Craving	血色的渴求	BattleKeywords-mowe.json	BloodyCrave
Bloodthirst	渴血	BattleKeywords-mowe.json	BloodPocket_LowMorale
Coagulated Blood	硬化血液	BattleKeywords-mowe.json	HardenedBlood
Nethersea Brand	溟痕	BattleKeywords-pilgrimage.json	NetherseaBrand
Sea Terror Assimilation	恐鱼同化	BattleKeywords-pilgrimage.json	SeaTerrorCell
Nervous Impairment	神经损伤	BattleKeywords-pilgrimage.json	NervousImpairment
Standby State	待命状态	BattleKeywords-pilgrimage.json	WaitingforCommandMod
Combat-Ready State	临战状态	BattleKeywords-pilgrimage.json	ParticipationMod
Abyssal Vitality	深海的生命力	BattleKeywords-pilgrimage.json	AbyssalVitality
Indelible Compassion	无法抹去的善意	BattleKeywords-pilgrimage.json	IndelibleGoodwill
Cold	寒冷	BattleKeywords-pilgrimage.json	ColdAirDOQ
Frozen	冻结	BattleKeywords-pilgrimage.json	FreezingDOQ
The Knight's Corpus	骑士骨血	BattleKeywords-pilgrimage.json	BloodborneDOQ
Misery and Calamity	苦厄灾难	BattleKeywords-pilgrimage.json	WeakenDOQ
Hive Mind	蜂巢意识	BattleKeywords-pilgrimage.json	DOQ_LowMorale
Call of the Bloodkin	同族的呼唤	BattleKeywords-pilgrimage.json	CallOfSea_LowMorale
Emotional Connection	情感共享	BattleKeywords-pilgrimage.json	BitOfEmotion
Little Handy - Wilderness Survival Module	小帮手-野外维生单元	BattleKeywords-pilgrimage.json	WildernessSurvivalModule
Little Handy - Housekeeping Assistant Module	小帮手-家政辅助模块	BattleKeywords-pilgrimage.json	HousekeepingAssistantModule
Little Handy - Incremental Motion Firmware	小帮手-运动增量固件	BattleKeywords-pilgrimage.json	IncrementalMotionFirmware
Little Handy - Mini Decontamination Kit	小帮手-迷你去污套组	BattleKeywords-pilgrimage.json	MiniDecontaminationKit
Little Handy - External Upgrade Module	小帮手-外置强力升级	BattleKeywords-pilgrimage.json	ExternalUpgradeModule
Heart of Compassion	善意之心	BattleKeywords-pilgrimage.json	DesireToSave_LowMorale
Accumulated Past	累积的过去	BattleKeywords-tkt-re.json	AccumulatedPastSinner
Violent Collections	强力征收执行	BattleKeywords-tkt-re.json	OutisNoHat
Amplitude Entanglement	振幅纠缠	BattleKeywords-tkt.json	FusionVibration
Tremor - Superposition	震颤-叠加	BattleKeywords-tkt.json	VibrationNesting
Tremor - Distribution	震颤-分配	BattleKeywords-tkt.json	VibrationDistribution
T Corp. Special Investigator Badge	T公司特别搜查官徽章	BattleKeywords-tkt.json	TcorpSpecialInvestigator
Tremor - Chain	震颤-锁链	BattleKeywords-tkt.json	VibrationChain
T Corp. Borrowed Time	T公司的时间租赁	BattleKeywords-tkt.json	TimeRentalTwo
Time Delay	时间泄露	BattleKeywords-tkt.json	TimeAccumulation
Clash Power Down	拼点威力降低	BattleKeywords-tkt.json	ParryingResultDown
Clash Power Up	拼点威力提升	BattleKeywords-tkt.json	ParryingResultUp
Stolen Time	抢来的时间	BattleKeywords-tkt.json	LimitedTime
Shared Time	共享的时间	BattleKeywords-tkt.json	OwnTime
Joint Time Expenditure	共同分担时间支出	BattleKeywords-tkt.json	EquitableDistribution
Infighting	内部分裂	BattleKeywords-tkt.json	UnfairDistribution
Time Acceleration	时间加速	BattleKeywords-tkt.json	TimeAcceleration
Broken Unity	瓦解的同盟	BattleKeywords-tkt.json	Yurodivy_LowMorale
Time Rescue Target	时间救援目标	BattleKeywords-tkt.json	TimeKillerWatch
Microprecision Time Acceleration	超精密时间加速	BattleKeywords-tkt.json	UltraPrecisionTimeAcceleration
Mauled Color [Rouge]	被撕裂的色彩[红色]	BattleKeywords-twth.json	BearClawWound
Mauled Color [Bleu]	被撕裂的色彩[蓝色]	BattleKeywords-twth.json	EagleClawWound
Touche Hardie	果敢的笔触	BattleKeywords-twth.json	BoldBrushstrokes
Palette Vibrante	强烈色彩	BattleKeywords-twth.json	IntenseColors
Le Fauvisme - Masque de Loup	野兽派-狼面	BattleKeywords-twth.json	FaubismWolfMask
Le Fauvisme - Masque de Loup Ensanglanté	野兽派-染血狼面	BattleKeywords-twth.json	FaubismWolfMaskBlooded
Fixed Panic	固定恐慌	BattleKeywords-twth.json	PanicChangeLock
Faltering Inspiration	衰退的灵感	BattleKeywords-twth.json	Fauvism_Lowmorale
Coloriage Impulsif	冲动的着色	BattleKeywords-twth.json	FauvismDocent_Lowmorale
<s>The Middle</s> - Grudge	<s>中指</s>-仇怨	BattleKeywords-twth.json	ResentmentSpiderDaughterTwo
<s>The Middle Styled</s> Augmentation Tattoos	<s>中指式</s>强化纹身	BattleKeywords-twth.json	ReinforcedTattooSpiderDaughterTwo
Red Eyes	赤瞳	BattleKeywords-walpu4.json	RedEyeFirst
Red Eyes - Alert	赤瞳-警戒	BattleKeywords-walpu4.json	RedEyeSecond
Red Eyes - Devouring	赤瞳-捕食	BattleKeywords-walpu4.json	RedEyeThird
Penitence	忏悔	BattleKeywords-walpu4.json	PenanceFirst
Penitence - Periphery	忏悔-警戒	BattleKeywords-walpu4.json	PenanceSecond
Penitence - Confession	忏悔-告解	BattleKeywords-walpu4.json	PenanceThird
Only Ashes Remain	只余灰烬	BattleKeywords-walpu4.json	Emptiness
Butterfly	蝶	BattleKeywords-walpu4.json	SinkingWhite
!!!OUDATED EFFECT!!!	过期状态	BattleKeywords-walpu4.json	SinkingBlack
The Living & The Departed	生蝶·亡蝶	BattleKeywords-walpu4.json	BulletLament
Training Team Captain	培训部队长	BattleKeywords-walpu4.json	TrainTeamCaptain
Understanding	理解	BattleKeywords-walpu4.json	VioletUnderstand
Mental Fracture	精神裂痕	BattleKeywords-walpu4.json	MentalCrack
Imminent Decay	濒临崩坏	BattleKeywords-walpu4.json	ImpendingCollapse
Reload	再次装填	BattleKeywords-walpu4.json	ReloadLament
Smoke	烟气	BattleKeywords-walpu5.json	Smoke
The Church	教团	BattleKeywords-walpu5.json	Church_LowMorale
Meat Gear: Coercion	血肉齿轮-强迫	BattleKeywords-walpu5.json	MeatGearForce
Ready to Fire	射击准备完毕	BattleKeywords-walpu5.json	AllSetForShooting
Cold, Black Tears	漆黑冰冷之泪	BattleKeywords-walpu6.json	ColdBlackTear
Helpless Tears	无能为力之泪	BattleKeywords-walpu6.json	HelplessTear
Weathered Knight	饱经风霜的骑士	BattleKeywords-walpu6.json	WornOutKnight
Blessing of Despair	绝望的加护	BattleKeywords-walpu6.json	SignOfDespair
Crumbled Pride	崩溃的自尊	BattleKeywords-walpu6.json	CollapsedPride
What use... am I...?	我…已无用处了…吗？	BattleKeywords-walpu6.json	FailedToAssistQueen
I used too much power	好像用力过猛了	BattleKeywords-walpu6.json	UsedTooMuchPower
Chanting - Arcana Slave	咏唱-阿卡纳光破斩	BattleKeywords-walpu6.json	ChasingArcana
Love/Justice	爱/正义	BattleKeywords-walpu6.json	PowerOfLoveAndJustice
Central Command Team Captain	中央本部队长	BattleKeywords-walpu6.json	CentralCommandTeamCaptain
Welfare Team Model Employee	福利部优秀员工	BattleKeywords-walpu6.json	BestWelfareTeamMember
Hysteria	歇斯底里	BattleKeywords-walpu6.json	HystericGauge
Here Comes Magical Girl!	魔法少女登场！	BattleKeywords-walpu6.json	MagicalGirlAppear
Regressive Transformation - Reversed	反转-逆位	BattleKeywords-walpu6.json	NoVillain
Mark of Villainy	恶人标记	BattleKeywords-walpu6.json	VillainMark
Magical Arcana	魔法阿卡纳	BattleKeywords-walpu6.json	ArcanaQueenOfHate
Love/Hate	爱/憎	BattleKeywords-walpu6.json	ThePowerOfLoveAndHate
Magical Girl's Chant	魔法少女的咏唱	BattleKeywords-walpu6.json	MagicalGirlResponse
Blessing	加护	BattleKeywords-walpu6.json	BlessingAlly
Protecting Sword	守护之剑	BattleKeywords-walpu6.json	ProtectiveSword
Despair	绝望	BattleKeywords-walpu6.json	DespairAlly
Piercing Sword	穿刺之剑	BattleKeywords-walpu6.json	PenetratingSword
Tear-sharpened	泪锋	BattleKeywords-walpu6.json	SwordCutwithTear
Deep Tears	深泪	BattleKeywords-walpu6.json	BlackTearsAlly
Trauma Shield	精神屏蔽力场	BattleKeywords-walpu6.json	TraumaShield
Desperado	亡命之徒	BattleKeywords-walpu8.json	DesperadoBuff
Hyped-up	亢奋	BattleKeywords-walpu8.json	TensionUp
Pink Petals	粉红花瓣	BattleKeywords-walpu8.json	PinkPetals
Pheromone	信息素	BattleKeywords-walpu8.json	QueenBeepheromone
Pheromone Mark	信息素标记	BattleKeywords-walpu8.json	QueenBeeMark
Preparing Herd Migration	群体移动准备	BattleKeywords-walpu8.json	RunHallway
Herd Relocation	群体迁移	BattleKeywords-walpu8.json	NextHallway
BongBong Orange	橙子味的噗扭扭	BattleKeywords-walpu8.json	PumpkinJelly
Welfare Team Captain	福利部队长	BattleKeywords-walpu8.json	BestWelfareTeamCaptain
Leaking Marinade	漏出的酱料	BattleKeywords-x1p1c1.json	LeakedOutSauce
Golden Recipe Sauce	黄金秘传酱汁	BattleKeywords-x1p1c1.json	DeliciousSauce
Yummers	变好吃了	BattleKeywords-x1p1c1.json	Yummy_Lowmorale
Growing Resentment	郁积的怨结	BattleKeywords-ycgd.json	Grudge
AoE Attack	群体攻击	BattleKeywords.json	AreaAtk
Attack Power Up	强壮	BattleKeywords.json	Enhancement
Haste	迅捷	BattleKeywords.json	Agility
Defense Power Up	忍耐	BattleKeywords.json	Endurance
Attack Power Down	虚弱	BattleKeywords.json	Reduction
Bind	束缚	BattleKeywords.json	Binding
Fragile	易损	BattleKeywords.json	Vulnerable
Taunt	嘲讽	BattleKeywords.json	Taunt
Stun	晕眩	BattleKeywords.json	Stun
Shock	感电	BattleKeywords.json	ElectricShock
Burn	烧伤	BattleKeywords.json	Burn
Bleed	流血	BattleKeywords.json	Bleeding
Marked	标记	BattleKeywords.json	Target
Compulsion	自残	BattleKeywords.json	SelfHarm_LowMorale
Outlash	迁怒	BattleKeywords.json	Blame_LowMorale
Charge	充能	BattleKeywords.json	Charge
Ongoing Damage	持续损伤	BattleKeywords.json	DamageOverTime
Power Up	威力提升	BattleKeywords.json	ResultEnhancement
Protection	守护	BattleKeywords.json	Protection
Damage Up	伤害强化	BattleKeywords.json	AttackDmgUp
Defense Level Up	防御等级提升	BattleKeywords.json	DefenseUp
Plus Coin Boost	加算硬币强化	BattleKeywords.json	PlusCoinValueUp
Minus Coin Boost	减算硬币强化	BattleKeywords.json	MinusCoinValueUp
Multiply Coin Boost	乘算硬币强化	BattleKeywords.json	TimesCoinValueUp
Defense Power Down	破绽	BattleKeywords.json	Disarming
Power Down	威力降低	BattleKeywords.json	ResultReduction
Damage Down	伤害弱化	BattleKeywords.json	AttackDmgDown
Defense Level Down	防御等级降低	BattleKeywords.json	DefenseDown
Paralyze	麻痹	BattleKeywords.json	Paralysis
Plus Coin Drop	加算硬币弱化	BattleKeywords.json	PlusCoinValueDown
Minus Coin Drop	减算硬币弱化	BattleKeywords.json	MinusCoinValueDown
Multiply Coin Drop	乘算硬币弱化	BattleKeywords.json	TimesCoinValueDown
Moonlight	月华	BattleKeywords.json	MoonLight
Rage	暴怒	BattleKeywords.json	Anger
Immobilize	无法行动	BattleKeywords.json	Inactible
Tremor	震颤	BattleKeywords.json	Vibration
Rupture	破裂	BattleKeywords.json	Burst
Sinking	沉沦	BattleKeywords.json	Sinking
Poise	呼吸法	BattleKeywords.json	Breath
Blood Sac	血囊	BattleKeywords.json	BloodPocket
Fluid Sac	液囊	BattleKeywords.json	WaterPocket
Lightning	雷电	BattleKeywords.json	DogThunder
Oppression	无措	BattleKeywords.json	Run_Panic
Surgery	手术	BattleKeywords.json	Operation
Makeshift Surgery	紧急手术	BattleKeywords.json	Emergency_Operation
Baba Yaga’s Coming!	迫近的芭芭雅嘎	BattleKeywords.json	BabayagaTimeLimit
Pink Ribbons	粉红丝带	BattleKeywords.json	PinkRibbon
Desirous	渴望	BattleKeywords.json	Greedy
Maggots	蛆虫	BattleKeywords.json	Muckworm
Offense Level Up	攻击等级提升	BattleKeywords.json	AttackUp
Offense Level Down	攻击等级降低	BattleKeywords.json	AttackDown
Great Mountain	坚如泰山	BattleKeywords.json	Liu_Meursault_Guard_Buff
Slash Resist Up	斩击抗性强化	BattleKeywords.json	SlashResistUp
Pierce Resist Up	突刺抗性强化	BattleKeywords.json	PenetrateResistUp
Blunt Resist Up	打击抗性强化	BattleKeywords.json	HitResistUp
Slash DMG Up	斩击伤害强化	BattleKeywords.json	SlashDamageUp
Pierce DMG Up	突刺伤害强化	BattleKeywords.json	PenetrateDamageUp
Blunt DMG Up	打击伤害强化	BattleKeywords.json	HitDamageUp
Slash Resist Down	斩击抗性弱化	BattleKeywords.json	SlashResistDown
Pierce Resist Down	突刺抗性弱化	BattleKeywords.json	PenetrateResistDown
Blunt Resist Down	打击抗性弱化	BattleKeywords.json	HitResistDown
Slash DMG Down	斩击伤害弱化	BattleKeywords.json	SlashDamageDown
Pierce DMG Down	突刺伤害弱化	BattleKeywords.json	PenetrateDamageDown
Blunt DMG Down	打击伤害弱化	BattleKeywords.json	HitDamageDown
Wrath Resist Down	暴怒抗性弱化	BattleKeywords.json	CrimsonResistDown
Lust Resist Down	色欲抗性弱化	BattleKeywords.json	ScarletResistDown
Sloth Resist Down	怠惰抗性弱化	BattleKeywords.json	AmberResistDown
Gluttony Resist Down	暴食抗性弱化	BattleKeywords.json	ShamrockResistDown
Gloom Resist Down	忧郁抗性弱化	BattleKeywords.json	AzureResistDown
Pride Resist Down	傲慢抗性弱化	BattleKeywords.json	IndigoResistDown
Envy Resist Down	嫉妒抗性弱化	BattleKeywords.json	VioletResistDown
Wrath Resist Up	暴怒抗性强化	BattleKeywords.json	CrimsonResistUp
Lust Resist Up	色欲抗性强化	BattleKeywords.json	ScarletResistUp
Sloth Resist Up	怠惰抗性强化	BattleKeywords.json	AmberResistUp
Gluttony Resist Up	暴食抗性强化	BattleKeywords.json	ShamrockResistUp
Gloom Resist Up	忧郁抗性强化	BattleKeywords.json	AzureResistUp
Pride Resist Up	傲慢抗性强化	BattleKeywords.json	IndigoResistUp
Envy Resist Up	嫉妒抗性强化	BattleKeywords.json	VioletResistUp
Wrath DMG Down	暴怒伤害弱化	BattleKeywords.json	CrimsonDamageDown
Lust DMG Down	色欲伤害弱化	BattleKeywords.json	ScarletDamageDown
Sloth DMG Down	怠惰伤害弱化	BattleKeywords.json	AmberDamageDown
Gluttony DMG Down	暴食伤害弱化	BattleKeywords.json	ShamrockDamageDown
Gloom DMG Down	忧郁伤害弱化	BattleKeywords.json	AzureDamageDown
Pride DMG Down	傲慢伤害弱化	BattleKeywords.json	IndigoDamageDown
Envy DMG Down	嫉妒伤害弱化	BattleKeywords.json	VioletDamageDown
Wrath DMG Up	暴怒伤害强化	BattleKeywords.json	CrimsonDamageUp
Lust DMG Up	色欲伤害强化	BattleKeywords.json	ScarletDamageUp
Sloth DMG Up	怠惰伤害强化	BattleKeywords.json	AmberDamageUp
Gluttony DMG Up	暴食伤害强化	BattleKeywords.json	ShamrockDamageUp
Gloom DMG Up	忧郁伤害强化	BattleKeywords.json	AzureDamageUp
Pride DMG Up	傲慢伤害强化	BattleKeywords.json	IndigoDamageUp
Envy DMG Up	嫉妒伤害强化	BattleKeywords.json	VioletDamageUp
Curse	诅咒	BattleKeywords.json	Curse
Weak-resist DMG Boost	脆弱攻击伤害强化	BattleKeywords.json	AttackDmgUp_Weak
Ammo	弹药	BattleKeywords.json	Bullet
Final Augment	最终改造	BattleKeywords.json	Meursault_Last_Remodeling
Struggle	挣扎	BattleKeywords.json	Choice_90103301
Relief	安心	BattleKeywords.json	Choice_90103402
Spreading Flame	燎原	BattleKeywords.json	Choice_901001
Gentle Sendoff	惜别	BattleKeywords.json	Choice_901007
Photopia	眩目	BattleKeywords.json	Choice_901009
Emptied	放空	BattleKeywords.json	Choice_901010
Contamination	秽物	BattleKeywords.json	Choice_901019
Gaze of the One Who Grips	执柄者的凝视	BattleKeywords.json	Cromer_Target
Poison	剧毒	BattleKeywords.json	Poison
Urge	欲望	BattleKeywords.json	Desire
Fanatic	狂信	BattleKeywords.json	Assemble
N Corp’s Nails	N公司的尖钉	BattleKeywords.json	Nail
Golden Sheen	金光	BattleKeywords.json	BeingGolden
Slash Protection	斩击守护	BattleKeywords.json	SlashTakeDamageDown
Pierce Protection	突刺守护	BattleKeywords.json	PenetrateTakeDamageDown
Blunt Protection	打击守护	BattleKeywords.json	HitTakeDamageDown
Wrath Protection	暴怒守护	BattleKeywords.json	CrimsonTakeDamageDown
Lust Protection	色欲守护	BattleKeywords.json	ScarletTakeDamageDown
Sloth Protection	怠惰守护	BattleKeywords.json	AmberTakeDamageDown
Gluttony Protection	暴食守护	BattleKeywords.json	ShamrockTakeDamageDown
Gloom Protection	忧郁守护	BattleKeywords.json	AzureTakeDamageDown
Pride Protection	傲慢守护	BattleKeywords.json	IndigoTakeDamageDown
Envy Protection	嫉妒守护	BattleKeywords.json	VioletTakeDamageDown
Slash Fragility	斩击易损	BattleKeywords.json	SlashTakeDamageUp
Pierce Fragility	突刺易损	BattleKeywords.json	PenetrateTakeDamageUp
Blunt Fragility	打击易损	BattleKeywords.json	HitTakeDamageUp
Wrath Fragility	暴怒易损	BattleKeywords.json	CrimsonTakeDamageUp
Lust Fragility	色欲易损	BattleKeywords.json	ScarletTakeDamageUp
Sloth Fragility	怠惰易损	BattleKeywords.json	AmberTakeDamageUp
Gluttony Fragility	暴食易损	BattleKeywords.json	ShamrockTakeDamageUp
Gloom Fragility	忧郁易损	BattleKeywords.json	AzureTakeDamageUp
Pride Fragility	傲慢易损	BattleKeywords.json	IndigoTakeDamageUp
Envy Fragility	嫉妒易损	BattleKeywords.json	VioletTakeDamageUp
Nails	尖钉	BattleKeywords.json	NailPersonality
Gaze	凝视	BattleKeywords.json	MarkOfHeresy
Blunt Power Up	打击威力提升	BattleKeywords.json	HitResultUp
Weakness Analyzed	弱点分析	BattleKeywords.json	WeaknessAnalysis
Karma	业报	BattleKeywords.json	Cycle
Captivity	拘束	BattleKeywords.json	Duress
Gluttony Power Up	暴食威力提升	BattleKeywords.json	ShamrockResultUp
Envy Power Up	嫉妒威力提升	BattleKeywords.json	VioletResultUp
Cyclical Karma	业报轮回	BattleKeywords.json	CyclingKarma
Ecstatic	狂喜	BattleKeywords.json	Cromer_Ecstasy
Purity	纯粹	BattleKeywords.json	Cromer_Madness
HP Healing Down	体力恢复降低	BattleKeywords.json	TakeHpHealReduce
Offense level+	攻击等级 +	BattleKeywords.json	AttackLevelAdder
Appetite	饥渴	BattleKeywords.json	Thirst
E.G.O Resource Amp	E.G.O资源获取量提升	BattleKeywords.json	GainSinStockAdder
Frenzy	狂暴	BattleKeywords.json	Enrage
Dimensional Rift	次元裂痕	BattleKeywords.json	DimensionRift
Umbrella Splinters	雨伞碎片	BattleKeywords.json	ShardOfUmbrella
Entangled Curse Talisman	纠缠的咒符	BattleKeywords.json	WrappedCurseTag
Reattached Curse Talisman	复贴的咒符	BattleKeywords.json	ReattachedCurseTag
Capacitor	蓄能	BattleKeywords.json	ElectricStorage
Self-charge	自体发电	BattleKeywords.json	SelfCharge
Morale Boost	昂扬	BattleKeywords.json	Exalted
Tipsy	醉意	BattleKeywords.json	Tipsiness
Predation	捕食	BattleKeywords.json	Predation
Burn Resistance	烧伤抗性	BattleKeywords.json	ATL_EndureCombustion
Resonant	共振	BattleKeywords.json	Resonate
Tremor Sync	震颤同步	BattleKeywords.json	VibrationAssimilation
Decay Ampule	崩解安瓿	BattleKeywords.json	CollapseAmpoule
Interlocking Time	啮合的时间	BattleKeywords.json	InterlockingTime
Borrowed Time of the Fathoms	心象中的时间租赁	BattleKeywords.json	TimeRental
Bleed Resistance	流血抗性	BattleKeywords.json	ATL_EndureLaceration
Unresolved Sorrow	尚未释怀的哀伤	BattleKeywords.json	Bull_Sadness
Wavering Emotions	飘忽不定的情绪	BattleKeywords.json	Bull_BuzzingEmotion
Fear	恐惧	BattleKeywords.json	Scared
Stressed	压力	BattleKeywords.json	Stressed
Nervous	焦虑	BattleKeywords.json	Nervous
Faster!	再快点！	BattleKeywords.json	ATL_Agility
Aim True!	再准点！	BattleKeywords.json	ATL_Breath
Get 'Em!	拿下他！	BattleKeywords.json	ATL_Target
Momentary Cool	片刻冷静	BattleKeywords.json	Bull_FadedHeat
Fever	狂热	BattleKeywords.json	Bull_Fever
Expanding Sorrow	愈加膨胀的哀伤	BattleKeywords.json	Bull_ReinforcedSadness
Maddened	疯狂	BattleKeywords.json	Crazy_LowMorale
Suicidal	自尽	BattleKeywords.json	Suicide_LowMorale
Wandering	徘徊	BattleKeywords.json	Prowl_LowMorale
Dejection	抑郁	BattleKeywords.json	Blue_LowMorale
Growing	生长	BattleKeywords.json	DongbaekGrow
Blooming	开花	BattleKeywords.json	DongbaekFlorescence
Fully Bloomed	盛放	BattleKeywords.json	DongbaekFullBloom
Dazzled Mind	恍惚的意识	BattleKeywords.json	DongbaekFascination
Dueling	对决	BattleKeywords.json	DongbaekShowdown
Scattering Petals	落英缤纷	BattleKeywords.json	DongbaekScatterPetal
Perilous Heart	岌岌可危的心灵	BattleKeywords.json	Fragile_Mind_LowMorale
Faltering Heart	混乱不安的心灵	BattleKeywords.json	Fragile_Mind_Panic
Corroding Heart	渐被侵蚀的心灵	BattleKeywords.json	ErodingMind
Wrath Power Up	暴怒威力提升	BattleKeywords.json	CrimsonResultUp
Spark Discharge	电流释放	BattleKeywords.json	EmittedCurrent
Radiant Vanity	耀眼的虚荣	BattleKeywords.json	DistortedDongrangRadiantVanity
Empty Mark	空虚的标记	BattleKeywords.json	DistortedDongrangEmptyMark
Earnest Accomplishment	恳切的成就	BattleKeywords.json	DistortedDongrangEarnestAchievement
Empty Honor	空虚的荣誉	BattleKeywords.json	DistortedDongrangEmptyHonor
Momentary Glory	刹那的荣光	BattleKeywords.json	DistortedDongrangMomentaryGlory
Emptiness	空虚	BattleKeywords.json	DistortedDongrangEmptiness
Borne Fruition	成熟的果实	BattleKeywords.json	DistortedDongrangFruition
Radiant Desire	耀眼的欲望	BattleKeywords.json	EgoAwakenDongrangRadiantDesire
Seeds	种子	BattleKeywords.json	EgoAwakenDongrangSeed
Nutrient Drain	吸收养分	BattleKeywords.json	EgoAwakenDongrangTree
Overheal	过量恢复	BattleKeywords.json	EgoAwakenDongrangOverHeal
Sinking Deluge	沉沦泛滥	BattleKeywords.json	SinkingSurge
Sloth Power Up	怠惰威力提升	BattleKeywords.json	AmberResultUp
Tears	眼泪	BattleKeywords.json	Blue
HP Healing Boost	体力恢复提升	BattleKeywords.json	TakeHpHealIncrease
Base Power Up	基础威力提升	BattleKeywords.json	SkillPowerUp
Max HP Up	体力上限提升	BattleKeywords.json	MaxHpMultiplier
K Corp Ampule	K公司的安瓿	BattleKeywords.json	KCorpSerum
Talisman	符咒	BattleKeywords.json	Talisman
Determined	觉悟	BattleKeywords.json	Choice_9010400101
Longing	思慕	BattleKeywords.json	Choice_90104002
SP Heal Efficiency	理智值恢复效率	BattleKeywords.json	MentalSystemResultIncrease_Typo
SP Loss Efficiency	理智值减少效率	BattleKeywords.json	MentalSystemResultDecrease_Typo
Declared Duel	决斗宣告	BattleKeywords.json	DuelDeclaration
Aggro	挑衅值	BattleKeywords.json	Aggro
Rupture Fragility	破裂易损	BattleKeywords.json	BurstVulnerable
Emergency Nutrient Supply	应急营养源	BattleKeywords.json	EmergencyFeed
Molted Shell Shot	蟹壳废料弹	BattleKeywords.json	Bullet_Crab
Sinking Fragility	沉沦易损	BattleKeywords.json	SinkingVulnerable
Rupture Protection	破裂守护	BattleKeywords.json	BurstProtection
Crab Rage	蟹·愤	BattleKeywords.json	PseudoLastBoss_KingCrap
Charge Barrier	充能力场	BattleKeywords.json	ChargeForceField
Slash Power Up	斩击威力提升	BattleKeywords.json	SlashResultUp
Discard	丢弃	BattleKeywords.json	Discard
Insight	所解真知	BattleKeywords.json	KnowledgeExplored
Unjust Enrichment	不义之财	BattleKeywords.json	Unjust_Enrichment
Resentment	仇怨	BattleKeywords.json	Resentment
Vengeance Mark	报复对象	BattleKeywords.json	RetaliationBook
Pierce Power Up	突刺威力提升	BattleKeywords.json	PenetrateResultUp
Declared Duel - Don Quixote	决斗宣告-堂吉诃德	BattleKeywords.json	DuelDeclaration_DonQuixote
Declared Duel - Outis	决斗宣告-奥提斯	BattleKeywords.json	DuelDeclaration_Outis
Declared Duel - Sinclair	决斗宣告-辛克莱	BattleKeywords.json	DuelDeclaration_Sinclair
Tremor Burst	震颤引爆	BattleKeywords.json	VibrationExplosion
Single Combat	单挑决斗	BattleKeywords.json	OneOnOneDuel
사용하지 않음	未使用	BattleKeywords.json	BulletFreischutz
Magic Bullet	魔弹	BattleKeywords.json	FreischutzShotCount
Dark Flame	黑焰	BattleKeywords.json	DarkFlame
Control Team Captain	控制部队长	BattleKeywords.json	CtrlTeamCaptain
Heated Gas Harpoon	加热的燃气捕鲸叉	BattleKeywords.json	HeatedGasHarpoon
Overheated Gas Harpoon	过热的燃气捕鲸叉	BattleKeywords.json	OverHeatedGasHarpoon
Reverse Compulsion	反转强迫	BattleKeywords.json	ReCompulsion
Pride Power Up	傲慢威力提升	BattleKeywords.json	IndigoResultUp
Sword of the Homeland - Rending	本国剑-传授洗法	BattleKeywords.json	BladeResultUpTier1
Sword of the Homeland - Penetrating	本国剑-传授刺法	BattleKeywords.json	BladeResultUpTier2
Swordplay of the Homeland	本国剑术	BattleKeywords.json	SwordPlayOfTheHomeland
Remembrance	追悼	BattleKeywords.json	SwordPlayOfTheMemorial
Red Plum Blossom	红梅	BattleKeywords.json	RedApricotBlossom
Tremor - Decay	震颤-崩坏	BattleKeywords.json	VibrationCollapse
Echoes of the Manor	山庄的回响	BattleKeywords.json	EchoOfMansion
Amplitude Conversion	振幅转换	BattleKeywords.json	Switch_Vibration
Gloom Power Up	忧郁威力提升	BattleKeywords.json	AzureResultUp
Tremor - Fracture	震颤-裂痕	BattleKeywords.json	VibrationCrack
Before the King	御前	BattleKeywords.json	ForwardToTheKing
Before the King in Binds	缚王御前	BattleKeywords.json	ForwardToTheBoundKing
B.M.	管·标	BattleKeywords.json	MarkOfButler
Prepared Meat	储备粮	BattleKeywords.json	PreparedMeat
Volatile Passion	不稳定的激情	BattleKeywords.json	UnstableFeeling
Tremor - Reverb	震颤-回响	BattleKeywords.json	VibrationEcho
Blubberbubble	泪珠	BattleKeywords.json	ShieldManagerCryingToad
Tremor - Everlasting	震颤-永恒	BattleKeywords.json	VibrationContinue
Time Moratorium	时间延付	BattleKeywords.json	TimeSuspend
Borrowed Time	时间租赁	BattleKeywords.json	TimeRentalTwoPersonality
Gaze of Contempt	轻蔑的视线	BattleKeywords.json	GazePersonality
Contempt of the Gaze	视线的轻蔑	BattleKeywords.json	ContemptPersonality
Erudition	磨砺学识	BattleKeywords.json	KnowledgeTraining
Load	载荷	BattleKeywords.json	ChargeLoad
Photoelectricity	光电	BattleKeywords.json	PhotoElectricity
Coffin	棺	BattleKeywords.json	Coffin
Wild Hunt	狂猎	BattleKeywords.json	WildHunt
Dullahan	杜拉罕	BattleKeywords.json	NightPathfinding
Impending Ruin	破灭将至	BattleKeywords.json	WanderingFootsteps
Ruin	破灭	BattleKeywords.json	WanderingFootsteps_LowMorale
The Uninvited	不速之客	BattleKeywords.json	UninvitedGuestPersonality
Courier Trunk - Rodion	派送箱-罗佳	BattleKeywords.json	DevyatDimensionalSack
Strategic R&R Mode	战略性休息福利模式	BattleKeywords.json	Retreat
Defensive Stance	防御姿态	BattleKeywords.json	DefensiveStance
Clashable Guard	可拼点防御	BattleKeywords.json	CanDuelGuard
Unbreakable Coin	不可摧毁的硬币	BattleKeywords.json	SuperCoin
Lasso	套索	BattleKeywords.json	Snare
Blooming Thorn II	绽放荆棘II	BattleKeywords.json	BloomingThornsRodionSecond
Blooming Thorn III	绽放荆棘III	BattleKeywords.json	BloomingThornsRodionThird
Tremor - Clockwinding	震颤-上弦	BattleKeywords.json	VibrationSpring
Courier Trunk - Sinclair	派送箱-辛克莱	BattleKeywords.json	DevyatDimensionalSackSinclair
Dhyāna	禅那	BattleKeywords.json	Zazen
The First Magic Bullet	第一发魔弹	BattleKeywords.json	FreishutzOutisEgoBullet_1st
The Second Magic Bullet	第二发魔弹	BattleKeywords.json	FreishutzOutisEgoBullet_2nd
The Third Magic Bullet	第三发魔弹	BattleKeywords.json	FreishutzOutisEgoBullet_3rd
The Fourth Magic Bullet	第四发魔弹	BattleKeywords.json	FreishutzOutisEgoBullet_4th
The Fifth Magic Bullet	第五发魔弹	BattleKeywords.json	FreishutzOutisEgoBullet_5th
The Sixth Magic Bullet	第六发魔弹	BattleKeywords.json	FreishutzOutisEgoBullet_6th
The Seventh Magic Bullet	第七发魔弹	BattleKeywords.json	FreishutzOutisEgoBullet_7th
Marksman's Bullet	射手的弹药	BattleKeywords.json	FreishutzOutisEgoBulletCnt
Target Spotted	锁定目标	BattleKeywords.json	CoveringFire
Ammo - Atelier Logic	弹药-逻辑工作室	BattleKeywords.json	Bullet_LogicAtelier
Overwatch Assignment	后方支援分派	BattleKeywords.json	Retreat_FullStop
Concentration【Sniper】	集中精神【狙击】	BattleKeywords.json	LogicAtelierAM
Melee Support	近战支援	BattleKeywords.json	MeleeCover
Requested Target	委托目标	BattleKeywords.json	RequestedTarget
Fairy Lure	诱饵精灵	BattleKeywords.json	GlowingLantern
Deep Inhale	深呼吸	BattleKeywords.json	HoldingBreath
Nebulizer β	雾化吸入器β	BattleKeywords.json	NebulizerInhale
Anguish	烦恼	BattleKeywords.json	Hohenheim_LowMorale
Dark Cloud	黑云	BattleKeywords.json	BlackCloud
Dark Cloud Blade	黑云刀	BattleKeywords.json	BlackCloudBlade
Battle Ready	临战准备	BattleKeywords.json	EngageToBattle
Cumulus Wall	云障	BattleKeywords.json	CloudWall
Lust Power Up	色欲威力提升	BattleKeywords.json	ScarletResultUp
Nebulizer α	雾化吸入器α	BattleKeywords.json	NebulizerExhale
Shallow Exhale	急促喘息	BattleKeywords.json	ReleaseBreath
District 12 Fuel	12区燃料	BattleKeywords.json	FirePunchFuel
Overheated Fuel	过热燃料	BattleKeywords.json	FirePunchFuelOverheated
Nerve Strike - Don Quixote	点穴-堂吉诃德	BattleKeywords.json	DianxueDonQuixote
Book of Vengeance [Sinclair]	复仇账簿[辛克莱]	BattleKeywords.json	VengeanceBookSinclair
Vendetta Mark	复仇对象	BattleKeywords.json	VendettaMark
Sibling Vengeance Mark	兄弟姐妹们的报复对象	BattleKeywords.json	RetaliationBookFamily
Searing Birdcage	炙热鸟笼	BattleKeywords.json	BirdCage
Unfocused Volley	广域乱射	BattleKeywords.json	WideAreaRampage
E.G.O Passives	E.G.O被动技能	BattleKeywords.json	ActivatedEgoPassive
Deathrite【Venom】	咒杀【剧毒】	BattleKeywords.json	BurstPoison
Serpent Arm	巳臂	BattleKeywords.json	SnakeStance
Deathrite 【Fissure】	咒杀【破】	BattleKeywords.json	BurstZilu
Tianjiu Star's Blade	天究星刀	BattleKeywords.json	EnhanceZilu
Mark of Decay	崩坏印记	BattleKeywords.json	BurstVulnerableZilu
Twisted Curse Talisman	纠缠不休的咒符	BattleKeywords.json	EntangledCurseTalisman
Centipede Venom	百足剧毒	BattleKeywords.json	CentipedePoison
Flower-burying Wedge [埋花櫼]	葬花楔	BattleKeywords.json	DragonLance
Tarnished Blood	污血	BattleKeywords.json	CondensedBlood
Flower-burying Pin [埋花針]	葬花针	BattleKeywords.json	YesdragonSelf
Denial [不許]	不许	BattleKeywords.json	YesdragonNodie
Razor Thorn	刃棘	BattleKeywords.json	YesdragonBurst
Ready [待]	待	BattleKeywords.json	WaitingXichun
Launcher [始]	始	BattleKeywords.json	StartXichun
Assist [援]	援	BattleKeywords.json	CheerUpXichun
Battlefield Retreat	战场撤退	BattleKeywords.json	RetreatForCommon
Scorch Propellant Ammo	灼热推进弹	BattleKeywords.json	FireBulletPropellant
(엄지 싱클 탄환 보급 받는 대상 이펙트)	(엄지 싱클 탄환 보급 받는 대상 이펙트)	BattleKeywords.json	SingBulletSupport
Gluttonous Thorn (貪食棘)	贪食棘	BattleKeywords.json	RoseThorn
Near-light Superbattery	超亚光蓄能	BattleKeywords.json	ChoSuperCharge
Self Resonance Circuitry	自谐振电路	BattleKeywords.json	ShareCharge
Reflux	逆流	BattleKeywords.json	WaveSinking
Life from Death [死中求活]	死中求活	BattleKeywords.json	HeishouDeathCount
Exalted Command	遵命	BattleKeywords.json	HeishouCombo
Unrelenting Storm	迫近	BattleKeywords.json	HeishouComboCount
Your Will Guides My Blade.	斩随意动。	BattleKeywords.json	HeishouAttack
Lordsguard	护卫	BattleKeywords.json	HeishouSupportProtect
Leash-holder of All Heishou	全体黑兽之主	BattleKeywords.json	HeishouSynergy
Heishou Bolus Contamination [黑獣丸染]	黑兽丸染	BattleKeywords.json	HeishouComboCountHonglu
One Who Walks The Way of the Hegemon	践行霸道之人	BattleKeywords.json	DarkHongluQiuAndHonglu
Uncompromising Imposition	贯彻	BattleKeywords.json	DarkHongluTeaching
You're Ridiculous, Big Brother.	多么可憎啊，兄长。	BattleKeywords.json	DarkHongluParryGahwan
No Matter How Many Must Bleed...	纵使令千万人血流成河…	BattleKeywords.json	DarkHonglu_EGOResourceup
Bloodflame [血炎]	血炎	BattleKeywords.json	ChickenStance
Linebreaker	踏破敌阵	BattleKeywords.json	BreakthroughHorse
Commanding Cry	号令	BattleKeywords.json	BattlefieldHorse
Tremor - Hemorrhage	震颤-大出血	BattleKeywords.json	VibrationBleeding
Escape Battlefield	脱离战场	BattleKeywords.json	CommonExit
Hardened Shell-Barrier	硬化屏障	BattleKeywords.json	CuredFilm
Thunderer	弦惊	BattleKeywords.json	Cianjing
Higher Thunderer	大弦惊	BattleKeywords.json	SeniorCianjing
Man in Scabbard	鞘中人	BattleKeywords.json	MlynarWaiting
Arrow - Shi	箭矢-死	BattleKeywords.json	ArrowShiFau
Lodged Arrow	刺入之矢	BattleKeywords.json	ArrowInTheEyeFau
Target Aim	瞄准目标	BattleKeywords.json	AimForTheGoal
Ready to Loose	狙击姿势	BattleKeywords.json	SnipingArrowMode
Liferender	绝命	BattleKeywords.json	AStrokeOfDeath
Overcharge	过度充能	BattleKeywords.json	WOverCharge
Hardblood Armor	硬血甲胄	BattleKeywords.json	BloodArmorMeursault
Focused Performance	专注表演	BattleKeywords.json	FocusOnActing
La Mancha Parade	拉·曼却游行	BattleKeywords.json	ParadeConcentration
Emergency Barrier Battery	应急力场电池	BattleKeywords.json	EmergencyChargeForceField
Hardblood Cast	硬血铸造	BattleKeywords.json	BloodArmorCasting
Hand - Pine Crane Suit	组札-松上鹤	BattleKeywords.json	HanafudaOne
Hand - Susuki Grass Suit	组札-芒上月	BattleKeywords.json	HanafudaTwo
Hand - Blue Sakura Suit	组札-青染樱	BattleKeywords.json	HanafudaThree
Bright【光】	光札	BattleKeywords.json	HanafudaCombo
Open Wound	创伤	BattleKeywords.json	HurtNightStiletto
Deep Wound	深度创伤	BattleKeywords.json	CriHurtNightStiletto
Fatal Wound	致命创伤	BattleKeywords.json	HorrHurtNightStiletto
Burgeoning of Horns [發角]	生角	BattleKeywords.json	GrownHorns
Shattermark	破碎痕	BattleKeywords.json	CrushMarks
Battleblood Instinct	血斗本能	BattleKeywords.json	ChickenFightlust
Protector's Stance	护卫姿态	BattleKeywords.json	ProtectStanceRyoshu
The Udjat [Vanguard]	瓦吉特之眼[先锋]	BattleKeywords.json	TheUdjatOutis
Blue Sand	青沙	BattleKeywords.json	BlueSand
Sheut Fracture	影之龟裂	BattleKeywords.json	SheutFracture
LCA Fracture Round	LCA龟裂弹	BattleKeywords.json	LCA_Bullet
Needle	针	BattleKeywords.json	NiddleEGO
Resident Reg. Microchip	居民登记微芯片	BattleKeywords.json	IDMicroChip
Excision Coin	截除硬币	BattleKeywords.json	ExtractCoin
Thermal Blades	热丝	BattleKeywords.json	HeatingWireIshmael
Guardians of the Forest	森林的守望者	BattleKeywords.json	ObedienceGregBigBird
Shin (心) - Fate	心-命运	BattleKeywords.json	Shin_IndexFingerYisang
Wound-casing Mask	遮盖伤口的假面	BattleKeywords.json	BurningWoundYisangMask
Desire for Acknowledgement Sated	被满足的认可欲	BattleKeywords.json	SatisfyingEsteemNeeds
Rhythm	旋律	BattleKeywords.json	ThatIsRhythm
Spore	孢子	BattleKeywords.json	MeursaultBeeSpore
Loyalty Pheromone	忠诚信息素	BattleKeywords.json	MeursaultWorkerBee
Spore Round [Base]	孢子弹[基础]	BattleKeywords.json	MeursaultSporeBulletLong
Spore Round [Buckshot]	孢子弹[霰弹]	BattleKeywords.json	MeursaultSporeBulletShort
Reload [Germination]	再次装填[孢子补充]	BattleKeywords.json	MeursaultSporeBulletReloading
Hornet [Rifle]	黄蜂[步枪]	BattleKeywords.json	MeursaultBeeGunLong
Hornet [Shotgun]	黄蜂[霰弹枪]	BattleKeywords.json	MeursaultBeeGunShort
Bullet - Solitude	弹药-孤独	BattleKeywords.json	BulletGodok
Faint Aroma	余香	BattleKeywords.json	AlriuneEGOThey
Petals	花瓣	BattleKeywords.json	AlriuneEGOWe
Solitude	孤独	BattleKeywords.json	GodokPanicType
High-voltage Exoskeleton	高压外壳	BattleKeywords.json	HighVoltageExoshell
Charged Sting	电荷针	BattleKeywords.json	ChargedSting
Embers	余火	BattleKeywords.json	FaustFlameMothEmber
Somatic Frisson-inspiring Melody	以人体奏响的旋律	BattleKeywords.json	MelodyBodyArt
Somatic Frisson-inspiring Melody [Empowered]	以人体奏响的旋律[强化]	BattleKeywords.json	MelodyBodyArtChebello
The Self Unbound - Flow State	拘束解除-创作沉浸	BattleKeywords.json	SilverOpportunity
Le Fauvisme - Masque de Chien	野兽派-犬面	BattleKeywords.json	FaubismMaskMeursault
Imperfections Addressed	缺陷补全	BattleKeywords.json	TestWaitingMeursault
L'Hommage	敬意	BattleKeywords.json	ThankyouDocentRodion
Réflexion	反思	BattleKeywords.json	TestWaitDocentRodion
Book of Vengeance [Heathcliff]	复仇账簿[希斯克利夫]	BattleKeywords.json	VengeanceBookHeathcliff
Scarlet Moth	朱红之蛾	BattleKeywords.json	ScarletMothRodion
Entanglement	纠缠	BattleKeywords.json	SojiRyoshuEchoPast
Phantom Trace	残影	BattleKeywords.json	SojiRyoshuEchoFuture
String Severance [絕緣]	断缘	BattleKeywords.json	SojiRyoshuEntangle
Shin (心) - Dihui Star [地慧星]	心-地慧星	BattleKeywords.json	SojiRyoshuShin
Book of Vengeance [The House of Spiders]	复仇账簿[蜘蛛巢]	BattleKeywords.json	RetaliationBookSpiderOutis
The Middle - Vengeance Tattoo [<s>Great Sister</s>]	中指-仇怨纹身[<s>长姊</s>]	BattleKeywords.json	ReinforcedTattooSpiderOutis
Avenging My Family	家人的复仇	BattleKeywords.json	MidFamilyOutis
Rising Fever	愈加炽热的兴致	BattleKeywords.json	CountSkillMidOutis
Blazing	燃烧	BattleKeywords.json	MatchesPersonality
Trussed [Hong Lu]	捕缚[鸿璐]	BattleKeywords.json	TiedRopeHonglu
Bearing of a Salsu	杀手本位	BattleKeywords.json	BladelineagePride
Drink to the Fallen	追悼酒	BattleKeywords.json	AlcoholKimPersonal
Resentful Scabbard	寄宿怨恨的剑鞘	BattleKeywords.json	RootSoupKimPersonal
Sword of the Homeland - The True Essence	本国剑-传授真意	BattleKeywords.json	RootSoupKimSatgat
Sword of the Homeland - Striking	本国剑-传授击法	BattleKeywords.json	BongukGiftEnhance
Maturing Textbook	逐渐完备的教材	BattleKeywords.json	EvolvingManual
Shin (心) - Disgrace	心-不光彩	BattleKeywords.json	ObsessionAndGreedRodion
Light of Daybreak	黎明之火	BattleKeywords.json	StigmaWorkshopHandStep1
Dawnherald	迎接黎明	BattleKeywords.json	DawnLight
Escape Apparatus	逃脱装置	BattleKeywords.json	RunSinclair
Scorchfield	灼热地带	BattleKeywords.json	FireField
From Dawnbreak to Sunset	自黎明至黄昏	BattleKeywords.json	DawnGregor
High Noon	正午	BattleKeywords.json	DawnFaust
Blazing Sunset	燃烧的黄昏	BattleKeywords.json	DawnGregorDying
Loneliness at High Noon	孤独的正午	BattleKeywords.json	DawnFaustDying
Dawn Office	黎明事务所	BattleKeywords.json	DawnTeam
Fire Butterfly Coffin	炎蝶之棺	BattleKeywords.json	StigmaWorkshopCelloCaseOne
Battle Instinct	战斗直觉	BattleKeywords.json	Firstlight
Overheated Coffin	过热的棺	BattleKeywords.json	CaseOverheating
Dimensional Castaway	次元漂流	BattleKeywords.json	DriftingDimensionYisang
Quadricolor Dimensions	四色次元	BattleKeywords.json	FourDimensionYisang
Nerve Strike - Hong Lu	点穴-鸿璐	BattleKeywords.json	DianxueHongLu
Witnessed - Eastern Cinq	公证-东部Cinq协会	BattleKeywords.json	DuelSousTemoinsEast
Inflict additional Burn	烧伤追加	BattleKeywords_Mirror3.json	MDcFaBa
Inflict additional Bleed	流血追加	BattleKeywords_Mirror3.json	MDcFaBb
Inflict additional Tremor	震颤追加	BattleKeywords_Mirror3.json	MDcFaBc
Inflict additional Rupture	破裂追加	BattleKeywords_Mirror3.json	MDcFaBd
Inflict additional Sinking	沉沦追加	BattleKeywords_Mirror3.json	MDcFaBe
Slash Boost	斩击强化	BattleKeywords_Mirror3.json	MDcFaBf
Pierce Boost	突刺强化	BattleKeywords_Mirror3.json	MDcFaBg
Blunt Boost	打击强化	BattleKeywords_Mirror3.json	MDcFaBh
Affinity Res Up (Exc. Wrath)	罪孽抗性强化(除暴怒外)	BattleKeywords_Mirror3.json	MDcFbBa
Affinity Res Up (Exc. Lust)	罪孽抗性强化(除色欲外)	BattleKeywords_Mirror3.json	MDcFbBb
Affinity Res Up (Exc. Sloth)	罪孽抗性强化(除怠惰外)	BattleKeywords_Mirror3.json	MDcFbBc
Affinity Res Up (Exc. Glut.)	罪孽抗性强化(除暴食外)	BattleKeywords_Mirror3.json	MDcFbBd
Affinity Res Up (Exc. Gloom)	罪孽抗性强化(除忧郁外)	BattleKeywords_Mirror3.json	MDcFbBe
Affinity Res Up (Exc. Pride)	罪孽抗性强化(除傲慢外)	BattleKeywords_Mirror3.json	MDcFbBf
Affinity Res Up (Exc. Envy)	罪孽抗性强化(除嫉妒外)	BattleKeywords_Mirror3.json	MDcFbBg
Max HP +	体力上限提升	BattleKeywords_Mirror3.json	MDcFbBh
Slot Weight +	容量增加	BattleKeywords_Mirror3.json	MDcFcBa
Siphon Damage	伤害汲取	BattleKeywords_Mirror3.json	MDcFcBb
Boost Speed	速度增加	BattleKeywords_Mirror3.json	MDcFcBc
Sanity Attack	精神攻击	BattleKeywords_Mirror3.json	MDcFcBd
Keenness	锐利	BattleKeywords_Mirror3.json	MDcFcBe
Regroup	重整旗鼓	BattleKeywords_Mirror3.json	MDcFcBf
Unopposed Attack Boost	单方面攻击强化	BattleKeywords_Mirror3.json	MDcFcBg
Clash Attack Boost	拼点攻击强化	BattleKeywords_Mirror3.json	MDcFcBh
Defense Level Up	防御等级强化	BattleKeywords_Mirror3.json	MDHcFaBa
Defense Power Up	守备威力强化	BattleKeywords_Mirror3.json	MDHcFaBb
Max HP Up	体力上限强化	BattleKeywords_Mirror3.json	MDHcFaBc
Damage Taken Down	受到伤害降低	BattleKeywords_Mirror3.json	MDHcFaBd
Offense Level Up	攻击等级强化	BattleKeywords_Mirror3.json	MDHcFbBa
Final Power Up	最终威力强化	BattleKeywords_Mirror3.json	MDHcFbBb
Base Power Up	基础威力强化	BattleKeywords_Mirror3.json	MDHcFbBc
Damage Dealt Up	造成伤害强化	BattleKeywords_Mirror3.json	MDHcFbBd
Final Power Up I	最终威力增幅 I	BattleKeywords_Mirror3.json	MDHcFcBa
Final Power Up II	最终威力增幅 II	BattleKeywords_Mirror3.json	MDHcFcBb
Base Power Up I	基础威力增幅 I	BattleKeywords_Mirror3.json	MDHcFcBc
Base Power Up II	基础威力增幅 II	BattleKeywords_Mirror3.json	MDHcFcBd
Coin Power Up I	硬币威力增幅 I	BattleKeywords_Mirror3.json	MDHcFcBe
Overload I	过载 I	BattleKeywords_Mirror3.json	MDHcFcBf
Final Power Up III	最终威力增幅 III	BattleKeywords_Mirror3.json	MDHcFdBa
Final Power Up IV	最终威力增幅 IV	BattleKeywords_Mirror3.json	MDHcFdBb
Coin Power Up II	硬币威力增幅 II	BattleKeywords_Mirror3.json	MDHcFdBc
Base Power Up III	基础威力增幅 III	BattleKeywords_Mirror3.json	MDHcFdBd
Overload II	过载 II	BattleKeywords_Mirror3.json	MDHcFdBe
Resilient	强韧	BattleKeywords_Mirror3.json	MDHcFdBf
Headstrong	顽强	BattleKeywords_Mirror3.json	MDHcFdBg
Defense Skill Up	守备技能强化	BattleKeywords_Mirror4.json	MDEMab
Take Less Damage	受到的伤害减少强化	BattleKeywords_Mirror4.json	MDEMae
Body Corpulence	肉体肥大	BattleKeywords_Mirror4.json	MDEMca
Body Reinforcement	肉体强化	BattleKeywords_Mirror4.json	MDEMcb
Final Attack Boost	最终攻击增强	BattleKeywords_Mirror4.json	MDEMcd
Base Attack Boost	基础攻击增强	BattleKeywords_Mirror4.json	MDEMce
Clash Attack Boost	拼点攻击增强	BattleKeywords_Mirror4.json	MDEMcf
Body Growth	肉体生长	BattleKeywords_Mirror4.json	MDEMda
Body Fortification	肉体补强	BattleKeywords_Mirror4.json	MDEMdb
Base Combat Gear	基本战斗装备	BattleKeywords_Mirror4.json	MDEMdc
Final Combat Gear	最终战斗装备	BattleKeywords_Mirror4.json	MDEMdd
Defense Gear	防御装备	BattleKeywords_Mirror4.json	MDEMde
Coin Attack Boost	硬币攻击增强	BattleKeywords_Mirror4.json	MDEMdf
Peerless Might	强大无比	BattleKeywords_Mirror4.json	MDEMdg
Eyes and Teeth for an Eye	加倍奉还	BattleKeywords_Mirror4.json	MDEMdh
Amplify Body I	肉体增强I	BattleKeywords_Mirror4.json	MDHMaa
Durable	硬化	BattleKeywords_Mirror4.json	MDHMab
Expand Body I	肉体扩展I	BattleKeywords_Mirror4.json	MDHMac
Max HP Boost I	体力上限增强I	BattleKeywords_Mirror4.json	MDHMad
Amplify Body II	肉体增强II	BattleKeywords_Mirror4.json	MDHMba
Expand Body II	肉体扩展II	BattleKeywords_Mirror4.json	MDHMbb
Final Power Boost I	最终威力增强I	BattleKeywords_Mirror4.json	MDHMbc
Base Power Boost I	基础威力增强I	BattleKeywords_Mirror4.json	MDHMbd
Resilient I	强韧I	BattleKeywords_Mirror4.json	MDHMbe
Take an Eye I	复仇I	BattleKeywords_Mirror4.json	MDHMbf
Amplify Body III	肉体增强III	BattleKeywords_Mirror4.json	MDHMca
Expand Body III	肉体扩展III	BattleKeywords_Mirror4.json	MDHMcb
Final Power Boost II	最终威力增强II	BattleKeywords_Mirror4.json	MDHMcc
Base Power Boost II	基础威力增强II	BattleKeywords_Mirror4.json	MDHMcd
Final Power Boost III	最终威力增强III	BattleKeywords_Mirror4.json	MDHMce
Max HP Boost II	体力上限增强II	BattleKeywords_Mirror4.json	MDHMcf
Clash Attack Boost I	拼点攻击增强I	BattleKeywords_Mirror4.json	MDHMcg
Amplify Body IV	肉体增强IV	BattleKeywords_Mirror4.json	MDHMda
Expand Body IV	肉体扩展IV	BattleKeywords_Mirror4.json	MDHMdb
Final Power Boost IV	最终威力增强IV	BattleKeywords_Mirror4.json	MDHMdc
Base Power Boost III	基础威力增强III	BattleKeywords_Mirror4.json	MDHMdd
Resilient II	强韧II	BattleKeywords_Mirror4.json	MDHMde
Coin Power Boost	硬币威力增强	BattleKeywords_Mirror4.json	MDHMdf
Clash Attack Boost II	拼点攻击增强II	BattleKeywords_Mirror4.json	MDHMdg
Offense Level Up I	攻击等级强化I	BattleKeywords_Mirror5.json	MD511
Growth I	生长I	BattleKeywords_Mirror5.json	MD514
Offense Level Up II	攻击等级强化II	BattleKeywords_Mirror5.json	MD521
Body Up I	肉体强化I	BattleKeywords_Mirror5.json	MD522
Keen I	锐利I	BattleKeywords_Mirror5.json	MD523
Resilient III	强韧III	BattleKeywords_Mirror5.json	MD525
Growth II	生长II	BattleKeywords_Mirror5.json	MD526
Headstrong I	顽强I	BattleKeywords_Mirror5.json	MD527
Keen II	锐利II	BattleKeywords_Mirror5.json	MD531
Keen III	锐利III	BattleKeywords_Mirror5.json	MD532
Resilient IV	强韧IV	BattleKeywords_Mirror5.json	MD533
Resilient V	强韧V	BattleKeywords_Mirror5.json	MD534
Growth III	生长III	BattleKeywords_Mirror5.json	MD535
Clash Power Boost	拼点威力增幅	BattleKeywords_Mirror5.json	MD536
Final Power Boost	最终威力增幅	BattleKeywords_Mirror5.json	MD537
Base Power Boost	基础威力增幅	BattleKeywords_Mirror5.json	MD538
Keen IV	锐利IV	BattleKeywords_Mirror5.json	MD541
Body Up II	肉体强化II	BattleKeywords_Mirror5.json	MD542
Body Up III	肉体强化III	BattleKeywords_Mirror5.json	MD543
Growth IV	生长IV	BattleKeywords_Mirror5.json	MD544
Clash Power Spurt	拼点威力增强	BattleKeywords_Mirror5.json	MD545
Final Power Spurt	最终威力增强	BattleKeywords_Mirror5.json	MD546
Base Power Spurt	基础威力增强	BattleKeywords_Mirror5.json	MD547
Brutality	破坏力	BattleKeywords_Mirror5.json	MD548
Headstrong II	顽强 II	BattleKeywords_Mirror5.json	MD549
Mounting Trials	追加的苦难	BattleKeywords_Mirror5.json	MD5Base
Keen V	锐利V	BattleKeywords_Mirror5.json	MD551
Body Up IV	肉体强化IV	BattleKeywords_Mirror5.json	MD552
Body Up V	肉体强化V	BattleKeywords_Mirror5.json	MD553
Growth V	生长V	BattleKeywords_Mirror5.json	MD554
Clash Power Up II	拼点威力增强II	BattleKeywords_Mirror5.json	MD555
Final Power Up II	最终威力增强II	BattleKeywords_Mirror5.json	MD556
Base Power Up II	基础威力增强II	BattleKeywords_Mirror5.json	MD557
Brutality II	破坏力II	BattleKeywords_Mirror5.json	MD558
Keen VI	锐利VI	BattleKeywords_Mirror5.json	MD561
Resilient VI	强韧VI	BattleKeywords_Mirror5.json	MD562
Body Up VI	肉体强化VI	BattleKeywords_Mirror5.json	MD563
Growth VI	生长VI	BattleKeywords_Mirror5.json	MD564
Clash Power Up III	拼点威力增强III	BattleKeywords_Mirror5.json	MD565
Final Power Up III	最终威力增强III	BattleKeywords_Mirror5.json	MD566
Base Power Up III	基础威力增强III	BattleKeywords_Mirror5.json	MD567
Brutality III	破坏力III	BattleKeywords_Mirror5.json	MD568
Keen VII	锐利VII	BattleKeywords_Mirror5.json	MD571
Resilient VII	强韧VII	BattleKeywords_Mirror5.json	MD572
Body Up VII	肉体强化VII	BattleKeywords_Mirror5.json	MD573
Growth VII	生长VII	BattleKeywords_Mirror5.json	MD574
Clash Power Up IV	拼点威力增强IV	BattleKeywords_Mirror5.json	MD575
Final Power Up IV	最终威力增强IV	BattleKeywords_Mirror5.json	MD576
Base Power Up IV	基础威力增强IV	BattleKeywords_Mirror5.json	MD577
Brutality IV	破坏力IV	BattleKeywords_Mirror5.json	MD578
Keen VIII	锐利VIII	BattleKeywords_Mirror5.json	MD581
Resilient VIII	强韧VIII	BattleKeywords_Mirror5.json	MD582
Body Up VIII	肉体强化VIII	BattleKeywords_Mirror5.json	MD583
Growth VIII	生长VIII	BattleKeywords_Mirror5.json	MD584
Clash Power Up V	拼点威力增强V	BattleKeywords_Mirror5.json	MD585
Final Power Up V	最终威力增强V	BattleKeywords_Mirror5.json	MD586
Base Power Up V	基础威力增强V	BattleKeywords_Mirror5.json	MD587
Brutality V	破坏力V	BattleKeywords_Mirror5.json	MD588
Keen IX	锐利IX	BattleKeywords_Mirror5.json	MD591
Resilient IX	强韧IX	BattleKeywords_Mirror5.json	MD592
Body Up IX	肉体强化IX	BattleKeywords_Mirror5.json	MD593
Growth IX	生长IX	BattleKeywords_Mirror5.json	MD594
Clash Power Up VI	拼点威力增强VI	BattleKeywords_Mirror5.json	MD595
Final Power Up VI	最终威力增强VI	BattleKeywords_Mirror5.json	MD596
Base Power Up VI	基础威力增强VI	BattleKeywords_Mirror5.json	MD597
Brutality VI	破坏力VI	BattleKeywords_Mirror5.json	MD598
Mounting Adversities	追加的制约	BattleKeywords_Mirror6.json	MD6LimitBaseN
Keen XII	锐利XII	BattleKeywords_Mirror6.json	MD6101
Resilient XII	强韧XII	BattleKeywords_Mirror6.json	MD6102
Body Up XII	肉体强化XII	BattleKeywords_Mirror6.json	MD6103
Growth XII	生长XII	BattleKeywords_Mirror6.json	MD6104
Clash Power Up VII	拼点威力增强VII	BattleKeywords_Mirror6.json	MD6105
Final Power Up VII	最终威力增强VII	BattleKeywords_Mirror6.json	MD6106
Base Power Up VII	基础威力增强VII	BattleKeywords_Mirror6.json	MD6107
Keen XIII	锐利XIII	BattleKeywords_Mirror6.json	MD6111
Resilient XIII	强韧XIII	BattleKeywords_Mirror6.json	MD6112
Body Up XIII	肉体强化XIII	BattleKeywords_Mirror6.json	MD6113
Growth XIII	生长XIII	BattleKeywords_Mirror6.json	MD6114
Clash Power Up VIII	拼点威力增强VIII	BattleKeywords_Mirror6.json	MD6115
Final Power Up VIII	最终威力增强VIII	BattleKeywords_Mirror6.json	MD6116
Base Power Up VIII	基础威力增强VIII	BattleKeywords_Mirror6.json	MD6117
Keen XIV	锐利XIV	BattleKeywords_Mirror6.json	MD6121
Keen XIV	强韧XIV	BattleKeywords_Mirror6.json	MD6122
Body Up XIV	肉体强化XIV	BattleKeywords_Mirror6.json	MD6123
Growth XIV	生长XIV	BattleKeywords_Mirror6.json	MD6124
Clash Power Up IX	拼点威力增强IX	BattleKeywords_Mirror6.json	MD6125
Final Power Up IX	最终威力增强IX	BattleKeywords_Mirror6.json	MD6126
Base Power Up IX	基础威力增强IX	BattleKeywords_Mirror6.json	MD6127
Keen XV	锐利XV	BattleKeywords_Mirror6.json	MD6131
Resilient XV	强韧XV	BattleKeywords_Mirror6.json	MD6132
Body Up XV	肉体强化XV	BattleKeywords_Mirror6.json	MD6133
Growth XV	生长XV	BattleKeywords_Mirror6.json	MD6134
Clash Power Up X	拼点威力增强X	BattleKeywords_Mirror6.json	MD6135
Final Power Up X	最终威力增强X	BattleKeywords_Mirror6.json	MD6136
Base Power Up X	基础威力增强X	BattleKeywords_Mirror6.json	MD6137
Keen XVI	锐利XVI	BattleKeywords_Mirror6.json	MD6141
Resilient XVI	强韧XVI	BattleKeywords_Mirror6.json	MD6142
Body Up XVI	肉体强化XVI	BattleKeywords_Mirror6.json	MD6143
Growth XVI	生长XVI	BattleKeywords_Mirror6.json	MD6144
Clash Power Up XI	拼点威力增强XI	BattleKeywords_Mirror6.json	MD6145
Final Power Up XI	最终威力增强XI	BattleKeywords_Mirror6.json	MD6146
Base Power Up XI	基础威力增强XI	BattleKeywords_Mirror6.json	MD6147
Level Boost	等级强化	BattleKeywords_Mirror6.json	MD6Limit101
Frailness	衰弱	BattleKeywords_Mirror6.json	MD6Limit102
Mark of Fire I	炎之烙印I	BattleKeywords_Mirror6.json	MD6Limit103
Inflation I	通货膨胀I	BattleKeywords_Mirror6.json	MD6Limit104
Ego Interference I	自我干涉I	BattleKeywords_Mirror6.json	MD6Limit105
Mental Psychosis I	精神错乱I	BattleKeywords_Mirror6.json	MD6Limit113
Nerve Acceleration I	神经加速I	BattleKeywords_Mirror6.json	MD6Limit114
SP Fatigue I	理智枯竭I	BattleKeywords_Mirror6.json	MD6Limit115
Tremor Barrier	震颤阻绝	BattleKeywords_Mirror6.json	MD6Limit123
Inflation II	通货膨胀II	BattleKeywords_Mirror6.json	MD6Limit124
Ego Interference II	自我干涉II	BattleKeywords_Mirror6.json	MD6Limit125
Vitality Boost	生命增幅	BattleKeywords_Mirror6.json	MD6Limit133
Mark of Fire II	炎之烙印II	BattleKeywords_Mirror6.json	MD6Limit135
Mental Psychosis II	精神错乱II	BattleKeywords_Mirror6.json	MD6Limit143
Nerve Acceleration II	神经加速II	BattleKeywords_Mirror6.json	MD6Limit144
SP Fatigue II	理智枯竭II	BattleKeywords_Mirror6.json	MD6Limit145
Hunger-Rage	饥饿-暴怒	BattleKeywords_Mirror6.json	HungryCharon
Indulged	饱腹感	BattleKeywords_Mirror6.json	FullCharon
O compatriots of my dear child	我孩子的同伴们啊	BattleKeywords_Mirror6.json	FragmentOfHopeFamilyMirror
Dream her dream together in my stead	代替我，与那孩子一同追寻梦想吧	BattleKeywords_Mirror6.json	FragmentOfHopeTwoFamilyMirror
Backup Candy	备用糖果	BattleKeywords_Mirror6.json	VerEmergencyCandy
Incandescent Indulgence	光辉的饱腹感	BattleKeywords_Mirror6.json	VerShiningFullness
Curio	探究对象	BattleKeywords_Mirror7.json	ObjectOfExploration
Spark of Inspiration	灵感	BattleKeywords_Mirror7.json	Inspire
Art Medium	绘画材料	BattleKeywords_Mirror7.json	PaintingMaterial
Exquisite Aesthetics	卓越的美感	BattleKeywords_Mirror7.json	GreatAesthetics
Firepower	火力	BattleKeywords_Mirror7.json	GiftCannon
Delicateness	易碎	BattleKeywords_Mirror7.json	GiftGlass
Shin (心) - ???	心-???	BattleKeywords_Mirror7.json	BlandishmentShinEnemyDelete
Bridle	枷锁	BattleKeywords_Mirror7.json	EnhanceRoseSign
Glimpse of Precognition	瞬间的预知	BattleKeywords_Mirror7.json	LookingFutureMirror
Force Redistribution	战力的再分配	BattleKeywords_Mirror7.json	MD7Limit101
Psychological Elation	精神昂扬	BattleKeywords_Mirror7.json	MD7Limit111
Shield Generation	生成护盾	BattleKeywords_Mirror7.json	MD7Limit121
Fracture Proliferation	龟裂增殖	BattleKeywords_Mirror7.json	MD7Limit131
Status Infliction	增加异常状态	BattleKeywords_Mirror7.json	MD7Limit141
Beauty of the Physique	肉体美	BattleKeywords_Mirror7.json	RingFingerPhysical
Charm of the Beastly	野性美	BattleKeywords_Mirror7.json	RingFingerFauvism
Splish Splash	拍拍	BattleKeywords_Mirror7.json	PlayingWithWaterTogetherMirror
Torn-out Butterfly	撕裂而出之蝶	BattleKeywords_Mirror7.json	RedButterfly
Hemorrhaging Dimension	血流成河的次元	BattleKeywords_Refraction2.json	PassedPortal_Red
Tremoring Dimension	震颤不止的次元	BattleKeywords_Refraction2.json	PassedPortal_Yellow
Electrifying Dimension	电流涌动的次元	BattleKeywords_Refraction2.json	PassedPortal_Blue
Charmed	魅惑	BattleKeywords_Refraction2.json	FairyCharm
Regenerate	再生	BattleKeywords_Refraction2.json	DecoyRegenerated
Protection Umbrella	保护伞	BattleKeywords_Refraction2.json	WaveFoxUmbrella
Crown of Thorns	冠冕	BattleKeywords_Refraction2.json	PrepareSinRose
Blooming Sin	绽放的罪孽	BattleKeywords_Refraction2.json	BloomingRose
Drenched Sin	罪孽缠身	BattleKeywords_Refraction2.json	EatingSin
Power-up State	强化状态	BattleKeywords_Refraction2.json	EnhanceRose
Bloomed Rose	绽放的玫瑰	BattleKeywords_Refraction2.json	FullBloomRose_Crimson
Brambles of Eternity	永劫的荆棘	BattleKeywords_Refraction2.json	KalpaVine
Gossypium	棉花	BattleKeywords_Refraction3.json	MRcAfBa
Red-stained Gossypium	红染棉花	BattleKeywords_Refraction3.json	MRcAfBb
Ember	火种	BattleKeywords_Refraction3.json	MRcAiBa
Shimmering Ember	闪烁的火种	BattleKeywords_Refraction3.json	MRcAiBb
Spark	点燃	BattleKeywords_Refraction3.json	MRcAiBc
All-beholding Gaze	一览无余的视线	BattleKeywords_Refraction3.json	MRcAmBd
Interloper	不速之客	BattleKeywords_Refraction4.json	UninvitedGuest
Plugged In	连接的插头	BattleKeywords_Refraction4.json	ConnectedPlug
Anti-Ovine Grounding Plug	对羊接地插头	BattleKeywords_Refraction4.json	AntiSheepGround
Gathering Lightning Cloud	雷云汇集	BattleKeywords_Refraction4.json	ThundercloudFormation
Bandages of the King in Binds	受缚之王的绷带	BattleKeywords_Refraction4.json	BandageOfTheBoundKing
Moment of Audience	觐见之时	BattleKeywords_Refraction4.json	ComeForwardToTheKing
Refracted Determination	折射的意志	BattleKeywords_Refraction4.json	RefractedWill
Peccatulum Invidiae Class 2	嫉妒罪种 2型	BattleKeywords_Refraction4.json	VioletPeccatulumTwo
Grand Welcome	盛情款待	BattleKeywords_Refraction4.json	BigWelcome
#1 Deployment Effect	第1顺位效果	BattleKeywords_Refraction4.json	Refraction4A
#2 Deployment Effect	第2顺位效果	BattleKeywords_Refraction4.json	Refraction4B
#3 Deployment Effect	第3顺位效果	BattleKeywords_Refraction4.json	Refraction4C
#4 Deployment Effect	第4顺位效果	BattleKeywords_Refraction4.json	Refraction4D
#5 Deployment Effect	第5顺位效果	BattleKeywords_Refraction4.json	Refraction4E
#6 Deployment Effect	第6顺位效果	BattleKeywords_Refraction4.json	Refraction4F
#7 Deployment Effect	第7顺位效果	BattleKeywords_Refraction4.json	Refraction4G
#8 Deployment Effect	第8顺位效果	BattleKeywords_Refraction4.json	Refraction4H
#9 Deployment Effect	第9顺位效果	BattleKeywords_Refraction4.json	Refraction4I
#10 Deployment Effect	第10顺位效果	BattleKeywords_Refraction4.json	Refraction4J
#11 Deployment Effect	第11顺位效果	BattleKeywords_Refraction4.json	Refraction4K
#12 Deployment Effect	第12顺位效果	BattleKeywords_Refraction4.json	Refraction4L
Poised Showdown	决战的呼吸法	BattleKeywords_Refraction4.json	BreathSupport
Resilient Determination	坚定的意志	BattleKeywords_Refraction4.json	FirmWill
Infliction Refraction	施加量折射	BattleKeywords_Refraction5.json	MRR501
Gain Refraction	获得量折射	BattleKeywords_Refraction5.json	MRR502
Refracted Mind	折射的理智	BattleKeywords_Refraction5.json	MRR503
버프 이름	버프 이름	BattleKeywords_Refraction5.json	MRR504
Refracted Charge	折射的充能	BattleKeywords_Refraction5.json	MRR505
Refracted Burst	折射的爆发	BattleKeywords_Refraction5.json	MRR506
Refracted Rupture	折射的破裂	BattleKeywords_Refraction5.json	MRR507
Refracted Sinking	折射的沉沦	BattleKeywords_Refraction5.json	MRR508
Weakness Destroyed	弱点破坏	BattleKeywords_Refraction5.json	MRR509
Nebulizer	雾化吸入器	BattleKeywords_Refraction5.json	MRR510
The Lone Gunman	孤独的射手	BattleKeywords_Refraction5.json	MRR511
Lasting Battle Spirit	延续斗志	BattleKeywords_Refraction5.json	MRR512
Resource Reaping	资源收获	BattleKeywords_Refraction5.json	MRR513
Dogged Defense	顽强防御	BattleKeywords_Refraction5.json	MRR515
Life or Death	生死决断	BattleKeywords_Refraction5.json	MRR516
Wrathful Counter	愤怒的反击	BattleKeywords_Refraction5.json	MRR517
Pendant of Nostalgia	追忆吊坠	BattleKeywords_Refraction5.json	MRR518
Fell Bullet Deluge	凶弹倾泻	BattleKeywords_Refraction5.json	MRR520
HP Manipulation	体力扭曲	BattleKeywords_Refraction5.json	MRR521
Perilous Contest	危险竞赛	BattleKeywords_Refraction5.json	MRR522
Bloody Banquet	染血宴会	BattleKeywords_Refraction5.json	MRR523
Festival of Blood	血之庆典	BattleKeywords_Refraction5.json	MRR524
Refracted Slash	折射的斩击	BattleKeywords_Refraction5.json	MRR526
Refracted Pierce	折射的突刺	BattleKeywords_Refraction5.json	MRR527
Refracted Blunt	折射的打击	BattleKeywords_Refraction5.json	MRR528
Growth Refraction I	生长折射 I	BattleKeywords_Refraction5.json	MRR529
Growth Refraction II	生长折射 II	BattleKeywords_Refraction5.json	MRR530
버프 이름	增益名称	BattleKeywords_Refraction5.json	MRR531
Resource Vaporization	资源挥发	BattleKeywords_Refraction5.json	MRR532
Blossomed Blood	绽放之血	BattleKeywords_Refraction5.json	MRR533
Refracted Rage	折射的愤怒	BattleKeywords_Refraction5.json	MRR536
HP Refraction II	体力折射 II	BattleKeywords_Refraction5.json	MRR537
Health Refraction	体力折射	BattleKeywords_Refraction5.json	MRR542
Lasting Determination	延续意志	BattleKeywords_Refraction5.json	MRR543
Power Roulette	威力轮盘赌	BattleKeywords_Refraction5.json	MRR544
Glass Cannon	玻璃大炮	BattleKeywords_Refraction5.json	MRR545
High-risk	高风险	BattleKeywords_Refraction5.json	MRR546
Moderate Risk	中等风险	BattleKeywords_Refraction5.json	MRR550
Refracted Bleed	折射的流血	BattleKeywords_Refraction5.json	MRR551
Active Buffs	生效的增益	BattleKeywords_Refraction5.json	MRR5BaseP
Active Trials	生效的苦难	BattleKeywords_Refraction5.json	MRR5BaseN
A Single Breath	一次呼吸	BattleKeywords_Refraction5.json	MRR553
Clash Power Refraction	拼点威力折射	BattleKeywords_Refraction5.json	MRR555
Refracted Poise	折射的呼吸法	BattleKeywords_Refraction5.json	MRR557
Refracted Wrath	折射的暴怒	BattleKeywords_Refraction5.json	MRR558
Refracted Lust	折射的色欲	BattleKeywords_Refraction5.json	MRR559
Refracted Sloth	折射的怠惰	BattleKeywords_Refraction5.json	MRR560
Refracted Gluttony	折射的暴食	BattleKeywords_Refraction5.json	MRR561
Refracted Gloom	折射的忧郁	BattleKeywords_Refraction5.json	MRR562
Refracted Pride	折射的傲慢	BattleKeywords_Refraction5.json	MRR563
Refracted Envy	折射的嫉妒	BattleKeywords_Refraction5.json	MRR564
Comfy	安乐	BattleKeywords_Refraction5.json	MRR565
Hostile Refraction	攻击性折射	BattleKeywords_Refraction5.json	MRR566
Defensive Refraction	防御折射	BattleKeywords_Refraction5.json	MRR568
Damage Refraction	伤害折射	BattleKeywords_Refraction5.json	MRR569
Sunset Wayfarer's Sap	晚霞旅人的树液	BattleKeywords_Refraction6.json	NoeulNageuneBuffA3
Sunset Wayfarer's Moth	晚霞旅人的蛾	BattleKeywords_Refraction6.json	NoeulNageuneBuffB3
Incandescent Scale Dust	灼热的鳞粉	BattleKeywords_Refraction6.json	HeatedWingScalesExplain
Acuate Scale Dust	锐利的鳞粉	BattleKeywords_Refraction6.json	TransparentWingScalesExplain
Rusted Scale Dust	锈蚀的鳞粉	BattleKeywords_Refraction6.json	RustedWingScalesExplain
In the Past (Deactivated)	过去状态（已禁用）	BattleKeywords_Refraction6.json	StackPast
In the Present (Deactivated)	现在状态（已禁用）	BattleKeywords_Refraction6.json	StackPresent
In the Future (Deactivated)	未来状态（已禁用）	BattleKeywords_Refraction6.json	StackFuture
In the Past	过去状态	BattleKeywords_Refraction6.json	StackPastActivate
In the Present	现在状态	BattleKeywords_Refraction6.json	StackPresentActivate
In the Future	未来状态	BattleKeywords_Refraction6.json	StackFutureActivate
Temporal Disjunction	时间背离	BattleKeywords_Refraction6.json	TimeGap
Dragon's Blood [龍血]	龙血	BattleKeywords_Refraction6.json	CondensedBloodRefraction
Dragon's Spirit [龍氣]	龙气	BattleKeywords_Refraction6.json	YesdragonPower
Capricious Mercy	变化无常的慈悲	BattleKeywords_Refraction6.json	YesdragonWind
"It"	鬼	BattleKeywords_Refraction6.json	TagGameBuff
Scaleclad	覆盖的鳞片	BattleKeywords_Refraction6.json	YesdragonScale
Suppressed Might	被抑制的力量	BattleKeywords_Refraction6.json	MiddleFingerLeashBuff
Kumo no Ito · otI on akA	蛛丝赤	BattlePass-a1c9.json	battlepass_season_7
- Until Season 8 Update	- 到第8赛季开始前	BattlePass-a1c9.json	until_season_7_start
Until Season 8	到第8赛季开始前	BattlePass-a1c9.json	until_season_7_end_on_shop
Battle Pass	战斗通行证	BattlePass.json	battlepass_battlepass
Pass Missions	通行证任务	BattlePass.json	battlepass_passmission
Daily	日常任务	BattlePass.json	battlepass_dailymission
Weekly	周常任务	BattlePass.json	battlepass_weeklymission
Seasonal	赛季任务	BattlePass.json	battlepass_seasonmission
Paid {0} Free {1}	付费{0} 免费{1}	BattlePass.json	battlepass_freeandpaid
Regular	常规	BattlePass.json	battlepass_mission_tag_normal
Combat	战斗	BattlePass.json	battlepass_mission_tag_battle
{0} days {1} hours left	剩余{0}天{1}小时	BattlePass.json	battlepass_remain_time
Limbus Pass Rewards Available	可以领取边狱通行证奖励	BattlePass.json	battlepass_limbus_pass_benefit_reward
Max Pass Level Reward Upgraded	通行证超额奖励增加	BattlePass.json	battlepass_limbus_pass_benefit_ex_reward
Pass Level-up	通行证等级提升	BattlePass.json	battlepass_level_up
Level up the Pass using [Paid Lunacy]?	要消耗[付费狂气]来提升通行证等级吗？	BattlePass.json	battlepass_level_up_ask
Pass Level Up	通行证等级提升	BattlePass.json	battlepass_level_upgrade
<color=#f8c200>Max Pass Level</color> reached.	已达到<color=#f8c200>最高等级</color>。	BattlePass.json	battlepass_level_max
Cannot Purchase Pass Level	无法购买通行证等级	BattlePass.json	battlepass_purchase_level_up_failed
Insufficient Paid Lunacy	付费狂气不足	BattlePass.json	lack_if_paid_lunacy
{0}d left	剩余{0}天	BattlePass.json	remain_days_with_label
{0}h left	剩余{0}小时	BattlePass.json	remain_hours_with_label
{0}m left	剩余{0}分	BattlePass.json	remain_minutes_with_label
Progress Updated	通行证经验上升	BattlePass.json	update_progress
Eligible for Max Pass Level rewards	可以领取战斗通行证超额奖励	BattlePass.json	able_to_acquire_ex_pass_level_reward
Spend {0} Paid Lunacy to purchase Pass Levels?	要消耗 {0} 付费狂气来购买通行证等级吗？	BattlePass.json	ask_to_use_paid_lunacy_to_level_up_pass
Buy Pass Levels	购买通行证等级	BattlePass.json	battlepass_purchase_level_up
You don’t have enough paid Lunacy.	付费狂气不足。	BattlePass.json	lack_of_paid_lunacy
※ Purchasing Battle Pass Levels costs 300 Paid Lunacy.	※购买通行证等级需要花费300付费狂气。	BattlePass.json	only_paid_lunacy_for_battlepass_levelup
Buy	购买	BattlePass.json	buy_battlepass_word
Max Pass Level Reward	通行证超额奖励	BattlePass.json	battlepass_level_ex_reward
Battle Pass XP	通行证经验	BattlePass.json	battlepass_progress
Free	免费	BattlePass.json	battlepass_free
Limbus Pass	边狱通行证	BattlePass.json	battlepass_limbuspass
Max Level Reached	已达到最高等级	BattlePass.json	battlepass_unable_levelup_by_level
{0} Update	{0} 更新	BattlePass.json	battlepass_reward_opened_at
<font="BebasKai SDF">LIMBUS PASS</font> Package	边狱通行证组合包	BattlePass.json	battlepass_package_purchase
+ [LIMBUS PASS] Activation	+ [边狱通行证] 赠品	BattlePass.json	battlepass_package_desc_banner
Spend {0} Paid Lunacy to purchase this Package?	要消耗 {0} 付费狂气来购买这个组合包吗？	BattlePass.json	battlepass_package_ask_purchase
Select Pass/Package	选择通行证/组合包	BattlePass.json	battlepass_select_product_popup_title
※ Purchasing a Pass Level costs {0} Paid Lunacy.	※购买 1 通行证等级需要花费{0}付费狂气。	BattlePass.json	only_paid_lunacy_for_battlepass_levelup_with_number
Various Rewards
Including the Special Banner	附带特别横幅
可获得各种奖励	BattlePass.json	battle_pass_package_button_desc
~ Until Season 4 Update	~ 到第4赛季开始前	BattlePass.json	until_season_4_start
Until Season 6 Update	到第6赛季开始前	BattlePass.json	until_season_5_start
Various rewards included in the Limbus Pass	可以领取边狱通行证奖励	BattlePass.json	battlepass_purchase_desc_pass
Immediately gain 10 Pass Levels upon purchase	购买后立即提升10通行证等级	BattlePass.json	battlepass_purchase_desc_pass_level
Level Boost Ticket VI	人格等级直升券VI	BattlePass.json	battlepass_purchase_desc_level_ticket
Limbus Pass Package Special Banner	边狱组合包特别横幅	BattlePass.json	battlepass_purchase_desc_special_banner
{0} Owned	持有{0}	BattlePass.json	owned_count
10% Discount	10%折扣	BattlePass.json	battle_pass_sale_10
- Until Season 7 Update	- 到第7赛季开始前	BattlePass.json	until_season_6_start
Season 6: Zàng Huā Yín	第6赛季：葬花吟	BattlePass_Banner-a1c8.json	battlepass_season_6
Clear any stage {0} time(s)	清剿{0}次任意关卡	BattlePass_Mission.json	CLEAR_STAGE
Defeat {0} enemies	击败{0}个敌人	BattlePass_Mission.json	KILL_ENEMY_ANY
Suppress {0} Abnormalities	镇压{0}个异想体	BattlePass_Mission.json	KILL_ENEMY_ABNORMALITY
Have {1} in battle {0} time(s)	派遣{1}进行{0}场战斗	BattlePass_Mission.json	SOMEONE_PARTICIPATED_IN_BATTLE
Enter the Mirror Dungeon {0} time(s)	进入镜像迷宫{0}次	BattlePass_Mission.json	MIRROR_DUNGEON_TRY
Clear Mirror Dungeons {0} time(s)	清剿镜像迷宫{0}次	BattlePass_Mission.json	MIRROR_DUNGEON_CLEAR
Reach Battle Pass Level {0}	战斗通行证等级达到{0}	BattlePass_Mission.json	BATTLEPASS_LEVELUP
Use Ryōshū’s 4th Match Flame {0} time(s)	使用{0}次良秀的“第四根火柴之焰”E.G.O	BattlePass_Mission.json	USE_EGO_20402
Have Gregor as the Announcer {0} time(s)	让格里高尔进行{0}次播报	BattlePass_Mission.json	USE_ANNOUNCER_2
{0} daily log-ins	每日登录{0}次	BattlePass_Mission.json	LOGIN_ONCE
{0} total daily log-ins	累计登录达到{0}天	BattlePass_Mission.json	LOGIN_MULTIPLE
Clear EXP Luxcavation {0} time(s)	清剿经验采光{0}次	BattlePass_Mission.json	EXPDUNGEON_CLEAR
Clear Thread Luxcavation {0} time(s)	清剿纺锤采光{0}次	BattlePass_Mission.json	THREADDENGEON_CLEAR
Assemble {0} Enkephalin Module(s)	制作脑啡肽模块{0}次	BattlePass_Mission.json	PURCHASE_ENKEPHALIN_MODULE
(더미)	(더미)	BattleResultHint-a1c9p3.json	battleTip_none
Try prioritizing enemies with low HP first.	推荐优先击杀体力较低的敌方单位。	BattleResultHint-a1c9p3.json	battleTip_10943_2
Nursefathers are difficult enemies for the Sinners.	父辈是罪人难以应对的敌人。	BattleResultHint-a1c9p3.json	battleTip_10938_1
Reduce The Thumb Apprentice's HP to below half.	需要将拇指子辈的体力减少至一半以下。	BattleResultHint-a1c9p3.json	battleTip_10942_phase1_2
N Corp. Staff reinforcements occur only in N Corp.	后续人员补充只会在N公司发生。	BattleResultHint-exme.json	battleTip_912710_3
Organization Compulsion	整理强迫	Bufs-a1c6p1.json	CleanUp_LowMorale
Splitting	分裂	Bufs-a1c6p1.json	Unstable_LowMorale
Bereavement	丧失	Bufs-a1c6p1.json	AaCfPaBa
Revenge	复仇	Bufs-a1c6p2.json	Vengeance_LowMorale
Misshapen Painting	凌乱的绘画	Bufs-a1c6p2.json	AaCfPbBg
Hatred	憎恶	Bufs-a1c6p2.json	AaCfPbBi
Resanguination	呈血	Bufs-a1c7p3.json	BloodringUp_LowMorale
... for my Family, as their Father...	作为父亲，为了家人…	Bufs-a1c7p3.json	WeightOfResponsibility_Panic
Textbook	教材	Bufs-a1c9p1.json	TeachersPet_LowMorale
Time Relief Entitlement	时间救援目标	Bufs-tkt.json	TimeKillerWatch
E.G.O Corrosion	E.G.O侵蚀	Bufs.json	EgoErode
Atrophied (Low Morale)	畏缩(士气低落)	Bufs.json	Daunted_LowMorale
Atrophied	畏缩	Bufs.json	Daunted_Panic
Overwhelmed (Low Morale)	无措(士气低落)	Bufs.json	Overwhelm_LowMorale
Overwhelmed	无措	Bufs.json	Overwhelm_Panic
Agitated	愤怒	Bufs.json	Anger_LowMorale
Running	溃退	Bufs.json	Run_LowMorale
Immobilized	无法行动	Bufs.json	Inactible
Event Effect	事件效果	Bufs.json	Choice_1030301
Kromer’s Whistles	克罗默的哨音	Bufs.json	ReinforcedAssemble
Constricting Desires	紧缚欲望	Bufs.json	GreedyReady
Rotting Skin	腐化外皮	Bufs.json	Decay
Accept the Pain!	接受痛苦吧！	Bufs.json	Cromer_Boredom
Hardening	硬化	Bufs.json	Hardening
Perfect Shell	完整外壳	Bufs.json	Perfected
Courage to Triumph Fear	战胜恐惧的勇气	Bufs.json	Whistle_Courage
Fearsome Whistles	令人恐惧的哨音	Bufs.json	Whistle_Fear
Offense Level+	攻击等级 +	Bufs.json	AttackLevelAdder
Poultry Apocalypse	鸡群的末日菜肴	Bufs.json	Weak_Chicken
Unvented Anger	难以言表的愤怒	Bufs.json	Strong_Chicken
Piece of a Broken Bond	破碎纽带的残片	Bufs.json	EgoAwakenDongrangShardOfBrokenConnection
Unknown Wound	未知的伤口	Bufs.json	Choice_1040301
Mirror of Mirrors - F2	镜中之镜 - 第二层	Bufs.json	S2Mirror2ndFloor
Mirror of Mirrors - F3	镜中之镜 - 第三层	Bufs.json	S2Mirror3rdFloor
Mirror of Mirrors - F4	镜中之镜 - 第四层	Bufs.json	S2Mirror4thFloor
Mirror of Mirrors - F5	镜中之镜 - 第五层	Bufs.json	S2Mirror5thFloor
Meshed Possibilities	概率坍缩	Bufs.json	StickCoinHeadAndTailToMaxPer
Stalwart Spirit	坚韧不拔	Bufs.json	RemoveBreakSection
Mirror of Mirrors Hard - F2	镜中之镜困难 - 第二层	Bufs.json	S2Mirror2ndFloor_Hard
Mirror of Mirrors Hard - F3	镜中之镜困难 - 第三层	Bufs.json	S2Mirror3rdFloor_Hard
Mirror of Mirrors Hard - F4	镜中之镜困难 - 第四层	Bufs.json	S2Mirror4thFloor_Hard
Mirror of Mirrors Hard - F5	镜中之镜困难 - 第五层	Bufs.json	S2Mirror5thFloor_Hard
Mirror of Mirrors Hard - F1	镜中之镜困难 - 第一层	Bufs.json	S2Mirror1stFloor_Hard
Cycle	巡回	Bufs.json	RailBuffForLine2_A_ENEMY
Opportunistic	机会主义	Bufs.json	RailBuffForLine2_B_ENEMY
Accelerating	加速	Bufs.json	RailBuffForLine2_D_ENEMY
Inhaling	吸血	Bufs.json	RailBuffForLine2_E_ENEMY
Thirsting	饥渴	Bufs.json	RailBuffForLine2_F_ENEMY
Wrath Boost	暴怒强化	Bufs.json	RailBuffForLine2_D_ALLY
Lust Boost	色欲强化	Bufs.json	RailBuffForLine2_E_ALLY
Sloth Boost	怠惰强化	Bufs.json	RailBuffForLine2_F_ALLY
Gluttony Boost	暴食强化	Bufs.json	RailBuffForLine2_G_ALLY
Gloom Boost	忧郁强化	Bufs.json	RailBuffForLine2_H_ALLY
Pride Boost	傲慢强化	Bufs.json	RailBuffForLine2_I_ALLY
Envy Boost	嫉妒强化	Bufs.json	RailBuffForLine2_J_ALLY
Heal All	全体恢复	Bufs.json	RailBuffForLine2_K_ALLY
Heal Selected	选择恢复	Bufs.json	RailBuffForLine2_L_ALLY
Resurrect	复活	Bufs.json	RailBuffForLine2_T_ALLY
Burn Boost	烧伤强化	Bufs.json	RailBuffForLine2_M_ALLY
Bleed Boost	流血强化	Bufs.json	RailBuffForLine2_N_ALLY
Tremor Boost	震颤强化	Bufs.json	RailBuffForLine2_O_ALLY
Rupture Boost	破裂强化	Bufs.json	RailBuffForLine2_P_ALLY
Sinking Boost	沉沦强化	Bufs.json	RailBuffForLine2_Q_ALLY
Poise Boost	呼吸法强化	Bufs.json	RailBuffForLine2_R_ALLY
Charge Boost	充能强化	Bufs.json	RailBuffForLine2_S_ALLY
Blunt Power Down	打击威力降低	Bufs.json	HitResultDown
Pierce Power Down	突刺威力降低	Bufs.json	PenetrateResultDown
Slash Power Down	斩击威力降低	Bufs.json	SlashResultDown
Wrath Power Down	暴怒威力降低	Bufs.json	CrimsonResultDown
Lust Power Down	色欲威力降低	Bufs.json	ScarletResultDown
Gluttony Power Down	暴食威力降低	Bufs.json	ShamrockResultDown
Sloth Power Down	怠惰威力降低	Bufs.json	AmberResultDown
Gloom Power Down	忧郁威力降低	Bufs.json	AzureResultDown
Pride Power Down	傲慢威力降低	Bufs.json	IndigoResultDown
Envy Power Down	嫉妒威力降低	Bufs.json	VioletResultDown
Assistant Librarian of History	历史层助理司书	Bufs.json	LibrarianOfHistoryNormal
Librarian of History	历史层司书	Bufs.json	LibrarianOfHistoryHard
Bottomless Hunger	难以餍足	Bufs.json	PriceOfCare
Unending Bereavement	无尽的丧失感	Bufs.json	AaCfPaBa_Alt1
Behead Heathcliffs	斩首希斯克利夫	Bufs.json	AaCfPaBa_Alt2
Pouring Wrath	宣泄的暴怒	Bufs.json	AaCfPcBa_Alt1
Affection and Hatred	爱与憎	Bufs.json	AaCfPcBa_Alt3
Faded Promise	褪色的约定	Bufs.json	AaCfPcBa_Alt4
Base Combat Gear	基础战斗装备	Bufs_Mirror4.json	MDEMdc
Damage Taken Down	受到的伤害降低	Bufs_Mirror4.json	MDHMae
Headstrong II	顽强II	Bufs_Mirror5.json	MD549
Resilient XIV	强韧XIV	Bufs_Mirror6.json	MD6122
Inflict Status Effect	增加异常状态	Bufs_Mirror7.json	MD7Limit141
Mirror Refraction	折射	Bufs_Refraction2.json	RailLine2Buff
HP Refraction I	体力折射 I	Bufs_Refraction5.json	MRR542
Targeting Settings	目标设置	Bufs_Refraction5.json	FellBulletGroggy
Refracted Determination	折射的斗志	Bufs_Refraction5.json	MRR552
Select Sapling of Light Ability	选择光之树苗能力	DanteAbilityUIText.json	danteAbility_UIPopup_Title
Remaining Activations	剩余次数	DanteAbilityUIText.json	danteAbility_UIPopup_Remain
Golden Bough Resonance	金枝 共鸣	DanteAbilityUIText.json	dnateAbiltiy_Unlock_GoldenBranch_Resonance
Sapling of Light Ability	光之树苗能力	DanteAbilityUIText.json	tutorial_battle_danteAbility_title
Select the ability to use.	选择要使用的能力。	DanteAbilityUIText.json	tutorial_battle_danteAbility_02_desc_01
Activate	发动	DanteAbilityUIText.json	ui_activated
Cannot use this Sapling of Light ability.	无法使用此光之树苗能力。	DanteAbilityUIText.json	IsUnavailableDanteAbility_TitleText
Already used this Sapling of Light ability today.	今天已经使用过该光之树苗能力。	DanteAbilityUIText.json	IsUnavailableDanteAbility_DescText_IsActivatedAbility
No remaining activations for today.	今天的使用次数已用尽。	DanteAbilityUIText.json	IsUnavailableDanteAbility_DescText_RemainingCountIsZero
{0}: Select Sinner	{0}：选择罪人	DanteAbilityUIText_a1c9p3.json	danteAbility_Personality_Selection_UIPopup_Title
Observe Battlefield	确认战斗状况	DanteAbilityUIText_a1c9p3.json	danteAbility_Personality_Selection_UIPopup_View_Battle_Status
Will you apply {0} on <color=#f8c200>[{1}]</color>?	要对<color=#f8c200>[{1}]</color>使用{0}吗？	DanteAbilityUIText_a1c9p3.json	danteAbility_Personality_Selection_UIPopup_Confirm_Desc
Apply	使用	DanteAbilityUIText_a1c9p3.json	danteAbility_Apply
Return	返回	DanteAbilityUIText_a1c9p3.json	danteAbilityButton_resume
Battlefield Status	当前战斗状况	DanteAbilityUIText_a1c9p3.json	danteAbility_view_battle_status
Whale Guts	鲸的胃	DungeonArea-a1c5p3.json	dungeon_1_5_0101
Pequod Town	裴廓德镇	DungeonArea-a1c5p3.json	dungeon_1_5_0102
Ahab's Office	亚哈的办公室	DungeonArea-a1c5p3.json	dungeon_1_5_0103
Journey to the Heart	通往心脏的道路	DungeonArea-a1c5p3.json	dungeon_1_5_0104
Pequod Town Entrance	裴廓德镇 出口	DungeonArea-a1c5p3.json	dungeon_1_5_0201
Right Heart Atrium	右心房	DungeonArea-a1c5p3.json	dungeon_1_5_0202
Right Heart Ventricle	右心室	DungeonArea-a1c5p3.json	dungeon_1_5_0203
Sinew Bridge	肌腱之桥	DungeonArea-a1c5p3.json	dungeon_1_5_0204
Thumping of the Heart	能听到心跳声的地方	DungeonArea-a1c5p3.json	dungeon_1_5_0205
Rendezvous Area Before the Heart	心脏前的集合点	DungeonArea-a1c5p3.json	dungeon_1_5_0301
Heart of the Whale	鲸的心脏	DungeonArea-a1c5p3.json	dungeon_1_5_0302
Ground Level Laboratory - Entrance n	地上实验室 第n入口	DungeonArea-a1c8p2.json	dungeon_1_8_0101
Preparation Room	准备室	DungeonArea-a1c8p2.json	dungeon_1_8_0102
Quarantine Office	检疫室	DungeonArea-a1c8p2.json	dungeon_1_8_0103
Waste Disposal	垃圾处理场	DungeonArea-a1c8p2.json	dungeon_1_8_0105
Laboratory 4	第4实验室	DungeonArea-a1c8p2.json	dungeon_1_8_0106
Research Wing	研究楼	DungeonArea-a1c8p2.json	dungeon_1_8_0107
Execution Room	处置室	DungeonArea-a1c8p2.json	dungeon_1_8_0108
Experimentation Zone	实验区域	DungeonArea-a1c8p2.json	dungeon_1_8_0109
Laboratory 1	第1实验室	DungeonArea-a1c8p2.json	dungeon_1_8_0110
Closed Laboratory	被封锁的实验室	DungeonArea-a1c8p2.json	dungeon_1_8_0111
Laboratory 2	第2实验室	DungeonArea-a1c8p2.json	dungeon_1_8_0112
Control Team Containment	控制部管理收容区	DungeonArea1-1.json	dungeon_1_1_0101
Control Team Lobby	控制部 大厅	DungeonArea1-1.json	dungeon_1_1_0102
Containment Hall 1	第一收容走廊	DungeonArea1-1.json	dungeon_1_1_0103
Containment Hall 2	第二收容走廊	DungeonArea1-1.json	dungeon_1_1_0104
Containment Hall 3	第三收容走廊	DungeonArea1-1.json	dungeon_1_1_0105
Employee Lounge	员工休息室	DungeonArea1-1.json	dungeon_1_1_0106
Info. Team Passage	情报部
连接通道	DungeonArea1-1.json	dungeon_1_1_0107
Info. Team Lobby	情报部
大厅	DungeonArea1-1.json	dungeon_1_1_0201
Employee Waiting Room	员工等候室	DungeonArea1-1.json	dungeon_1_1_0202
Containment Hall 4	第四收容走廊	DungeonArea1-1.json	dungeon_1_1_0203
Containment Hall 5	第五收容走廊	DungeonArea1-1.json	dungeon_1_1_0204
Canteen	茶水间	DungeonArea1-1.json	dungeon_1_1_0205
Reserve Passageway	简易通道	DungeonArea1-1.json	dungeon_1_1_0206
Critical Abnormality Block	重要异想体管理所	DungeonArea1-1.json	dungeon_1_1_0207
Smoke War Central Front	烟霾战争 中部战线	DungeonArea1-1.json	dungeon_1_1_0301
Defense Line 23-7 - 1100 Hours	第23-7 防线 11:00	DungeonArea1-1.json	dungeon_1_1_0302
Key Foothold	重要据点	DungeonArea1-1.json	dungeon_1_1_0303
Defense Line 23-7 - 1300 Hours	第23-7 防线 13:00	DungeonArea1-1.json	dungeon_1_1_0304
Defense Line 23-7 - 1536 Hours	第23-7 防线 15:36	DungeonArea1-1.json	dungeon_1_1_0305
Vault Storage	金库保管室	DungeonArea1-2.json	dungeon_1_2_0101
Quarry Entrance	采矿场入口	DungeonArea1-2.json	dungeon_1_2_0102
Quarry 1	第1采矿场	DungeonArea1-2.json	dungeon_1_2_0103
Quarry 2	第2采矿场	DungeonArea1-2.json	dungeon_1_2_0104
Quarry 3	第3采矿场	DungeonArea1-2.json	dungeon_1_2_0105
Quarry 4	第4采矿场	DungeonArea1-2.json	dungeon_1_2_0106
Explosives Bay	爆炸物隔间	DungeonArea1-2.json	dungeon_1_2_0107
Peccatula Enclosure	罪种收容设施	DungeonArea1-2.json	dungeon_1_2_0108
Shelter	避难所	DungeonArea1-2.json	dungeon_1_2_0109
Underground Factory Gate	地下工厂入口	DungeonArea1-2.json	dungeon_1_2_0110
Factory Entrance	工厂入口	DungeonArea1-2.json	dungeon_1_2_0201
Production Line 1	1号生产线	DungeonArea1-2.json	dungeon_1_2_0202
Production Line 2	2号生产线	DungeonArea1-2.json	dungeon_1_2_0203
Production Line 3	3号生产线	DungeonArea1-2.json	dungeon_1_2_0204
Molding Chamber	注塑室	DungeonArea1-2.json	dungeon_1_2_0205
Assembly Line	装配产线	DungeonArea1-2.json	dungeon_1_2_0207
Paint Shop	涂装室	DungeonArea1-2.json	dungeon_1_2_0208
Maintenance Point	维护站点	DungeonArea1-2.json	dungeon_1_2_0209
Backup Generators	备用发电站	DungeonArea1-2.json	dungeon_1_2_0210
Safety Testing	安全性检查设施	DungeonArea1-2.json	dungeon_1_2_0211
Forward Base	前进基地	DungeonArea1-2.json	dungeon_1_2_0212
Final Processing	最终加工室	DungeonArea1-2.json	dungeon_1_2_0213
Quality Control	质控室	DungeonArea1-2.json	dungeon_1_2_0215
Snowy Crossroads	雪原岔道	DungeonArea1-2.json	dungeon_1_2_0301
Frozen Ruins	冰结废墟	DungeonArea1-2.json	dungeon_1_2_0302
Ruined Village	已毁的村庄	DungeonArea1-2.json	dungeon_1_2_0303
Snowstorm Fields	暴风雪境	DungeonArea1-2.json	dungeon_1_2_0304
Buried Hideout	被掩埋的藏身处	DungeonArea1-2.json	dungeon_1_2_0305
Drawbridge	吊桥	DungeonArea1-2.json	dungeon_1_2_0306
Ice Castle Where Neighbors Lie	邻里沉眠的冰霜城堡	DungeonArea1-2.json	dungeon_1_2_0307
Gate Entrance	关卡入口	DungeonArea1-3.json	dungeon_1_3_0101
Basement Entrance	地下室入口	DungeonArea1-3.json	dungeon_1_3_0102
Machinery Room	机械室	DungeonArea1-3.json	dungeon_1_3_0103
Gate #1	第一关口	DungeonArea1-3.json	dungeon_1_3_0104
Sealed Door	紧闭的大门	DungeonArea1-3.json	dungeon_1_3_0105
Forgotten Passage	被遗忘的通道	DungeonArea1-3.json	dungeon_1_3_0106
Containment Area	隔离区	DungeonArea1-3.json	dungeon_1_3_0107
Corroded Entity Block	侵蚀体隔离所	DungeonArea1-3.json	dungeon_1_3_0108
Elite Training Quarters	精锐训练所	DungeonArea1-3.json	dungeon_1_3_0109
Prison Area	监牢区域	DungeonArea1-3.json	dungeon_1_3_0110
Old Warehouse	旧仓库	DungeonArea1-3.json	dungeon_1_3_0111
Blockade Zone	封锁区	DungeonArea1-3.json	dungeon_1_3_0112
Chapel	礼拜堂	DungeonArea1-3.json	dungeon_1_3_0113
Torture Chamber	拷问室	DungeonArea1-3.json	dungeon_1_3_0114
Church Corridor	地下教堂 走廊	DungeonArea1-3.json	dungeon_1_3_0201
Closed Prayer Room	封闭的祈祷室	DungeonArea1-3.json	dungeon_1_3_0202
Room of Echoing Screams	尖啸回响的房间	DungeonArea1-3.json	dungeon_1_3_0203
Gate #2	第二关口	DungeonArea1-3.json	dungeon_1_3_0204
Bridge of Suppuration	破碎之桥	DungeonArea1-3.json	dungeon_1_3_0205
Underground Church	地下教堂	DungeonArea1-3.json	dungeon_1_3_0206
Meditator’s Pulpit	冥想讲坛	DungeonArea1-3.json	dungeon_1_3_0207
Church Door	教堂大门	DungeonArea1-3.json	dungeon_1_3_0208
Altar of Tears	眼泪祭坛	DungeonArea1-3.json	dungeon_1_3_0209
Altar Entrance	祭坛入口	DungeonArea1-3.json	dungeon_1_3_0210
Sacristy	圣器室	DungeonArea1-3.json	dungeon_1_3_0211
Central Area	中央区域	DungeonArea1-3.json	dungeon_1_3_0212
Altar of Penance	赎罪祭坛	DungeonArea1-3.json	dungeon_1_3_0213
Purificatory	涤罪所	DungeonArea1-3.json	dungeon_1_3_0214
Gate #3	第三关口	DungeonArea1-3.json	dungeon_1_3_0215
The Judging Block	资格评判台	DungeonArea1-3.json	dungeon_1_3_0216
Path to Hallowed Ground	前往圣地之路	DungeonArea1-3.json	dungeon_1_3_0217
Ritual Square	仪式广场	DungeonArea1-3.json	dungeon_1_3_0301
Hill of Corpses	死尸之丘	DungeonArea1-3.json	dungeon_1_3_0302
League of Nine Littérateurs Lab - Spring	春天的九人会实验室	DungeonArea1-4.json	dungeon_1_4_0101
Rearranged K Corp. Laboratory	重组的K公司研究所	DungeonArea1-4.json	dungeon_1_4_0102
League of Nine Littérateurs Lab - Autumn	秋天的九人会实验室	DungeonArea1-4.json	dungeon_1_4_0201
League of Nine Littérateurs Lab - Summer	夏天的九人会实验室	DungeonArea1-4.json	dungeon_1_4_0202
League of Nine Littérateurs Lab - Winter	冬天的九人会实验室	DungeonArea1-4.json	dungeon_1_4_0301
N Corp's White Room	N公司的纯白房间	DungeonArea1-4.json	dungeon_1_4_0302
Hot ‘n Juicy Drumstick	火热多汁琵琶腿	EGOgift_MirrorDungeon-EventTheme.json	9701
Dry-to-the-Bone Breast	干巴柴涩鸡胸肉	EGOgift_MirrorDungeon-EventTheme.json	9702
Tango Marinade	探戈鸡酱料	EGOgift_MirrorDungeon-EventTheme.json	9703
Contaminated Needle & Thread	脏污的针与线	EGOgift_MirrorDungeon-EventTheme.json	9704
Sharp Needle & Thread	锐利的针与线	EGOgift_MirrorDungeon-EventTheme.json	9705
Oil-gunked Spanner	沾染油污的扳手	EGOgift_MirrorDungeon-EventTheme.json	9706
Twinkling Scrap	闪光废料	EGOgift_MirrorDungeon-EventTheme.json	9707
Trash Crab Brain Wine	废料蟹脑髓泡酒	EGOgift_MirrorDungeon-EventTheme.json	9708
Pom-pom Hat	毛球帽	EGOgift_MirrorDungeon-EventTheme.json	9709
Huge Gift Sack	巨大的礼物袋	EGOgift_MirrorDungeon-EventTheme.json	9710
Sad Plushie	悲伤的毛绒玩偶	EGOgift_MirrorDungeon-EventTheme.json	9711
Black Ledger	黑色账簿	EGOgift_MirrorDungeon-EventTheme.json	9712
Rusted Hilt	锈蚀的刀柄	EGOgift_MirrorDungeon-EventTheme.json	9713
Fractured Blade	破碎的刀刃	EGOgift_MirrorDungeon-EventTheme.json	9714
Broken Blade	损坏的刀刃	EGOgift_MirrorDungeon-EventTheme.json	9715
Red Tassel	红色流苏	EGOgift_MirrorDungeon-EventTheme.json	9716
Sublimity	壮观	EGOgift_MirrorDungeon-EventTheme.json	9717
Unbending	不动	EGOgift_MirrorDungeon-EventTheme.json	9718
Ragged Bamboo Hat	破损的斗笠	EGOgift_MirrorDungeon-EventTheme.json	9719
Old Dopo Robe	陈旧的长袍	EGOgift_MirrorDungeon-EventTheme.json	9720
Silver Watch Case	银色的表壳	EGOgift_MirrorDungeon-EventTheme.json	9721
Faded Watch Case	褪色的表壳	EGOgift_MirrorDungeon-EventTheme.json	9722
Warning Notice	警告函	EGOgift_MirrorDungeon-EventTheme.json	9723
Etched Clock Hands	蚀刻的指针	EGOgift_MirrorDungeon-EventTheme.json	9724
Rusted Clock Hands	锈蚀的指针	EGOgift_MirrorDungeon-EventTheme.json	9725
Chalice of Trickle-down	涓滴之杯	EGOgift_MirrorDungeon-EventTheme.json	9726
Prepaid Time Receipt	预支时间收据	EGOgift_MirrorDungeon-EventTheme.json	9727
Pocket Watch : Type L	怀表：Type L	EGOgift_MirrorDungeon-EventTheme.json	9728
Pocket Watch : Type E	怀表：Type E	EGOgift_MirrorDungeon-EventTheme.json	9729
Pocket Watch : Type Y	怀表：Type Y	EGOgift_MirrorDungeon-EventTheme.json	9730
Pocket Watch : Type P	怀表：Type P	EGOgift_MirrorDungeon-EventTheme.json	9731
Snake Slough	蛇蜕	EGOgift_MirrorDungeon-EventTheme_2.json	9751
Snake Slough+	蛇蜕+	EGOgift_MirrorDungeon-EventTheme_2.json	19751
Snake Slough++	蛇蜕++	EGOgift_MirrorDungeon-EventTheme_2.json	29751
False Halo	虚假的光相	EGOgift_MirrorDungeon-EventTheme_2.json	9752
False Halo+	虚假的光相+	EGOgift_MirrorDungeon-EventTheme_2.json	19752
False Halo++	虚假的光相++	EGOgift_MirrorDungeon-EventTheme_2.json	29752
Metronome	节拍器	EGOgift_MirrorDungeon-EventTheme_2.json	9753
Metronome+	节拍器+	EGOgift_MirrorDungeon-EventTheme_2.json	19753
Metronome++	节拍器++	EGOgift_MirrorDungeon-EventTheme_2.json	29753
Bridle+	枷锁+	EGOgift_MirrorDungeon-EventTheme_2.json	19754
Bridle++	枷锁++	EGOgift_MirrorDungeon-EventTheme_2.json	29754
Contempt of the Gaze of Contempt	轻蔑的视线的轻蔑	EGOgift_MirrorDungeon-EventTheme_2.json	9755
Contempt of the Gaze of Contempt+	轻蔑的视线的轻蔑+	EGOgift_MirrorDungeon-EventTheme_2.json	19755
Contempt of the Gaze of Contempt++	轻蔑的视线的轻蔑++	EGOgift_MirrorDungeon-EventTheme_2.json	29755
Unhatched Embers	未孵化的火种	EGOgift_MirrorDungeon-EventTheme_2.json	9756
Unhatched Embers+	未孵化的火种+	EGOgift_MirrorDungeon-EventTheme_2.json	19756
Unhatched Embers++	未孵化的火种++	EGOgift_MirrorDungeon-EventTheme_2.json	29756
Anti-Ovine Grounding Plug+	对羊接地插头+	EGOgift_MirrorDungeon-EventTheme_2.json	19757
Vestiges of the King	王的残渣	EGOgift_MirrorDungeon-EventTheme_2.json	9758
Snuffed Lantern	熄灭的提灯	EGOgift_MirrorDungeon-EventTheme_2.json	9759
Snuffed Candlestick	熄灭的烛台	EGOgift_MirrorDungeon-EventTheme_2.json	9760
Shadow Monster	影子怪物	EGOgift_MirrorDungeon-EventTheme_2.json	9761
Packaging Box	包装盒	EGOgift_MirrorDungeon-EventTheme_2.json	9762
Packaging Ribbon	包装缎带	EGOgift_MirrorDungeon-EventTheme_2.json	9763
Gift	礼物	EGOgift_MirrorDungeon-EventTheme_2.json	9764
Jolly Plushie	快乐的毛绒玩偶	EGOgift_MirrorDungeon-EventTheme_2.json	9765
Implicit Contract Renewal	默示契约更新	EGOgift_MirrorDungeon-EventTheme_2.json	9766
Darkflame Smoking Pipe	黑焰烟斗	EGOgift_MirrorDungeon-EventTheme_2.json	9767
Equalizer	平等	EGOgift_MirrorDungeon-EventTheme_2.json	9768
Swift Command	迅捷指挥	EGOgift_MirrorDungeon-EventTheme_2.json	9769
Gear Shrapnel	齿轮碎片	EGOgift_MirrorDungeon-EventTheme_2.json	9770
CQC Manual	近身格斗术教材	EGOgift_MirrorDungeon-EventTheme_2.json	9771
Combustion Gloves	点火手套	EGOgift_MirrorDungeon-EventTheme_2.json	9772
Spiked Combat Boots	荆棘战斗靴	EGOgift_MirrorDungeon-EventTheme_2.json	9773
Re-ignition Plug	重燃火花塞	EGOgift_MirrorDungeon-EventTheme_2.json	9774
Enhancer Mk.4	强化剂Mk.4	EGOgift_MirrorDungeon-EventTheme_2.json	9775
Twigs	细枝	EGOgift_MirrorDungeon-EventTheme_2.json	9777
Regular Operational Gear	常规作战用装备	EGOgift_MirrorDungeon-EventTheme_2.json	9778
Operation Authorization Card	作战批准卡	EGOgift_MirrorDungeon-EventTheme_2.json	9779
High-risk Operational Gear	高危作战用装备	EGOgift_MirrorDungeon-EventTheme_2.json	9780
Hardwood Liquor Cup	木质酒杯	EGOgift_MirrorDungeon-EventTheme_2.json	9781
Worn Hilt	陈旧的刀柄	EGOgift_MirrorDungeon-EventTheme_2.json	9782
Resplendence	绝景	EGOgift_MirrorDungeon-EventTheme_2.json	9783
Cultivation	琢磨	EGOgift_MirrorDungeon-EventTheme_2.json	9784
Swarmcloud	丛云	EGOgift_MirrorDungeon-EventTheme_2.json	9785
Enh. Tattoos - The Middle	强化纹身-中指	EGOgift_MirrorDungeon-EventTheme_2.json	9786
Strange Glyph Talisman	异文符咒	EGOgift_MirrorDungeon-EventTheme_2.json	9787
Harestride	卯足	EGOgift_MirrorDungeon-EventTheme_2.json	9788
Chains of Loyalty	忠义锁链	EGOgift_MirrorDungeon-EventTheme_2.json	9789
Strange Glyph Inscriptions	镌刻的异文	EGOgift_MirrorDungeon-EventTheme_2.json	9790
Shadow Bamboo Hat	影织斗笠	EGOgift_MirrorDungeon-EventTheme_2.json	9791
Everlasting Chains of Bond	永恒的缘分锁链	EGOgift_MirrorDungeon-EventTheme_2.json	9792
Glyph of Glass Shards	漆字琉璃钿	EGOgift_MirrorDungeon-EventTheme_2.json	9793
Swishing Fuel Tank	满满当当的燃料罐	EGOgift_MirrorDungeon-EventTheme_2.json	9794
Ebony Brooch	黑檀胸针	EGOgift_MirrorDungeon-StoryTheme.json	9403
Contained Maggots	封装蛆虫	EGOgift_MirrorDungeon-StoryTheme.json	9404
Made-to-Order	定制	EGOgift_MirrorDungeon-StoryTheme.json	9407
Haunted Shoes	鬼附鞋	EGOgift_MirrorDungeon-StoryTheme.json	9408
Frozen Cries	冰封的哀嚎	EGOgift_MirrorDungeon-StoryTheme.json	9409
Hoarfrost Footprint	霜冻足迹	EGOgift_MirrorDungeon-StoryTheme.json	9410
Nagel und Hammer Scriptures	钉与锤之书	EGOgift_MirrorDungeon-StoryTheme.json	9413
Blood-red Mane	血红鬃毛	EGOgift_MirrorDungeon-StoryTheme.json	9414
Squalidity	污秽	EGOgift_MirrorDungeon-StoryTheme.json	9415
Wholeness	完全性	EGOgift_MirrorDungeon-StoryTheme.json	9416
Spicebush Branch	山茶花枝	EGOgift_MirrorDungeon-StoryTheme.json	9419
Kaleidoscope	万花筒	EGOgift_MirrorDungeon-StoryTheme.json	9420
Broken Glasses	破碎的眼镜	EGOgift_MirrorDungeon-StoryTheme.json	9423
Unmailed Letter	未寄出的信	EGOgift_MirrorDungeon-StoryTheme.json	9424
Harpoon Prosthetic Leg	捕鲸枪义腿	EGOgift_MirrorDungeon-StoryTheme.json	9429
Guiding Gas Lamp	照亮前方的汽灯	EGOgift_MirrorDungeon-StoryTheme.json	9430
Chief Butler's Secret Arts	首席管家的秘籍	EGOgift_MirrorDungeon-StoryTheme.json	9433
Handheld Mirror	手镜	EGOgift_MirrorDungeon-StoryTheme.json	9434
Town-protecting Harpoon	守镇鱼叉	EGOgift_MirrorDungeon-StoryTheme_2.json	9427
Town-protecting Harpoon+	守镇鱼叉+	EGOgift_MirrorDungeon-StoryTheme_2.json	19427
Town-protecting Harpoon++	守镇鱼叉++	EGOgift_MirrorDungeon-StoryTheme_2.json	29427
Cetacean Heart	鲸心	EGOgift_MirrorDungeon-StoryTheme_2.json	9428
Broken Violin	损坏的小提琴	EGOgift_MirrorDungeon-StoryTheme_2.json	9431
Broken Violin+	损坏的小提琴+	EGOgift_MirrorDungeon-StoryTheme_2.json	19431
Broken Violin++	损坏的小提琴++	EGOgift_MirrorDungeon-StoryTheme_2.json	29431
Manor-shaped Music Box	宅邸模型八音盒	EGOgift_MirrorDungeon-StoryTheme_2.json	9432
Butler Style Binding Arts	管家式束缚法	EGOgift_MirrorDungeon-StoryTheme_2.json	9435
Butler Style Binding Arts+	管家式束缚法+	EGOgift_MirrorDungeon-StoryTheme_2.json	19435
Butler Style Binding Arts++	管家式束缚法++	EGOgift_MirrorDungeon-StoryTheme_2.json	29435
Refraction Glass Pod	折射玻璃管	EGOgift_MirrorDungeon-StoryTheme_2.json	9436
La Manchaland All-day Pass	拉·曼却领自由通行券	EGOgift_MirrorDungeon-StoryTheme_2.json	9437
Token of Victory	胜利之证	EGOgift_MirrorDungeon-StoryTheme_2.json	9438
Devouring Cube	吞噬一切的魔方	EGOgift_MirrorDungeon-StoryTheme_2.json	9439
Mask of the Parade	游行的面具	EGOgift_MirrorDungeon-StoryTheme_2.json	9440
Mask of the Parade+	游行的面具+	EGOgift_MirrorDungeon-StoryTheme_2.json	19440
W Corp. Standard Issue Cap	W公司制式帽子	EGOgift_MirrorDungeon-mowe-re.json	9840
Cleanup Agent Gear Set C	C型清扫人员装备套组	EGOgift_MirrorDungeon-mowe-re.json	9841
Bloody Flesh, Fleshy Blood	由血而成之肉，由肉而成之血	EGOgift_MirrorDungeon-mowe-re.json	9842
Hardblood Glaive	硬血长柄刀	EGOgift_MirrorDungeon-mowe-re.json	9843
WB Flask	全血烧瓶	EGOgift_MirrorDungeon-mowe-re.json	9205
Sanguine Fragrance Descends	血香降临	EGOgift_MirrorDungeon-mowe-re.json	9206
Discarded Dimensional Gauntlet	被遗落的次元护手	EGOgift_MirrorDungeon-mowe-re.json	9818
Discarded Dimensional Gauntlet+	被遗落的次元护手+	EGOgift_MirrorDungeon-mowe-re.json	19818
Discarded Dimensional Gauntlet++	被遗落的次元护手++	EGOgift_MirrorDungeon-mowe-re.json	29818
Blue Starshard	蓝星碎片	EGOgift_MirrorDungeon-mowe-re.json	9817
Blue Starshard+	蓝星碎片+	EGOgift_MirrorDungeon-mowe-re.json	19817
Blue Starshard++	蓝星碎片++	EGOgift_MirrorDungeon-mowe-re.json	29817
Economy Class Discount Voucher	经济舱折扣券	EGOgift_MirrorDungeon-mowe.json	9732
Canned Ice Cream	罐装冰淇淋	EGOgift_MirrorDungeon-mowe.json	9733
E-Type Dimensional Dagger	E型次元短剑	EGOgift_MirrorDungeon-mowe.json	9734
Portable Barrier Battery	便携式力场电池	EGOgift_MirrorDungeon-mowe.json	9735
Biogenerative Battery	生物发电电池	EGOgift_MirrorDungeon-mowe.json	9736
Cardiovascular Reactive Module	心脏反应模块	EGOgift_MirrorDungeon-mowe.json	9737
Prosthetic Joint Servos	义体关节伺服电机	EGOgift_MirrorDungeon-mowe.json	9738
Crystallized Blood	血液结晶	EGOgift_MirrorDungeon-mowe.json	9739
Automated Joints	自动式关节	EGOgift_MirrorDungeon-mowe.json	9740
Overcharged Battery	过度充能电池	EGOgift_MirrorDungeon-mowe.json	9741
Perpetual Generator Servos	永动伺服电机	EGOgift_MirrorDungeon-mowe.json	9742
Hearts-powered Jewel	心动力宝石	EGOgift_MirrorDungeon-mowe.json	9743
Hellterfly’s Dream	地狱蝶之梦	EGOgift_MirrorDungeon.json	9001
Hellterfly’s Dream+	地狱蝶之梦+	EGOgift_MirrorDungeon.json	19001
Hellterfly’s Dream++	地狱蝶之梦++	EGOgift_MirrorDungeon.json	29001
Perversion	倒错症	EGOgift_MirrorDungeon.json	9002
Ashes to Ashes	尘归尘	EGOgift_MirrorDungeon.json	9003
Ashes to Ashes+	尘归尘+	EGOgift_MirrorDungeon.json	19003
Ashes to Ashes++	尘归尘++	EGOgift_MirrorDungeon.json	29003
Phlebotomy Pack	采血包	EGOgift_MirrorDungeon.json	9004
Wound Clerid	拟伤虫	EGOgift_MirrorDungeon.json	9005
Wound Clerid+	拟伤虫+	EGOgift_MirrorDungeon.json	19005
Wound Clerid++	拟伤虫++	EGOgift_MirrorDungeon.json	29005
Coffee and Cranes	咖啡与纸鹤	EGOgift_MirrorDungeon.json	9006
Eclipse of Scarlet Moths	朱红蛾群	EGOgift_MirrorDungeon.json	9007
Grimy Iron Stake	染血铁钉	EGOgift_MirrorDungeon.json	9008
Fiery Down	炽热的羽毛	EGOgift_MirrorDungeon.json	9009
Fiery Down+	炽热的羽毛+	EGOgift_MirrorDungeon.json	19009
Fiery Down++	炽热的羽毛++	EGOgift_MirrorDungeon.json	29009
Bloody Gadget	鲜血装饰	EGOgift_MirrorDungeon.json	9010
Bloody Gadget+	鲜血装饰+	EGOgift_MirrorDungeon.json	19010
Bloody Gadget++	鲜血装饰++	EGOgift_MirrorDungeon.json	29010
Sunshower	狐雨	EGOgift_MirrorDungeon.json	9011
Today’s Expression	此刻的神色	EGOgift_MirrorDungeon.json	9012
Talisman Bundle	成捆的符咒	EGOgift_MirrorDungeon.json	9013
Talisman Bundle+	成捆的符咒+	EGOgift_MirrorDungeon.json	19013
Talisman Bundle++	成捆的符咒++	EGOgift_MirrorDungeon.json	29013
Rusty Commemorative Coin	锈蚀的纪念币	EGOgift_MirrorDungeon.json	9014
Blood, Sweat, and Tears	膏血	EGOgift_MirrorDungeon.json	9015
Blood, Sweat, and Tears+	膏血+	EGOgift_MirrorDungeon.json	19015
Blood, Sweat, and Tears++	膏血++	EGOgift_MirrorDungeon.json	29015
Green Spirit	绿光果实	EGOgift_MirrorDungeon.json	9016
Green Spirit+	绿光果实+	EGOgift_MirrorDungeon.json	19016
Green Spirit++	绿光果实++	EGOgift_MirrorDungeon.json	29016
Lithograph	石版字符	EGOgift_MirrorDungeon.json	9017
Crown of Roses	玫瑰王冠	EGOgift_MirrorDungeon.json	9018
Crown of Roses+	玫瑰王冠+	EGOgift_MirrorDungeon.json	19018
Crown of Roses++	玫瑰王冠++	EGOgift_MirrorDungeon.json	29018
Sticky Muck	黏性淤浆	EGOgift_MirrorDungeon.json	9019
White Gossypium	白棉花	EGOgift_MirrorDungeon.json	9020
White Gossypium+	白棉花+	EGOgift_MirrorDungeon.json	19020
White Gossypium++	白棉花++	EGOgift_MirrorDungeon.json	29020
Blue Zippo Lighter	蓝色芝宝牌打火机	EGOgift_MirrorDungeon.json	9021
Phantom Pain	幻痛	EGOgift_MirrorDungeon.json	9022
Thunderbranch	雷击木	EGOgift_MirrorDungeon.json	9023
Thunderbranch+	雷击木+	EGOgift_MirrorDungeon.json	19023
Thunderbranch++	雷击木++	EGOgift_MirrorDungeon.json	29023
Melted Eyeball	融化的眼球	EGOgift_MirrorDungeon.json	9024
Grey Coat	灰色大衣	EGOgift_MirrorDungeon.json	9025
Late-bloomer’s Tattoo	刺青：大器晚成	EGOgift_MirrorDungeon.json	9026
Lowest Star	谷底之星	EGOgift_MirrorDungeon.json	9027
Lowest Star+	谷底之星+	EGOgift_MirrorDungeon.json	19027
Lowest Star++	谷底之星++	EGOgift_MirrorDungeon.json	29027
Prejudice	偏见	EGOgift_MirrorDungeon.json	9028
Little and To-be-Naughty Plushie	又小又可能很坏的玩偶	EGOgift_MirrorDungeon.json	9029
Gathering Skulls	头骨收藏	EGOgift_MirrorDungeon.json	9030
Nixie Divergence	辉光变动仪	EGOgift_MirrorDungeon.json	9031
Nixie Divergence+	辉光变动仪+	EGOgift_MirrorDungeon.json	19031
Nixie Divergence++	辉光变动仪++	EGOgift_MirrorDungeon.json	29031
Standard-duty Battery	标准负载电池	EGOgift_MirrorDungeon.json	9033
Pinpoint Logic Circuit	单点打击逻辑电路	EGOgift_MirrorDungeon.json	9034
Voodoo Doll	巫毒娃娃	EGOgift_MirrorDungeon.json	9035
Voodoo Doll+	巫毒娃娃+	EGOgift_MirrorDungeon.json	19035
Voodoo Doll++	巫毒娃娃++	EGOgift_MirrorDungeon.json	29035
Carmilla	卡蜜拉	EGOgift_MirrorDungeon.json	9036
Carmilla+	卡蜜拉+	EGOgift_MirrorDungeon.json	19036
Carmilla++	卡蜜拉++	EGOgift_MirrorDungeon.json	29036
Child within a Flask	瓶中婴孩	EGOgift_MirrorDungeon.json	9037
Illusory Hunt	异想狩猎	EGOgift_MirrorDungeon.json	9038
Homeward	归途	EGOgift_MirrorDungeon.json	9039
Tomorrow’s Fortune	明日的运势	EGOgift_MirrorDungeon.json	9040
Red Order	赤色指令	EGOgift_MirrorDungeon.json	9041
Red Order+	赤色指令+	EGOgift_MirrorDungeon.json	19041
Red Order++	赤色指令++	EGOgift_MirrorDungeon.json	29041
Smokes and Wires	烟霾与铁丝网	EGOgift_MirrorDungeon.json	9042
Smokes and Wires+	烟霾与铁丝网+	EGOgift_MirrorDungeon.json	19042
Smokes and Wires++	烟霾与铁丝网++	EGOgift_MirrorDungeon.json	29042
Employee Card	员工证	EGOgift_MirrorDungeon.json	9043
Employee Card+	员工证+	EGOgift_MirrorDungeon.json	19043
Employee Card++	员工证++	EGOgift_MirrorDungeon.json	29043
Oscillating Bracelet	震荡手环	EGOgift_MirrorDungeon.json	9044
Oscillating Bracelet+	震荡手环+	EGOgift_MirrorDungeon.json	19044
Oscillating Bracelet++	震荡手环++	EGOgift_MirrorDungeon.json	29044
Glimpse of Flames	炎鳞	EGOgift_MirrorDungeon.json	9045
Glimpse of Flames+	炎鳞+	EGOgift_MirrorDungeon.json	19045
Glimpse of Flames++	炎鳞++	EGOgift_MirrorDungeon.json	29045
Cigarette Holder	烟斗	EGOgift_MirrorDungeon.json	9046
Barbed Lasso+	荆棘套索+	EGOgift_MirrorDungeon.json	19047
Barbed Lasso++	荆棘套索++	EGOgift_MirrorDungeon.json	29047
Rusted Cutting Knife	锈蚀的美工刀	EGOgift_MirrorDungeon.json	9048
Rusted Cutting Knife+	锈蚀的美工刀+	EGOgift_MirrorDungeon.json	19048
Rusted Cutting Knife++	锈蚀的美工刀++	EGOgift_MirrorDungeon.json	29048
Thorny Path	荆棘之路	EGOgift_MirrorDungeon.json	9049
Thorny Path+	荆棘之路+	EGOgift_MirrorDungeon.json	19049
Thorny Path++	荆棘之路++	EGOgift_MirrorDungeon.json	29049
Red-stained Gossypium+	红染棉花+	EGOgift_MirrorDungeon.json	19050
Red-stained Gossypium++	红染棉花++	EGOgift_MirrorDungeon.json	29050
Stone Tomb	石冢	EGOgift_MirrorDungeon.json	9051
Stone Tomb+	石冢+	EGOgift_MirrorDungeon.json	19051
Stone Tomb++	石冢++	EGOgift_MirrorDungeon.json	29051
Portable Battery Socket	便携式电源插座	EGOgift_MirrorDungeon.json	9052
Portable Battery Socket+	便携式电源插座+	EGOgift_MirrorDungeon.json	19052
Portable Battery Socket++	便携式电源插座++	EGOgift_MirrorDungeon.json	29052
Dust to Dust	土归土	EGOgift_MirrorDungeon.json	9053
Dust to Dust+	土归土+	EGOgift_MirrorDungeon.json	19053
Dust to Dust++	土归土++	EGOgift_MirrorDungeon.json	29053
Melted Spring	融化的时钟发条	EGOgift_MirrorDungeon.json	9054
Downpour	暴雨	EGOgift_MirrorDungeon.json	9055
Downpour+	暴雨+	EGOgift_MirrorDungeon.json	19055
Downpour++	暴雨++	EGOgift_MirrorDungeon.json	29055
Four-leaf Clover	四叶草	EGOgift_MirrorDungeon.json	9056
Nightvision Goggles	夜视镜	EGOgift_MirrorDungeon.json	9057
Disk Fragment	星象盘碎片	EGOgift_MirrorDungeon.json	9058
Midwinter Nightmare	仲冬夜之噩梦	EGOgift_MirrorDungeon.json	9059
Thrill	快感	EGOgift_MirrorDungeon.json	9060
Thrill+	快感+	EGOgift_MirrorDungeon.json	19060
Thrill++	快感++	EGOgift_MirrorDungeon.json	29060
Skeletal Crumbs	遗骸碎片	EGOgift_MirrorDungeon.json	9061
Curriculum Vitae	简历	EGOgift_MirrorDungeon.json	9062
Curriculum Vitae+	简历+	EGOgift_MirrorDungeon.json	19062
Curriculum Vitae++	简历++	EGOgift_MirrorDungeon.json	29062
Pendant of Nostalgia+	追忆吊坠+	EGOgift_MirrorDungeon.json	19063
Pendant of Nostalgia++	追忆吊坠++	EGOgift_MirrorDungeon.json	29063
Broken Revolver	损坏的左轮手枪	EGOgift_MirrorDungeon.json	9064
Artistic Sense	美感	EGOgift_MirrorDungeon.json	9065
Artistic Sense+	美感+	EGOgift_MirrorDungeon.json	19065
Artistic Sense++	美感++	EGOgift_MirrorDungeon.json	29065
Nebulizer+	雾化吸入器+	EGOgift_MirrorDungeon.json	19066
Nebulizer++	雾化吸入器++	EGOgift_MirrorDungeon.json	29066
Special Contract	特别合约	EGOgift_MirrorDungeon.json	9067
Wrist Guards	护腕	EGOgift_MirrorDungeon.json	9069
Wrist Guards+	护腕+	EGOgift_MirrorDungeon.json	19069
Wrist Guards++	护腕++	EGOgift_MirrorDungeon.json	29069
Clear Mirror, Calm Water	明镜止水	EGOgift_MirrorDungeon.json	9070
Clear Mirror, Calm Water+	明镜止水+	EGOgift_MirrorDungeon.json	19070
Clear Mirror, Calm Water++	明镜止水++	EGOgift_MirrorDungeon.json	29070
Charred Disk	烧焦的圆盘	EGOgift_MirrorDungeon.json	9071
Lightning Rod	避雷针	EGOgift_MirrorDungeon.json	9072
Lightning Rod+	避雷针+	EGOgift_MirrorDungeon.json	19072
Lightning Rod++	避雷针++	EGOgift_MirrorDungeon.json	29072
Endorphin Kit	内啡肽试剂组	EGOgift_MirrorDungeon.json	9073
Endorphin Kit+	内啡肽试剂组+	EGOgift_MirrorDungeon.json	19073
Endorphin Kit++	内啡肽试剂组++	EGOgift_MirrorDungeon.json	29073
Headless Portrait	无头肖像	EGOgift_MirrorDungeon.json	9074
Headless Portrait+	无头肖像+	EGOgift_MirrorDungeon.json	19074
Headless Portrait++	无头肖像++	EGOgift_MirrorDungeon.json	29074
Charge-type Gloves	充能式手套	EGOgift_MirrorDungeon.json	9075
Charge-type Gloves+	充能式手套+	EGOgift_MirrorDungeon.json	19075
Charge-type Gloves++	充能式手套++	EGOgift_MirrorDungeon.json	29075
First-aid Kit	便携式急救包	EGOgift_MirrorDungeon.json	9076
Painkiller	止痛药	EGOgift_MirrorDungeon.json	9077
Voracious Hammer	贪婪之锤	EGOgift_MirrorDungeon.json	9078
Golden Urn	金瓮	EGOgift_MirrorDungeon.json	9079
Milepost of Survival	生存的里程标	EGOgift_MirrorDungeon.json	9080
Faith	信念	EGOgift_MirrorDungeon.json	9081
Piece of Relationship	缘分残片	EGOgift_MirrorDungeon.json	9082
Piece of Relationship+	缘分残片+	EGOgift_MirrorDungeon.json	19082
Piece of Relationship++	缘分残片++	EGOgift_MirrorDungeon.json	29082
Lunar Memory	月之记忆	EGOgift_MirrorDungeon.json	9083
Ancient Effigy	古代雕像	EGOgift_MirrorDungeon.json	9084
Non-disclosure Agreement	保密协议	EGOgift_MirrorDungeon.json	9085
Reverberation	残响	EGOgift_MirrorDungeon.json	9086
Burning Intellect	炽热的智慧	EGOgift_MirrorDungeon.json	9087
Burning Intellect+	炽热的智慧+	EGOgift_MirrorDungeon.json	19087
Burning Intellect++	炽热的智慧++	EGOgift_MirrorDungeon.json	29087
Soothe the Dead	镇魂	EGOgift_MirrorDungeon.json	9088
Rusted Muzzle	锈蚀的笼头	EGOgift_MirrorDungeon.json	9089
Rusted Muzzle+	锈蚀的笼头+	EGOgift_MirrorDungeon.json	19089
Rusted Muzzle++	锈蚀的笼头++	EGOgift_MirrorDungeon.json	29089
Bloody Mist	血雾	EGOgift_MirrorDungeon.json	9090
Bell of Truth	真理之钟	EGOgift_MirrorDungeon.json	9091
Bell of Truth+	真理之钟+	EGOgift_MirrorDungeon.json	19091
Bell of Truth++	真理之钟++	EGOgift_MirrorDungeon.json	29091
Coupled Oscillation	震颤耦合	EGOgift_MirrorDungeon.json	9092
Fluorescent Lamp	荧光灯	EGOgift_MirrorDungeon.json	9093
Fluorescent Lamp+	荧光灯+	EGOgift_MirrorDungeon.json	19093
Fluorescent Lamp++	荧光灯++	EGOgift_MirrorDungeon.json	29093
Enrapturing Trance	恍惚镜	EGOgift_MirrorDungeon.json	9094
Broken Compass	破碎罗盘	EGOgift_MirrorDungeon.json	9095
Broken Compass+	破碎罗盘+	EGOgift_MirrorDungeon.json	19095
Broken Compass++	破碎罗盘++	EGOgift_MirrorDungeon.json	29095
Black Sheet Music	黑色乐谱	EGOgift_MirrorDungeon.json	9096
Ornamental Horseshoe	马蹄铁饰物	EGOgift_MirrorDungeon.json	9097
Ornamental Horseshoe+	马蹄铁饰物+	EGOgift_MirrorDungeon.json	19097
Ornamental Horseshoe++	马蹄铁饰物++	EGOgift_MirrorDungeon.json	29097
Lucky Pouch	福袋	EGOgift_MirrorDungeon.json	9098
Material Interference Force Field	物理屏蔽力场	EGOgift_MirrorDungeon.json	9099
Material Interference Force Field+	物理屏蔽力场+	EGOgift_MirrorDungeon.json	19099
Material Interference Force Field++	物理屏蔽力场++	EGOgift_MirrorDungeon.json	29099
T-1 Perpetual Motion Machine	第一类永动机	EGOgift_MirrorDungeon.json	9100
Melted Paraffin	熔化的石蜡	EGOgift_MirrorDungeon.json	9101
Melted Paraffin+	熔化的石蜡+	EGOgift_MirrorDungeon.json	19101
Melted Paraffin++	熔化的石蜡++	EGOgift_MirrorDungeon.json	29101
Polarization	偏振光	EGOgift_MirrorDungeon.json	9102
Polarization+	偏振光+	EGOgift_MirrorDungeon.json	19102
Polarization++	偏振光++	EGOgift_MirrorDungeon.json	29102
Pain of Stifled Rage	郁火	EGOgift_MirrorDungeon.json	9103
Pain of Stifled Rage+	郁火+	EGOgift_MirrorDungeon.json	19103
Pain of Stifled Rage++	郁火++	EGOgift_MirrorDungeon.json	29103
Ardent Flower	火光花	EGOgift_MirrorDungeon.json	9104
Fragment of Hellfire	业火残片	EGOgift_MirrorDungeon.json	9105
Arrested Hymn	被扣留的颂歌	EGOgift_MirrorDungeon.json	9106
Arrested Hymn+	被扣留的颂歌+	EGOgift_MirrorDungeon.json	19106
Arrested Hymn++	被扣留的颂歌++	EGOgift_MirrorDungeon.json	29106
Tangled Bundle	纠缠捆束	EGOgift_MirrorDungeon.json	9107
Tangled Bundle+	纠缠捆束+	EGOgift_MirrorDungeon.json	19107
Tangled Bundle++	纠缠捆束++	EGOgift_MirrorDungeon.json	29107
Awe	敬畏	EGOgift_MirrorDungeon.json	9108
Awe+	敬畏+	EGOgift_MirrorDungeon.json	19108
Awe++	敬畏++	EGOgift_MirrorDungeon.json	29108
Respite	安息之地	EGOgift_MirrorDungeon.json	9109
Fragment of Allurement	魅惑残片	EGOgift_MirrorDungeon.json	9110
Bio-venom Vial	生物剧毒药瓶	EGOgift_MirrorDungeon.json	9111
Bio-venom Vial+	生物剧毒药瓶+	EGOgift_MirrorDungeon.json	19111
Bio-venom Vial++	生物剧毒药瓶++	EGOgift_MirrorDungeon.json	29111
Venomous Skin	剧毒外皮	EGOgift_MirrorDungeon.json	9112
Venomous Skin+	剧毒外皮+	EGOgift_MirrorDungeon.json	19112
Venomous Skin++	剧毒外皮++	EGOgift_MirrorDungeon.json	29112
Sour Liquor Aroma	酸味的酒香	EGOgift_MirrorDungeon.json	9113
Sour Liquor Aroma+	酸味的酒香+	EGOgift_MirrorDungeon.json	19113
Sour Liquor Aroma++	酸味的酒香++	EGOgift_MirrorDungeon.json	29113
Mirror Tactile Synaesthesia	镜触觉通感	EGOgift_MirrorDungeon.json	9114
Clockwork Spring	齿轮发条	EGOgift_MirrorDungeon.json	9115
Fragment of Inertia	惰性残片	EGOgift_MirrorDungeon.json	9116
Smoking Gunpowder	有烟火药	EGOgift_MirrorDungeon.json	9117
Bone Stake	骨桩	EGOgift_MirrorDungeon.json	9118
Ragged Umbrella	破损的雨伞	EGOgift_MirrorDungeon.json	9119
Ragged Umbrella+	破损的雨伞+	EGOgift_MirrorDungeon.json	19119
Ragged Umbrella++	破损的雨伞++	EGOgift_MirrorDungeon.json	29119
Deathseeker	寻死者	EGOgift_MirrorDungeon.json	9120
Fragment of Desire	欲望残片	EGOgift_MirrorDungeon.json	9121
Eldtree Snare	古木陷阱	EGOgift_MirrorDungeon.json	9122
Eldtree Snare+	古木陷阱+	EGOgift_MirrorDungeon.json	19122
Eldtree Snare++	古木陷阱++	EGOgift_MirrorDungeon.json	29122
Rags	破布	EGOgift_MirrorDungeon.json	9123
Rags+	破布+	EGOgift_MirrorDungeon.json	19123
Rags++	破布++	EGOgift_MirrorDungeon.json	29123
Grandeur	庄严	EGOgift_MirrorDungeon.json	9124
Grandeur+	庄严+	EGOgift_MirrorDungeon.json	19124
Grandeur++	庄严++	EGOgift_MirrorDungeon.json	29124
Distant Star	彼方之星	EGOgift_MirrorDungeon.json	9125
Fragment of Decay	蚕食残片	EGOgift_MirrorDungeon.json	9126
Devil's Share	魔鬼所享	EGOgift_MirrorDungeon.json	9127
Devil's Share+	魔鬼所享+	EGOgift_MirrorDungeon.json	19127
Devil's Share++	魔鬼所享++	EGOgift_MirrorDungeon.json	29127
Emerald Elytra	绿色鞘翅	EGOgift_MirrorDungeon.json	9128
Emerald Elytra+	绿色鞘翅+	EGOgift_MirrorDungeon.json	19128
Emerald Elytra++	绿色鞘翅++	EGOgift_MirrorDungeon.json	29128
Old Wooden Doll	陈旧的木雕人偶	EGOgift_MirrorDungeon.json	9129
Old Wooden Doll+	陈旧的木雕人偶+	EGOgift_MirrorDungeon.json	19129
Old Wooden Doll++	陈旧的木雕人偶++	EGOgift_MirrorDungeon.json	29129
Finifugality	留恋	EGOgift_MirrorDungeon.json	9130
Fragment of Conceit	骄慢残片	EGOgift_MirrorDungeon.json	9131
UPS System	不间断电源装置	EGOgift_MirrorDungeon.json	9132
UPS System+	不间断电源装置+	EGOgift_MirrorDungeon.json	19132
UPS System++	不间断电源装置++	EGOgift_MirrorDungeon.json	29132
Uncapped Defibrilator	解除限制的除颤仪	EGOgift_MirrorDungeon.json	9133
Uncapped Defibrilator+	解除限制的除颤仪+	EGOgift_MirrorDungeon.json	19133
Uncapped Defibrilator++	解除限制的除颤仪++	EGOgift_MirrorDungeon.json	29133
Patrolling Flashlight	巡逻用手电筒	EGOgift_MirrorDungeon.json	9134
Patrolling Flashlight+	巡逻用手电筒+	EGOgift_MirrorDungeon.json	19134
Patrolling Flashlight++	巡逻用手电筒++	EGOgift_MirrorDungeon.json	29134
Imitative Generator	仿造发电机	EGOgift_MirrorDungeon.json	9135
Fragment of Friction	摩擦残片	EGOgift_MirrorDungeon.json	9136
Scalpel	手术用刀	EGOgift_MirrorDungeon.json	9137
Scalpel+	手术用刀+	EGOgift_MirrorDungeon.json	19137
Scalpel++	手术用刀++	EGOgift_MirrorDungeon.json	29137
Deceptive Accord	虚饰的和平	EGOgift_MirrorDungeon.json	9138
Deceptive Accord+	虚饰的和平+	EGOgift_MirrorDungeon.json	19138
Deceptive Accord++	虚饰的和平++	EGOgift_MirrorDungeon.json	29138
Tailor's Scissors	裁缝用剪刀	EGOgift_MirrorDungeon.json	9139
Tailor's Scissors+	裁缝用剪刀+	EGOgift_MirrorDungeon.json	19139
Tailor's Scissors++	裁缝用剪刀++	EGOgift_MirrorDungeon.json	29139
Resolution	决意	EGOgift_MirrorDungeon.json	9140
Resolution+	决意+	EGOgift_MirrorDungeon.json	19140
Resolution++	决意++	EGOgift_MirrorDungeon.json	29140
Moment of Sentencing	宣判之刻	EGOgift_MirrorDungeon.json	9141
Moment of Sentencing+	宣判之刻+	EGOgift_MirrorDungeon.json	19141
Moment of Sentencing++	宣判之刻++	EGOgift_MirrorDungeon.json	29141
Sundered Memory	切开的记忆	EGOgift_MirrorDungeon.json	9142
Carpenter's Nail	木工用长钉	EGOgift_MirrorDungeon.json	9143
Carpenter's Nail+	木工用长钉+	EGOgift_MirrorDungeon.json	19143
Carpenter's Nail++	木工用长钉++	EGOgift_MirrorDungeon.json	29143
Once, A Blessing	曾经的祝福	EGOgift_MirrorDungeon.json	9144
Once, A Blessing+	曾经的祝福+	EGOgift_MirrorDungeon.json	19144
Once, A Blessing++	曾经的祝福++	EGOgift_MirrorDungeon.json	29144
Torn Bandolier	撕裂的弹带	EGOgift_MirrorDungeon.json	9145
Torn Bandolier+	撕裂的弹带+	EGOgift_MirrorDungeon.json	19145
Torn Bandolier++	撕裂的弹带++	EGOgift_MirrorDungeon.json	29145
Keenbranch	磨尖的树枝	EGOgift_MirrorDungeon.json	9146
Keenbranch+	磨尖的树枝+	EGOgift_MirrorDungeon.json	19146
Keenbranch++	磨尖的树枝++	EGOgift_MirrorDungeon.json	29146
Punctured Memory	洞穿的记忆	EGOgift_MirrorDungeon.json	9147
Burial Curse	作祟	EGOgift_MirrorDungeon.json	9148
Burial Curse+	作祟+	EGOgift_MirrorDungeon.json	19148
Burial Curse++	作祟++	EGOgift_MirrorDungeon.json	29148
Compression Bandage	加压绷带	EGOgift_MirrorDungeon.json	9149
Compression Bandage+	加压绷带+	EGOgift_MirrorDungeon.json	19149
Compression Bandage++	加压绷带++	EGOgift_MirrorDungeon.json	29149
Temporal Bridle	时间的枷锁	EGOgift_MirrorDungeon.json	9150
Temporal Bridle+	时间的枷锁+	EGOgift_MirrorDungeon.json	19150
Temporal Bridle++	时间的枷锁++	EGOgift_MirrorDungeon.json	29150
Clasped Sculpture	紧握的雕像	EGOgift_MirrorDungeon.json	9151
Clasped Sculpture+	紧握的雕像+	EGOgift_MirrorDungeon.json	19151
Clasped Sculpture++	紧握的雕像++	EGOgift_MirrorDungeon.json	29151
Crushed Memory	粉碎的记忆	EGOgift_MirrorDungeon.json	9152
Oracle	神谕	EGOgift_MirrorDungeon.json	9153
Imposed Weight	强压的重担	EGOgift_MirrorDungeon.json	9154
Reverberation+	残响+	EGOgift_MirrorDungeon.json	19086
Reverberation++	残响++	EGOgift_MirrorDungeon.json	29086
Smoking Gunpowder+	有烟火药+	EGOgift_MirrorDungeon.json	19117
Smoking Gunpowder++	有烟火药++	EGOgift_MirrorDungeon.json	29117
Decamillennial Stewpot	万年炖锅	EGOgift_MirrorDungeon.json	9155
Secret Cookbook	烹饪秘诀书	EGOgift_MirrorDungeon.json	9157
Millarca	蜜拉卡	EGOgift_MirrorDungeon.json	9159
Devotion	虔诚	EGOgift_MirrorDungeon.json	9161
Interlocked Cogs	啮合的齿轮	EGOgift_MirrorDungeon.json	9165
Thorny Rope Cuffs	荆棘捕绳	EGOgift_MirrorDungeon.json	9169
Tangled Bones	碎裂的骨片	EGOgift_MirrorDungeon.json	9174
Recollection of a Certain Day	某日的记忆	EGOgift_MirrorDungeon.json	9177
Reminiscence	追忆	EGOgift_MirrorDungeon.json	9179
T-1B Octagonal Bolt	1B型八角螺栓	EGOgift_MirrorDungeon.json	9182
Rebate Token	返利礼券	EGOgift_MirrorDungeon.json	9185
New Release Pamphlet	新品小册	EGOgift_MirrorDungeon.json	9186
Special Catalogue	特别目录	EGOgift_MirrorDungeon.json	9187
Pre-order Discount	预约优惠券	EGOgift_MirrorDungeon.json	9188
Renewed Merch	翻新的商品	EGOgift_MirrorDungeon.json	9189
Trial Plan Guide	试用计划指南	EGOgift_MirrorDungeon.json	9190
Prestige Card	贵宾卡	EGOgift_MirrorDungeon.json	9191
Dark Vestige	黯淡的残影	EGOgift_MirrorDungeon.json	9991
Faint Vestige	微茫的残影	EGOgift_MirrorDungeon.json	9992
Twinkling Vestige	闪耀的残影	EGOgift_MirrorDungeon.json	9993
Brilliant Vestige	辉煌的残影	EGOgift_MirrorDungeon.json	9994
Lunar Vestige	月之残影	EGOgift_MirrorDungeon.json	9995
Layered Bandages	重叠的创可贴	EGOgift_MirrorDungeon.json	9192
Layered Bandages+	重叠的创可贴+	EGOgift_MirrorDungeon.json	19192
Overused Whetstone	磨损的砥石	EGOgift_MirrorDungeon.json	9193
Short Cane Sword	拐杖短剑	EGOgift_MirrorDungeon.json	9194
Short Cane Sword+	拐杖短剑+	EGOgift_MirrorDungeon.json	19194
Short Cane Sword++	拐杖短剑++	EGOgift_MirrorDungeon.json	29194
Cloudpattern Gourd Bottle	云纹鹤颈瓶	EGOgift_MirrorDungeon.json	9195
Cloudpattern Gourd Bottle+	云纹鹤颈瓶+	EGOgift_MirrorDungeon.json	19195
Cloudpattern Gourd Bottle++	云纹鹤颈瓶++	EGOgift_MirrorDungeon.json	29195
Broken Greatsword	破碎的巨剑	EGOgift_MirrorDungeon.json	9196
High-tensility Shoes	高弹性钢鞋	EGOgift_MirrorDungeon.json	9197
Plume of Proof	见证的羽饰	EGOgift_MirrorDungeon.json	9198
Plume of Proof+	见证的羽饰+	EGOgift_MirrorDungeon.json	19198
Plume of Proof++	见证的羽饰++	EGOgift_MirrorDungeon.json	29198
Torn Hems	磨破的衣袖	EGOgift_MirrorDungeon.json	9199
Torn Hems+	磨破的衣袖+	EGOgift_MirrorDungeon.json	19199
Torn Hems++	磨破的衣袖++	EGOgift_MirrorDungeon.json	29199
Dueling Manual Book 3	决斗教材第三卷	EGOgift_MirrorDungeon.json	9200
Dimensional Recycle Bin	次元分类回收箱	EGOgift_MirrorDungeon.json	9201
Pocket Flashcards	口袋助记卡	EGOgift_MirrorDungeon.json	9202
Pocket Flashcards+	口袋助记卡+	EGOgift_MirrorDungeon.json	19202
Pocket Flashcards++	口袋助记卡++	EGOgift_MirrorDungeon.json	29202
Dimensional Perception Modifier	次元知觉变体	EGOgift_MirrorDungeon.json	9203
Decamillennial Hearthflame	万年炉火	EGOgift_MirrorDungeon_2.json	9156
Purloined Flame	盗来的火焰	EGOgift_MirrorDungeon_2.json	9158
Ruptured Blood Sac	撕裂的血囊	EGOgift_MirrorDungeon_2.json	9160
Hemorrhagic Shock	失血性休克	EGOgift_MirrorDungeon_2.json	9162
Gemstone Oscillator	宝石振子	EGOgift_MirrorDungeon_2.json	9163
Wobbling Keg	摇晃的酒桶	EGOgift_MirrorDungeon_2.json	9164
Epicenter	震源	EGOgift_MirrorDungeon_2.json	9166
Omnivibro-octovecti-bell	无振八方钟	EGOgift_MirrorDungeon_2.json	9167
Shard of Apocalypse	终末的碎片	EGOgift_MirrorDungeon_2.json	9168
Eerie Effigy	奇怪的石像	EGOgift_MirrorDungeon_2.json	9170
Cantabile	如歌	EGOgift_MirrorDungeon_2.json	9172
Faded Overcoat	褪色的外套	EGOgift_MirrorDungeon_2.json	9173
Surging Globe	浪景球	EGOgift_MirrorDungeon_2.json	9175
Impending Wave	袭来的浪潮	EGOgift_MirrorDungeon_2.json	9176
Angel's Cut	天使所私	EGOgift_MirrorDungeon_2.json	9178
Cask Spirits	桶装烈酒	EGOgift_MirrorDungeon_2.json	9180
Miniature Telepole	微型电线杆	EGOgift_MirrorDungeon_2.json	9181
Insulator	绝缘子	EGOgift_MirrorDungeon_2.json	9183
T-5 Perpetual Motion Machine	第五类永动机	EGOgift_MirrorDungeon_2.json	9184
A Certain Philosophy	某种哲学	EGOgift_MirrorDungeon_6.json	9799
Wealth	富	EGOgift_MirrorDungeon_6.json	9800
Tenacity Bolus	强韧丸	EGOgift_MirrorDungeon_6.json	9801
Lightning Axe	电击斧	EGOgift_MirrorDungeon_6.json	9802
Flower in the Mirror	镜中花	EGOgift_MirrorDungeon_6.json	9803
Moon in the Water	水中月	EGOgift_MirrorDungeon_6.json	9804
A Drop	落坠的一滴	EGOgift_MirrorDungeon_6.json	9795
Sorrowful Exhale	悲闷的吐息	EGOgift_MirrorDungeon_6.json	9796
Shatterbound Cannon	注定破碎的火炮	EGOgift_MirrorDungeon_6.json	9797
Coveting Thorn	贪欲之棘	EGOgift_MirrorDungeon_6.json	9798
For You Who Love the City	献给热爱都市的你	EGOgift_MirrorDungeon_7.json	9209
Meat Tenderizer	松肉锤	EGOgift_MirrorDungeon_7.json	9210
Meat Tenderizer+	松肉锤+	EGOgift_MirrorDungeon_7.json	19210
Meat Tenderizer++	松肉锤++	EGOgift_MirrorDungeon_7.json	29210
Chance & Choice	概率与选择	EGOgift_MirrorDungeon_7.json	9207
Entangled Fate	纠缠的缘分	EGOgift_MirrorDungeon_7.json	9208
Raincloud	乌云	EGOgift_MirrorDungeon_7.json	9211
The End of all Evil	万恶之终结	EGOgift_MirrorDungeon_7.json	9212
Miniature Ferris Wheel	微型摩天轮	EGOgift_MirrorDungeon_7.json	9213
Searing Hammer	灼热之锤	EGOgift_MirrorDungeon_7.json	9214
Red Necktie	红领带	EGOgift_MirrorDungeon_7.json	9215
Uniform - Liu Assoc.	制式服装-六协会	EGOgift_MirrorDungeon_7.json	9216
Someone's Device	某人的终端	EGOgift_MirrorDungeon_7.json	9217
Providence of the Prescript	指令的庇护	EGOgift_MirrorDungeon_7.json	9218
Omni-tool	万能工具	EGOgift_MirrorDungeon_7.json	9219
Omni-tool+	万能工具+	EGOgift_MirrorDungeon_7.json	19219
Omni-tool++	万能工具++	EGOgift_MirrorDungeon_7.json	29219
Stolen Fixer Magazine	被盗的收尾人杂志	EGOgift_MirrorDungeon_7.json	9220
Thermal Weapon	热丝武器	EGOgift_MirrorDungeon_7.json	9221
Pure-white Canvas	空白画布	EGOgift_MirrorDungeon_7.json	9222
Average Artwork	凡作	EGOgift_MirrorDungeon_7.json	9223
Exquisite Artwork	杰作	EGOgift_MirrorDungeon_7.json	9224
The Spider's Thread	蜘蛛网	EGOgift_MirrorDungeon_7.json	9225
The Spider's Thread+	蜘蛛网+	EGOgift_MirrorDungeon_7.json	19225
The Spider's Thread++	蜘蛛网++	EGOgift_MirrorDungeon_7.json	29225
Someone's Azure Blade	某人的青刀	EGOgift_MirrorDungeon_7.json	9226
Baleful Hwando	寄宿鬼气的环刀	EGOgift_MirrorDungeon_7.json	9227
One with the Blade	人剑合一	EGOgift_MirrorDungeon_7.json	9228
Tarnished Gauntlet	褪色的护手	EGOgift_MirrorDungeon_7.json	9229
Golden Hour	黄金时间	EGOgift_MirrorDungeon_7.json	9230
Record Logs of That Day	那一日的记录	EGOgift_MirrorDungeon_7.json	9231
Potentialities	可能性	EGOgift_MirrorDungeon_7.json	9232
Bongy Plush	小凤玩偶	EGOgift_MirrorDungeon_7.json	9242
Imperfect Eye of Precognition	不完善的预知眼	EGOgift_MirrorDungeon_7.json	9256
The Abandoned Oracle	遗落的神谕	EGOgift_MirrorDungeon_7.json	9257
The Book of Vengeance: Annex	复仇账簿：附录	EGOgift_MirrorDungeon_7.json	9258
A Maestro's Ring-Turned-Artwork	化为作品的大师指环	EGOgift_MirrorDungeon_7.json	9259
Mid-range K Corp. Ampule	量产型K公司安瓿	EGOgift_MirrorDungeon_7.json	9250
Burning Fate	燃烧的命运	EGOgift_MirrorDungeon_7.json	9251
Nail and Hammer	钉与锤	EGOgift_MirrorDungeon_7.json	9252
Carousel Figurine	旋转木马模型	EGOgift_MirrorDungeon_7.json	9253
Another Round!	再来一杯！	EGOgift_MirrorDungeon_7.json	9254
Clappity Clap!	拍手啪啪！	EGOgift_MirrorDungeon_7.json	9255
Spiderweb Entangled in Red	赤红纠缠的蜘蛛巢	EGOgift_MirrorDungeon_7.json	9273
Ohra Bond	捕绳	EGOgift_MirrorDungeon_7.json	9274
N Corp. Service des Clous Briefcase	N公司定格小队的包	EGOgift_MirrorDungeon_7.json	9275
Baekja Water Dropper	白瓷砚滴	EGOgift_MirrorDungeon_7.json	9276
Flagroot Cane Sword	菖蒲剑	EGOgift_MirrorDungeon_7.json	9277
Crushed Wooden Manacle	粉碎的木制刑具	EGOgift_MirrorDungeon_7.json	9278
Unadorned Sword-guard	无纹的刀镡	EGOgift_MirrorDungeon_7.json	9279
The Book of the Homeland Swordplay [本國劍譜]	本国剑谱	EGOgift_MirrorDungeon_7.json	9280
Wing-shaped Waxen Candle	翼形蜡烛	EGOgift_MirrorDungeon_7.json	9282
Tributary Cigar	奉纳的雪茄	EGOgift_MirrorDungeon_7.json	9283
Noose	绞索	EGOgift_StoryDungeon-a1c5p3.json	2017
Reverse Knot	反向结	EGOgift_StoryDungeon-a1c5p3.json	2018
Melted LCCB Employee Badge	融化的LCCB员工证	EGOgift_StoryDungeon-a1c5p3.json	2019
Desperate's Knot	绝望结	EGOgift_StoryDungeon-a1c5p3.json	2020
Mermaid Oil	人鱼油	EGOgift_StoryDungeon-a1c5p3.json	2021
Crossed Knot	十字结	EGOgift_StoryDungeon-a1c5p3.json	2022
Compulsive's Knot	强迫结	EGOgift_StoryDungeon-a1c5p3.json	2023
Rusted Hook	生锈的铁钩	EGOgift_StoryDungeon-a1c5p3.json	2024
Standard Issue Mag	补给弹匣	EGOgift_StoryDungeon-a1c5p3.json	2025
Unbreakable Knot	死结	EGOgift_StoryDungeon-a1c5p3.json	2026
A Broken Dream	破碎的梦	EGOgift_StoryDungeon-a1c7p3.json	2047
La Manchaland Standard Pass	拉·曼却领常规通行券	EGOgift_StoryDungeon-a1c7p3.json	2049
Self-flagellation Whip	告解之鞭	EGOgift_StoryDungeon-a1c7p3.json	2051
Endless Hunger	无尽的饥饿	EGOgift_StoryDungeon-a1c7p3.json	2054
A Little Dream	小小的梦	EGOgift_StoryDungeon-a1c7p3.json	2055
A Hollow Dream	荒唐的梦	EGOgift_StoryDungeon-a1c7p3.json	2056
The Dream Begins Anew	再一次做的梦	EGOgift_StoryDungeon-a1c7p3.json	2057
Mask of a Devotee	信徒面具	EGOgift_StoryDungeon.json	1001
Shoddy Dressing	破旧绷带	EGOgift_StoryDungeon.json	1002
Festered Fragment	腐烂碎片	EGOgift_StoryDungeon.json	1003
Bloodied Mask of a Devotee	染血信徒面具	EGOgift_StoryDungeon.json	1004
Etched Doomsday	终末浮雕	EGOgift_StoryDungeon.json	1006
Toy Fist	玩具拳头	EGOgift_StoryDungeon.json	1011
Toy Foot	玩具腿	EGOgift_StoryDungeon.json	1012
Toy Screw	玩具螺丝	EGOgift_StoryDungeon.json	1013
Rainbow Mainspring	彩色发条	EGOgift_StoryDungeon.json	1014
Rusty Mainspring	生锈发条	EGOgift_StoryDungeon.json	1015
Emergency Surgical Kit	紧急手术套件	EGOgift_StoryDungeon.json	1016
Writhing Ribbon	蠢蠢欲动的丝带	EGOgift_StoryDungeon.json	1018
Torch Stack	一堆火把	EGOgift_StoryDungeon.json	1032
Old Warehouse’s Key	破旧仓库的钥匙	EGOgift_StoryDungeon.json	1033
N Corp. Seal	N公司印章	EGOgift_StoryDungeon.json	1037
Token of Innocence	纯粹之证	EGOgift_StoryDungeon.json	1038
Token of Tears	泪水之证	EGOgift_StoryDungeon.json	1039
Sparkling Skull	发光颅骨	EGOgift_StoryDungeon.json	1040
Hemorrhagic Hand	流血的手	EGOgift_StoryDungeon.json	1041
Sniggering Tongue	窃笑的舌头	EGOgift_StoryDungeon.json	1042
Token of Atonement	赎罪之证	EGOgift_StoryDungeon.json	1043
Ritualist’s Right	仪式资格	EGOgift_StoryDungeon.json	1044
Green Skin	绿色外皮	EGOgift_StoryDungeon.json	1046
Topfhelm	钢盔	EGOgift_StoryDungeon.json	1048
Hammer	铁锤	EGOgift_StoryDungeon.json	1049
Nagel	尖钉	EGOgift_StoryDungeon.json	1050
Small Ampule	小型安瓿	EGOgift_StoryDungeon.json	2001
Piece of Crumbled Egg	破碎之卵的残片	EGOgift_StoryDungeon.json	2002
Cold Illusion	冰冷的幻想	EGOgift_StoryDungeon.json	2003
Sharp Illusion	尖锐的幻想	EGOgift_StoryDungeon.json	2004
Fragrant Illusion	芬芳的幻想	EGOgift_StoryDungeon.json	2005
Trace of Stars	星迹	EGOgift_StoryDungeon.json	2006
Pungent Bud	香气刺鼻的花蕾	EGOgift_StoryDungeon.json	2007
Hot Tears	热烈的泪水	EGOgift_StoryDungeon.json	2008
Cooled Tear	冰冷的泪水	EGOgift_StoryDungeon.json	2009
Memories of Fragments	碎片的记忆	EGOgift_StoryDungeon.json	2010
Piece of a Torn Spring	破碎之春的残片	EGOgift_StoryDungeon.json	2011
Piece of a Torn Summer	破碎之夏的残片	EGOgift_StoryDungeon.json	2012
Piece of a Torn Autumn	破碎之秋的残片	EGOgift_StoryDungeon.json	2013
Piece of a Torn Winter	破碎之冬的残片	EGOgift_StoryDungeon.json	2014
Piece of Reversing Memories	追忆流转的残片	EGOgift_StoryDungeon.json	2016
Artwork: Pulsation	作品：跃动	EGOgift_TwiningThreads.json	9260
Artwork: Ferity	作品：野性	EGOgift_TwiningThreads.json	9261
Universal Skeleton	万物的骨架	EGOgift_TwiningThreads.json	9262
Artwork: Evolving Pulsation	杰作：正在进化的跃动	EGOgift_TwiningThreads.json	9263
Artwork: Taxidermied Ferity	杰作：制成标本的野性	EGOgift_TwiningThreads.json	9264
The Middle Styled Knuckle-dusters	中指式指虎	EGOgift_TwiningThreads.json	9265
Unoccupied Birdcage	空荡的鸟笼	EGOgift_TwiningThreads.json	9266
Searing Brass	灼热的铜管	EGOgift_TwiningThreads.json	9267
Searing Brass+	灼热的铜管+	EGOgift_TwiningThreads.json	19267
Searing Brass++	灼热的铜管++	EGOgift_TwiningThreads.json	29267
Universal Instinct	万物的本能	EGOgift_TwiningThreads.json	9268
Coin	铜钱	EGOgift_a1c8p2.json	2061
Worn Entry Card	陈旧的通行证	EGOgift_a1c8p2.json	2062
Heavenly King's Heartmending Pill	天王补心丹	EGOgift_a1c8p2.json	2063
Tranquil Lotus Bolus	静莲丸	EGOgift_a1c8p2.json	2064
Sanguine Blossom Bolus	血花丸	EGOgift_a1c8p2.json	2065
Accursed Codex	被诅咒的古代文书	EGOgift_a1c8p2.json	2068
Madness-inscribed Codex	寄宿疯狂的古代文书	EGOgift_a1c8p2.json	2069
Flower Mound	花冢	EGOgift_a1c8p2.json	2071
Heartrender Talisman	破心符	EGOgift_a1c8p2.json	2073
Bloodsevering Blade	绝血刀	EGOgift_a1c8p2.json	2074
Jin Gang Bolus	金刚丸	EGOgift_a1c8p2.json	2075
Faded Poster	褪色的海报	EGOgift_a1c8p2.json	2076
Deep Claw Marks	深深的爪痕	EGOgift_a1c8p2.json	2077
The Memory of Kong Family Annihilation	孔灭日的记忆	EGOgift_a1c8p2.json	2078
Red Entry Card	红色通行证	EGOgift_a1c8p2.json	2079
Bloodflame Sword	血炎刀	EGOgift_cultivation.json	9819
Blackiron Barding	黑铁马胄	EGOgift_cultivation.json	9820
Red Cloth that Closes the Heart	蒙蔽心扉的红布	EGOgift_cultivation.json	9821
Virtue - Zhi (智)	品德 - 智	EGOgift_cultivation.json	9822
Virtue - Yong (勇)	品德 - 勇	EGOgift_cultivation.json	9823
Virtue - Ren (仁)	品德 - 仁	EGOgift_cultivation.json	9824
Cultivation: Cut, File, Carve, Polish	切磋琢磨	EGOgift_cultivation.json	9825
Shaoxing Wine	绍兴酒	EGOgift_cultivation.json	9826
Shaoxing Wine+	绍兴酒+	EGOgift_cultivation.json	19826
Shaoxing Wine++	绍兴酒++	EGOgift_cultivation.json	29826
The Family's Resentment	家人的怨恨	EGOgift_cultivation.json	9827
For the Capo	为了指挥官	EGOgift_cultivation.json	9828
Rules of the Middle	中指规矩	EGOgift_cultivation.json	9829
Kkomi's Mini-Gift	可米的小小礼物	EGOgift_cultivation.json	9830
Trial Extraction : A.B.S	试验提取：红艳煞	EGOgift_lcbcheckup-re.json	9243
Trial Extraction : Lantern	试验提取：提灯	EGOgift_lcbcheckup-re.json	9244
Modified Extraction : AEDD	变形提取：AEDD	EGOgift_lcbcheckup-re.json	9245
Someone's Dropped Employee Card	某人遗落的员工证	EGOgift_lcbcheckup-re.json	9246
Spicebush, Glasses, and Mailed Letter	山茶花、眼镜和送达的信	EGOgift_lcbcheckup-re.json	9248
A Small, Lovely Violin	小巧而精致的小提琴	EGOgift_lcbcheckup-re.json	9249
Boombox of Dramatic Entrances	登场专用音响	EGOgift_night-clean-up-re.json	9269
ENTER: The B.B.	幼·兄登场	EGOgift_night-clean-up-re.json	9270
Heishou Bolus - Mao	黑兽丸 - 卯	EGOgift_night-clean-up-re.json	9271
Shadowlurking	暗中行动	EGOgift_night-clean-up-re.json	9272
Sea Terror Notes	恐鱼研究记录	EGOgift_pilgrimage.json	9831
Goldforged Compass	黄金罗盘	EGOgift_pilgrimage.json	9832
Silver Key Bundle	银色的钥匙串	EGOgift_pilgrimage.json	9833
Sea Terror Jerky	恐鱼干	EGOgift_pilgrimage.json	9834
Brilliant Lamplight	闪耀的提灯	EGOgift_pilgrimage.json	9835
Aged Sheet Music	古旧乐谱残章	EGOgift_pilgrimage.json	9836
Metal Construct	金属构造体	EGOgift_pilgrimage.json	9837
Moonmirror Wine Cup	宿月酒盏	EGOgift_pilgrimage.json	9838
Classical-design Letter Opener	造型古典的拆信刀	EGOgift_pilgrimage.json	9839
Interlinked Time	交织的时间	EGOgift_tktRe.json	9812
Interlinked Time+	交织的时间+	EGOgift_tktRe.json	19812
Interlinked Time++	交织的时间++	EGOgift_tktRe.json	29812
Emergency Investigator Badge	紧急授予型搜查官徽章	EGOgift_tktRe.json	9813
Emergency Investigator Badge+	紧急授予型搜查官徽章+	EGOgift_tktRe.json	19813
Emergency Investigator Badge++	紧急授予型搜查官徽章++	EGOgift_tktRe.json	29813
Entanglement Override Sequencer	强制纠缠定序器	EGOgift_tktRe.json	9814
Entanglement Override Sequencer+	强制纠缠定序器+	EGOgift_tktRe.json	19814
Entanglement Override Sequencer++	强制纠缠定序器++	EGOgift_tktRe.json	29814
Microprecision Time Accelerator	超精密时间加速装置	EGOgift_tktRe.json	9816
Filial Love	孝心	EGOgift_walpu4.json	9744
Misaligned Transistor	错位的晶体管	EGOgift_walpu4.json	9745
Mental Corruption Boosting Gas	精神污染加速气体	EGOgift_walpu4.json	9746
Leaked Enkephalin	泄露的脑啡肽	EGOgift_walpu4.json	9747
Hardship	苦难	EGOgift_walpu4.json	9748
Crown of Thorns	荆棘头冠	EGOgift_walpu4.json	9749
Rest	安息	EGOgift_walpu4.json	9750
Ashen Constellation's Blessing	灰色星座的加护	EGOgift_walpu6.json	9805
The Unchosen	未被选中之人	EGOgift_walpu6.json	9806
Sword Sharpened with Tears	泪锋之剑	EGOgift_walpu6.json	9807
Magical Girl's Lovely Gift	魔法少女的爱之礼物	EGOgift_walpu6.json	9808
Spent Use, Forming Hate	可用之处已尽，郁积的憎恶	EGOgift_walpu6.json	9809
Value Disposal	价值处置	EGOgift_walpu6.json	9811
Staticky Two-way Radio	夹杂着噪音的对讲机	EGOgift_walpu8.json	9233
Beak-shaped Necklace	喙形项链	EGOgift_walpu8.json	9234
Harmonics	泛音	EGOgift_walpu8.json	9236
Harmonics+	泛音+	EGOgift_walpu8.json	19236
Harmonics++	泛音++	EGOgift_walpu8.json	29236
Walking Bass	行进贝斯	EGOgift_walpu8.json	9237
Walking Bass+	行进贝斯+	EGOgift_walpu8.json	19237
Walking Bass++	行进贝斯++	EGOgift_walpu8.json	29237
Pink Bouquet	粉红花束	EGOgift_walpu8.json	9239
Royal Jelly Perfume	蜂王浆香水	EGOgift_walpu8.json	9240
Still-warm Coffee	尚且温热的咖啡	EGOgift_walpu8.json	9241
Whale of the Porous Hand Mermaid	穴掌鲸人鱼	Enemies-a1c5p1.json	90083
Moustachioed Twinhooks Pirate	留胡子的双钩海盗团成员	Enemies-a1c5p1.json	90084
Bandana-wearing Twinhooks Pirate	戴头巾的双钩海盗团成员	Enemies-a1c5p1.json	90085
Agile Twinhooks Pirate	敏捷的双钩海盗团成员	Enemies-a1c5p1.json	90086
Tough Twinhooks Pirate	坚实的双钩海盗团成员	Enemies-a1c5p1.json	90087
Whale of the Porous Hand Soldier Mermaid	穴掌鲸 士兵人鱼	Enemies-a1c5p1.json	91011
Twinhook Pirates First Mate Smee	双钩海盗团大副 斯米	Enemies-a1c5p1.json	91012
Terrified K Corp. Checkpoint Security	惊恐的K公司检查站安保人员	Enemies-a1c5p1.json	97401
Stiffened K Corp. Checkpoint Security	僵直的K公司检查站安保人员	Enemies-a1c5p1.json	97402
Threatened K Corp. Class 1 Staff	受到威胁的K公司1级员工	Enemies-a1c5p1.json	97403
Unnerved K Corp. Class 1 Staff	焦虑的K公司1级员工	Enemies-a1c5p1.json	97404
Hacked K Corp. Regen Drone	被破解的K公司再生无人机	Enemies-a1c5p1.json	97405
Revived K Corp. Security	复活的K公司检查站安保人员	Enemies-a1c5p1.json	97406
Revived K Corp. Class 1 Staff	复活的K公司1级员工	Enemies-a1c5p1.json	97408
Revived K Corp. Class 3 Empowered Staff	复活的K公司3级员工 - 强化	Enemies-a1c5p1.json	97410
Body	躯干	Enemies-a1c5p1.json	874101
Right Arm	右臂	Enemies-a1c5p1.json	874102
Head	头部	Enemies-a1c5p1.json	874202
Old Umbrella	旧伞	Enemies-a1c5p1.json	8743
Umbrella	伞	Enemies-a1c5p1.json	874301
Left Arm	左臂	Enemies-a1c5p1.json	874402
Fairy Wine	精灵酒	Enemies-a1c5p1.json	8745
Wine Barrel	酒桶	Enemies-a1c5p1.json	874501
Giant Leaf	巨大的叶子	Enemies-a1c5p1.json	8747
Heart of the Townsfolk	镇民之心	Enemies-a1c5p1.json	8750
Heart	心脏	Enemies-a1c5p1.json	875001
Left Eye	左眼	Enemies-a1c5p1.json	875102
Right Eye	右眼	Enemies-a1c5p1.json	875103
Whale of the Thousand Strands Mermaid	千缕鲸人鱼	Enemies-a1c5p2.json	90088
Pallid White Mermaid	苍白的白色人鱼	Enemies-a1c5p2.json	90089
Pallid Blue Mermaid	苍白的蓝色人鱼	Enemies-a1c5p2.json	90090
Pallid Entwined Mermaid	苍白的纠缠人鱼	Enemies-a1c5p2.json	90091
Pallidified Thing-Shield	苍白之物-盾	Enemies-a1c5p2.json	90092
Pallidified Thing-Club	苍白之物-棍	Enemies-a1c5p2.json	90093
Pallidified Thing-Pirate	苍白之物-海盗	Enemies-a1c5p2.json	90094
Pallidified Thing-Hook	苍白之物-钩	Enemies-a1c5p2.json	90095
Sturdy Little Brother of the Middle	可靠的中指幼弟	Enemies-a1c5p2.json	90096
Stern Little Brother of the Middle	严格的中指幼弟	Enemies-a1c5p2.json	90097
Ricardo	里卡多	Enemies-a1c5p2.json	8099
Pallid and Blue Mermaid	苍白而泛青的人鱼	Enemies-a1c5p2.json	90100
Candle	蜡烛	Enemies-a1c5p3.json	8107
Fluorescence	荧光灯	Enemies-a1c5p3.json	810202
Flotsam	漂流物	Enemies-a1c5p3.json	8108
Shell	壳	Enemies-a1c5p3.json	810101
Pearl	珍珠	Enemies-a1c5p3.json	810102
???	？？？	Enemies-a1c5p3.json	8103
Blinded Pequod Town Villager	被蒙住双眼的裴廓德镇居民	Enemies-a1c5p3.json	8110
Gagged Pequod Town Villager	被堵上嘴的裴廓德镇居民	Enemies-a1c5p3.json	8111
Starbuck	斯达巴克	Enemies-a1c5p3.json	8104
Queequeg	魁魁格	Enemies-a1c5p3.json	8112
Urgent T Corp. Gangster	焦急的T公司黑帮成员	Enemies-a1c6p1.json	90114
Scared T Corp. Gangster	胆怯的T公司黑帮成员	Enemies-a1c6p1.json	90115
Hefty Dead Rabbits Henchman	健硕的死兔帮成员	Enemies-a1c6p1.json	90116
Slow Dead Rabbits Henchman	迟缓的死兔帮成员	Enemies-a1c6p1.json	90117
Fierce Dead Rabbits Henchman	凶猛的死兔帮成员	Enemies-a1c6p1.json	90118
Sharp Dead Rabbits Henchman	敏锐的死兔帮成员	Enemies-a1c6p1.json	90119
Swift Edgar Family Butler	灵敏的埃德加家族管家	Enemies-a1c6p1.json	90120
Fast Edgar Family Butler	迅捷的埃德加家族管家	Enemies-a1c6p1.json	90121
Veteran Edgar Family Butler	资深的埃德加家族管家	Enemies-a1c6p1.json	90122
Shifty Edgar Family Butler	诡诈的埃德加家族管家	Enemies-a1c6p1.json	90123
Trained Edgar Family Butler	熟练的埃德加家族管家	Enemies-a1c6p1.json	90124
Hostile Wuthering Heights Butler	险恶的呼啸山庄管家	Enemies-a1c6p1.json	90126
Trained Wuthering Heights Butler	受训的呼啸山庄管家	Enemies-a1c6p1.json	90127
Josephine	约瑟芬	Enemies-a1c6p1.json	91014
Stubborn Öufi Fixer	顽固的Öufi协会收尾人	Enemies-a1c6p2.json	90128
Precise Öufi Fixer	严谨的Öufi协会收尾人	Enemies-a1c6p2.json	90129
Öufi Assoc. Director	Öufi协会收尾人 科长	Enemies-a1c6p2.json	90130
Enamored Researcher of the Ring?	忘我的环指研究员？	Enemies-a1c6p2.json	90131
Mad Researcher of the Ring?	发狂的环指研究员？	Enemies-a1c6p2.json	90132
Pointillist Researcher of the Ring?	点彩派环指研究员？	Enemies-a1c6p2.json	90133
Hindley	亨德利	Enemies-a1c6p2.json	91015
Dead Rabbits Boss	死兔帮 老大	Enemies-a1c6p2.json	8204
Bizarre Dead Rabbits Henchman	奇特的死兔帮成员	Enemies-a1c6p2.json	8162
Veiled Dead Rabbits Henchman	蒙面的死兔帮成员	Enemies-a1c6p2.json	8163
Heathcliff?	希斯克利夫？	Enemies-a1c6p2.json	8164
The Chain	锁链	Enemies-a1c6p3.json	816602
Josephine of the Wild Hunt	狂猎 约瑟芬	Enemies-a1c6p3.json	8167
Hindley of the Wild Hunt	狂猎 亨德利	Enemies-a1c6p3.json	8168
Linton of the Wild Hunt	狂猎 林顿	Enemies-a1c6p3.json	8169
The Reaved Lamenter of the Wild Hunt	狂猎 因被夺取而哭嚎的亨德利	Enemies-a1c6p3.json	8170
Every Catherine	所有凯瑟琳	Enemies-a1c6p3.json	8174
Left Hand of Every Catherine	所有凯瑟琳 左手	Enemies-a1c6p3.json	8192
Right Hand of Every Catherine	所有凯瑟琳 右手	Enemies-a1c6p3.json	8193
Peccatulum Irae??	暴怒罪种??	Enemies-a1c6p3.json	8161
Vergilius	维吉里乌斯	Enemies-a1c6p3.json	9999
Left Hand	左手	Enemies-a1c6p3.json	819201
Right Hand	右手	Enemies-a1c6p3.json	819301
Well-dressed Bloodbag	穿着得体的血袋	Enemies-a1c7p1.json	90152
Embellished Bloodbag	打扮过的血袋	Enemies-a1c7p1.json	90153
Insane Fashionista Bloodfiend	疯狂的时尚血魔	Enemies-a1c7p1.json	90154
Mad Fashionista Bloodfiend	失去理智的时尚血魔	Enemies-a1c7p1.json	90155
Combative Fanghunt Office Fixer	好斗的猎牙事务所收尾人	Enemies-a1c7p1.json	90156
Prideful Fanghunt Office Fixer	心高气傲的猎牙事务所收尾人	Enemies-a1c7p1.json	90157
No-good Bandit	坏盗贼	Enemies-a1c7p1.json	90160
Big, Scary Bear	可怕的巨熊	Enemies-a1c7p1.json	90161
Cinq West Section 3 Camille	Cinq协会西部3科 卡米尔	Enemies-a1c7p1.json	8371
Bloodbag of the Painful Parade	痛苦的游行血袋	Enemies-a1c7p2.json	90173
Bloodbag of the Rear Parade	紧随其后的游行血袋	Enemies-a1c7p2.json	90174
Bloodfiend of the Happy Parade	幸福的游行血魔	Enemies-a1c7p2.json	90175
Bloodfiend of the Joyful Parade	快乐的游行血魔	Enemies-a1c7p2.json	90176
Dulcinea	杜尔西内娅	Enemies-a1c7p2.json	8381
Disgraced Bloodbag	堕落的血袋	Enemies-a1c7p2.json	90158
Despairing Bloodbag	绝望的血袋	Enemies-a1c7p2.json	90159
Eerie Bloodbag	阴森森的血袋	Enemies-a1c7p2.json	90169
Sinister Bloodbag	可怖的血袋	Enemies-a1c7p2.json	90170
"Ghost" Bloodfiend of Failed Penitence	扮演不知悔改的幽灵的血魔	Enemies-a1c7p2.json	90171
"Ghost" Bloodfiend of Prayers	扮演祈祷的幽灵的血魔	Enemies-a1c7p2.json	90172
The Knight of the White Moon	白月骑士	Enemies-a1c7p2.json	8389
Budding Bloodbag	发芽的血袋	Enemies-a1c7p3.json	90162
Budding Zwei Fixer	发芽的Zwei收尾人	Enemies-a1c7p3.json	8394
Budding Bloodfiend	盛开的血魔	Enemies-a1c7p3.json	90166
Blossomed Bloodfiend	绽放的血魔	Enemies-a1c7p3.json	90167
Bloomed Bloodfiend	盛放的血魔	Enemies-a1c7p3.json	90168
Peccatulum Luxuriae?	色欲罪种?	Enemies-a1c7p3.json	8373
Peccatulum Superbiae?	傲慢罪种?	Enemies-a1c7p3.json	8374
Budding Cinq West Fixer	发芽的Cinq西部收尾人	Enemies-a1c7p3.json	8375
The Priest	神父	Enemies-a1c7p3.json	8378
Sancho	桑丘	Enemies-a1c7p3.json	8380
The Barber	理发师	Enemies-a1c7p3.json	8395
Gondola	座舱	Enemies-a1c7p3.json	8403
Coagulated Dream	凝结的梦	Enemies-a1c7p3.json	8411
Impaling Spear	贯穿之枪	Enemies-a1c7p3.json	8412
Budding Zwei West Fixer	发芽的Zwei西部收尾人	Enemies-a1c7p3.json	90165
Don Quixote	堂吉诃德	Enemies-a1c7p3.json	8410
Memories of the Dreaming Adventure	梦中的冒险记忆	Enemies-a1c7p3.json	8413
The Wheel of La Manchaland	大摩天轮	Enemies-a1c7p3.json	839001
Dreamshard	梦之碎片	Enemies-a1c7p3.json	841101
Hardblood Fragment	硬血碎片	Enemies-a1c7p3.json	841201
Memories of the Adventure	冒险记忆	Enemies-a1c7p3.json	841301
Talisman Jar Monster	贴着符咒的瓮怪物	Enemies-a1c8p1.json	90195
Nailed Jar Monster	被钉住的瓮怪物	Enemies-a1c8p1.json	90196
Entangled Jar Monster	被束缚的瓮怪物	Enemies-a1c8p1.json	90197
Monster from the Gorged and Devoured Jar of Loneliness	互相吞食的蛊毒瓮怪物	Enemies-a1c8p1.json	91022
Furtive Podao Assailant	隐秘的朴刀袭击者	Enemies-a1c8p1.json	90198
Swift Podao Assailant	敏捷的朴刀袭击者	Enemies-a1c8p1.json	90199
Large Podao Assailant	魁梧的朴刀袭击者	Enemies-a1c8p1.json	90200
Bandaged Wooden Dummy	裹着绷带的木人桩	Enemies-a1c8p1.json	90201
Spiked Wooden Dummy	带刺的木人桩	Enemies-a1c8p1.json	90202
Swift Ambushing Stranger	敏捷突袭的怪人	Enemies-a1c8p1.json	90203
Swift Pursuing Stranger	敏捷追击的怪人	Enemies-a1c8p1.json	90204
Impaled Failure	被穿刺的失败品	Enemies-a1c8p2.json	90205
Blooming Failure	盛开的失败品	Enemies-a1c8p2.json	90206
Entangled Failure	纠缠的失败品	Enemies-a1c8p2.json	90207
Wicked Deathrite Monk	邪咒杀僧	Enemies-a1c8p2.json	90208
Evil-possessed Deathrite Monk	饱含邪气的咒杀僧	Enemies-a1c8p2.json	90209
Zilu	子路	Enemies-a1c8p2.json	1133
Xue Pan	薛蟠	Enemies-a1c8p2.json	1157
Shi Yihua	史易华	Enemies-a1c8p2.json	1158
Swift Shi Family Mercenary	灵敏的史家私兵	Enemies-a1c8p2.json	90210
Veteran Shi Family Mercenary	干练的史家私兵	Enemies-a1c8p2.json	90211
Heavy Shi Family Mercenary	稳重的史家私兵	Enemies-a1c8p2.json	90212
Wang Qingshan	王清山	Enemies-a1c8p2.json	1159
Shi Hua... something?	史华？	Enemies-a1c8p2.json	1167
Shi Sijing	史思静	Enemies-a1c8p2.json	1160
Shi Huazhen	史华贞	Enemies-a1c8p2.json	1179
Lei Heng	雷横	Enemies-a1c8p3.json	1145
Stern Soldato of the Thumb	严格的拇指士兵	Enemies-a1c8p3.json	1171
Swift N Corp. E.G.O::Sticking	敏捷的N公司E.G.O::黏稠	Enemies-a1c8p3.json	1139
Nimble N Corp. E.G.O::Sticking	灵敏的N公司E.G.O::黏稠	Enemies-a1c8p3.json	1140
Rigid Soldato of the Thumb	穿戴整齐的拇指士兵	Enemies-a1c8p3.json	90218
N Corp. E.G.O::Contempt, Awe Jia Huan	N公司 E.G.O::轻蔑，敬畏 贾环	Enemies-a1c8p3.json	1135
N Corp. E.G.O::Fell Bullet Gubo	N公司 E.G.O::凶弹 仇甫	Enemies-a1c8p3.json	1136
Jia Mu	贾母	Enemies-a1c8p3.json	1146
Muddled Heishou of the Corpse Palanquin [混覺轀輬黑獸]	混觉辒辌黑兽	Enemies-a1c8p3.json	1152
Palanquin	轿子	Enemies-a1c8p3.json	115202
Baoyu, the Precious Jade	宝玉	Enemies-a1c8p3.json	1153
Jade	玉	Enemies-a1c8p3.json	115301
Heavenly Elder	天之长辈	Enemies-a1c8p3.json	1154
Earthly Elder	地之长辈	Enemies-a1c8p3.json	1155
Brain Elder	脑之长辈	Enemies-a1c8p3.json	1156
Leafy Gnome	绿色小矮人	Enemies-a1c951.json	90101
Cherry Gnome	红色小矮人	Enemies-a1c951.json	90102
Shadowy Gnome	黑色小矮人	Enemies-a1c951.json	90103
Manager Gnome	科长小矮人	Enemies-a1c951.json	90104
Santata	桑塔塔	Enemies-a1c951.json	8113
Gift Sack	礼物袋	Enemies-a1c951.json	811302
Dodoru	多多鲁	Enemies-a1c951.json	90105
Peccatulum Pigritiae??	怠惰罪种??	Enemies-a1c971.json	1080
Peccatulum Morositatis??	忧郁罪种??	Enemies-a1c971.json	1081
Censored Lobotomy Corp. L3 Agent	被审查的脑叶公司3级员工	Enemies-a1c971.json	90181
Censored Lobotomy Corp. L3 Agent	被审查的脑叶公司2级员工	Enemies-a1c971.json	90182
The Ring Corporist Automanikin - Researcher	环指人体派自动人偶 - 研究员	Enemies-a1c9p1.json	91036
The Ring Corporist Automanikin - Combatant	环指人体派自动人偶 - 战斗员	Enemies-a1c9p1.json	91037
The Ring Corporist Automanikin - Roseate Desire Corrosion	环指人体派自动人偶 - 粉红欲望 侵蚀	Enemies-a1c9p1.json	91038
The Thumb Apprentice - Lucio	拇指 子辈 - 卢西奥	Enemies-a1c9p1.json	1306
The Pinky Apprentice - Ren	小指 子辈 - 莲	Enemies-a1c9p1.json	1318
The Ring Apprentice - Albina	环指 子辈 - 阿尔比娜	Enemies-a1c9p1.json	1319
The Index Apprentice - Sora	食指 子辈 - 空	Enemies-a1c9p2.json	1325
The Pinky Nursefather - Shiomi Yoru	小指 父辈 - 盐见夜	Enemies-a1c9p2.json	1322
The Thumb Nursefather - Valencina	拇指 父辈 - 瓦伦希娜	Enemies-a1c9p3.json	1314
The Middle Nursefather - Matthias	中指 父辈 - 马蒂亚斯	Enemies-a1c9p3.json	1327
The Middle Apprentice - Kira	中指 子辈 - 绮罗	Enemies-a1c9p3.json	1328
The Index Nursefather - Rien	食指 父辈 - 里恩	Enemies-a1c9p3.json	1347
The Ring Nursefather - Callisto	环指 父辈 - 卡利斯托	Enemies-a1c9p3.json	1331
The Roach Emperor	蜚蠊皇帝	Enemies-a1c9p3.json	1339
The Pinky Nursefather - ???	小指 父辈 - ???	Enemies-a1c9p3.json	1324
Ryōshū	良秀	Enemies-a1c9p3.json	1343
Wei	卫	Enemies-cultivation.json	1247
True Night Drifter of the Drunken Palm	真-醉手夜客	Enemies-cultivation.json	1272
Heishou Pack - Si : Veilstriker	黑兽 - 巳：隐袭	Enemies-cultivation.json	90215
Heishou Pack - Si : Shadestriker	黑兽 - 巳：阴袭	Enemies-cultivation.json	90216
Heishou Pack - Si : Depthstriker	黑兽 - 巳：潜袭	Enemies-cultivation.json	91023
Sinclair	辛克莱	Enemies-cultivation.json	1287
Ch'unokkun - Incapacitate	推奴人 - 压制	Enemies-exme.json	1448
Ch'unokkun - Bind	推奴人 - 捕缚	Enemies-exme.json	1449
Flash Phenomenon - Im Gyeong-eop	闪光现象 - 林庆业	Enemies-exme.json	1450
Icy N Corp. Class 2 Staff	冷漠的N公司2级员工	Enemies-exme.json	1452
Reticent N Corp. Class 2 Staff	静默的N公司2级员工	Enemies-exme.json	1453
Hateful Blade Lineage Salsu	心怀怨恨的剑契组杀手	Enemies-exme.json	91057
Resentful Blade Lineage Salsu	寄宿怨恨的剑契组杀手	Enemies-exme.json	91058
Imagined Im Gyeong-eop	心象中的林庆业	Enemies-exme.json	1451
Kkomi and Vergilius?	可米与维吉里乌斯？	Enemies-fools.json	8999
Core	本体	Enemies-hidden.json	124301
Kkomi	可米	Enemies-hidden.json	124302
Wrath-drenched Rose	浸染暴怒的玫瑰	Enemies-mirror4.json	8175
Lust-drenched Rose	浸染色欲的玫瑰	Enemies-mirror4.json	8176
Sloth-drenched Rose	浸染怠惰的玫瑰	Enemies-mirror4.json	8177
Gluttony-drenched Rose	浸染暴食的玫瑰	Enemies-mirror4.json	8178
Gloom-drenched Rose	浸染忧郁的玫瑰	Enemies-mirror4.json	8179
Pride-drenched Rose	浸染傲慢的玫瑰	Enemies-mirror4.json	8180
Envy-drenched Rose	浸染嫉妒的玫瑰	Enemies-mirror4.json	8181
Tree of Desires	欲望之树	Enemies-mirror4.json	8183
Absorbing Tree	吸收之树	Enemies-mirror4.json	8184
Craving Bloodbag Passenger	渴求的血袋乘客	Enemies-mowe.json	90145
Violent Bloodbag Passenger	发狂的血袋乘客	Enemies-mowe.json	90146
Aggressive Bloodbag Passenger	好斗的血袋乘客	Enemies-mowe.json	90147
Merciless Bloodbag Cleanup Agent	无情的血袋清扫人员	Enemies-mowe.json	90148
Feral Bloodbag Cleanup Agent	凶猛的血袋清扫人员	Enemies-mowe.json	90149
Hungering Bloodbag Cleanup Agent	饥饿的血袋清扫人员	Enemies-mowe.json	90150
Bloodbag Prosthetic Fixer	血袋义体收尾人	Enemies-mowe.json	90151
Shell Sea Runner	壳海狂奔者	Enemies-pilgrimage.json	91027
Deep Sea Slider	底海滑动者	Enemies-pilgrimage.json	91028
Basin Sea Reaper	钵海收割者	Enemies-pilgrimage.json	91029
Nethersea Founder	深溟奠基者	Enemies-pilgrimage.json	91030
Nethersea Spewer	深溟喷溅者	Enemies-pilgrimage.json	91031
Hand of the Saint	圣徒之手	Enemies-pilgrimage.json	91032
Swift Cultist of the Deep	敏捷的深海教徒	Enemies-pilgrimage.json	1289
Steadfast Cultist of the Deep	倔强的深海教徒	Enemies-pilgrimage.json	1290
Fabius	费边	Enemies-pilgrimage.json	1291
The Last Knight	最后的骑士	Enemies-pilgrimage.json	1288
Device	装置	Enemies-pilgrimage.json	129901
Deceitful Tri-axe Office Fixer	卑鄙的三斧事务所收尾人	Enemies-sweep.json	90183
Tough-looking Stranger	表情坚毅的怪人	Enemies-sweep.json	90184
Awkward Tri-axe Office Fixer	左右为难的三斧事务所收尾人	Enemies-sweep.json	90193
Sharp-looking Stranger	表情犀利的怪人	Enemies-sweep.json	90194
Heishou Pack - Mao: Featherstriker	黑兽 - 卯：迅击	Enemies-sweep.json	90185
Heishou Pack - Mao: Umbrastriker	黑兽 - 卯：暗袭	Enemies-sweep.json	90186
The City's Sweeper A	都市的清道夫A	Enemies-sweep.json	90187
The City's Sweeper B	都市的清道夫B	Enemies-sweep.json	90188
The City's Sweeper C	都市的清道夫C	Enemies-sweep.json	90189
The City's Sweeper D	都市的清道夫D	Enemies-sweep.json	90190
Little Brother Werner	幼弟 维尔纳	Enemies-sweep.json	91020
Aggressive Yurodivy	过激的圣愚活动成员	Enemies-tkt.json	90140
Quick-witted Yurodivy	敏捷的圣愚活动成员	Enemies-tkt.json	90141
District 20 Yurodiviye Captain	20区 圣愚 队长	Enemies-tkt.json	91017
T Corp. Class 2 Collection Staff	T公司 2级征收人员	Enemies-tkt.json	90142
T Corp. Class 3 Collector - Neutralize	T公司 3级征收人员 - 射杀	Enemies-tkt.json	90143
T Corp. Class 3 Collector - Suppress	T公司 3级征收人员 - 压制	Enemies-tkt.json	90144
Brain	脑	Enemies-tkt.json	827801
Unfolded Time Rippers	展开的时间杀人魔们	Enemies-tkt.json	8279
Prescript-chasing Proselyte of the Index	追随指令的食指苦行者	Enemies-twth.json	91034
Prescript-conforming Proselyte of the Index	遵从指令的食指苦行者	Enemies-twth.json	91035
Impulsive Fauvist Student of the Ring	冲动的环指野兽派学徒	Enemies-twth.json	91043
Instinctive Fauvist Student of the Ring	依照本能的环指野兽派学徒	Enemies-twth.json	91044
Feral Fauvist Student of the Ring	充满野性的环指野兽派学徒	Enemies-twth.json	91045
Spontaneous Fauvist Student of the Ring	即兴的环指野兽派学徒	Enemies-twth.json	91046
Rufo	卢佛	Enemies-twth.json	1422
Dawn of Green - Doubt - α	绿色的黎明 - 疑问 - α	Enemies-walpu2.json	8147
Dawn of Green - Doubt - β	绿色的黎明 - 疑问 - β	Enemies-walpu2.json	8148
Dawn of Green - Doubt - γ	绿色的黎明 - 疑问 - γ	Enemies-walpu2.json	8149
Dawn of Green - Doubt - δ	绿色的黎明 - 疑问 - δ	Enemies-walpu2.json	8150
Fruit of Understanding	理解的果实	Enemies-walpu4.json	8363
Grant Us Love	请给我们爱	Enemies-walpu4.json	8366
Threatening Gear Worshipper	危险的齿轮信徒	Enemies-walpu5.json	90178
Nimble Gear Worshipper	敏捷的齿轮信徒	Enemies-walpu5.json	90179
Aggressive Gear Fanatic	好斗的齿轮狂信徒	Enemies-walpu5.json	90180
Sword of a Forgotten Knight	遗忘骑士之剑	Enemies-walpu6.json	1224
Heart-breaking Sword	毁心之剑	Enemies-walpu6.json	1225
Heart-tearing Sword	裂心之剑	Enemies-walpu6.json	1226
Heart-piercing Sword	穿心之剑	Enemies-walpu6.json	1227
BongBong [Orange]	噗扭扭[橙子味]	Enemies-walpu8.json	1366
BunBun [Juicy Squeezer - Orange]	吱扭扭[橙子味榨汁机]	Enemies-walpu8.json	1369
Da Boingy Empworoar	凤凤皇地	Enemies-x1p1c1.json	1365
Bongybug	小凤虫	Enemies-x1p1c1.json	91039
Bongyguard	小凤警卫队	Enemies-x1p1c1.json	91040
Bongy Security	小凤安保人员	Enemies-x1p1c1.json	91041
False Bongy	假小凤	Enemies-x1p1c1.json	1387
Determined Kurokumo Henchman	坚定的黑云会成员	Enemies-ycgd.json	90110
Tense Kurokumo Henchman	紧张的黑云会成员	Enemies-ycgd.json	90111
Adept Kurokumo Henchwoman	娴熟的黑云会成员	Enemies-ycgd.json	90112
Tired Kurokumo Henchwoman	昏昏欲睡的黑云会成员	Enemies-ycgd.json	90113
Kurokumo Clan Captain Jun	黑云会 副会长 俊	Enemies-ycgd.json	91013
Distorting Bamboo-hatted Kim	正在扭曲的金笠	Enemies-ycgd.json	8153
Fruit	果实	Enemies.json	800101
Left Stem	左侧枝干	Enemies.json	800102
Right Stem	右侧枝干	Enemies.json	800103
Roots	根部	Enemies.json	800104
Number-nuts Hooligan	不识数的流氓	Enemies.json	90004
Sharp Hooligan	敏锐的流氓	Enemies.json	90005
Famished Hooligan	饥肠辘辘的流氓	Enemies.json	90006
Head Hooligan	流氓头头	Enemies.json	90007
Fiery Veteran	暴躁的残兵	Enemies.json	90008
Puzzled Veteran	惊讶的残兵	Enemies.json	90009
Scruffy Veteran	褴褛的残兵	Enemies.json	90010
Crooked Veteran	卑鄙的残兵	Enemies.json	90011
Vulgar Veteran	粗俗的残兵	Enemies.json	90012
Razor-sharp Veteran	锋利的残兵	Enemies.json	90013
Hardened Veteran	变强的残兵	Enemies.json	90001
Downcast Veteran	变本加厉的残兵	Enemies.json	90002
Embittered Veteran	残忍的残兵	Enemies.json	90003
Recollected Awry Soldier	记忆中歪曲的残兵	Enemies.json	90014
Recollected Wallowing Soldier	记忆中绝望的残兵	Enemies.json	90015
Recollected Overtaken Soldier	记忆中被侵蚀的残兵	Enemies.json	90016
Old G Corp. Head Manager	旧G公司部长	Enemies.json	91001
Recollected Festered G Corp. H. Manager	记忆中溃烂的G公司部长	Enemies.json	91002
Doomsday Clay Doll	终末土偶	Enemies.json	8003
Burning Clay Doll	燃烧的终末土偶	Enemies.json	8004
Become Strong? Genuinely?	我变强了吗？当真？	Enemies.json	8010
Grown Powerful! For Realsies?	变得更强了！真的？	Enemies.json	8011
Pink Shoes Enchantee	粉红鞋魅惑之人	Enemies.json	8013
Pink Shoes Possessee	粉红鞋所占之人	Enemies.json	8014
Clippity-cloppity? Tap Away!	嘎吱嘎吱？来吧！	Enemies.json	8015
Slumber-broken Neighbor	长梦初醒的邻居	Enemies.json	8019
Rearisen Neighbor	重新站起的邻居	Enemies.json	8020
Freezing Miner Slave	冻结的奴隶矿工	Enemies.json	8021
Shivering Miner Slave	寒冷的奴隶矿工	Enemies.json	8022
Baba Yaga	芭芭雅嘎	Enemies.json	8023
Proceeding Inquisitor	向前逼近的异端审判官	Enemies.json	8024
Four-legged Beast	四足野兽	Enemies.json	8025
Everything There of an Inquisitor	无所不有的异端审判官	Enemies.json	8026
Crawling Inquisitor	爬行的异端审判官	Enemies.json	8027
Slithering Inquisitor	蠢蠢欲动的异端审判官	Enemies.json	8028
Kromer the Dreamer of Human Wholeness	梦为完人的克罗默	Enemies.json	8030
Face	面部	Enemies.json	800203
Legs	腿部	Enemies.json	800903
Maw	大嘴	Enemies.json	803003
Right Leg	右腿	Enemies.json	803102
Left Leg	左腿	Enemies.json	803103
Tail	尾部	Enemies.json	803104
Telepole	电线杆	Enemies.json	803202
Person	人类	Enemies.json	803203
Rustic-sounding Tingtanger	土里土气的豆豆帮成员	Enemies.json	90017
Chest-puffing Tingtanger	表现欲强的豆豆帮成员	Enemies.json	90018
Bean-hating Tingtanger	讨厌豆子的豆豆帮成员	Enemies.json	90019
Tingtang Boss	豆豆帮 帮主	Enemies.json	91003
Rigid Casino Security	刻薄的赌场警卫	Enemies.json	90020
Confident Casino Security	自信的赌场警卫	Enemies.json	90021
Collected Casino Security	下定决心的赌场警卫	Enemies.json	90022
Casino Security Chief	赌场警卫队 队长	Enemies.json	90023
Mariachi Alegre	阳光的流浪乐队成员	Enemies.json	90024
Mariachi Vivaz	轻快的流浪乐队成员	Enemies.json	90025
Aida	艾达	Enemies.json	91004
Threatening Tieqiu Crewman	咄咄逼人的铁工会成员	Enemies.json	90026
Flexing Tieqiu Crewman	正在热身的铁工会成员	Enemies.json	90027
Calm K Corp. Checkpoint Security	沉着的K公司检查站安保人员	Enemies.json	90028
Quiet K Corp. Checkpoint Security	沉默的K公司检查站安保人员	Enemies.json	90029
Stern K Corp. Checkpoint Security	正经的K公司检查站安保人员	Enemies.json	90030
Reliable K Corp. Checkpoint Security	可靠的K公司检查站安保人员	Enemies.json	90031
Servile N Corp. Inquisitor	奉承的N公司异端审判官	Enemies.json	90032
Compliant N Corp. Inquisitor	顺从的N公司异端审判官	Enemies.json	90033
Worshipping N Corp. Inquisitor	侍奉的N公司异端审判官	Enemies.json	90034
Scourging N Corp. Inquisitor	进行拷问的N公司异端审判官	Enemies.json	90035
Interrogative N Corp. Inquisitor	擅长审讯的N公司异端审判官	Enemies.json	90036
Sadistic N Corp. Inquisitor	享受痛苦的N公司异端审判官	Enemies.json	90037
Obsessive N Corp. Inquisitor	执着的N公司异端审判官	Enemies.json	90038
Joyous N Corp. Inquisitor	极度喜悦的N公司异端审判官	Enemies.json	90039
Fearless N Corp. Inquisitor	无畏的N公司异端审判官	Enemies.json	90040
Guido the Persistent	执着的圭多	Enemies.json	91005
Slave	奴隶	Enemies.json	90041
Wriggling Beast	蠢蠢欲动的野兽	Enemies.json	8033
Recollected Awry Soldier	记忆中扭曲的残兵	Enemies.json	97107
Confused K Corp. Checkpoint Security	混乱的K公司检查站安保人员	Enemies.json	90042
Swamped K Corp. Checkpoint Security	头晕眼花的K公司检查站安保人员	Enemies.json	90043
Hazed K Corp. Checkpoint Security	窘迫的K公司检查站安保人员	Enemies.json	90044
Stunned K Corp. Checkpoint Security	眼前一黑的K公司检查站安保人员	Enemies.json	90045
Chicken Bucket	炸鸡桶	Enemies.json	803902
K Corp. Filming Drone	K公司 摄像无人机	Enemies.json	8042
Dongbaek E.G.O::Spicebush	冬柏E.G.O::山茶花	Enemies.json	8044
Soon-to-bloom Flower	即将绽放的花	Enemies.json	8054
Bud	花蕾	Enemies.json	805401
Crude Sawblade Bot	粗制的锯刃无人机	Enemies.json	90047
Crude Wrecking Ball Bot	粗制的破坏球无人机	Enemies.json	90048
Complete Sawblade Bot	完整的锯刃无人机	Enemies.json	90049
Complete Wrecking Ball Bot	完整的破坏球无人机	Enemies.json	90050
Solid Combined Bot	坚固的复合机械	Enemies.json	91007
Confident Rosespanner Workshop Fixer	自信的玫瑰扳手工坊收尾人	Enemies.json	90051
Prideful Rosespanner Workshop Fixer	高傲的玫瑰扳手工坊收尾人	Enemies.json	90052
Shaking Rosespanner Workshop Fixer	颤抖的玫瑰扳手工坊收尾人	Enemies.json	90053
Rosespanner Workshop Rep Niko	玫瑰扳手工坊代表 尼柯	Enemies.json	91008
Lobotomy E.G.O::Sloshing	脑叶公司E.G.O::荡漾	Enemies.json	90058
Lobotomy E.G.O::Red Sheet	脑叶公司E.G.O::朱符	Enemies.json	90059
Lobotomy E.G.O::Red Sheet - Marile	脑叶公司E.G.O::朱符 - 马里勒	Enemies.json	91009
Reawakened Lobotomy E.G.O::Sloshing	复活的脑叶公司E.G.O::荡漾	Enemies.json	90062
Reawakened Lobotomy E.G.O::Red Sheet	复活的脑叶公司E.G.O::朱符	Enemies.json	90063
Revived K Corp. Class 3 Staff	复活的K公司3级员工	Enemies.json	90068
Imagined T Corp. Class 3 Collector	心象中的T公司3级征收人员	Enemies.json	90070
Reawakened Lobotomy E.G.O::Red Sheet - Marile	复活的脑叶公司E.G.O::朱符 - 马里勒	Enemies.json	91010
K Corp. Arrest Drone	K公司 拘捕无人机	Enemies.json	90071
Shaking K Corp. Checkpoint Security	颤抖的K公司检查站安保人员	Enemies.json	90074
Timid K Corp. Checkpoint Security	警惕的K公司检查站安保人员	Enemies.json	90076
Fully Bloomed Flower	盛开的花朵	Enemies.json	8055
Tree of Vanity	虚荣之树	Enemies.json	8056
Fruit of Vanity	虚荣之果	Enemies.json	805601
Resentful Tree	长有疙瘩的树	Enemies.json	8057
Resentment	疙瘩	Enemies.json	805701
Desire	欲望	Enemies.json	806001
Tree	树	Enemies.json	806101
Buddha Mūrti	佛像	Enemies.json	807801
Stone Seat	石头底座	Enemies.json	807802
Lured Guido	受诱的圭多	Enemies.json	8079
Lured Aida	受诱的艾达	Enemies.json	8080
Lured Festered G Corp. H. Manager	受诱且溃烂的G公司部长	Enemies.json	8081
K Corp. Class 3 Excision Staff	K公司3级摘除人员	Enemies.json	90082
Generator	发电机	Enemies.json	1062
Sharp Trash Crab	锋利废料蟹	Enemies91-4.json	90077
Pointy Trash Crab	尖锐废料蟹	Enemies91-4.json	90078
Hard Trash Crab	坚硬的废料蟹	Enemies91-4.json	90079
Cannoneer Crab	余弹废料蟹	Enemies91-4.json	90080
Bayonet Artillery Crab	炮刃废料蟹	Enemies91-4.json	90081
King Trash Crab	帝王废料蟹	Enemies91-4.json	8063
Shell	外壳	Enemies91-4.json	806302
Refracted Alleyway Watchdog	折射的巷头恶犬	Enemies_Refraction.json	8518
K Corp. Class 3 Staff	K公司3级员工	Enemies_Refraction.json	8521
K Corp. Class 3 Empowered Staff	K公司3级员工-强化	Enemies_Refraction.json	8523
Refracted Headless Ichthys	折射的断首鱼	Enemies_Refraction.json	8537
Refracted Drifting Fox	折射的流浪狐狸	Enemies_Refraction2.json	8539
Refracted Old Umbrella	折射的旧伞	Enemies_Refraction2.json	8540
Refracted Shock Centipede	折射的电击蜈蚣	Enemies_Refraction2.json	8541
Refracted Fairy Gentleman	折射的绅士精灵	Enemies_Refraction2.json	8542
Refracted Fairy Wine	折射的精灵酒	Enemies_Refraction2.json	8543
Refracted So That No One Will Cry	折射的因而无人哭泣	Enemies_Refraction2.json	8544
Refracted Fairy-Long-Legs	折射的长腿精灵	Enemies_Refraction2.json	8545
Refracted Clover	折射的四叶草	Enemies_Refraction2.json	8546
Refracted Faelantern	折射的精灵提灯	Enemies_Refraction2.json	8549
Fairy	精灵	Enemies_Refraction2.json	854901
Refracted Wayward Passenger	折射的迷失的乘客	Enemies_Refraction2.json	8550
Left Blade	左刃	Enemies_Refraction2.json	855001
Right Blade	右刃	Enemies_Refraction2.json	855002
Refracted T Corp. Class 3 Collector	折射的T公司3级征收人员	Enemies_Refraction2.json	8551
Refracted Steam Transport Machine	折射的蒸汽运输机	Enemies_Refraction2.json	8555
Steam Blaster	蒸汽枪	Enemies_Refraction2.json	855502
Refracted Sign of Roses	折射的玫瑰告示牌	Enemies_Refraction2.json	8556
Signpost	告示牌	Enemies_Refraction2.json	855601
Flesh	血肉	Enemies_Refraction2.json	855602
Refracted Hemorrhaging Dimension	折射的血流成河的次元	Enemies_Refraction2.json	8560
Dimension	次元	Enemies_Refraction2.json	856001
Refracted Poisonous Dimension	折射的剧毒沸腾的次元	Enemies_Refraction2.json	8561
Refracted Tremoring Dimension	折射的震颤不止的次元	Enemies_Refraction2.json	8562
Refracted Electrifying Dimension	折射的电流涌动的次元	Enemies_Refraction2.json	8563
Refracted Wrath-drenched Rose	折射的浸染暴怒的玫瑰	Enemies_Refraction2.json	8564
Flower	花	Enemies_Refraction2.json	856401
Refracted Lust-drenched Rose	折射的浸染色欲的玫瑰	Enemies_Refraction2.json	8565
Refracted Sloth-drenched Rose	折射的浸染怠惰的玫瑰	Enemies_Refraction2.json	8566
Refracted Gluttony-drenched Rose	折射的浸染暴食的玫瑰	Enemies_Refraction2.json	8567
Refracted Gloom-drenched Rose	折射的浸染忧郁的玫瑰	Enemies_Refraction2.json	8568
Refracted Pride-drenched Rose	折射的浸染傲慢的玫瑰	Enemies_Refraction2.json	8569
Refracted Envy-drenched Rose	折射的浸染嫉妒的玫瑰	Enemies_Refraction2.json	8570
Refracted Ardor Blossom Moth	折射的红焰蛾	Enemies_Refraction3.json	8577
Wings	翅膀	Enemies_Refraction3.json	857702
Refracted Drenched Gossypium	折射的浸染棉花	Enemies_Refraction3.json	8578
Refracted Spiral of Contempt	折射的轻蔑螺旋	Enemies_Refraction3.json	8585
Hands	手	Enemies_Refraction3.json	858502
Refracted Skin Prophet	折射的人皮预言者	Enemies_Refraction3.json	8571
Refracted Candle	折射的蜡烛	Enemies_Refraction3.json	8572
Refracted Ambling Pearl	折射的陆行珍珠	Enemies_Refraction3.json	8573
Refracted Green Slime	折射的绿色黏液	Enemies_Refraction3.json	8574
Refracted Dream-Devouring Siltcurrent	折射的噬梦的浊流	Enemies_Refraction3.json	8575
Refracted Flotsam	折射的漂流物	Enemies_Refraction3.json	8576
Refracted Ahab	折射的亚哈	Enemies_Refraction3.json	8579
Refracted Queequeg	折射的魁魁格	Enemies_Refraction3.json	8580
Refracted Starbuck	折射的斯达巴克	Enemies_Refraction3.json	8581
Refracted Effloresced E.G.O::GasHarpoon	折射的绽放E.G.O::燃气捕鲸叉	Enemies_Refraction3.json	8582
Refracted Blinded Pequod Town Villager	折射的被蒙住双眼的裴廓德镇居民	Enemies_Refraction3.json	8583
Refracted Gagged Pequod Town Villager	折射的被堵上嘴的裴廓德镇居民	Enemies_Refraction3.json	8584
Refracted Whale of the Porous Hand Mermaid	折射的穴掌鲸人鱼	Enemies_Refraction3.json	8586
Refracted Whale of the Porous Hand Soldier Mermaid	折射的穴掌鲸 士兵人鱼	Enemies_Refraction3.json	8587
Refracted Moustachioed Twinhooks Pirate	折射的留胡子的双钩海盗团成员	Enemies_Refraction3.json	8590
Refracted Bandana-wearing Twinhooks Pirate	折射的戴头巾的双钩海盗团成员	Enemies_Refraction3.json	8591
Refracted Agile Twinhooks Pirate	折射的敏捷的双钩海盗团成员	Enemies_Refraction3.json	8592
Refracted Tough Twinhooks Pirate	折射的坚实的双钩海盗团成员	Enemies_Refraction3.json	8593
Refracted Twinhook Pirates First Mate Smee	折射的双钩海盗团大副 斯米	Enemies_Refraction3.json	8594
Refracted Pallidified Thing-Shield	折射的苍白之物-盾	Enemies_Refraction3.json	8595
Refracted Pallidified Thing-Club	折射的苍白之物-棍棒	Enemies_Refraction3.json	8596
Refracted Pallidified Thing-Pirate	折射的苍白之物-海盗	Enemies_Refraction3.json	8597
Refracted Pallidified Thing-Hook	折射的苍白之物-钩	Enemies_Refraction3.json	8598
Refracted Pallid White Mermaid	折射的苍白的白色人鱼	Enemies_Refraction3.json	8599
Refracted Pallid Blue Mermaid	折射的苍白的蓝色人鱼	Enemies_Refraction3.json	8600
Refracted Pallid Entwined Mermaid	折射的苍白的纠缠人鱼	Enemies_Refraction3.json	8601
Refracted Pallid and Blue Mermaid	折射的苍白而泛青的人鱼	Enemies_Refraction3.json	8602
Refracted Whale of the Thousand Strands Mermaid	折射的千缕鲸人鱼	Enemies_Refraction3.json	8603
Refracted Grasp	折射的掌	Enemies_Refraction3.json	8604
Refracted Portrait of a Certain Day	折射的某日的肖像	Enemies_Refraction4.json	8605
Refracted Portrait	折射的肖像	Enemies_Refraction4.json	8606
Refracted Dreaming Electric Sheep	折射的梦中的电子羊	Enemies_Refraction4.json	8608
Refracted Generator	折射的发电机	Enemies_Refraction4.json	8628
Refracted Enamored Researcher of the Ring?	折射的忘我的环指研究员？	Enemies_Refraction4.json	8624
Refracted Mad Researcher of the Ring?	折射的发狂的环指研究员？	Enemies_Refraction4.json	8625
Refracted Pointillist Researcher of the Ring?	折射的点彩派环指研究员？	Enemies_Refraction4.json	8626
Refracted Nelly	折射的耐莉	Enemies_Refraction4.json	8627
Refracted Hindley, The Reaved Lamenter	折射的因被夺取而哭嚎的亨德利	Enemies_Refraction4.json	8618
Refracted Swift Edgar Family Butler	折射的灵敏的埃德加家族管家	Enemies_Refraction4.json	8611
Refracted Fast Edgar Family Butler	折射的迅捷的埃德加家族管家	Enemies_Refraction4.json	8612
Refracted Veteran Edgar Family Butler	折射的资深的埃德加家族管家	Enemies_Refraction4.json	8613
Refracted Shifty Edgar Family Butler	折射的诡诈的埃德加家族管家	Enemies_Refraction4.json	8614
Refracted Trained Edgar Family Butler	折射的熟练的埃德加家族管家	Enemies_Refraction4.json	8615
Refracted Hostile Wuthering Heights Butler	折射的险恶的呼啸山庄管家	Enemies_Refraction4.json	8609
Refracted Trained Wuthering Heights Butler	折射的受训的呼啸山庄管家	Enemies_Refraction4.json	8610
Refracted Josephine	折射的约瑟芬	Enemies_Refraction4.json	8617
The Refracted King in Binds	折射的受缚之王	Enemies_Refraction4.json	8629
Refracted Determined Kurokumo Henchman	折射的坚定的黑云会成员	Enemies_Refraction4.json	8619
Refracted Tense Kurokumo Henchman	折射的紧张的黑云会成员	Enemies_Refraction4.json	8620
Refracted Adept Kurokumo Henchwoman	折射的娴熟的黑云会成员	Enemies_Refraction4.json	8621
Refracted Tired Kurokumo Henchwoman	折射的昏昏欲睡的黑云会成员	Enemies_Refraction4.json	8622
Refracted Kurokumo Clan Captain Jun	折射的黑云会 副会长 俊	Enemies_Refraction4.json	8623
Refracted Peccatulum Invidiae	折射的嫉妒罪种	Enemies_Refraction4.json	8280
Refracted Peccatulum Invidiae?	折射的嫉妒罪种?	Enemies_Refraction4.json	8292
Refracted Der Fluchschütze	折射的凶弹射手	Enemies_Refraction5.json	8630
Refracted Old G Corp. Head Manager	折射的旧G公司部长	Enemies_Refraction5.json	8631
Person	人	Enemies_Refraction5.json	863203
The Refracted Barber	折射的理发师	Enemies_Refraction5.json	8634
Refracted Hurting Teddy Bear	折射的痛苦泰迪	Enemies_Refraction5.json	8635
Refracted Rose Hunter	折射的玫瑰猎人	Enemies_Refraction5.json	8636
Refracted Barbed Lasso	折射的荆棘套索	Enemies_Refraction5.json	8637
Refracted Dulcinea	折射的杜尔西内娅	Enemies_Refraction5.json	8638
Refracted Bloodbag of the Painful Parade	折射的痛苦的游行血袋	Enemies_Refraction5.json	8639
Refracted Bloodbag of the Rear Parade	折射的紧随其后的游行血袋	Enemies_Refraction5.json	8640
Refracted Bloodfiend of the Happy Parade	折射的幸福的游行血魔	Enemies_Refraction5.json	8641
Refracted Bloodfiend of the Joyful Parade	折射的快乐的游行血魔	Enemies_Refraction5.json	8642
The Refracted Priest	折射的神父	Enemies_Refraction5.json	8643
Refracted Combative Fanghunt Office Fixer	折射的好斗的猎牙事务所收尾人	Enemies_Refraction5.json	8646
Refracted Prideful Fanghunt Office Fixer	折射的心高气傲的猎牙事务所收尾人	Enemies_Refraction5.json	8647
Refracted Peccatulum Pigritiae??	折射的怠惰罪种??	Enemies_Refraction5.json	8648
Refracted Peccatulum Morositatis??	折射的忧郁罪种??	Enemies_Refraction5.json	8649
Refracted Distorted Hohenheim	折射的扭曲的霍恩海姆	Enemies_Refraction5.json	8650
Refracted Despairing Bloodbag	折射的绝望的血袋	Enemies_Refraction5.json	8651
Refracted Disgraced Bloodbag	折射的堕落的血袋	Enemies_Refraction5.json	8652
Refracted Downcast Veteran	折射的变本加厉的残兵	Enemies_Refraction5.json	8684
Refracted Peccatulum Irae??	折射的暴怒罪种??	Enemies_Refraction5.json	8683
Refracted Butterfly of Entangled Lives::The Pupa	折射的罗生蝶::蛹	Enemies_Refraction6.json	9563
Refracted Illusory Butterfly of Entangled Lives::The Past	折射的罗生蝶幻影::过去	Enemies_Refraction6.json	9564
Refracted Illusory Butterfly of Entangled Lives::The Future	折射的罗生蝶幻影::未来	Enemies_Refraction6.json	9566
Refracted Butterfly of Entangled Lives::Imago	折射的罗生蝶::蝶	Enemies_Refraction6.json	9567
Refracted Will You Play?	折射的玩吗？	Enemies_Refraction6.json	9556
Stuffed Toy	玩偶	Enemies_Refraction6.json	955602
Refracted Yinglong	折射的应龙	Enemies_Refraction6.json	9568
Inverted Scale	逆鳞	Enemies_Refraction6.json	956801
Flower-burying Wedge	葬花楔	Enemies_Refraction6.json	956901
Refracted Hongyu, the Crimson Jade [紅玉]	折射的红玉	Enemies_Refraction6.json	9570
Hongyu, the Crimson Jade	红玉	Enemies_Refraction6.json	957001
Refracted Flower-burying Pin	折射的葬花针	Enemies_Refraction6.json	9571
Flower-burying Pin	葬花针	Enemies_Refraction6.json	957101
The Refracted Pinky Nursefather - Shiomi Yoru	折射的小指 父辈 - 盐见夜	Enemies_Refraction6.json	9550
The Refracted Ring Nursefather - Callisto	折射的环指 父辈 - 卡利斯托	Enemies_Refraction6.json	9554
The Refracted Ring Apprentice - Albina	折射的环指 子辈 - 阿尔比娜	Enemies_Refraction6.json	9555
The Refracted Index Nursefather - Rien	折射的食指 父辈 - 里恩	Enemies_Refraction6.json	9551
Yi Sang	李箱	IntroduceCharacter.json	이상
Faust	浮士德	IntroduceCharacter.json	파우스트
Meursault	默尔索	IntroduceCharacter.json	뫼르소
Hong Lu	鸿璐	IntroduceCharacter.json	홍루
Heathcliff	希斯克利夫	IntroduceCharacter.json	히스클리프
Ishmael	以实玛利	IntroduceCharacter.json	이스마엘
Rodion	罗佳	IntroduceCharacter.json	로쟈
Outis	奥提斯	IntroduceCharacter.json	오티스
Gregor	格里高尔	IntroduceCharacter.json	그레고르
[Season 4] 3★ Guarantee Decaextraction Ticket	[第4赛季]3★人格必得十连提取券	Items-a1c6.json	107
[Season 4] Egoshard Crate	[第4赛季]自我碎片箱	Items-a1c6.json	1104
[Season 4] Nominable Egoshard Crate	[第4赛季]自我碎片自选箱	Items-a1c6.json	1204
[Season 4] Yi Sang’s Egoshard	[第4赛季]自我碎片-李箱	Items-a1c6.json	10104
[Season 4] Faust’s Egoshard	[第4赛季]自我碎片-浮士德	Items-a1c6.json	10204
[Season 4] Don Quixote’s Egoshard	[第4赛季]自我碎片-堂吉诃德	Items-a1c6.json	10304
[Season 4] Ryōshū’s Egoshard	[第4赛季]自我碎片-良秀	Items-a1c6.json	10404
[Season 4] Meursault’s Egoshard	[第4赛季]自我碎片-默尔索	Items-a1c6.json	10504
[Season 4] Hong Lu’s Egoshard	[第4赛季]自我碎片-鸿璐	Items-a1c6.json	10604
[Season 4] Heathcliff’s Egoshard	[第4赛季]自我碎片-希斯克利夫	Items-a1c6.json	10704
[Season 4] Ishmael’s Egoshard	[第4赛季]自我碎片-以实玛利	Items-a1c6.json	10804
[Season 4] Rodion's Egoshard	[第4赛季]自我碎片-罗佳	Items-a1c6.json	10904
[Season 4] Sinclair’s Egoshard	[第4赛季]自我碎片-辛克莱	Items-a1c6.json	11004
[Season 4] Outis’s Egoshard	[第4赛季]自我碎片-奥提斯	Items-a1c6.json	11104
[Season 4] Gregor’s Egoshard	[第4赛季]自我碎片-格里高尔	Items-a1c6.json	11204
Season 4 [Selected Sinner]’s Egoshard	第4赛季 [选择的罪人] 自我碎片	Items-a1c6.json	10004
[Season 5] 3★ Guarantee Decaextraction Ticket	[第5赛季]3★人格必得十连提取券	Items-a1c7p1.json	108
Level Boost Ticket V	人格等级直升券V	Items-a1c7p1.json	225
[Season 5] Egoshard Crate	[第5赛季]自我碎片箱	Items-a1c7p1.json	1105
[Season 5] Nominable Egoshard Crate	[第5赛季]自我碎片自选箱	Items-a1c7p1.json	1205
[Season 5] Yi Sang’s Egoshard	[第5赛季]自我碎片-李箱	Items-a1c7p1.json	10105
[Season 5] Faust’s Egoshard	[第5赛季]自我碎片-浮士德	Items-a1c7p1.json	10205
[Season 5] Don Quixote’s Egoshard	[第5赛季]自我碎片-堂吉诃德	Items-a1c7p1.json	10305
[Season 5] Ryōshū’s Egoshard	[第5赛季]自我碎片-良秀	Items-a1c7p1.json	10405
[Season 5] Meursault’s Egoshard	[第5赛季]自我碎片-默尔索	Items-a1c7p1.json	10505
[Season 5] Hong Lu’s Egoshard	[第5赛季]自我碎片-鸿璐	Items-a1c7p1.json	10605
[Season 5] Heathcliff’s Egoshard	[第5赛季]自我碎片-希斯克利夫	Items-a1c7p1.json	10705
[Season 5] Ishmael’s Egoshard	[第5赛季]自我碎片-以实玛利	Items-a1c7p1.json	10805
[Season 5] Rodion's Egoshard	[第5赛季]自我碎片-罗佳	Items-a1c7p1.json	10905
[Season 5] Sinclair’s Egoshard	[第5赛季]自我碎片-辛克莱	Items-a1c7p1.json	11005
[Season 5] Outis’s Egoshard	[第5赛季]自我碎片-奥提斯	Items-a1c7p1.json	11105
[Season 5] Gregor’s Egoshard	[第5赛季]自我碎片-格里高尔	Items-a1c7p1.json	11205
Season 5 Uptie & Threadspinning only Shard (Universal)	第5赛季同步&异想解析专用碎片（通用）	Items-a1c7p1.json	12005
Season 5 [Selected Sinner]’s Egoshard	第5赛季 [选择的罪人] 自我碎片	Items-a1c7p1.json	10005
[Season 6] 3★ Guarantee Decaextraction Ticket	[第6赛季]3★人格必得十连提取券	Items-a1c8p1.json	109
[Season 6] Egoshard Crate	[第6赛季]自我碎片箱	Items-a1c8p1.json	1106
[Season 6] Nominable Egoshard Crate	[第6赛季]自我碎片自选箱	Items-a1c8p1.json	1206
[Season 6] Yi Sang’s Egoshard	[第6赛季]自我碎片-李箱	Items-a1c8p1.json	10106
[Season 6] Faust’s Egoshard	[第6赛季]自我碎片-浮士德	Items-a1c8p1.json	10206
[Season 6] Don Quixote’s Egoshard	[第6赛季]自我碎片-堂吉诃德	Items-a1c8p1.json	10306
[Season 6] Ryōshū’s Egoshard	[第6赛季]自我碎片-良秀	Items-a1c8p1.json	10406
[Season 6] Meursault’s Egoshard	[第6赛季]自我碎片-默尔索	Items-a1c8p1.json	10506
[Season 6] Hong Lu’s Egoshard	[第6赛季]自我碎片-鸿璐	Items-a1c8p1.json	10606
[Season 6] Heathcliff’s Egoshard	[第6赛季]自我碎片-希斯克利夫	Items-a1c8p1.json	10706
[Season 6] Ishmael’s Egoshard	[第6赛季]自我碎片-以实玛利	Items-a1c8p1.json	10806
[Season 6] Rodion's Egoshard	[第6赛季]自我碎片-罗佳	Items-a1c8p1.json	10906
[Season 6] Sinclair’s Egoshard	[第6赛季]自我碎片-辛克莱	Items-a1c8p1.json	11006
[Season 6] Outis’s Egoshard	[第6赛季]自我碎片-奥提斯	Items-a1c8p1.json	11106
[Season 6] Gregor’s Egoshard	[第6赛季]自我碎片-格里高尔	Items-a1c8p1.json	11206
Season 6 Uptie & Threadspinning only Shard (Universal)	第6赛季同步&异想解析专用碎片（通用）	Items-a1c8p1.json	12006
Season 6 [Selected Sinner]’s Egoshard	第6赛季 [选择的罪人] 自我碎片	Items-a1c8p1.json	10006
[Season 7] 3★ Guarantee Decaextraction Ticket	[第7赛季]3★人格必得十连提取券	Items-a1c9p1.json	110
[Season 7] Egoshard Crate	[第7赛季]自我碎片箱	Items-a1c9p1.json	1107
[Season 7] Nominable Egoshard Crate	[第7赛季]自我碎片自选箱	Items-a1c9p1.json	1207
[Season 7] Yi Sang’s Egoshard	[第7赛季]自我碎片-李箱	Items-a1c9p1.json	10107
[Season 7] Faust’s Egoshard	[第7赛季]自我碎片-浮士德	Items-a1c9p1.json	10207
[Season 7] Don Quixote’s Egoshard	[第7赛季]自我碎片-堂吉诃德	Items-a1c9p1.json	10307
[Season 7] Ryōshū’s Egoshard	[第7赛季]自我碎片-良秀	Items-a1c9p1.json	10407
[Season 7] Meursault’s Egoshard	[第7赛季]自我碎片-默尔索	Items-a1c9p1.json	10507
[Season 7] Hong Lu’s Egoshard	[第7赛季]自我碎片-鸿璐	Items-a1c9p1.json	10607
[Season 7] Heathcliff’s Egoshard	[第7赛季]自我碎片-希斯克利夫	Items-a1c9p1.json	10707
[Season 7] Ishmael’s Egoshard	[第7赛季]自我碎片-以实玛利	Items-a1c9p1.json	10807
[Season 7] Rodion's Egoshard	[第7赛季]自我碎片-罗佳	Items-a1c9p1.json	10907
[Season 7] Sinclair’s Egoshard	[第7赛季]自我碎片-辛克莱	Items-a1c9p1.json	11007
[Season 7] Outis’s Egoshard	[第7赛季]自我碎片-奥提斯	Items-a1c9p1.json	11107
[Season 7] Gregor’s Egoshard	[第7赛季]自我碎片-格里高尔	Items-a1c9p1.json	11207
Season 7 Uptie & Threadspinning only Shard (Universal)	第7赛季同步&异想解析专用碎片（通用）	Items-a1c9p1.json	12007
Season 7 [Selected Sinner]’s Egoshard	第7赛季 [选择的罪人] 自我碎片	Items-a1c9p1.json	10007
Identity Takeoff Ticket - ver.3	人格跳跃成长券 - ver.3	Items-a1c9p1.json	236
Nominable S3 Identity Ticket	第3赛季人格自选券	Items-a1c9p1.json	503
3rd Anniversary
Nominable Identity Ticket	3周年纪念人格自选券	Items-a1c9p1.json	703
Spinchains	解析锁链	Items-egoFifth.json	202
Kkomi's Gift	可米的礼物	Items-fools.json	9001
Sinnerlings' Chicken-scratch Farewells	字迹稚嫩的寄语	Items-x1p1c1.json	9002
Paid Lunacy	付费狂气	Items.json	1
Free Lunacy	免费狂气	Items.json	2
Lunacy	狂气	Items.json	3
Enkephalin Module	脑啡肽模块	Items.json	11
Extraction Ticket	提取券	Items.json	101
Decaextraction Ticket	十连提取券	Items.json	102
3★ Guarantee Decaextraction Ticket	3★人格必得十连提取券	Items.json	103
[Season 1] 3★ Guarantee Decaextraction Ticket	[第1赛季]3★人格必得十连提取券	Items.json	104
[Season 2] 3★ Guarantee Decaextraction Ticket	[第2赛季]3★人格必得十连提取券	Items.json	105
[Season 3] 3★ Guarantee Decaextraction Ticket	[第3赛季]3★人格必得十连提取券	Items.json	106
Thread	纺锤	Items.json	201
Identity Training Ticket I	人格训练券I	Items.json	211
Identity Training Ticket II	人格训练券II	Items.json	212
Identity Training Ticket III	人格训练券III	Items.json	213
Identity Training Ticket IV	人格训练券IV	Items.json	214
Level Boost Ticket I	人格等级直升券I	Items.json	221
Level Boost Ticket II	人格等级直升券II	Items.json	222
Level Boost Ticket III	人格等级直升券III	Items.json	223
Level Boost Ticket IV	人格等级直升券IV	Items.json	224
Identity Takeoff Ticket	人格跳跃成长券	Items.json	231
Enkephalin Box	脑啡肽盒子	Items.json	301
Thread Crate	纺锤箱	Items.json	401
[Season 1] Egoshard Crate	[第1赛季]自我碎片箱	Items.json	1101
[Season 1] Nominable Egoshard Crate	[第1赛季]自我碎片自选箱	Items.json	1201
[Season 2] Egoshard Crate	[第2赛季]自我碎片箱	Items.json	1102
[Season 2] Nominable Egoshard Crate	[第2赛季]自我碎片自选箱	Items.json	1202
[Season 3] Egoshard Crate	[第3赛季]自我碎片箱	Items.json	1103
[Season 3] Nominable Egoshard Crate	[第3赛季]自我碎片自选箱	Items.json	1203
[Season 1] Yi Sang’s Egoshard	[第1赛季]自我碎片-李箱	Items.json	10101
[Season 1] Faust’s Egoshard	[第1赛季]自我碎片-浮士德	Items.json	10201
[Season 1] Don Quixote’s Egoshard	[第1赛季]自我碎片-堂吉诃德	Items.json	10301
[Season 1] Ryōshū’s Egoshard	[第1赛季]自我碎片-良秀	Items.json	10401
[Season 1] Meursault’s Egoshard	[第1赛季]自我碎片-默尔索	Items.json	10501
[Season 1] Hong Lu’s Egoshard	[第1赛季]自我碎片-鸿璐	Items.json	10601
[Season 1] Heathcliff’s Egoshard	[第1赛季]自我碎片-希斯克利夫	Items.json	10701
[Season 1] Ishmael’s Egoshard	[第1赛季]自我碎片-以实玛利	Items.json	10801
[Season 1] Rodion’s Egoshard	[第1赛季]自我碎片-罗佳	Items.json	10901
[Season 1] Sinclair’s Egoshard	[第1赛季]自我碎片-辛克莱	Items.json	11001
[Season 1] Outis’s Egoshard	[第1赛季]自我碎片-奥提斯	Items.json	11101
[Season 1] Gregor’s Egoshard	[第1赛季]自我碎片-格里高尔	Items.json	11201
Season 1 [Selected Sinner]’s Egoshard	第1赛季 [选择的罪人] 自我碎片	Items.json	10001
[Season 2] Yi Sang’s Egoshard	[第2赛季]自我碎片-李箱	Items.json	10102
[Season 2] Faust’s Egoshard	[第2赛季]自我碎片-浮士德	Items.json	10202
[Season 2] Don Quixote’s Egoshard	[第2赛季]自我碎片-堂吉诃德	Items.json	10302
[Season 2] Ryōshū’s Egoshard	[第2赛季]自我碎片-良秀	Items.json	10402
[Season 2] Meursault’s Egoshard	[第2赛季]自我碎片-默尔索	Items.json	10502
[Season 2] Hong Lu’s Egoshard	[第2赛季]自我碎片-鸿璐	Items.json	10602
[Season 2] Heathcliff’s Egoshard	[第2赛季]自我碎片-希斯克利夫	Items.json	10702
[Season 2] Ishmael’s Egoshard	[第2赛季]自我碎片-以实玛利	Items.json	10802
[Season 2] Rodion’s Egoshard	[第2赛季]自我碎片-罗佳	Items.json	10902
[Season 2] Sinclair’s Egoshard	[第2赛季]自我碎片-辛克莱	Items.json	11002
[Season 2] Outis’s Egoshard	[第2赛季]自我碎片-奥提斯	Items.json	11102
[Season 2] Gregor’s Egoshard	[第2赛季]自我碎片-格里高尔	Items.json	11202
[Season 3] Yi Sang’s Egoshard	[第3赛季]自我碎片-李箱	Items.json	10103
[Season 3] Faust’s Egoshard	[第3赛季]自我碎片-浮士德	Items.json	10203
[Season 3] Don Quixote’s Egoshard	[第3赛季]自我碎片-堂吉诃德	Items.json	10303
[Season 3] Ryōshū’s Egoshard	[第3赛季]自我碎片-良秀	Items.json	10403
[Season 3] Meursault’s Egoshard	[第3赛季]自我碎片-默尔索	Items.json	10503
[Season 3] Hong Lu’s Egoshard	[第3赛季]自我碎片-鸿璐	Items.json	10603
[Season 3] Heathcliff’s Egoshard	[第3赛季]自我碎片-希斯克利夫	Items.json	10703
[Season 3] Ishmael’s Egoshard	[第3赛季]自我碎片-以实玛利	Items.json	10803
[Season 3] Rodion’s Egoshard	[第3赛季]自我碎片-罗佳	Items.json	10903
[Season 3] Sinclair’s Egoshard	[第3赛季]自我碎片-辛克莱	Items.json	11003
[Season 3] Outis’s Egoshard	[第3赛季]自我碎片-奥提斯	Items.json	11103
[Season 3] Gregor’s Egoshard	[第3赛季]自我碎片-格里高尔	Items.json	11203
Season 2 [Selected Sinner]’s Egoshard	第2赛季 [选择的罪人] 自我碎片	Items.json	10002
Yisang [Ideality]	[理想]	Items.json	4
Bus-modifying Scrap	巴士改装废料	Items.json	20001
Rare Horseshoe with Bus-modifying Scrap	含有稀有马蹄铁的巴士改造废料	Items.json	20002
Egoshards	自我碎片	Items.json	5
Trinkets Sack	装饰品包裹	Items.json	20009
Huge Trinkets Sack	巨大装饰品包裹	Items.json	20010
Bloodied Scabbard	染血剑鞘	Items.json	20012
Pocket Watch	怀表	Items.json	20017
Pocket Watch Bundle	成捆怀表	Items.json	20018
Civilian Recov. Pack	普通乘客复原包	Items.json	20020
Fixer Recov. Pack	收尾人乘客复原包	Items.json	20021
Takeoff Module - ID Uptie	跳跃成长模组 - 人格同步	Items.json	232
Takeoff Module - E.G.O Spinning [WAW] x1	跳跃成长模组 - E.G.O解析 [WAW]	Items.json	233
Nominable S1 Identity Ticket	第1赛季人格自选券	Items.json	501
Nominable S1 Battle Pass E.G.O Ticket	第1赛季通行证E.G.O自选券	Items.json	601
Season 4 Uptie & Threadspinning only Shard (Universal)	第4赛季同步&异想解析专用碎片（通用）	Items.json	12004
Takeoff Module - E.G.O Spinning [HE] x1	跳跃成长模组 - E.G.O解析 [HE]	Items.json	234
Amassed Data	情报文件	Items.json	20024
Classified Data	机密文件	Items.json	20025
Nominable S2 Identity Ticket	第2赛季人格自选券	Items.json	502
Identity Takeoff Ticket - ver.2	人格跳跃成长券 - ver.2	Items.json	235
[Sweeper Fuel Cylinder]	清道夫液态燃料罐	Items.json	20029
[Sweeper Fuel Tank]	特大型液态燃料罐	Items.json	20030
Starlight of Immortality	永生的星芒	Items.json	30006
Starlight of Names and Spiders	名与蛛的星芒	Items.json	30007
Intro to Zhi, Yong, Ren	智·勇·仁基础入门手册	Items.json	20034
Definitely Not A Secret Scroll	假装不是秘籍的秘籍	Items.json	20035
Sea Terror Sample	恐鱼标本	Items.json	20036
Luminous Sea Terror Sample	发光的恐鱼标本	Items.json	20037
Threadskein	纺锤捆	Items.json	9900
Severed Thread	被斩断的线	Items.json	20043
Severed and Scorched Skein	被斩断烧却的线团	Items.json	20044
Takeoff Module - E.G.O Spinning [ZAYIN]	跳跃成长模组 - E.G.O解析 [ZAYIN]	Items.json	238
Burnt-in Lens	烧制的透镜	Items.json	20045
Photos	几张照片	Items.json	20046
Photo Bundles	许多照片	Items.json	20047
Unrolled Film	展开的胶片	Items.json	20048
Nominable Announcer Ticket [Yisang Exchange]	播报员自选券[理想兑换]	Items.json	751
Takeoff Module - E.G.O Spinning [TETH]	跳跃成长模组 - E.G.O解析 [TETH]	Items.json	237
G Corp.	G公司	KeywordDictionary.json	Gcorp
Corpse	尸体	KeywordDictionary.json	body
White Chrysanthemum	白色雏菊	MirrorDungeonAbName.json	mirrordungeon_egogift_temp_ab_name_9020
Melty Eyeball	融化的眼球	MirrorDungeonAbName.json	mirrordungeon_egogift_temp_ab_name_9024
Gain {0} Cost	获得{0} 经费	MirrorDungeonBattleRewardCase.json	dungeon_battle_reward_case_format_cost_acquisition
Gain {0} Cost
{1}% chance to gain a random E.G.O Gift	获得{0} 经费
{1}%概率随机获得一件E.G.O饰品	MirrorDungeonBattleRewardCase.json	dungeon_battle_reward_case_format_cost_and_all_tier_gift_acquisition
Gain a random Tier {0} E.G.O Gift	随机获得一件{0}级E.G.O饰品	MirrorDungeonBattleRewardCase.json	dungeon_battle_reward_case_format_random_gift_acquisition
E.G.O Resource +{1} for {0} different Affinities	随机{0}种E.G.O资源各+{1}	MirrorDungeonBattleRewardCase.json	dungeon_battle_reward_case_format_random_ego_resource_acquisition
E.G.O Resource +{1} for {0} of the least-owned Affinities	最少的{0}种E.G.O资源各+{1}	MirrorDungeonBattleRewardCase.json	dungeon_battle_reward_case_format_least_ego_resource_acquisition
Mirror of the Beginning	起始之镜	MirrorDungeonName.json	mirrordungeon_name_1
Mirror of Mirrors	镜中之镜	MirrorDungeonName.json	mirrordungeon_name_2
Mirror of Mirrors - Normal	镜中之镜 - 普通	MirrorDungeonName.json	mirrordungeon_name_2_0
Mirror of Mirrors - Hard	镜中之镜 - 困难	MirrorDungeonName.json	mirrordungeon_name_2_1
Mirror of the Lake	湖之镜	MirrorDungeonName.json	mirrordungeon_name_3
Mirror of the Lake - Normal	湖之镜 - 普通	MirrorDungeonName.json	mirrordungeon_name_3_0
Mirror of the Lake - Hard	湖之镜 - 困难	MirrorDungeonName.json	mirrordungeon_name_3_1
Mirror of the Wuthering	呼啸之镜	MirrorDungeonName.json	mirrordungeon_name_4
Mirror of the Wuthering - Simulation	呼啸之镜 - 模拟	MirrorDungeonName.json	mirrordungeon_name_4_0
Mirror of the Wuthering - Ritornello	呼啸之镜 - Ritornello	MirrorDungeonName.json	mirrordungeon_name_4_1
Mirror of the Dreaming	梦中之镜	MirrorDungeonName.json	mirrordungeon_name_5
Mirror of the Dreaming [NORMAL]	梦中之镜[普通]	MirrorDungeonName.json	mirrordungeon_name_5_0
Mirror of the Dreaming [HARD]	梦中之镜[困难]	MirrorDungeonName.json	mirrordungeon_name_5_1
Mirror of Immortality	永生之镜	MirrorDungeonName.json	mirrordungeon_name_6
Mirror of Immortality [NORMAL]	永生之镜 [NORMAL]	MirrorDungeonName.json	mirrordungeon_name_6_0
Mirror of Immortality [HARD]	永生之镜 [HARD]	MirrorDungeonName.json	mirrordungeon_name_6_1
Mirror of Names and Spiders	名与蛛之镜	MirrorDungeonName.json	mirrordungeon_name_7
Mirror of Names and Spiders [NORMAL]	名与蛛之镜 [NORMAL]	MirrorDungeonName.json	mirrordungeon_name_7_0
Mirror of Names and Spiders [HARD]	名与蛛之镜 [HARD]	MirrorDungeonName.json	mirrordungeon_name_7_1
Indistinguishable Space	无法确定的空间	MirrorDungeonNode1-1.json	2010000
Radiating Malice	充满敌意的空间	MirrorDungeonNode1-1.json	2011000
Uncanny Presentiment	不可思议的空间	MirrorDungeonNode1-1.json	2012000
Unknown Screams	无法辨别的尖啸	MirrorDungeonNode1-1.json	2013000
Inordinately Warped Reflection	高度畸变的映射	MirrorDungeonNode1-1.json	2014000
The Forgotten	被遗忘者们	MirrorDungeonTheme-1.json	1001
The Outcast	无归属者	MirrorDungeonTheme-1.json	1002
Flat-broke Gamblers	身无分文的赌徒	MirrorDungeonTheme-1.json	1003
Automated Factory	自动工厂	MirrorDungeonTheme-1.json	1004
The Unloving	无法去爱	MirrorDungeonTheme-1.json	1005
Nagel und Hammer	钉与锤	MirrorDungeonTheme-1.json	1006
Faith & Erosion	信仰与侵蚀	MirrorDungeonTheme-1.json	1007
The Unconfronting	未曾面对	MirrorDungeonTheme-1.json	1008
Nest, Workshop, and Technology	巢、工坊、技术	MirrorDungeonTheme-1.json	1009
Falling Flowers	落花	MirrorDungeonTheme-1.json	1010
Tearful Things	落泪者们	MirrorDungeonTheme-1.json	1011
The Unchanging	无改变者	MirrorDungeonTheme-1.json	1012
Lake World	湖的世界	MirrorDungeonTheme-1.json	1013
Crawling Abyss	伏行深渊	MirrorDungeonTheme-1.json	1014
The Evil Defining	定义为恶	MirrorDungeonTheme-1.json	1015
Dregs of the Manor	宅邸的副产物	MirrorDungeonTheme-1.json	1016
A Certain World	某个世界	MirrorDungeonTheme-1.json	1017
Hell's Chicken	地狱鸡	MirrorDungeonTheme-1.json	1101
S.E.A.	去·海·边	MirrorDungeonTheme-1.json	1102
Miracle in District 20	20区的奇迹	MirrorDungeonTheme-1.json	1103
Yield My Flesh to Claim Their Bones	肉斩骨断	MirrorDungeonTheme-1.json	1104
Slicers & Dicers	斩切者们	MirrorDungeonTheme-1.json	1201
To be Cleaved	当斩之物	MirrorDungeonTheme-1.json	1202
Piercers & Penetrators	穿刺者们	MirrorDungeonTheme-1.json	1203
To be Pierced	当贯之物	MirrorDungeonTheme-1.json	1204
Crushers & Breakers	粉碎者们	MirrorDungeonTheme-1.json	1205
To be Crushed	当碎之物	MirrorDungeonTheme-1.json	1206
Repressed Wrath	压抑的暴怒	MirrorDungeonTheme-1.json	1301
Unbound Wrath	解放的暴怒	MirrorDungeonTheme-1.json	1302
Emotional Repression	受情感压迫者	MirrorDungeonTheme-1.json	1303
Addicting Lust	沉迷的色欲	MirrorDungeonTheme-1.json	1304
Tangling Lust	束缚的色欲	MirrorDungeonTheme-1.json	1305
Emotional Seduction	因情感困惑者	MirrorDungeonTheme-1.json	1306
Treadwheel Sloth	空转的怠惰	MirrorDungeonTheme-1.json	1307
Inert Sloth	停滞的怠惰	MirrorDungeonTheme-1.json	1308
Emotional Indolence	待情感懒惰者	MirrorDungeonTheme-1.json	1309
Devoured Gluttony	吞噬的暴食	MirrorDungeonTheme-1.json	1310
Excessive Gluttony	漫溢的暴食	MirrorDungeonTheme-1.json	1311
Emotional Craving	对情感饥渴者	MirrorDungeonTheme-1.json	1312
Degraded Gloom	堕落的忧郁	MirrorDungeonTheme-1.json	1313
Sunk Gloom	沉溺的忧郁	MirrorDungeonTheme-1.json	1314
Emotional Flood	于情感沉溺者	MirrorDungeonTheme-1.json	1315
Vain Pride	虚张声势的傲慢	MirrorDungeonTheme-1.json	1316
Tyrannical Pride	自以为是的傲慢	MirrorDungeonTheme-1.json	1317
Emotional Subservience	向情感屈从者	MirrorDungeonTheme-1.json	1318
Insignificant Envy	寒微的嫉妒	MirrorDungeonTheme-1.json	1319
Pitiful Envy	凄惨的嫉妒	MirrorDungeonTheme-1.json	1320
Emotional Judgment	被情感评判者	MirrorDungeonTheme-1.json	1321
Burning Haze	燃烧的摇曳	MirrorDungeonTheme-1.json	1401
Season of the Flame	盛火时节	MirrorDungeonTheme-1.json	1402
Trickled Sanguine Blood	渗出的赤血	MirrorDungeonTheme-1.json	1403
Mountain of Corpses, Sea of Blood	尸山血海	MirrorDungeonTheme-1.json	1404
Dizzying Waves	缭乱的波动	MirrorDungeonTheme-1.json	1405
Abnormal Seismic Zone	异常地震带	MirrorDungeonTheme-1.json	1406
Crushing External Force	破坏性外力	MirrorDungeonTheme-1.json	1407
Unrelenting Might	破竹之势	MirrorDungeonTheme-1.json	1408
Sinking Pang	沉于苦痛	MirrorDungeonTheme-1.json	1409
Deep Sigh	深沉叹息	MirrorDungeonTheme-1.json	1411
Poised Breathing	循环呼吸	MirrorDungeonTheme-1.json	1412
Rising Power Supply	动力渐盈	MirrorDungeonTheme-1.json	1413
Thunder and Lightning	电闪雷鸣	MirrorDungeonTheme-1.json	1414
Timekilling Time	时间杀人时间	MirrorDungeonTheme-1.json	1105
Murder on the WARP Express	WARP快车谋杀案	MirrorDungeonTheme-1.json	1106
The Noon of Violet	紫罗兰的正午	MirrorDungeonTheme-1.json	1107
The Heartbreaking	心意相悖	MirrorDungeonTheme-1.json	1018
La Manchaland Re-opening	重新开园的拉·曼却领	MirrorDungeonTheme-1.json	1019
The Infinite Procession	无尽的游行	MirrorDungeonTheme-1.json	1020
Line 1	1号线	MirrorDungeonTheme-1.json	1108
Line 2	2号线	MirrorDungeonTheme-1.json	1109
Line 3	3号线	MirrorDungeonTheme-1.json	1110
Line 4 - Section #3	4号线 - 第3区段	MirrorDungeonTheme-1.json	1111
Line 4 - Section #4	4号线 - 第4区段	MirrorDungeonTheme-1.json	1112
Miracle in District 20 BokGak	20区的奇迹 复刻	MirrorDungeonTheme-1.json	1113
Full-Stopped by a Bullet	由子弹画下的句点	MirrorDungeonTheme-1.json	1114
LCB Regular Check-up	LCB定期体检	MirrorDungeonTheme-1.json	1115
Yield My Flesh to Claim Their Bones BokGak	肉斩骨断 复刻	MirrorDungeonTheme-1.json	1116
Nocturnal Sweeping	深夜清扫	MirrorDungeonTheme-1.json	1117
Line 5	5号线	MirrorDungeonTheme-1.json	1118
The Dream Ending	梦之终焉	MirrorDungeonTheme-1.json	1021
Four Houses and Greed	四大家族与欲念	MirrorDungeonTheme-1.json	1022
The Surrendered Witnessing	不思观望	MirrorDungeonTheme-1.json	1023
Hatred and Despair	憎恶与绝望	MirrorDungeonTheme-1.json	1119
Timekilling Time BokGak	时间杀人时间 复刻	MirrorDungeonTheme-1.json	1120
Spring Cultivation	切磋琢春	MirrorDungeonTheme-1.json	1121
N Corp. New League of Nine Littérateurs	N公司 新九人会	MirrorDungeonTheme-1.json	1501
Efflorescing Greenery	绽放的绿林	MirrorDungeonTheme-1.json	1502
Line 3 - Terminus	3号线 - 终点站	MirrorDungeonTheme-1.json	1503
Bridle of Infinity	永劫的枷锁	MirrorDungeonTheme-1.json	1504
S.E.A. C.R	去·海·边·激·蟹	MirrorDungeonTheme-1.json	1505
Impenetrable Path	无尽的死路	MirrorDungeonTheme-1.json	1506
Who Couldn't be Bloodfiends	无法成为血魔的人们	MirrorDungeonTheme-1.json	1507
Pilgrimage of Compassion	善意的巡礼	MirrorDungeonTheme-1.json	1122
A Beautiful Voice	美妙的嗓音	MirrorDungeonTheme-1.json	1508
The Dawn of Green	绿色的黎明	MirrorDungeonTheme-1.json	1509
Into a Certain Library's Book	进入某座图书馆的某本藏书	MirrorDungeonTheme-1.json	1510
Murder on the WARP Express BokGak	WARP快车谋杀案 复刻	MirrorDungeonTheme-1.json	1123
Charm, Wander, Doubt	魅惑、彷徨、猜疑	MirrorDungeonTheme-1.json	1024
Blade and Artwork	刀与作品	MirrorDungeonTheme-1.json	1026
The Unsevering	无割舍者	MirrorDungeonTheme-1.json	1027
The Dusk of Amber	琥珀色的黄昏	MirrorDungeonTheme-1.json	1124
LCB Regular Check-up BokGak	LCB定期体检 复刻	MirrorDungeonTheme-1.json	1125
The B.E.	凤·皇	MirrorDungeonTheme-1.json	3001
Twining Threads	绞丝结线	MirrorDungeonTheme-1.json	1126
Nocturnal Sweeping BokGak	深夜清扫 复刻	MirrorDungeonTheme-1.json	1127
Code Purple	紫色编码	MirrorDungeonTheme-1.json	1511
Bearers of Weight	身负重担者们	MirrorDungeonTheme-1.json	1512
Line 1 : MADNESS	1号线 : 疯狂	MirrorDungeonTheme-1.json	1513
Blessed Carnival	充满祝福的嘉年华	MirrorDungeonTheme-1.json	1514
Fairy Tale	精灵童话	MirrorDungeonTheme-1.json	1515
Bloodtinged Ichthyic Odor	血腥味	MirrorDungeonTheme-1.json	1516
Complete & Total Extermination	即刻处刑时间	MirrorDungeonTheme-1.json	1517
The Master of La Manchaland	拉·曼却领之主	MirrorDungeonTheme-1.json	1518
Chachihu	插翅虎	MirrorDungeonTheme-1.json	1519
A Midspring Night's Dream 2	仲春夜之梦2	MirrorDungeonTheme-1.json	1520
Mnestic Experience	经验记忆	MirrorDungeonTheme-1.json	1128
Choose Identity to Level Up	选择进行升级的人格	MirrorDungeonUI.json	mirrordungeonui_level_up
Will you enhance the selected Identity?	要升级选中的人格吗？	MirrorDungeonUI.json	mirrordungeonui_ask_level_up
Current Rewards	当前奖励	MirrorDungeonUI.json	mirrordungeonui_current_reward
Identity Acquired	已获得人格	MirrorDungeonUI.json	mirrordungeonui_acquire_new_character
Identity Upgraded	人格升级完毕	MirrorDungeonUI.json	mirrordungeonui_level_up_complete
Will you continue exploration?	要继续探索吗？	MirrorDungeonUI.json	mirrordungeonui_continue
Select Sinner	选择罪人	MirrorDungeonUI.json	mirrordungeonui_select_character
Can Equip	可装备	MirrorDungeonUI.json	mirrordungeonui_able_to_equip
Identity Powered Up!	人格已强化！	MirrorDungeonUI.json	mirrordungeon_success_to_levelup
Daily Pass EXP Bonus	额外通行证经验	MirrorDungeonUI.json	mirrordungeon_additional_exp
On Team	在队伍中	MirrorDungeonUI.json	mirrordungeon_already_in_member
Enter Mirror World	进入镜像世界	MirrorDungeonUI.json	mirrordungeon_select_start_character
E.G.O Gift GET!	获得E.G.O饰品！	MirrorDungeonUI.json	mirrordungeon_acquire_ego_gift_popup
Weekly Pass EXP Bonus	周常通行证经验加成	MirrorDungeonUI.json	mirrordungeon_additional_exp_weekly
Daily Free Entry	每日免费进入	MirrorDungeonUI.json	mirrordungeon_daily_free
Terminate the ongoing simulation?	要终止正在进行的模拟吗？	MirrorDungeonUI.json	mirrordungeon_entrance_quit_former_simulation
{0} Simulation Progress	{0} 模拟进度	MirrorDungeonUI.json	mirrordungeon_progress_rate_simulation
Resume Simulation	继续模拟	MirrorDungeonUI.json	mirrordungeon_resume_simulation
Halt Simulation	终止模拟	MirrorDungeonUI.json	mirrordungeon_stop_simulation
◆ No Enkephalin Cost	◆ 不会消耗脑啡肽	MirrorDungeonUI.json	mirrordungeon_simulation_info_1
◆ No Rewards	◆ 不会获得奖励	MirrorDungeonUI.json	mirrordungeon_simulation_info_2
Resume	继续	MirrorDungeonUI.json	mirrordungeon_progress
Halt Exploration	终止探索	MirrorDungeonUI.json	mirrordungeon_stop
{0} Simulation	{0}的模拟	MirrorDungeonUI.json	mirrordungeon_dungeon_name_simulation
E.G.O not equipped.
Are you sure you wish to proceed?	未装备E.G.O。
您确定要继续吗？	MirrorDungeonUI.json	mirrordungeon_warning_not_equip_ego
Claim Rewards	领取奖励	MirrorDungeonUI.json	mirrordungeon_acquire_rewards
Enhancements Used	可进行人格升级的次数	MirrorDungeonUI.json	mirrordungeon_ask_select_character_level_up
◆ No Enkephalin Module Cost	◆ 不会消耗脑啡肽模块	MirrorDungeonUI.json	mirrordungeon_simulation_info_no_use_module
Level Up #{0}	已达到阶段{0}	MirrorDungeonUI.json	mirrordungeon_after_levelup
E.G.O Gift Compendium	E.G.O饰品图鉴	MirrorDungeonUI.json	mirrordunge_ego_gift_history_button_label
! Simulating… !	！模拟中	MirrorDungeonUI.json	mirrordungeon_simulation_on
Participant	已参战	MirrorDungeonUI.json	mirrordungeon_participated
Select E.G.O Gift	选择E.G.O饰品	MirrorDungeonUI.json	select_ego_gift
Exploration Complete	探索完成	MirrorDungeonUI.json	explore_dungeon_finished
Identities	参战人格	MirrorDungeonUI.json	participated_personality
Last Reached	最终探索区域	MirrorDungeonUI.json	dungeon_final_area
Total Progress	总进度	MirrorDungeonUI.json	total_progress_rate
Data was lost due to a server error.	由于服务器错误，数据丢失。	MirrorDungeonUI.json	mirror_dungeon_error_desc
Mirror Projection / Achievements	镜像投影 / 成就	MirrorDungeonUI.json	mirrordunge_achievement_history_button_label
Product Catalogue	商品列表	MirrorDungeonUI_2.json	mirrordungeon_product_list
E.G.O Gifts Owned	所持E.G.O饰品	MirrorDungeonUI_2.json	ego_gift_list
Normal	普通	MirrorDungeonUI_2.json	normal_difficulty
Hard	困难	MirrorDungeonUI_2.json	hard_difficulty
Active Effects	当前效果	MirrorDungeonUI_2.json	start_buffs
Enter Normal Dungeon	进入普通难度	MirrorDungeonUI_2.json	enter_normal_difficulty
Enter Hard Dungeon	进入困难难度	MirrorDungeonUI_2.json	enter_hard_difficulty
Activated	已激活	MirrorDungeonUI_2.json	activation_complete
Not enough Starlight.	星芒不足。	MirrorDungeonUI_2.json	lack_of_points
Engrave Stars on the previous
stage's Starter Buffs first.	您需要先对上一阶段的增益
进行镌星。	MirrorDungeonUI_2.json	require_to_activate_former_buffs
Weekly Bonuses	每周加成	MirrorDungeonUI_2.json	weekly_bonus_reward
Hard Rewards	困难难度奖励	MirrorDungeonUI_2.json	hard_dungeon_reward
Don't purchase.	不进行购买。	MirrorDungeonUI_2.json	dungeon_shop_return_title
Move to Shop	跳转到商店	MirrorDungeonUI_2.json	dungeon_shop_return_desc
Choose the expensive tonic.	选择昂贵的滋养强壮剂。	MirrorDungeonUI_2.json	dungeon_shop_heal_title_one
The selected Sinner heals {0}% HP and {1} SP	所选罪人恢复{0}%体力和{1}点理智值	MirrorDungeonUI_2.json	dungeon_shop_heal_desc_one_hp_perc_mp_int
Choose the energy drinks.	选择能量饮料。	MirrorDungeonUI_2.json	dungeon_shop_heal_title_all
All Sinners heal {0}% HP and {1} SP	全体罪人恢复{0}%体力和{1}点理智值	MirrorDungeonUI_2.json	dungeon_shop_heal_desc_all_hp_perc_mp_int
Purchase.	进行购买。	MirrorDungeonUI_2.json	dungeon_shop_purchase_title
Pick up a mirror shard amid the crumbs.	拾起在碎屑中发现的镜子碎片。	MirrorDungeonUI_2.json	dungeon_shop_change_formation_title
Add a new Identity or E.G.O to the current team	为当前编队追加新的人格或E.G.O	MirrorDungeonUI_2.json	dungeon_shop_change_formation_desc
Heal Sinner	<size=90%>治疗罪人</size>	MirrorDungeonUI_2.json	dungeon_shop_heal_character
Team	编队	MirrorDungeonUI_2.json	dungeon_shop_change_formation
Replace {0}'s Skill	替换{0}的技能	MirrorDungeonUI_2.json	dungeon_shop_upgrade_personality
Pay a moderate price.	付一笔合适的费用。	MirrorDungeonUI_2.json	dungeon_shop_upgrade_personality_0_title
Pay a large sum.	付一大笔费用。	MirrorDungeonUI_2.json	dungeon_shop_upgrade_personality_1_title
Pay a tremendous price.	付一笔极其昂贵的费用。	MirrorDungeonUI_2.json	dungeon_shop_upgrade_personality_2_title
Leave	离开	MirrorDungeonUI_2.json	dungeon_shop_out
Clear Mirror of Mirrors on Normal to unlock	通过镜中之镜普通难度时解锁	MirrorDungeonUI_2.json	mirrordungeon_2_hard_open_at
Mirror Dungeon {0}	镜像迷宫 {0}	MirrorDungeonUI_2.json	mirrordungeon_with_number
Select Event Effect	选择事件效果	MirrorDungeonUI_2.json	mirrordungeon_select_buffs_title
Receive additional rewards	领取额外奖励	MirrorDungeonUI_2.json	acquire_additional_rewards
Spend your 「Weekly Bonuses」 to claim the bonus rewards?	要消耗“每周加成”以领取额外奖励吗？	MirrorDungeonUI_2.json	mirrordungeon_acquire_rewards_using_chance_desc
Claim the rewards?	是否领取奖励？	MirrorDungeonUI_2.json	mirrordungeon_acquire_rewards_no_chance_desc
Starlight	星芒	MirrorDungeonUI_2.json	mirror_dungeon_start_buffs_chip_name
End expedition without claiming rewards?	要在不领取奖励的情况下结束探索吗？	MirrorDungeonUI_2.json	mirror_dungeon_exit_without_acquire_rewards
Half a Step More	再进半步	MirrorDungeonUI_2.json	mirror_dungeon_buffs_title_1
Fighting Spirit	斗志昂扬	MirrorDungeonUI_2.json	mirror_dungeon_buffs_title_2
Spotting Vulnerabilities	弱点洞察	MirrorDungeonUI_2.json	mirror_dungeon_buffs_title_3
Spirit to Push Ahead	锐意进取	MirrorDungeonUI_2.json	mirror_dungeon_buffs_title_4
Focusing Vulnerabilities	弱点专注	MirrorDungeonUI_2.json	mirror_dungeon_buffs_title_5
Physical Training	体力锻炼	MirrorDungeonUI_2.json	mirror_dungeon_buffs_title_6
Glimpse of Earnestness	窥见决心	MirrorDungeonUI_2.json	mirror_dungeon_buffs_title_7
Intense Training	极限锻炼	MirrorDungeonUI_2.json	mirror_dungeon_buffs_title_8
Autogenic	自体再生	MirrorDungeonUI_2.json	mirror_dungeon_buffs_title_9
Just One Pocket	多带一袋	MirrorDungeonUI_2.json	mirror_dungeon_buffs_title_11
One Step Further	再进一步	MirrorDungeonUI_2.json	mirror_dungeon_buffs_title_12
Fortuitous Find	偶然所得	MirrorDungeonUI_2.json	mirror_dungeon_buffs_title_13
Distinct Pocket	再带一袋	MirrorDungeonUI_2.json	mirror_dungeon_buffs_title_14
Solid Defense	固若金汤	MirrorDungeonUI_2.json	mirror_dungeon_buffs_title_15
Quick Legs	快步前行	MirrorDungeonUI_2.json	mirror_dungeon_buffs_title_16
Fleet-footed	飞毛腿	MirrorDungeonUI_2.json	mirror_dungeon_buffs_title_17
Grazing Attack	小小擦伤	MirrorDungeonUI_2.json	mirror_dungeon_buffs_title_18
Take a rest.	稍事歇息。	MirrorDungeonUI_2.json	mirrordungeon_resting_heal_title
Sinners heal HP	罪人体力恢复	MirrorDungeonUI_2.json	mirrordungeon_resting_heal_desc
The selected Sinner heals {0}% HP	所选罪人恢复{0}%的体力	MirrorDungeonUI_2.json	mirrordungeon_resting_heal_desc_1
All Sinners heal {0}% HP	全体罪人恢复{0}%的体力	MirrorDungeonUI_2.json	mirrordungeon_resting_heal_desc_2
Place the crumb on the table.	将碎屑放到桌面上。	MirrorDungeonUI_2.json	mirrordungeon_resting_change_formation_title
Clear Main Story 4-54 and Mirror of the Beginning to unlock	通过主线4-54和起始之镜时解锁	MirrorDungeonUI_2.json	mirrordungeon_2_normal_open_at
Thick Rumbling Hum	震音作响的空间	MirrorDungeonUI_2.json	mirrordungeon_2_shop_stageinfo_title
Dense Quietness	一片寂静的空间	MirrorDungeonUI_2.json	mirrordungeon_2_resting_stageinfo_title
Pick up a mirror shard amid the crumbs.	捡起在碎屑中看到的镜子碎片。	MirrorDungeonUI_2.json	dungeon_resting_change_formation_title
Place the most tired Sinner in the chair.	让最疲劳的罪人在椅子上休息。	MirrorDungeonUI_2.json	dungeon_resting_heal_title_one
All Sinners take a seat to rest.	让全体罪人坐在椅子上休息。	MirrorDungeonUI_2.json	dungeon_resting_heal_title_all
E.G.O Gift Info	E.G.O饰品信息	MirrorDungeonUI_2.json	ego_gift_info
The bizarre and curious things draw your attention.	一些神奇而怪诞的事物吸引了你的注意力。	MirrorDungeonUI_2.json	mirrordungeon_shop_gift_entrance
You hear something drop with a clang.	你听到什么东西掉落的声音。	MirrorDungeonUI_2.json	mirrordungeon_shop_gift_purchase
Anything else to buy?	要再买点什么吗？	MirrorDungeonUI_2.json	mirrordungeon_reenter
Choose the Sinner that looks tired.	选择看上去疲倦的罪人。	MirrorDungeonUI_2.json	mirrordungeon_shop_heal_one_who_right
Shop	商店	MirrorDungeonUI_2.json	dungeon_encounter_guide_mirror_shop
Rest Stop	休息点	MirrorDungeonUI_2.json	dungeon_encounter_guide_mirror_select_event
Exploring Floor {0}	正在探索第{0}层	MirrorDungeonUI_2.json	dungeon_explore_floor
Not Enough Cost	经费
不足	MirrorDungeonUI_2.json	lack_of_point_for_shop
No effects active.	当前没有效果激活。	MirrorDungeonUI_2.json	list_of_applied_effects_is_empty
Give Up Rewards	放弃奖励	MirrorDungeonUI_2.json	give_up_rewards
To Window	返回玻璃窗	MirrorDungeonUI_2.json	mirror_dungeon_rewards_back_to_lobby_button
To List	转到列表	MirrorDungeonUI_2.json	mirror_dungeon_rewards_back_to_lobby_button_lobby
The space isn't all that wide.
Who should take the rest?	座位并不宽敞。
让谁休息比较好呢？	MirrorDungeonUI_2.json	mirrordungeon_resting_heal_one_who
Cancel All Selected	取消全部所选	MirrorDungeonUI_2.json	mirror_dungeon_change_formation_release_character
Leave the shop?	要离开商店吗？	MirrorDungeonUI_2.json	mirrordungeon_exit_shop
Leave the rest stop?	要离开休息点吗？	MirrorDungeonUI_2.json	mirrordungeon_exit_resting
Spend the Cost to deploy the selected Identities and E.G.O?	是否确认花费经费以编入所选人格与E.G.O？	MirrorDungeonUI_2.json	mirrordungeon_change_formation_confirm_exact_participants
Clear Rewards	通关奖励	MirrorDungeonUI_2.json	mirror_dungeon_clear_battle_reward_label
Refuse Gift	拒绝饰品	MirrorDungeonUI_2.json	mirror_dungeon_give_up_ego_gift
Continue without choosing an E.G.O Gift?	确定不选择E.G.O饰品，直接继续吗？	MirrorDungeonUI_2.json	mirror_dungeon_give_up_ego_gift_ask
Activate Challenge Mode?	要激活挑战模式吗？	MirrorDungeonUI_2.json	mirror_dungeon_challenge_mode_ask
Challenge Mode	挑战模式	MirrorDungeonUI_2.json	mirror_dungeon_challenge_mode
Recommendations	推荐条件	MirrorDungeonUI_2.json	mirror_dungeon_hard_require_condition_title
- Identity Levels 45	- 人格等级 45	MirrorDungeonUI_2.json	mirror_dungeon_hard_require_condition_level
- E.G.O Threadspin Tier 3	- E.G.O异想解析 3阶段	MirrorDungeonUI_2.json	mirror_dungeon_hard_require_condition_ego_gacksung
- Identity Uptie Tier 3	- 人格同步 3阶段	MirrorDungeonUI_2.json	mirror_dungeon_hard_require_condition_personality_gacksung
- All Starter Buffs Active	- 开局增益全部激活	MirrorDungeonUI_2.json	mirror_dungeon_hard_require_condition_start_buf
A Journey's Start	旅程伊始	MirrorDungeonUI_2.json	mirror_dungeon_3_buffs_title_1
Seize the Opportunity	及锋而试	MirrorDungeonUI_2.json	mirror_dungeon_3_buffs_title_2
Just in Case	有备无患	MirrorDungeonUI_2.json	mirror_dungeon_3_buffs_title_3
Fruits of Labor	劳动果实	MirrorDungeonUI_2.json	mirror_dungeon_3_buffs_title_4
Worthy Prize	丰硕成果	MirrorDungeonUI_2.json	mirror_dungeon_3_buffs_title_5
New Discovery	新发现	MirrorDungeonUI_2.json	mirror_dungeon_3_buffs_title_6
The Spoils of War	战利品	MirrorDungeonUI_2.json	mirror_dungeon_3_buffs_title_7
More the Better	多多益善	MirrorDungeonUI_2.json	mirror_dungeon_3_buffs_title_8
Established Trust	稳固信任	MirrorDungeonUI_2.json	mirror_dungeon_3_buffs_title_9
Perseverance	精雕细琢	MirrorDungeonUI_2.json	mirror_dungeon_3_buffs_title_10
Namesake	名副其实	MirrorDungeonUI_2.json	mirror_dungeon_3_buffs_title_11
Fame and Feats	丰功伟绩	MirrorDungeonUI_2.json	mirror_dungeon_3_buffs_title_12
Rights	权利	MirrorDungeonUI_2.json	mirror_dungeon_3_buffs_title_13
Triumphant Return	衣锦还乡	MirrorDungeonUI_2.json	mirror_dungeon_3_buffs_title_14
Goals	目标	MirrorDungeonUI_2.json	mirror_dungeon_3_buffs_title_15
Readiness	事前准备	MirrorDungeonUI_2.json	mirror_dungeon_3_buffs_title_16
Physical Training	体力训练	MirrorDungeonUI_2.json	mirror_dungeon_3_buffs_title_18
Tier 3 Gift Appearance	出现3级饰品	MirrorDungeonUI_2.json	md3_buffs_summaryDesc_101
Higher Tier Burn Gifts appear	出现烧伤类饰品的概率提高	MirrorDungeonUI_2.json	md3_buffs_summaryDesc_1011
Higher Tier Bleed Gifts appear	出现流血类饰品的概率提高	MirrorDungeonUI_2.json	md3_buffs_summaryDesc_1012
Higher Tier Tremor Gifts appear	出现震颤类饰品的概率提高	MirrorDungeonUI_2.json	md3_buffs_summaryDesc_1013
Higher Tier Rupture Gifts appear	出现破裂类饰品的概率提高	MirrorDungeonUI_2.json	md3_buffs_summaryDesc_1014
Higher Tier Sinking Gifts appear	出现沉沦类饰品的概率提高	MirrorDungeonUI_2.json	md3_buffs_summaryDesc_1015
Higher Tier Poise Gifts appear	出现呼吸法类饰品的概率提高	MirrorDungeonUI_2.json	md3_buffs_summaryDesc_1016
Higher Tier Charge Gifts appear	出现充能类饰品的概率提高	MirrorDungeonUI_2.json	md3_buffs_summaryDesc_1017
Higher Tier Random Gifts appear	出现随机饰品的概率提高	MirrorDungeonUI_2.json	md3_buffs_summaryDesc_1018
Tier 4+ Gifts appear & Higher Tier Gifts appear	出现4级以上饰品&出现饰品等级提高	MirrorDungeonUI_2.json	md3_buffs_summaryDesc_102
Higher Tier Gifts appear	出现饰品等级上升	MirrorDungeonUI_2.json	md3_buffs_summaryDesc_1021
Selectable E.G.O Gift +1	出现的饰品数量+1	MirrorDungeonUI_2.json	md3_buffs_summaryDesc_103
Selectable Burn E.G.O Gift +1	出现的烧伤类饰品数量+1	MirrorDungeonUI_2.json	md3_buffs_summaryDesc_1041
Selectable Bleed E.G.O Gift +1	出现的流血类饰品数量+1	MirrorDungeonUI_2.json	md3_buffs_summaryDesc_1042
Selectable Tremor E.G.O Gift +1	出现的震颤类饰品数量+1	MirrorDungeonUI_2.json	md3_buffs_summaryDesc_1043
Selectable Rupture E.G.O Gift +1	出现的破裂类饰品数量+1	MirrorDungeonUI_2.json	md3_buffs_summaryDesc_1044
Selectable Sinking E.G.O Gift +1	出现的沉沦类饰品数量+1	MirrorDungeonUI_2.json	md3_buffs_summaryDesc_1045
Selectable Poise E.G.O Gift +1	出现的呼吸法类饰品数量+1	MirrorDungeonUI_2.json	md3_buffs_summaryDesc_1046
Selectable Charge E.G.O Gift +1	出现的充能类饰品数量+1	MirrorDungeonUI_2.json	md3_buffs_summaryDesc_1047
Selectable Random E.G.O Gift +1	出现的随机饰品数量+1	MirrorDungeonUI_2.json	md3_buffs_summaryDesc_1048
Gain +50 Starting Cost	获得50点初始经费	MirrorDungeonUI_2.json	md3_buffs_summaryDesc_105
Starting Cost +50	初始经费+50	MirrorDungeonUI_2.json	md3_buffs_summaryDesc_1051
Introduce 3 new Gifts	追加出现3款饰品	MirrorDungeonUI_2.json	md3_buffs_summaryDesc_106
Introduce 2 new Burn Gifts	追加出现2款烧伤类饰品	MirrorDungeonUI_2.json	md3_buffs_summaryDesc_1061
Introduce 2 new Bleed Gifts	追加出现2款流血类饰品	MirrorDungeonUI_2.json	md3_buffs_summaryDesc_1062
Introduce 2 new Tremor Gifts	追加出现2款震颤类饰品	MirrorDungeonUI_2.json	md3_buffs_summaryDesc_1063
Introduce 2 new Rupture Gifts	追加出现2款破裂类饰品	MirrorDungeonUI_2.json	md3_buffs_summaryDesc_1064
Introduce 2 new Sinking Gifts	追加出现2款沉沦类饰品	MirrorDungeonUI_2.json	md3_buffs_summaryDesc_1065
Introduce 2 new Poise Gifts	追加出现2款呼吸法类饰品	MirrorDungeonUI_2.json	md3_buffs_summaryDesc_1066
Introduce 2 new Charge Gifts	追加出现2款充能类饰品	MirrorDungeonUI_2.json	md3_buffs_summaryDesc_1067
Gain more Cost from Combat Encounters	在战斗中获得的经费增加	MirrorDungeonUI_2.json	md3_buffs_summaryDesc_107
Gain more Cost from Regular Encounters	在常规遭遇战中获得的经费增加	MirrorDungeonUI_2.json	md3_buffs_summaryDesc_1071
Gain more Cost from Focused Encounters	在集中遭遇战中获得的经费增加	MirrorDungeonUI_2.json	md3_buffs_summaryDesc_1072
Gain more Cost from Risky Encounters	在危险遭遇战中获得的经费增加	MirrorDungeonUI_2.json	md3_buffs_summaryDesc_1073
Gain more Cost from Floor Boss Encounters	在阶层头目战中获得的经费增加	MirrorDungeonUI_2.json	md3_buffs_summaryDesc_1074
Gift Choice +1	可选择饰品数量+1	MirrorDungeonUI_2.json	md3_buffs_summaryDesc_108
Cheaper Refresh Cost	刷新所需经费减少	MirrorDungeonUI_2.json	md3_buffs_summaryDesc_109
Small chance for a free Refresh	较低概率免费进行刷新	MirrorDungeonUI_2.json	md3_buffs_summaryDesc_1092
[Shops] Cheaper Skill Replacement Cost	技能替换所需经费减少	MirrorDungeonUI_2.json	md3_buffs_summaryDesc_1093
Cheaper Enhancement Cost	强化所需经费减少	MirrorDungeonUI_2.json	md3_buffs_summaryDesc_110
Small chance for a free Enhance	较低概率免费进行强化	MirrorDungeonUI_2.json	md3_buffs_summaryDesc_1101
Cheaper Burn Gift Enhancement Cost	强化烧伤类饰品所需经费减少	MirrorDungeonUI_2.json	md3_buffs_summaryDesc_1102
Cheaper Bleed Gift Enhancement Cost	强化流血类饰品所需经费减少	MirrorDungeonUI_2.json	md3_buffs_summaryDesc_1103
Cheaper Tremor Gift Enhancement Cost	强化震颤类饰品所需经费减少	MirrorDungeonUI_2.json	md3_buffs_summaryDesc_1104
Cheaper Rupture Gift Enhancement Cost	强化破裂类饰品所需经费减少	MirrorDungeonUI_2.json	md3_buffs_summaryDesc_1105
Cheaper Sinking Gift Enhancement Cost	强化沉沦类饰品所需经费减少	MirrorDungeonUI_2.json	md3_buffs_summaryDesc_1106
Cheaper Poise Gift Enhancement Cost	强化呼吸法类饰品所需经费减少	MirrorDungeonUI_2.json	md3_buffs_summaryDesc_1107
Cheaper Charge Gift Enhancement Cost	强化充能类饰品所需经费减少	MirrorDungeonUI_2.json	md3_buffs_summaryDesc_1108
Gain more Cost from selling Gifts	售卖饰品可获得的经费增加	MirrorDungeonUI_2.json	md3_buffs_summaryDesc_111
Cheaper Gift Purchase Cost	购买饰品所需经费减少	MirrorDungeonUI_2.json	md3_buffs_summaryDesc_112
Cheaper Burn Gift Purchase Cost	购买烧伤类饰品所需经费减少	MirrorDungeonUI_2.json	md3_buffs_summaryDesc_1121
Cheaper Bleed Gift Purchase Cost	购买流血类饰品所需经费减少	MirrorDungeonUI_2.json	md3_buffs_summaryDesc_1122
Cheaper Tremor Gift Purchase Cost	购买震颤类饰品所需经费减少	MirrorDungeonUI_2.json	md3_buffs_summaryDesc_1123
Cheaper Rupture Gift Purchase Cost	购买破裂类饰品所需经费减少	MirrorDungeonUI_2.json	md3_buffs_summaryDesc_1124
Cheaper Sinking Gift Purchase Cost	购买沉沦类饰品所需经费减少	MirrorDungeonUI_2.json	md3_buffs_summaryDesc_1125
Cheaper Poise Gift Purchase Cost	购买呼吸法类饰品所需经费减少	MirrorDungeonUI_2.json	md3_buffs_summaryDesc_1126
Cheaper Charge Gift Purchase Cost	购买充能类饰品所需经费减少	MirrorDungeonUI_2.json	md3_buffs_summaryDesc_1127
Cheaper Keywordless Gift Purchase Cost	购买泛用型饰品所需经费减少	MirrorDungeonUI_2.json	md3_buffs_summaryDesc_1128
E.G.O Gift Selection +1	可选择E.G.O饰品数量+1	MirrorDungeonUI_2.json	md3_buffs_summaryDesc_151
Starting Cost +250	初始经费+250	MirrorDungeonUI_2.json	md3_buffs_summaryDesc_152
+1 E.G.O resource for all Affinities	所有E.G.O资源+1	MirrorDungeonUI_2.json	md3_buffs_summaryDesc_121
Max Speed +1	最大速度值+1	MirrorDungeonUI_2.json	md3_buffs_summaryDesc_1212
Deal +3% damage	造成的伤害+3%	MirrorDungeonUI_2.json	md3_buffs_summaryDesc_122
Offense Level +1	攻击等级+1	MirrorDungeonUI_2.json	md3_buffs_summaryDesc_1222
Deal +4% Slash Damage	斩击伤害+4%	MirrorDungeonUI_2.json	md3_buffs_summaryDesc_1224
Deal +4% Pierce Damage	突刺伤害+4%	MirrorDungeonUI_2.json	md3_buffs_summaryDesc_1225
Deal +4% Blunt Damage	打击伤害+4%	MirrorDungeonUI_2.json	md3_buffs_summaryDesc_1226
Take -3% damage	受到的伤害-3%	MirrorDungeonUI_2.json	md3_buffs_summaryDesc_123
Defense Level +1	防御等级+1	MirrorDungeonUI_2.json	md3_buffs_summaryDesc_1232
Defense Level +2	防御等级+2	MirrorDungeonUI_2.json	md3_buffs_summaryDesc_1233
Slash Resistance -0.1	斩击抗性-0.1	MirrorDungeonUI_2.json	md3_buffs_summaryDesc_1234
Pierce Resistance -0.1	突刺抗性-0.1	MirrorDungeonUI_2.json	md3_buffs_summaryDesc_1235
Blunt Resistance -0.1	打击抗性-0.1	MirrorDungeonUI_2.json	md3_buffs_summaryDesc_1236
Enhance Gifts	<size=90%>强化饰品</size>	MirrorDungeonUI_3.json	dungeon_shop_ego_gift_upgrade
Fuse Gifts	<size=90%>合成饰品</size>	MirrorDungeonUI_3.json	dungeon_shop_ego_gift_composite
Sell Gifts	<size=90%>售卖饰品</size>	MirrorDungeonUI_3.json	dungeon_shop_ego_gift_sell
Refresh	刷新	MirrorDungeonUI_3.json	dungeon_shop_refresh
Selected E.G.O Gift	选择E.G.O饰品	MirrorDungeonUI_3.json	mirror_dungeon_selected_ego_gift
Enhance E.G.O Gift	强化E.G.O饰品	MirrorDungeonUI_3.json	ego_gift_upgrade_ui_title
Fuse E.G.O Gift	合成E.G.O饰品	MirrorDungeonUI_3.json	ego_gift_combine_ui_title
Fuse	合成	MirrorDungeonUI_3.json	combine
Selected E.G.O Gifts	选择饰品	MirrorDungeonUI_3.json	selected_gift
Prediction	预期	MirrorDungeonUI_3.json	expectation
Fuse the selected E.G.O Gifts?	是否合成E.G.O饰品？	MirrorDungeonUI_3.json	ego_gift_combine_ui_main_text
Exploring:	探索状态	MirrorDungeonUI_3.json	mirror_dungeon3_current_explore
Sinners	罪人	MirrorDungeonUI_3.json	mirror_dungeon3_entrance_button_formation
Starter Buffs	开局增益	MirrorDungeonUI_3.json	mirror_dungeon3_entrance_button_start_buff
Clear Canto IV to Unlock	通过第4章后解锁	MirrorDungeonUI_3.json	mirror_dungeon3_entrance_hard_hint_before_release
Summary/Details	概要/详情	MirrorDungeonUI_3.json	mirror_dungeon3_start_buff_summary_detail
Summary	概要	MirrorDungeonUI_3.json	mirror_dungeon3_start_buff_summary
Details	详情	MirrorDungeonUI_3.json	mirror_dungeon3_start_buff_detail
Sell E.G.O Gift	售卖E.G.O饰品	MirrorDungeonUI_3.json	ego_gift_sell_ui_title
Sell	售卖	MirrorDungeonUI_3.json	sell
Select the E.G.O Gift you would like to sell.	请选择要售卖的E.G.O饰品。	MirrorDungeonUI_3.json	guided_sell_ego_gift
Sell [{0}] for {1} Cost?	是否以{1}点经费的售价售卖[{0}]？	MirrorDungeonUI_3.json	ego_gift_sell_confirm_format
Starter Buffs - Astral Milestones	开局增益 - 星位里程碑	MirrorDungeonUI_3.json	mirror_dungeon_3_start_buff_name
Engrave Stars	镌星	MirrorDungeonUI_3.json	mirror_dungeon_3_purchase_start_buff
Cannot Refresh	无法刷新	MirrorDungeonUI_3.json	mirror_dungeon_shop_could_not_refresh
Team Participants	编队人数	MirrorDungeonUI_3.json	mirror_dungeon_shop_change_formation_count
! Exploring !	! 探索中 !	MirrorDungeonUI_3.json	mirror_dungeon_exploring
Before Entry	进入前	MirrorDungeonUI_3.json	mirror_dungeon_progress_text_before
Normal Floor {0}	普通难度第{0}层	MirrorDungeonUI_3.json	mirror_dungeon_progress_text_3_normal
※ Difficulty: {0} [x{1}]	※ 难度： {0} [x{1}]	MirrorDungeonUI_3.json	starchip_ui_difficulty_ratio_format
Cleared Floors	已通过层数	MirrorDungeonUI_3.json	number_of_cleared_floors
Cleared Nodes	已通过节点数	MirrorDungeonUI_3.json	number_of_cleared_nodes
Starlight Nodes	星芒节点数	MirrorDungeonUI_3.json	number_of_starlight_nodes
Encounters	战斗次数	MirrorDungeonUI_3.json	number_of_battles
Acquired E.G.O Gifts	已获取E.G.O饰品数量	MirrorDungeonUI_3.json	number_of_acquired_ego_gift
Starting E.G.O Gift Choice	选择初始E.G.O饰品	MirrorDungeonUI_3.json	choose_starting_ego_gift
Rest Bonus	休息奖励	MirrorDungeonUI_3.json	rest_gauge
Starlight	星芒奖励	MirrorDungeonUI_3.json	starlight_reward
Pass XP Reward	通行证经验值奖励	MirrorDungeonUI_3.json	battlepass_progress_reward
Cannot Enhance	无法强化	MirrorDungeonUI_3.json	side_title_unable_ego_gift_upgrade
No E.G.O Gifts owned.	暂未持有E.G.O饰品。	MirrorDungeonUI_3.json	side_content_not_have_any_ego_gift
This E.G.O Gift cannot be Enhanced.	该E.G.O饰品无法强化。	MirrorDungeonUI_3.json	side_content_ego_gift_is_not_upgradeable
This E.G.O Gift is already fully Enhanced.	该E.G.O饰品已达到强化极限。	MirrorDungeonUI_3.json	side_content_ego_gift_is_maximum_upgraded
Cannot Fuse	无法合成	MirrorDungeonUI_3.json	side_title_unable_ego_gift_combine
You need to own at least 2 E.G.O Gifts.	需要至少2件E.G.O饰品。	MirrorDungeonUI_3.json	side_content_need_more_ego_gift
You can select only Tier 3 or lower E.G.O Gifts.	只可选择3级以下的E.G.O饰品。	MirrorDungeonUI_3.json	side_content_need_lower_tier_ego_gift
Cannot Sell	无法售卖	MirrorDungeonUI_3.json	side_title_unable_ego_gift_sell
You cannot sell this E.G.O Gift.	该E.G.O饰品无法售卖。	MirrorDungeonUI_3.json	side_content_ego_gift_is_not_for_sale
Participating	参与中	MirrorDungeonUI_3.json	mirror_dungeon_already_participated
Acquire E.G.O Gift	获得E.G.O饰品	MirrorDungeonUI_3.json	mirror_dungeon_acquire_ego_gift_desc
Refresh (Once)	刷新（1次）	MirrorDungeonUI_3.json	mirror_dungeon_reload_select_ego_gift_category
Wish of Stars	星星的愿望	MirrorDungeonUI_3.json	mirror_dungeon_select_chip_effect
Activate	激活	MirrorDungeonUI_3.json	mirror_dungeon_atart_buff_activation
Deactivate	关闭	MirrorDungeonUI_3.json	mirror_dungeon_atart_buff_diactivation
Quick Edit	快速编辑	MirrorDungeonUI_3.json	mirrordungeon_edit_start_buff_activation
Hard Floor {0}	困难{0}层	MirrorDungeonUI_3.json	mirror_dungeon_progress_text_3_hard
Enemy Level Up	敌方等级增加	MirrorDungeonUI_3.json	add_enemy_level
View Desc.	详细内容	MirrorDungeonUI_3.json	mirror_dungoen_ego_gift_history_view_desc
This E.G.O Gift cannot be Fused.	该E.G.O饰品无法合成。	MirrorDungeonUI_3.json	side_content_ego_gift_is_unable_combine
Selectable	可选择	MirrorDungeonUI_4.json	dungeon_selectable
Select Encounter Reward Card	选择遭遇战奖励卡	MirrorDungeonUI_4.json	dungeon_battle_reawrd_card_selection
{0} - Featured Theme Packs	{0} - 主题卡包	MirrorDungeonUI_4.json	mirrordungeon_appear_able_theme_pack_title
Featured Boss	出现头目	MirrorDungeonUI_4.json	mirrordungeon_theme_pack_boss
Featured E.G.O Gifts	出现E.G.O饰品	MirrorDungeonUI_4.json	mirrordungeon_theme_pack_ego_gift
Theme Pack Compendium	主题卡包图鉴	MirrorDungeonUI_4.json	mirrordunge_theme_pack_history_button_label
Simulation	难易度：模拟	MirrorDungeonUI_4.json	simulation_difficulty
Ritornello	难易度：Ritornello	MirrorDungeonUI_4.json	ritournelle_difficulty
Enter Simulation	进入模拟难度	MirrorDungeonUI_4.json	enter_simulation_difficulty
Enter Ritornello	进入Ritornello难度	MirrorDungeonUI_4.json	enter_ritournelle_difficulty
Simulation Floor {0}	模拟第{0}层	MirrorDungeonUI_4.json	mirror_dungeon_progress_text_4_normal
Ritornello Floor {0}	Ritornello第{0}层	MirrorDungeonUI_4.json	mirror_dungeon_progress_text_4_hard
Before Entry	探索前	MirrorDungeonUI_4.json	mirror_dungeon_progress_text_before_exploration
Elite Encounter	精锐遭遇战	MirrorDungeonUI_4.json	dungeon_encounter_guide_elite_battle
Purchase E.G.O Gifts	购买E.G.O饰品	MirrorDungeonUI_4.json	purchase_ego_gift
Path of Stars	星之归路	MirrorDungeonUI_4.json	mirror_dungeon_4_start_buff_name
Eye of the Storm	暴风眼	MirrorDungeonUI_4.json	mirror_dungeon_4_buffs_title_1
Thunder	霹雳	MirrorDungeonUI_4.json	mirror_dungeon_4_buffs_title_2
Biting Wind	刺骨寒风	MirrorDungeonUI_4.json	mirror_dungeon_4_buffs_title_3
Fair Winds	顺风	MirrorDungeonUI_4.json	mirror_dungeon_4_buffs_title_4
Cascade of Levin	雷瀑	MirrorDungeonUI_4.json	mirror_dungeon_4_buffs_title_5
Gathering Storm	聚集的风暴	MirrorDungeonUI_4.json	mirror_dungeon_4_buffs_title_6
Tornado	龙卷风	MirrorDungeonUI_4.json	mirror_dungeon_4_buffs_title_7
Ringing of the New Year's Eve	除夕夜的钟声	MirrorDungeonUI_4.json	mirror_dungeon_4_buffs_title_8
Faint Evenfall	朦胧暮色	MirrorDungeonUI_4.json	mirror_dungeon_4_buffs_title_9
Black Polar Night	漆黑极夜	MirrorDungeonUI_4.json	mirror_dungeon_4_buffs_title_10
Still Dawn	寂静黎明	MirrorDungeonUI_4.json	mirror_dungeon_4_buffs_title_11
Wintry Daybreak	冰冷拂晓	MirrorDungeonUI_4.json	mirror_dungeon_4_buffs_title_12
Nightless City	不夜城	MirrorDungeonUI_4.json	mirror_dungeon_4_buffs_title_13
Sheepback Clouds	羊云	MirrorDungeonUI_4.json	mirror_dungeon_4_buffs_title_14
Grand Sea of Clouds	浩浩云海	MirrorDungeonUI_4.json	mirror_dungeon_4_buffs_title_15
Katabatic Wind	山风	MirrorDungeonUI_4.json	mirror_dungeon_4_buffs_title_16
Fierce Gust	汹汹疾风	MirrorDungeonUI_4.json	mirror_dungeon_4_buffs_title_17
Path of the West Wind	西风归路	MirrorDungeonUI_4.json	mirror_dungeon_4_buffs_title_18
Updraft	上升气流	MirrorDungeonUI_4.json	mirror_dungeon_4_buffs_title_19
Night Rain	夜雨	MirrorDungeonUI_4.json	mirror_dungeon_4_buffs_title_19_1
Feast of Lightning	落雷飨宴	MirrorDungeonUI_4.json	mirror_dungeon_4_buffs_title_20
Impending Thunder	紧随的雷鸣	MirrorDungeonUI_4.json	mirror_dungeon_4_buffs_title_21
Hazy Mist	浓厚迷雾	MirrorDungeonUI_4.json	mirror_dungeon_4_buffs_title_22
Itinerant Rain	阵雨	MirrorDungeonUI_4.json	mirror_dungeon_4_buffs_title_23
Endless Current	无尽的对流	MirrorDungeonUI_4.json	mirror_dungeon_4_buffs_title_24
Event Horizon	事件视界	MirrorDungeonUI_4.json	mirror_dungeon_4_buffs_title_25
Milky Way	银河	MirrorDungeonUI_4.json	mirror_dungeon_4_buffs_title_26
Impending Comet	逼近的彗星	MirrorDungeonUI_4.json	mirror_dungeon_4_buffs_title_27
[Starting E.G.O Gift]
Unlocks Burn E.G.O Gifts Category	[初始E.G.O饰品]
烧伤E.G.O饰品类别开放	MirrorDungeonUI_4.json	md4_buffs_summaryDesc_1011
[Starting E.G.O Gift]
Unlocks Bleed E.G.O Gifts category	[初始E.G.O饰品]
流血E.G.O饰品类别开放	MirrorDungeonUI_4.json	md4_buffs_summaryDesc_1012
[Starting E.G.O Gift]
Unlocks Tremor E.G.O Gifts category	[初始E.G.O饰品]
震颤E.G.O饰品类别开放	MirrorDungeonUI_4.json	md4_buffs_summaryDesc_1013
[Starting E.G.O Gift]
Unlocks Rupture E.G.O Gifts category	[初始E.G.O饰品]
破裂E.G.O饰品类别开放	MirrorDungeonUI_4.json	md4_buffs_summaryDesc_1014
[Starting E.G.O Gift]
Unlocks Sinking E.G.O Gifts category	[初始E.G.O饰品]
沉沦E.G.O饰品类别开放	MirrorDungeonUI_4.json	md4_buffs_summaryDesc_1015
[Starting E.G.O Gift]
Unlocks Poise E.G.O Gifts category	[初始E.G.O饰品]
呼吸法E.G.O饰品类别开放	MirrorDungeonUI_4.json	md4_buffs_summaryDesc_1016
[Starting E.G.O Gift]
Unlocks Charge E.G.O Gifts category	[初始E.G.O饰品]
充能E.G.O饰品类别开放	MirrorDungeonUI_4.json	md4_buffs_summaryDesc_1017
[Starting E.G.O Gift]
Unlocks Slash E.G.O Gifts category	[初始E.G.O饰品]
斩击E.G.O饰品类别开放	MirrorDungeonUI_4.json	md4_buffs_summaryDesc_1021
[Starting E.G.O Gift]
Unlocks Pierce E.G.O Gifts category	[初始E.G.O饰品]
突刺E.G.O饰品类别开放	MirrorDungeonUI_4.json	md4_buffs_summaryDesc_1022
[Starting E.G.O Gift]
Unlocks Blunt E.G.O Gifts category	[初始E.G.O饰品]
打击E.G.O饰品类别开放	MirrorDungeonUI_4.json	md4_buffs_summaryDesc_1023
(NOT USED)	(未使用)	MirrorDungeonUI_4.json	md4_buffs_summaryDesc_1024
[Universal]
Gain +50 Starting Cost	[通用]
获得50点初始经费	MirrorDungeonUI_4.json	md4_buffs_summaryDesc_103
[Universal]
Gain +50 Starting Cost	[通用]
初始经费+50	MirrorDungeonUI_4.json	md4_buffs_summaryDesc_1031
[Shops]
Number of E.G.O Gifts sold at Shops +1	[商店]
可选择的E.G.O饰品数量+1	MirrorDungeonUI_4.json	md4_buffs_summaryDesc_106
[Shops]
Sells higher Tier E.G.O Gifts	[商店]
出现E.G.O饰品等级上升	MirrorDungeonUI_4.json	md4_buffs_summaryDesc_111
[Shops]
Number of E.G.O Gifts sold at Shops +1	[商店]
出现E.G.O饰品数量+1	MirrorDungeonUI_4.json	md4_buffs_summaryDesc_112
[Shops]
Refresh Cost -20%	[商店]
刷新经费 -20%	MirrorDungeonUI_4.json	md4_buffs_summaryDesc_1121
[Shops]
E.G.O Gift purchase Cost -5%	[商店]
购买E.G.O饰品所需经费减少 -5%	MirrorDungeonUI_4.json	md4_buffs_summaryDesc_113
[Shops]
Tier 1 E.G.O Gift purchase Cost -7.5%	[商店]
1级E.G.O饰品购买所需经费 -7.5%	MirrorDungeonUI_4.json	md4_buffs_summaryDesc_1131
[Shops]
Tier 2E.G.O Gift purchase Cost -7.5%	[商店]
2级E.G.O饰品购买所需经费 -7.5%	MirrorDungeonUI_4.json	md4_buffs_summaryDesc_1132
[Shops]
Tier 3 E.G.O Gift purchase Cost -7.5%	[商店]
3级E.G.O饰品购买所需经费 -7.5%	MirrorDungeonUI_4.json	md4_buffs_summaryDesc_1133
[Shops]
Tier 4+ E.G.O Gift purchase Cost -7.5%	[商店]
4级E.G.O饰品购买所需经费 -7.5%	MirrorDungeonUI_4.json	md4_buffs_summaryDesc_1134
[Shops]
Burn E.G.O Gift purchase Cost -7.5%	[商店]
购买烧伤E.G.O饰品所需经费减少 -7.5%	MirrorDungeonUI_4.json	md4_buffs_summaryDesc_1141
[Shops]
Bleed E.G.O Gift purchase Cost -7.5%	[商店]
购买流血E.G.O饰品所需经费减少 -7.5%	MirrorDungeonUI_4.json	md4_buffs_summaryDesc_1142
[Shops]
Tremor E.G.O Gift purchase Cost -7.5%	[商店]
购买震颤E.G.O饰品所需经费减少 -7.5%	MirrorDungeonUI_4.json	md4_buffs_summaryDesc_1143
[Shops]
Rupture E.G.O Gift purchase Cost -7.5%	[商店]
购买破裂E.G.O饰品所需经费减少 -7.5%	MirrorDungeonUI_4.json	md4_buffs_summaryDesc_1144
[Shops]
Sinking E.G.O Gift purchase Cost -7.5%	[商店]
购买沉沦E.G.O饰品所需经费减少 -7.5%	MirrorDungeonUI_4.json	md4_buffs_summaryDesc_1145
[Shops]
Poise E.G.O Gift purchase Cost -7.5%	[商店]
购买呼吸法E.G.O饰品所需经费减少 -7.5%	MirrorDungeonUI_4.json	md4_buffs_summaryDesc_1146
[Shops]
Charge E.G.O Gift purchase Cost -7.5%	[商店]
购买充能E.G.O饰品所需经费减少 -7.5%	MirrorDungeonUI_4.json	md4_buffs_summaryDesc_1147
[Shops]
Slash E.G.O Gift purchase Cost -7.5%	[商店]
购买斩击E.G.O饰品所需经费减少 -7.5%	MirrorDungeonUI_4.json	md4_buffs_summaryDesc_1151
[Shops]
Pierce E.G.O Gift purchase Cost -7.5%	[商店]
购买突刺E.G.O饰品所需经费减少 -7.5%	MirrorDungeonUI_4.json	md4_buffs_summaryDesc_1152
[Shops]
Blunt E.G.O Gift purchase Cost -7.5%	[商店]
购买打击E.G.O饰品所需经费减少 -7.5%	MirrorDungeonUI_4.json	md4_buffs_summaryDesc_1153
[Shops]
Keywordless E.G.O Gift Purchase Cost -7.5%	[商店]
购买无关键词E.G.O饰品所需经费减少 -7.5%	MirrorDungeonUI_4.json	md4_buffs_summaryDesc_1154
[Shops]
Number of E.G.O Gifts sold at Shops +1	[商店]
E.G.O饰品出现数量+1	MirrorDungeonUI_4.json	md4_buffs_summaryDesc_116
[Shops]
Tier 1 E.G.O Gift sale Cost +20%	[商店]
1级E.G.O饰品售卖所得经费 +20%	MirrorDungeonUI_4.json	md4_buffs_summaryDesc_1161
[Shops]
Tier 2 E.G.O Gift sale Cost +20%	[商店]
2级E.G.O饰品售卖所得经费 +20%	MirrorDungeonUI_4.json	md4_buffs_summaryDesc_1162
[Shops]
Tier 3 E.G.O Gift sale Cost +20%	[商店]
3级E.G.O饰品售卖所得经费 +20%	MirrorDungeonUI_4.json	md4_buffs_summaryDesc_1163
[Shops]
Tier 4+ E.G.O Gift sale Cost +20%	[商店]
4级E.G.O饰品售卖所得经费 +20%	MirrorDungeonUI_4.json	md4_buffs_summaryDesc_1164
[Shops]
Skill Replacement Cost -20%	[商店]
技能替换经费 -20%	MirrorDungeonUI_4.json	md4_buffs_summaryDesc_1165
[Rest Stops]
E.G.O Gift Enhance Cost -7.5%	[休息点]
强化E.G.O饰品所需经费减少 -7.5%	MirrorDungeonUI_4.json	md4_buffs_summaryDesc_121
[Rest Stops]
Tier 1 E.G.O Gift Enhance Cost -7.5%	[休息点]
强化1级E.G.O饰品所需经费减少 -7.5%	MirrorDungeonUI_4.json	md4_buffs_summaryDesc_1211
[Rest Stops]
Tier 2 E.G.O Gift Enhance Cost -7.5%	[休息点]
强化2级E.G.O饰品所需经费减少 -7.5%	MirrorDungeonUI_4.json	md4_buffs_summaryDesc_1212
[Rest Stops]
Tier 3 E.G.O Gift Enhance Cost -7.5%	[休息点]
强化3级E.G.O饰品所需经费减少 -7.5%	MirrorDungeonUI_4.json	md4_buffs_summaryDesc_1213
[Rest Stops]
Tier 4+ E.G.O Gift Enhance Cost -7.5%	[休息点]
强化4级及以上E.G.O饰品所需经费减少 -7.5%	MirrorDungeonUI_4.json	md4_buffs_summaryDesc_1214
[Shops]
20% chance for a Cost-free Refresh	[商店]
刷新时有20%的概率不消耗经费	MirrorDungeonUI_4.json	md4_buffs_summaryDesc_122
[Rest Stops]
Burn E.G.O Gift Enhance Cost -7.5%	[休息点]
强化烧伤E.G.O饰品所需经费减少 -7.5%	MirrorDungeonUI_4.json	md4_buffs_summaryDesc_1231
[Rest Stops]
Bleed E.G.O Gift Enhance Cost -7.5%	[休息点]
强化流血E.G.O饰品所需经费减少 -7.5%	MirrorDungeonUI_4.json	md4_buffs_summaryDesc_1232
[Rest Stops]
Tremor E.G.O Gift Enhance Cost -7.5%	[休息点]
强化震颤E.G.O饰品所需经费减少 -7.5%	MirrorDungeonUI_4.json	md4_buffs_summaryDesc_1233
[Rest Stops]
Rupture E.G.O Gift Enhance Cost -7.5%	[休息点]
强化破裂E.G.O饰品所需经费减少 -7.5%	MirrorDungeonUI_4.json	md4_buffs_summaryDesc_1234
[Rest Stops]
Sinking E.G.O Gift Enhance Cost -7.5%	[休息点]
强化沉沦E.G.O饰品所需经费减少 -7.5%	MirrorDungeonUI_4.json	md4_buffs_summaryDesc_1235
[Rest Stops]
Poise E.G.O Gift Enhance Cost -7.5%	[休息点]
强化呼吸法E.G.O饰品所需经费减少 -7.5%	MirrorDungeonUI_4.json	md4_buffs_summaryDesc_1236
[Rest Stops]
Charge E.G.O Gift Enhance Cost -7.5%	[休息点]
强化充能E.G.O饰品所需经费减少 -7.5%	MirrorDungeonUI_4.json	md4_buffs_summaryDesc_1237
[Rest Stops]
20% chance to refund Enhancement Cost	[休息点]
20%概率强化时返还经费	MirrorDungeonUI_4.json	md4_buffs_summaryDesc_124
[Rest Stops]
E.G.O Gift Enhance Cost -10%	[休息点]
E.G.O饰品强化经费 -10%	MirrorDungeonUI_4.json	md4_buffs_summaryDesc_125
[Rest Stops]
Slash E.G.O Gift Enhance Cost -7.5%	[休息点]
斩击E.G.O饰品强化经费 -7.5%	MirrorDungeonUI_4.json	md4_buffs_summaryDesc_1251
[Rest Stops]
Pierce E.G.O Gift Enhance Cost -7.5%	[休息点]
突刺E.G.O饰品强化经费 -7.5%	MirrorDungeonUI_4.json	md4_buffs_summaryDesc_1252
[Rest Stops]
Blunt E.G.O Gift Enhance Cost -7.5%	[休息点]
打击E.G.O饰品强化经费 -7.5%	MirrorDungeonUI_4.json	md4_buffs_summaryDesc_1253
[Rest Stops]
Keywordless E.G.O Gift Enhance Cost -7.5%	[休息点]
无关键词E.G.O饰品强化经费 -7.5%	MirrorDungeonUI_4.json	md4_buffs_summaryDesc_1254
[Floor Theme]
Number of Floor Theme Choices +1	[阶层主题]
阶层主题出现数量 +1	MirrorDungeonUI_4.json	md4_buffs_summaryDesc_131
[Encounters]
Deal +2.5% damage	[战斗]
造成伤害量 +2.5%	MirrorDungeonUI_4.json	md4_buffs_summaryDesc_132
[Encounters]
Offense Level +1	[战斗]
攻击等级 +1	MirrorDungeonUI_4.json	md4_buffs_summaryDesc_1324
[Encounters]
Take -2.5% damage	[战斗]
受到的伤害 -2.5%	MirrorDungeonUI_4.json	md4_buffs_summaryDesc_134
[Encounters]
Defense Level +1	[战斗]
防御等级 +1	MirrorDungeonUI_4.json	md4_buffs_summaryDesc_1344
[Encounters]
Max Speed +1	[战斗]
最大速度值+1	MirrorDungeonUI_4.json	md4_buffs_summaryDesc_1362
Combining Gifts with different Keywords	不同关键词的情况	MirrorDungeonUI_4.json	mirror_ego_gift_combine_guide_table_diffrent_keyword
Combining Gifts with the same Keyword	相同关键词的情况	MirrorDungeonUI_4.json	mirror_ego_gift_combine_guide_table_identical_keyword
Combining Gifts when only 2/3 Gifts share the Keyword	有两个关键词相同而一个不同的情况	MirrorDungeonUI_4.json	mirror_ego_gift_combine_guide_table_two_same_keywords
Tier 1 + Tier 1 => Tier 1	1级 + 1级 => 1级	MirrorDungeonUI_4.json	mirror_ego_gift_combine_guide_table_1_desc_1_0
Tier 1 + Tier 1 => <color=#f8c200>Tier 2</color>	1级 + 1级 => <color=#f8c200>2级</color>	MirrorDungeonUI_4.json	mirror_ego_gift_combine_guide_table_1_desc_1_1
Tier 1 + Tier 2 => Tier 1	1级 + 2级 => 1级	MirrorDungeonUI_4.json	mirror_ego_gift_combine_guide_table_1_desc_2_0
Tier 1 + Tier 2 => <color=#f8c200>Tier 2</color>	1级 + 2级 => <color=#f8c200>2级</color>	MirrorDungeonUI_4.json	mirror_ego_gift_combine_guide_table_1_desc_2_1
Tier 1 + Tier 3 => Tier 2	1级 + 3级 => 2级	MirrorDungeonUI_4.json	mirror_ego_gift_combine_guide_table_1_desc_3_0
Tier 2 + Tier 2 => Tier 2	2级 + 2级 => 2级	MirrorDungeonUI_4.json	mirror_ego_gift_combine_guide_table_1_desc_4_0
Tier 2 + Tier 3 => Tier 2	2级 + 3级 => 2级	MirrorDungeonUI_4.json	mirror_ego_gift_combine_guide_table_1_desc_5_0
Tier 3 + Tier 3 => Tier 3	3级 + 3级 => 3级	MirrorDungeonUI_4.json	mirror_ego_gift_combine_guide_table_1_desc_6_0
Tier 1 + Tier 1 + Tier 1 => Tier 1	1级 + 1级 + 1级 => 1级	MirrorDungeonUI_4.json	mirror_ego_gift_combine_guide_table_3_desc_1_0
Tier 1 + Tier 1 + Tier 1 => <color=#f8c200>Tier 2</color>	1级 + 1级 + 1级 => <color=#f8c200>2级</color>	MirrorDungeonUI_4.json	mirror_ego_gift_combine_guide_table_3_desc_1_1
Tier 1 + Tier 1 + Tier 2 => Tier 1	1级 + 1级 + 2级 => 1级	MirrorDungeonUI_4.json	mirror_ego_gift_combine_guide_table_3_desc_2_0
Tier 1 + Tier 1 + Tier 2 => <color=#f8c200>Tier 2</color>	1级 + 1级 + 2级 => <color=#f8c200>2级</color>	MirrorDungeonUI_4.json	mirror_ego_gift_combine_guide_table_3_desc_2_1
Tier 1 + Tier 1 + Tier 3 => Tier 2	1级 + 1级 + 3级 => 2级	MirrorDungeonUI_4.json	mirror_ego_gift_combine_guide_table_3_desc_3_0
Tier 1 + Tier 2 + Tier 2 => Tier 2	1级 + 2级 + 2级 => 2级	MirrorDungeonUI_4.json	mirror_ego_gift_combine_guide_table_3_desc_4_0
Tier 1 + Tier 2 + Tier 3 => Tier 2	1级 + 2级 + 3级 => 2级	MirrorDungeonUI_4.json	mirror_ego_gift_combine_guide_table_3_desc_5_0
Tier 1 + Tier 2 + Tier 3 => <color=#f8c200>Tier 3</color>	1级 + 2级 + 3级 => <color=#f8c200>3级</color>	MirrorDungeonUI_4.json	mirror_ego_gift_combine_guide_table_3_desc_5_1
Tier 1 + Tier 3 + Tier 3 => Tier 3	1级 + 3级 + 3级 => 3级	MirrorDungeonUI_4.json	mirror_ego_gift_combine_guide_table_3_desc_6_0
Tier 2 + Tier 2 + Tier 2 => Tier 3	2级 + 2级 + 2级 => 3级	MirrorDungeonUI_4.json	mirror_ego_gift_combine_guide_table_3_desc_7_0
Tier 2 + Tier 2 + Tier 3 => Tier 3	2级 + 2级 + 3级 => 3级	MirrorDungeonUI_4.json	mirror_ego_gift_combine_guide_table_3_desc_8_0
Tier 2 + Tier 2 + Tier 2 => Tier 3	2级 + 2级 + 3级 => 3级	MirrorDungeonUI_4.json	mirror_ego_gift_combine_guide_table_3_desc_8_1
Tier 2 + Tier 3 + Tier 3 => Tier 3	2级 + 3级 + 3级 => 3级	MirrorDungeonUI_4.json	mirror_ego_gift_combine_guide_table_3_desc_9_0
Tier 2 + Tier 3 + Tier 3 => <color=#f8c200>Tier 4</color>	2级 + 3级 + 3级 => <color=#f8c200>4级</color>	MirrorDungeonUI_4.json	mirror_ego_gift_combine_guide_table_3_desc_9_1
Tier 3 + Tier 3 + Tier 3 => Tier 4	3级 + 3级 + 3级 => 4级	MirrorDungeonUI_4.json	mirror_ego_gift_combine_guide_table_3_desc_10_0
Fusion Guide	合成指南	MirrorDungeonUI_4.json	mirror_ego_gift_combine_guide_popup_title
Select Floor {0} Theme Pack	选择{0}层主题卡包	MirrorDungeonUI_4.json	mirrordungeon_select_theme_pack_at_floor
Rate Up	出现概率提升	MirrorDungeonUI_4.json	mirrordungeon_ego_gift_appear_rate_up
Featured	可能出现	MirrorDungeonUI_4.json	mirrordungeon_ego_gift_appearable
Selected Floor Theme	选择阶层主题	MirrorDungeonUI_4.json	mirrordungeon_selected_floor_theme_label
By Tier	按等级排序	MirrorDungeonUI_4.json	mirrordungeon_ego_gift_sort_by_tier
By Keyword	按关键词排序	MirrorDungeonUI_4.json	mirrordungeon_ego_gift_sort_by_keyword
[New Release Pamphlet] Buff Activated
Refresh Cost Refunded	[新品小册] 效果触发
返还刷新经费	MirrorDungeonUI_4.json	side_content_free_refresh
[Rebate Token] Buff Activated
Enhancement Cost Refunded	[返利礼券] 效果触发
返还强化经费	MirrorDungeonUI_4.json	side_content_egogift_free_upgrade
Floor Theme	阶层主题	MirrorDungeonUI_4.json	mirror_dungeon_finished_panel_floor_theme
Encounter Reward Cards	遭遇战奖励卡	MirrorDungeonUI_4.json	mirror_dungeon_finished_panel_battle_reward
Starlight Cost	消耗星芒	MirrorDungeonUI_4.json	mirror_dungeon_finished_panel_used
Featured E.G.O Gifts	出现E.G.O饰品列表	MirrorDungeonUI_4.json	mirror_dungeon_appeared_ego_gift
Select a Pack
And Pull	拖动	MirrorDungeonUI_4.json	mirror_dungeon_select_theme_drag
Did Not Gain an E.G.O Gift	E.G.O饰品获取失败	MirrorDungeonUI_4.json	mirror_dungeon_cannot_acquired_ego_gift
Simulation	模拟	MirrorDungeonUI_4.json	simulation_difficulty_short
Ritornello	Ritornello	MirrorDungeonUI_4.json	ritournelle_difficulty_short
Easy	简单	MirrorDungeonUI_4.json	easy_difficulty_simple
Effective Affinities	有利属性	MirrorDungeonUI_4.json	mirror_dungeon_theme_ego_gift_popup_valid_atk
Keyword Refresh	关键词刷新	MirrorDungeonUI_4.json	mirror_dungeon_shop_keyword_refresh
Starlight Refresh	星芒刷新	MirrorDungeonUI_4.json	mirror_dungeon_shop_refresh_by_chip
Shop - Keyword Refresh	商店 - 关键词刷新	MirrorDungeonUI_4.json	mirror_dungeon_shop_keyword_refresh_popup_title
Select a Keyword.	请选择关键词。	MirrorDungeonUI_4.json	ego_gift_combine_ui_plz_select_keyword
Fusion - Keyword Selection	合成 - 关键词选择	MirrorDungeonUI_4.json	ego_gift_select_keyword_ui_title
Please choose a Keyword you want to Fuse into.	请选择一个关键词。	MirrorDungeonUI_4.json	ego_gift_select_keyword_ui_desc
Number of ingredient E.G.O Gifts used for Fusion	作为合成材料的E.G.O饰品的数量	MirrorDungeonUI_4.json	new_ego_gift_combine_guide_table_1_col_1_title
Rates for an E.G.O Gift with your selected Keyword	所选关键词出现概率	MirrorDungeonUI_4.json	new_ego_gift_combine_guide_table_1_col_2_title
2 Gifts	2件	MirrorDungeonUI_4.json	new_ego_gift_combine_guide_table_1_desc_1_0
60%	60%	MirrorDungeonUI_4.json	new_ego_gift_combine_guide_table_1_desc_1_1
3 Gifts	3件	MirrorDungeonUI_4.json	new_ego_gift_combine_guide_table_1_desc_2_0
90%	90%	MirrorDungeonUI_4.json	new_ego_gift_combine_guide_table_1_desc_2_1
Ingredient E.G.O Gift Tiers	作为合成材料的E.G.O饰品等级	MirrorDungeonUI_4.json	new_ego_gift_combine_guide_table_2_col_1_title
E.G.O Gift Tier Forecast	预期的E.G.O饰品等级	MirrorDungeonUI_4.json	new_ego_gift_combine_guide_table_2_col_2_title
Tier 1 + Tier 1	1级 + 1级	MirrorDungeonUI_4.json	new_ego_gift_combine_guide_table_2_desc_1_0
Tier 1 + Tier 2	1级 + 2级	MirrorDungeonUI_4.json	new_ego_gift_combine_guide_table_2_desc_2_0
Tier 1 + Tier 3	1级 + 3级	MirrorDungeonUI_4.json	new_ego_gift_combine_guide_table_2_desc_3_0
Tier 2 + Tier 2	2级 + 2级	MirrorDungeonUI_4.json	new_ego_gift_combine_guide_table_2_desc_4_0
Tier 2 + Tier 3	2级 + 3级	MirrorDungeonUI_4.json	new_ego_gift_combine_guide_table_2_desc_5_0
Tier 3 + Tier 3	3级 + 3级	MirrorDungeonUI_4.json	new_ego_gift_combine_guide_table_2_desc_6_0
Tier 1 + Tier 1 + Tier 1	1级 + 1级 + 1级	MirrorDungeonUI_4.json	new_ego_gift_combine_guide_table_3_desc_1_0
Tier 1 + Tier 1 + Tier 2	1级 + 1级 + 2级	MirrorDungeonUI_4.json	new_ego_gift_combine_guide_table_3_desc_2_0
Tier 1 + Tier 1 + Tier 3	1级 + 1级 + 3级	MirrorDungeonUI_4.json	new_ego_gift_combine_guide_table_3_desc_3_0
Tier 1 + Tier 2 + Tier 2	1级 + 2级 + 2级	MirrorDungeonUI_4.json	new_ego_gift_combine_guide_table_3_desc_4_0
Tier 1 + Tier 2 + Tier 3	1级 + 2级 + 3级	MirrorDungeonUI_4.json	new_ego_gift_combine_guide_table_3_desc_5_0
Tier 1 + Tier 3 + Tier 3	1级 + 3级 + 3级	MirrorDungeonUI_4.json	new_ego_gift_combine_guide_table_3_desc_6_0
Tier 2 + Tier 2 + Tier 2	2级 + 2级 + 2级	MirrorDungeonUI_4.json	new_ego_gift_combine_guide_table_3_desc_7_0
Tier 2 + Tier 2 + Tier 3	2级 + 2级 + 3级	MirrorDungeonUI_4.json	new_ego_gift_combine_guide_table_3_desc_8_0
Tier 2 + Tier 3 + Tier 3	2级 + 3级 + 3级	MirrorDungeonUI_4.json	new_ego_gift_combine_guide_table_3_desc_9_0
Tier 3 + Tier 3 + Tier 3	3级 + 3级 + 3级	MirrorDungeonUI_4.json	new_ego_gift_combine_guide_table_3_desc_10_0
Tier 1	1级	MirrorDungeonUI_4.json	new_ego_gift_combine_guide_tier_1
Tier 2	2级	MirrorDungeonUI_4.json	new_ego_gift_combine_guide_tier_2
Tier 3	3级	MirrorDungeonUI_4.json	new_ego_gift_combine_guide_tier_3
Tier 4	4级	MirrorDungeonUI_4.json	new_ego_gift_combine_guide_tier_4
Encounter Reward Cards Guide	遭遇战奖励卡指南	MirrorDungeonUI_4.json	mirror_battle_reward_card_guide_popup_title
Mirror Dungeon Simulation	镜像迷宫 模拟	MirrorDungeonUI_4.json	mirror_battle_reward_card_guide_table_1_desc_0_1
Mirror Dungeon Ritornello	镜像迷宫 Ritornello	MirrorDungeonUI_4.json	mirror_battle_reward_card_guide_table_1_desc_0_2
Floor 1	1层	MirrorDungeonUI_4.json	mirror_battle_reward_card_guide_table_1_desc_1_0
Floor 2	2层	MirrorDungeonUI_4.json	mirror_battle_reward_card_guide_table_1_desc_2_0
Floor 3	3层	MirrorDungeonUI_4.json	mirror_battle_reward_card_guide_table_1_desc_3_0
Floor 4	4层	MirrorDungeonUI_4.json	mirror_battle_reward_card_guide_table_1_desc_4_0
Floor 5+	5层及以上	MirrorDungeonUI_4.json	mirror_battle_reward_card_guide_table_1_desc_5_0
-	-	MirrorDungeonUI_4.json	mirror_battle_reward_card_guide_table_1_desc_5_1
Forecasts	预期结果	MirrorDungeonUI_4.json	expected_result
Guaranteed	确定	MirrorDungeonUI_4.json	confirmed
Normal	Normal	MirrorDungeonUI_5.json	mirror_dungeon_easy_difficulty
Hard	Hard	MirrorDungeonUI_5.json	mirror_dungeon_hard_difficulty
Starlight Bonus	星芒奖励	MirrorDungeonUI_5.json	mirror_dungeon_start_bonus_formation_rest_point
Starlight
Bonus	星芒
奖励	MirrorDungeonUI_5.json	mirror_dungeon_start_bonus_formation_total
Clear Effect Selection	重置效果选项	MirrorDungeonUI_5.json	mirror_dungeon_start_buff_Panel_reset_selection
Activated Effects	已生效的效果	MirrorDungeonUI_5.json	mirror_dungeon_start_buff_Panel_applied_effect
Trials	苦难	MirrorDungeonUI_5.json	mirror_enemy_buff
Enemy Level Up +{0}	敌方等级增加+{0}	MirrorDungeonUI_5.json	mirror_enemy_addenemylevel_desc
Theme Pack	主题卡包	MirrorDungeonUI_5.json	mirror_card_pack
Trial Gained	苦难追加	MirrorDungeonUI_5.json	mirror_acquired_random_enemy_buff_popup_title
A Trial has been added.	苦难已追加。	MirrorDungeonUI_5.json	mirror_acquired_enemy_buff_popup_desc
Grace of Stars Selected	星之恩惠 选择完毕	MirrorDungeonUI_5.json	mirror_start_buff_purchase_complete_modal_title
Grace of Stars has been selected.	星之恩惠已选择完毕。	MirrorDungeonUI_5.json	mirror_start_buff_purchase_complete_modal_desc
Cannot Progress	无法进行	MirrorDungeonUI_5.json	mirror_start_buff_cannot_purchase_side_popup_title
Not Enough Starlight Bonus	星芒奖励不足	MirrorDungeonUI_5.json	mirror_start_buff_cannot_purchase_side_popup_desc
No Active Effects	未持有任何效果	MirrorDungeonUI_5.json	user_enemy_buff_empty_list
Grace of Stars	星之恩惠	MirrorDungeonUI_5.json	mirror_start_set_buff_type
Grace of Star Clusters	群星之恩惠	MirrorDungeonUI_5.json	mirror_start_buff_type
Enter	完成	MirrorDungeonUI_5.json	mirror_start_buff_purchase_button
Choice Effects	事件效果	MirrorDungeonUI_5.json	user_enemy_buff_select_event_buff
Revive Selected Sinner	复活所选罪人	MirrorDungeonUI_5.json	dungeon_shop_heal_desc_one_revive
Revive All Sinners	复活全体罪人	MirrorDungeonUI_5.json	dungeon_shop_heal_desc_all_revive
Abnormality Encounter	异想体遭遇战	MirrorDungeonUI_5.json	dungeon_encounter_guide_mirror_hard_ab_battle
We can heal or revive a Sinner here.
What should we do?	可以恢复或是复活罪人。
该如何抉择？	MirrorDungeonUI_5.json	dungeon_shop_heal_enter
HP and SP healed for {0}.	罪人{0}的体力与理智值恢复了。	MirrorDungeonUI_5.json	dungeon_shop_heal_select_one
All Sinners' HP and SP have been healed.	全体罪人的体力与理智值恢复了。	MirrorDungeonUI_5.json	dungeon_shop_heal_all
{0}, revived, returns to battle.	罪人{0}复活，可以重新参与战斗。	MirrorDungeonUI_5.json	dungeon_shop_heal_revive_select_one
Grace of Stars Activated
[{0}] Revived	触发星之恩惠效果
罪人[{0}]复活	MirrorDungeonUI_5.json	mirrordungeon_revive_log
At {0}+ Starlight Bonus	星芒奖励不低于{0}	MirrorDungeonUI_5.json	mirror_start_buff_unlock_condition_needs_held_buff_points
Remaining Starlight Bonus	剩余的星芒奖励	MirrorDungeonUI_5.json	mirror_start_buff_purchase_modal_after_selected_bonus
Cost	经费	MirrorDungeonUI_5.json	mirror_start_buff_purchase_modal_exchanged_cost
Select Grace of Stars	选择星之恩惠	MirrorDungeonUI_5.json	mirror_start_buff_purchase_modal_title
Continue with selected effects?	要选择此效果吗？	MirrorDungeonUI_5.json	mirror_start_buff_purchase_modal_description
Remaining Starlight Bonus will be converted to Cost	剩余的星芒奖励将转换为经费。	MirrorDungeonUI_5.json	mirror_start_buff_purchase_modal_purchase_description
Grace of Stars Passive	星之恩惠被动	MirrorDungeonUI_5.json	mirror_start_buff_applied_passive
Grace of the Dreaming Star	梦中的星之恩惠	MirrorDungeonUI_5.json	mirror_dungeon_start_buff_Panel_title
Purchased	已购买	MirrorDungeonUI_5.json	mirror_shop_purchase_complete
None Selected	未选中	MirrorDungeonUI_5.json	mirror_start_buff_purchase_modal_not_selected_any_buff
Moderately heal every Sinner.	全体罪人少量恢复。	MirrorDungeonUI_5.json	dungeon_shop_heal_title_all_season5
Greatly heal a single Sinner.	1名罪人大量恢复。	MirrorDungeonUI_5.json	dungeon_shop_heal_title_one_season5
Revive a single Sinner.	复活一名罪人。	MirrorDungeonUI_5.json	dungeon_shop_revive_title_one_season5
Select the Sinner to revive.	选择要复活的罪人。	MirrorDungeonUI_5.json	dungeon_shop_revive_one_select_ask
Clear Canto 8
to Unlock	通过主线剧情
第8章后开放	MirrorDungeonUI_5.json	mirror_dungeon_block_to_click_hard_theme_list
Heal Sinners	治疗罪人	MirrorDungeonUI_5.json	mirrordungeon_shop_heal_title
Mirror of the Dreaming - F{0}	梦中之镜第{0}层	MirrorDungeonUI_5.json	mirror_dungeon_progress_text_5
Unclaimed Rewards	待领取奖励	MirrorDungeonUI_5.json	mirror_dungeon_progress_awaiting_reward_claim
Grace of Stars Activated
For Fusion & Sale Gifts obtained	触发星之恩惠效果
获得合成·售卖专用饰品	MirrorDungeonUI_5.json	mirrordungeon_egogift_combine_bonus_gift
NORMAL	普通难度	MirrorDungeonUI_5.json	mirror_5_battle_reward_card_guide_table_1_desc_0_1
HARD	困难难度	MirrorDungeonUI_5.json	mirror_5_battle_reward_card_guide_table_1_desc_0_2
Grace of Stars Activated
Cost gained	触发星之恩惠效果
获得经费	MirrorDungeonUI_5.json	mirrordungeon_additional_cost_by_start_bonus
E.G.O Gift Tiers	E.G.O饰品等级	MirrorDungeonUI_5.json	mirrordungeon_egogift_combine_guide_score_tier_header
Points	点数	MirrorDungeonUI_5.json	mirrordungeon_egogift_combine_guide_score_score_header
3	3	MirrorDungeonUI_5.json	mirrordungeon_egogift_combine_guide_score_tier_1_score
6	6	MirrorDungeonUI_5.json	mirrordungeon_egogift_combine_guide_score_tier_2_score
10	10	MirrorDungeonUI_5.json	mirrordungeon_egogift_combine_guide_score_tier_3_score
15	15	MirrorDungeonUI_5.json	mirrordungeon_egogift_combine_guide_score_tier_4_score
Tier 5	5级	MirrorDungeonUI_5.json	mirrordungeon_egogift_combine_guide_score_tier_5
30	30	MirrorDungeonUI_5.json	mirrordungeon_egogift_combine_guide_score_tier_5_score
Point Tally	点数统计	MirrorDungeonUI_5.json	mirrordungeon_egogift_combine_guide_result_total_header
Fusion E.G.O Gift Tier	合成E.G.O饰品等级	MirrorDungeonUI_5.json	mirrordungeon_egogift_combine_guide_result_tier_header
10- Points	10点以下	MirrorDungeonUI_5.json	mirrordungeon_egogift_combine_guide_result_total_1
11~16 Points	11~16点	MirrorDungeonUI_5.json	mirrordungeon_egogift_combine_guide_result_total_2
17 ~ 24 Points	17~24点	MirrorDungeonUI_5.json	mirrordungeon_egogift_combine_guide_result_total_3
25+ Points	25点以上	MirrorDungeonUI_5.json	mirrordungeon_egogift_combine_guide_result_total_4
<color=#990000>Super Shop</color>	<color=#990000>特殊商店</color>	MirrorDungeonUI_5.json	mirrordungeon_upgrade_shop_title
Super Shop
On Next Floor?	下一阶层
出现特殊商店的概率	MirrorDungeonUI_5.json	mirrordungeon_upgrade_shop_rate_in_next_floor
Long Battle	长线战斗	MirrorDungeonUI_5.json	mirror_theme_pack_baton
4+ Gifts	4件以上	MirrorDungeonUI_5.json	new_ego_gift_combine_guide_table_1_desc_3_0
99%	99%	MirrorDungeonUI_5.json	new_ego_gift_combine_guide_table_1_desc_3_1
Long Battle Reward Gained
Identity Levels +3	获得长线战斗奖励
人格等级+3	MirrorDungeonUI_5.json	mirrordungeon_level_up_by_long_battle_theme
Star of the Beginning	起始之星	MirrorDungeonUI_5.json	mirror_dungeon_5_buffs_title_100
Cumulating Starcloud	层积星云	MirrorDungeonUI_5.json	mirror_dungeon_5_buffs_title_101
Interstellar Travel	星际旅行	MirrorDungeonUI_5.json	mirror_dungeon_5_buffs_title_102
Star-shower	倾落的流星雨	MirrorDungeonUI_5.json	mirror_dungeon_5_buffs_title_103
Binary Star-shop	双星商店	MirrorDungeonUI_5.json	mirror_dungeon_5_buffs_title_104
Moon Star-shop	卫星商店	MirrorDungeonUI_5.json	mirror_dungeon_5_buffs_title_105
Favor of the Nebulae	星云的宠爱	MirrorDungeonUI_5.json	mirror_dungeon_5_buffs_title_106
Starlight Guidance	星芒的引导	MirrorDungeonUI_5.json	mirror_dungeon_5_buffs_title_107
Chance Comet	偶然的彗星	MirrorDungeonUI_5.json	mirror_dungeon_5_buffs_title_108
Perfected Possibility	全面的可能性	MirrorDungeonUI_5.json	mirror_dungeon_5_buffs_title_109
At [10]+ Starlight Bonus	星芒不低于[10]点	MirrorDungeonUI_5.json	mirror_dungeon_5_buffs_over10
At [20]+ Starlight Bonus	星芒不低于[20]点	MirrorDungeonUI_5.json	mirror_dungeon_5_buffs_over20
At [30]+ Starlight Bonus	星芒不低于[30]点	MirrorDungeonUI_5.json	mirror_dungeon_5_buffs_over30
At [40]+ Starlight Bonus	星芒不低于[40]点	MirrorDungeonUI_5.json	mirror_dungeon_5_buffs_over40
At [50]+ Starlight Bonus	星芒不低于[50]点	MirrorDungeonUI_5.json	mirror_dungeon_5_buffs__over50
At [60]+ Starlight Bonus	星芒不低于[60]点	MirrorDungeonUI_5.json	mirror_dungeon_5_buffs__over60
9- Points	9点以下	MirrorDungeonUI_5.json	mirrordungeon_egogift_combine_guide_result_total_1_upgrade
10 ~ 14 Points	10~14点	MirrorDungeonUI_5.json	mirrordungeon_egogift_combine_guide_result_total_2_upgrade
15 ~ 21 Points	15~21点	MirrorDungeonUI_5.json	mirrordungeon_egogift_combine_guide_result_total_3_upgrade
22+ Points	22点以上	MirrorDungeonUI_5.json	mirrordungeon_egogift_combine_guide_result_total_4_upgrade
Starlight Bonus Retention Units	星芒奖励保留对象	MirrorDungeonUI_5.json	mirrordungeon_start_bonus_personality_title
Affected Units	适用对象	MirrorDungeonUI_5.json	mirrordungeon_start_bonus_personality_label
Until {0}	{0}为止	MirrorDungeonUI_5.json	mirrordungeon_start_bonus_personality_period
※ Purchasing {0} Projection Rate costs {1} Paid Lunacy.	※ 购买 {0} 投影度需要花费 {1} 付费狂气。	MirrorDungeonUI_5.json	mirrordungeon_purchase_achievement_level_using_lunacy_desc
Spend {0} Paid Lunacy to purchase Projection Rate?	要消耗 {0} 付费狂气来购买投影度吗？	MirrorDungeonUI_5.json	mirrordungeon_purchase_achievement_level_ask_using_lunacy
Purchase Projection Rate	购买投影度	MirrorDungeonUI_5.json	mirrordungeon_purchase_achievement_title
Progress	成就进度	MirrorDungeonUI_5.json	mirrordungeon_achievement_progress
Exceeded purchasable Pass Level	超过可购买的通行证等级	MirrorDungeonUI_5.json	mirrordungeon_purchase_achievement_block_by_max_level
Pass Level maxed out	达到最大通行证等级	MirrorDungeonUI_5.json	mirrordungeon_achievement_max_level
Not Enough Cost	经费不足	MirrorDungeonUI_5.json	lack_of_point_for_shop_without_new_line
EXTREME	EXTREME	MirrorDungeonUI_5.json	mirror_dungeon_extream_difficulty
Parallel Superposition Mode	平行叠加模式	MirrorDungeonUI_5_InfinityFloor.json	InfinityFloor_CheckEnter_Modal_Title
Parallel Superposition Mode :	平行叠加模式：	MirrorDungeonUI_5_InfinityFloor.json	InfinityFloor_Mode_Button_Title
Parallel S.	平行叠加	MirrorDungeonUI_5_InfinityFloor.json	InfinityFloor_Mode_Button_Title_forProgressPopup
infinity	infinity	MirrorDungeonUI_5_InfinityFloor.json	mirror_dungeon_infinity_difficulty
Projection Rewards	投影度奖励	MirrorDungeonUI_5_InfinityFloor.json	mirror_dungeon_achievement_reward_title
Achievements	成就	MirrorDungeonUI_5_InfinityFloor.json	mirror_dungeon_achievement_list_title
Collection	收集	MirrorDungeonUI_5_InfinityFloor.json	mirrordungeon_mission_category_title_MIRROR_DUNGEON5_COLLECTION
Clears	清剿	MirrorDungeonUI_5_InfinityFloor.json	mirrordungeon_mission_category_title_MIRROR_DUNGEON5_CLEAR
Loadout	编队	MirrorDungeonUI_5_InfinityFloor.json	mirrordungeon_mission_category_title_MIRROR_DUNGEON5_DECK
Parallel Superposition Engaged	平行叠加模式已激活	MirrorDungeonUI_5_InfinityFloor.json	mirrordungeon_infinityFloor_Entrance_ThemeSelectPanel
Clear Canto VI	通过第6章	MirrorDungeonUI_5_InfinityFloor.json	mirrordungeon_infinity_open_condition
ON	ON	MirrorDungeonUI_5_InfinityFloor.json	IsOnInfinityMod
OFF	OFF	MirrorDungeonUI_5_InfinityFloor.json	IsOFFInfinityMod
Completionist	完成度	MirrorDungeonUI_5_InfinityFloor.json	mirrordungeon_mission_category_title_MIRROR_DUNGEON5_ALL
Pack Search	主题卡包观测	MirrorDungeonUI_6.json	mirror_dungeon_detect_theme_pack_button
Search Theme Packs for Floor {0}	观测第{0}阶层主题卡包	MirrorDungeonUI_6.json	mirror_dungeon_detect_theme_pack_list_popup_title_format
'{0}' Pack will be replaced with '{1}' Pack.	主题卡包“{0}”将被“{1}”替换。	MirrorDungeonUI_6.json	mirror_dungeon_detect_theme_pack_comfirm_modal_desc_format
Wishmaking	祈愿	MirrorDungeonUI_6.json	combineUI_enableStarlight
Spend 5 Starlight to improve Fusion chance?	是否要消耗5星芒以提升合成概率？	MirrorDungeonUI_6.json	combineUI_enableStarlight_confirm_desc
Cannot spend Starlight.	无法消耗星芒。	MirrorDungeonUI_6.json	side_title_not_use_starlight
This is a guaranteed E.G.O Gift Fusion Recipe.	此为固定的E.G.O饰品合成配方。	MirrorDungeonUI_6.json	side_desc_is_fixed_combine_egogift
This Theme Pack is already available.	该主题卡包已在可选列表中。	MirrorDungeonUI_6.json	mirror_dungeon_detect_theme_pack_side_popup_already_in_pool
This Theme Pack's unlock conditions need to be met first.	您必须先满足该主题卡包的解锁条件。	MirrorDungeonUI_6.json	mirror_dungeon_detect_theme_pack_side_popup_locked_by_unlockcode_1
Not enough Starlight to Observe Theme Packs.	用于观测该主题卡包的星芒不足。	MirrorDungeonUI_6.json	mirror_dungeon_detect_theme_pack_not_enough_point
Clear Canto 7 to Unlock.	通关第7章后解锁。	MirrorDungeonUI_6.json	mirrordungeon_theme_hard_blocked_6
Hard Difficulty will be updated at a later date.	困难难度将在后续更新中开放。	MirrorDungeonUI_6.json	mirrordungeon_theme_difficulty_button_no_hard_data
Will be updated at a later date	将在后续更新中开放。	MirrorDungeonUI_6.json	on_click_mirrordungeon_theme_list_hard_button
Not Enough Starlight	星芒不足	MirrorDungeonUI_6.json	mirror_start_buff_unavailable_purchase_modal_title
Remaining Starlight	剩余星芒	MirrorDungeonUI_6.json	mirror_start_buff_purchase_modal_left_cost
Unselectable	无法选择	MirrorDungeonUI_6.json	mirror_theme_list_pack_tag_not_selectable
Extra Charge	额外消耗	MirrorDungeonUI_6.json	mirror_theme_list_pack_tag_required_extra_point
Fusion Forecast cannot exceed 100%.	合成概率无法超过100%。	MirrorDungeonUI_6.json	side_desc_is_already_success_percent
Random Keyword Chance.	随机关键词概率。	MirrorDungeonUI_6.json	side_desc_is_all_collect_egogift
Under Construction	施工中	MirrorDungeonUI_6.json	mirrordungeon_infinity_open_condition_no_have_infinity_data
Mirror of Immortality - F{0}	永生之镜 第{0}层	MirrorDungeonUI_6.json	mirror_dungeon_progress_text_6
Available	可用	MirrorDungeonUI_6.json	mirror_dungeon_available_starlight
Starlight Retention Units	星芒保留单位	MirrorDungeonUI_6.json	mirrordungeon_starlight_personality_button_label
Hard Pack Floors Cleared	已清剿的困难阶层数	MirrorDungeonUI_6.json	number_of_cleared_hard_floors
At {0}+ Starlight	{0}星芒以上	MirrorDungeonUI_6.json	mirror_starlight_unlock_condition_needs_held_buff_points
Parallel Superposition Floors Cleared	已清剿的平行叠加阶层数	MirrorDungeonUI_6.json	mirror_cleared_floor_count_over_6
Refraction Railway Packs Cleared	已清剿的折射轨道主题卡包数	MirrorDungeonUI_6.json	mirror_cleared_railway_theme_pack_count
Grace of the Immortal Star	永生之星的恩惠	MirrorDungeonUI_6.json	mirror_dungeon_start_buff_Panel_title_md6
Enhance	强化	MirrorDungeonUI_6.json	mirror_dungeon_start_buff_card_enhancement
Owned	已拥有	MirrorDungeonUI_6.json	mirror_unobservable_egogift_reason_is_owned
Convert Starlight to Cost	将星芒兑换为经费	MirrorDungeonUI_6.json	mirror_start_buff_purchase_modal_check_box
Unused Starlight have been added to the Clear Rewards.	未使用的星芒已并入清剿奖励。	MirrorDungeonUI_6.json	mirrordungeon_additional_reserved_starlight_from_startBuff
Default	默认	MirrorDungeonUI_6.json	mirror_starlight_result_base_point
Loadout Bonus	编队加成	MirrorDungeonUI_6.json	mirror_starlight_result_formation_bonus
Starting Starlight Spent	初始星芒消耗	MirrorDungeonUI_6.json	mirror_starlight_result_consumed_points_on_start
Exploration Score	探索点数	MirrorDungeonUI_6.json	mirror_starlight_result_dungeon_play_point
Loadout Bonus Mult.	编队加成倍率	MirrorDungeonUI_6.json	mirror_starlight_result_formation_bonus_multiplier
Spent in Dungeon	迷宫探索中的消耗量	MirrorDungeonUI_6.json	mirror_starlight_result_consumed_during_dungeon_play
Pre-dungeon Reserve	已拥有量	MirrorDungeonUI_6.json	mirror_starlight_result_owned_before_enter_dungeon
Reward	奖励	MirrorDungeonUI_6.json	mirror_starlight_result_reward_point
Net Amount	总拥有量	MirrorDungeonUI_6.json	mirror_starlight_result_total_owned_point_after_dungeon_play
Details	详细内容	MirrorDungeonUI_6.json	mirror_starlight_result_tooltip_button
Grace of Stars Purchased	购买星之恩惠	MirrorDungeonUI_6.json	mirror_starlight_result_consumed_points_on_start_tooltip_item_purchased
Converted to Cost	兑换为经费	MirrorDungeonUI_6.json	mirror_starlight_result_consumed_points_on_start_tooltip_item_converted_to_cost
Exploration Score Details	探索点数详情	MirrorDungeonUI_6.json	mirror_starlight_result_dungeon_play_point_tooltip_title
Cleared Floors	通过阶层	MirrorDungeonUI_6.json	mirror_starlight_result_dungeon_play_point_tooltip_item_cleared_floor
Hard Difficulty	困难难度	MirrorDungeonUI_6.json	mirror_starlight_result_dungeon_play_point_tooltip_item_hard_difficulty
Refraction Railway Theme Pack	折射轨道主题卡包	MirrorDungeonUI_6.json	mirror_starlight_result_dungeon_play_point_tooltip_item_railway_theme_pack
Loadout Starlight Bonus Mult.	编队星芒加成倍率	MirrorDungeonUI_6.json	mirror_starlight_result_formation_bonus_multiplier_tooltip_title
※ Rounded down.	※小数点后舍去。	MirrorDungeonUI_6.json	mirror_starlight_result_formation_bonus_multiplier_tooltip_item_desc
Theme Pack Observation	主题卡包观测	MirrorDungeonUI_6.json	mirror_starlight_result_formation_bonus_multiplier_tooltip_item_detect_theme_pack
Sum Expenditure	总消耗量	MirrorDungeonUI_6.json	mirror_starlight_result_formation_total_consumed_point
E.G.O Gift Search	E.G.O饰品观测	MirrorDungeonUI_6.json	mirror_observation_ego_gift_title
Select	选择	MirrorDungeonUI_6.json	mirror_observation_ego_gift_confirm
Owned	拥有	MirrorDungeonUI_6.json	mirror_observation_have_starlight
Forgo E.G.O Gift Search?	要放弃E.G.O饰品观测吗？	MirrorDungeonUI_6.json	mirror_dungeon_ask_give_up_ego_gift_observation
Reset	重置	MirrorDungeonUI_6.json	mirror_dungeon_observation_filter_reset
Activate Gift
Search	饰品观测
激活	MirrorDungeonUI_6.json	mirror_observation_ego_gift_title_toggle
Cannot Search
Gifts	饰品观测
无法激活	MirrorDungeonUI_6.json	mirror_observation_lack_starlight_title
You do not have enough Starlight for this Gift Search.	您现在可用的星芒量，少于饰品观测的星芒所需量。	MirrorDungeonUI_6.json	mirror_observation_lack_starlight_desc
Selected Grace of Stars	选择星之恩惠	MirrorDungeonUI_6.json	mirror_dungeon_finished_panel_selected_startBuff
No Grace of Stars Selected	未选择星之恩惠	MirrorDungeonUI_6.json	mirror_dungeon_finished_panel_not_selected_startBuff
Parallel Superposition EXTREME	平行叠加极限模式	MirrorDungeonUI_6.json	InfinityFloor_Extreme_CheckEnter_Modal_Title
Adversity	制约	MirrorDungeonUI_6.json	mirror_constrain_buff
Challenge	挑战	MirrorDungeonUI_6.json	mirror_constraint_button
Set Adversities	设置制约	MirrorDungeonUI_6.json	mirror_select_constraint_title
Completed	达成	MirrorDungeonUI_6.json	mirror_select_constraint_slot_achievement
Incomplete	未达成	MirrorDungeonUI_6.json	mirror_select_constraint_slot_unachieved
Adversity Rewards	制约奖励	MirrorDungeonUI_6.json	mirror_select_constraint_slot_reward_title
Skip	脱离	MirrorDungeonUI_6.json	mirror_hidden_stage_information_quit_button
Enter	进入战斗	MirrorDungeonUI_6.json	mirror_hidden_stage_information_enter_button
Season {0} Battle Pass	第{0}赛季通行证	MirrorDungeonUI_6.json	mirror_finished_panel_battle_pass_exp_label_name_format
Mirror of Immortality Projection	永生之镜 投影	MirrorDungeonUI_6.json	mirror_finished_panel_mirror_pass_exp_reward_label_name_format
Adversity Bonus	制约加成	MirrorDungeonUI_6.json	mirror_finished_panel_constraint_bonus_starlight
Adversity Bonus Mult.	制约加成倍率	MirrorDungeonUI_6.json	mirror_finished_panel_constraint_bonus_starlight_tooltip_title
Adversity Score	制约点数	MirrorDungeonUI_6.json	mirror_finished_panel_constraint_bonus_starlight_tooltip_desc
Weekly Projection Cap	每周可获得的投影度	MirrorDungeonUI_6.json	mirror_dungeon_reward_popup_exp_limit
Projection Rate	投影度	MirrorDungeonUI_6.json	mirror_dungeon_reward_popup_mirror_pass_exp
Default	基础	MirrorDungeonUI_6.json	mirror_finished_panel_mirror_pass_detail_default
Parallel Superposition	平行叠加	MirrorDungeonUI_6.json	mirror_finished_panel_mirror_pass_detail_infinite
Weekly Cap Reached	达到每周上限	MirrorDungeonUI_6.json	mirror_finished_panel_mirror_pass_detail_weekly_limit
Sum	总计	MirrorDungeonUI_6.json	mirror_finished_panel_mirror_pass_detail_total
Weekly Cap	每周限制量	MirrorDungeonUI_6.json	mirror_finished_panel_mirror_pass_detail_weekly_limit_tag
Selected Adversities	选择制约	MirrorDungeonUI_6.json	mirror_finished_panel_constraint_section_title
Selected Trials	选择苦难	MirrorDungeonUI_6.json	mirror_finished_panel_enemy_buff_section_title
Cumulative Adversity Score	累计制约点数	MirrorDungeonUI_6.json	mirror_dungeon_select_constraint_accumulated_score
Progress	当前进度	MirrorDungeonUI_6.json	mirror_dungeon_progress_popup_reward_preview_button
Close	关闭	MirrorDungeonUI_6.json	mirror_dungeon_finished_panel_preview_version_confirm_button
Exploring	探索进行中	MirrorDungeonUI_6.json	mirror_dungeon_finished_panel_preview_version_title
Current Area	当前探索区域	MirrorDungeonUI_6.json	mirror_dungeon_finished_panel_preview_version_last_sector_label
Current Progress	当前进度	MirrorDungeonUI_6.json	mirror_dungeon_finished_panel_preview_version_progress_percent_label
Return to Stage Select	前往关卡入场界面	MirrorDungeonUI_6.json	mirror_dungeon_ask_after_defeat_return_title
Retry Stage	重试关卡	MirrorDungeonUI_6.json	mirror_dungeon_ask_after_defeat_retry_title
Accept results and return to Stage select	接受结果并前往关卡入场界面	MirrorDungeonUI_6.json	mirror_dungeon_ask_after_defeat_accept_title
Floor In Progress	当前阶层	MirrorDungeonUI_6.json	mirror_dungeon_ask_after_defeat_current_floor
All participating Sinners have been killed.	参加战斗的全体罪人已经死亡。	MirrorDungeonUI_6.json	mirror_dungeon_ask_after_defeat_desc
Remaining Units:	当前剩余人员：	MirrorDungeonUI_6.json	mirror_dungeon_ask_after_defeat_remain_unit_desc
Dimension Reversal Zone - COGNITION ERROR WARNING	次元反转区域 - 认知错误警告	MirrorDungeonUI_6.json	mirror_dungeon_hidden_stage_title
{0}F	{0}层	MirrorDungeonUI_6.json	mirror_finished_panel_floor_format
Deployment Order has been restored via ally revival.	由于友方复活，已恢复编队顺序	MirrorDungeonUI_6.json	mirror_dungeon_auto_participate_order_adjustment_notice
Auto-Restore MD Deployment Order	自动恢复镜像迷宫编队顺序	MirrorDungeonUI_6.json	mirror_dungeon_option_participation_modification
Adversity - EXTREME	制约-极限模式	MirrorDungeonUI_6_Achievement.json	mirrordungeon_mission_category_title_MIRROR_DUNGEON6_EXTREME
Hidden	隐藏	MirrorDungeonUI_6_Achievement.json	mirrordungeon_mission_category_title_MIRROR_DUNGEON6_HIDDEN
E.G.O Gift Refresh	E.G.O饰品刷新	MirrorDungeonUI_7.json	mirror_starlight_result_tooltip_item_refresh_egogift
Mirror of Names and Spiders - F{0}	名与蛛之镜 第{0}层	MirrorDungeonUI_7.json	mirror_dungeon_progress_text_7
No E.G.O Gifts available for Refresh.	没有可刷新的E.G.O饰品。	MirrorDungeonUI_7.json	mirror_dungeon_side_notice_desc_cannot_refresh_by_lack_of_egogift_pool
Not enough Starlight for Refresh.	用于刷新的星芒不足。	MirrorDungeonUI_7.json	mirror_dungeon_side_notice_desc_cannot_refresh_by_lack_of_starlight
Recent	最近获得	MirrorDungeonUI_7.json	mirrordungeon_ego_gift_sort_by_acquired_order
Skills Owned	当前持有技能	MirrorDungeonUI_7.json	mirrordungeon_shop_change_skill_popup_skill_pool_desc
Grace of the Star of Names and Spiders	名与蛛的星之恩惠	MirrorDungeonUI_7.json	mirror_dungeon_start_buff_Panel_title_md7
Grace of Stars <{0}> Activated: Gained Vestige(s)	触发星之恩惠<{0}>效果：获得残影	MirrorDungeonUI_7.json	mirror_dungeon_acquire_material_ego_gift_by_start_buff_notice
Clear Canto VIII to Unlock.	通关第8章后解锁。	MirrorDungeonUI_7.json	mirrordungeon_theme_hard_blocked_7
({0} battles won)	(当前{0}场)	MirrorDungeonUI_7.json	mirror_dungeon_ego_gift_cursed_to_blessing_remain_count
Free Refresh	免费刷新	MirrorDungeonUI_7.json	mirror_dungeon_shop_free_refresh_side_popup
Refresh Cost Refunded	返还刷新经费	MirrorDungeonUI_7.json	mirror_dungeon_shop_refresh_cost_returned_side_popup
Select All Graces	选择全部恩惠	MirrorDungeonUI_7.json	mirror_dungeon_start_buff_select_all
Enhance All	全部强化	MirrorDungeonUI_7.json	mirror_dungeon_start_buff_select_all_level
ID Skill Search	人格技能观测	MirrorDungeonUI_7.json	dungeon_shop_detect_personality_skill
Select a Sinner for Skill Replacement.	请选择要替换技能的罪人。	MirrorDungeonUI_7.json	ui_blocker_mirror_dungeon_detect_personality_skill
Heal again.	额外恢复。	MirrorDungeonUI_7.json	mirror_dungeon_shop_back_to_heal_again_button
Return to healing type selection	选择恢复类型	MirrorDungeonUI_7.json	mirror_dungeon_shop_back_to_heal_again_button_desc
Cannot Purchase	无法购买	MirrorDungeonUI_7.json	mirror_dungeon_shop_cannot_detect_personality_skill_desc
Fusion Available	可合成	MirrorDungeonUI_7.json	mirror_dungeon_combine_panel_combinable_egoGift_tag
Cannot Enhance to the same Tier.	该E.G.O饰品已强化，无法继续强化。	MirrorDungeonUI_7.json	mirror_dungeon_side_notice_desc_already_upgraded_ego_gift
You need more Cost to Enhance this E.G.O Gift.	用于强化的经费不足。	MirrorDungeonUI_7.json	mirror_dungeon_side_notice_desc_cannot_upgrade_ego_gift_by_low_cost
Cannot be Enhanced to the selected Tier.	无法强化至该阶段。	MirrorDungeonUI_7.json	mirror_dungeon_side_notice_desc_not_exist_level
Enhancement Tier	强化阶段	MirrorDungeonUI_7.json	mirror_dungeon_ego_gift_upgrade_level
Fusion Disabled
[Entanglement]	无法合成[纠缠]	MirrorDungeonUI_7.json	mirror_dungeon_will_be_uncombineable
{0} Projection	{0}投影	MirrorDungeonUI_7.json	mirror_finished_panel_mirror_pass_exp_reward_label_name_format_base
Default	默认排序	MirrorDungeonUI_7.json	mirror_dungeon_ego_gift_sort_by_id
Tier	稀有度	MirrorDungeonUI_7.json	mirror_dungeon_ego_gift_sort_by_tier
Filter - Keyword	筛选-关键词	MirrorDungeonUI_7.json	mirror_dungeon_ego_gift_keyword_filter
Filter - Acquisition	筛选-拥有情况	MirrorDungeonUI_7.json	mirror_dungeon_ego_gift_acquire_status_filter
Acquired	已拥有	MirrorDungeonUI_7.json	mirror_dungeon_ego_gift_acquire_status_filter_content_0
Unacquired	未拥有	MirrorDungeonUI_7.json	mirror_dungeon_ego_gift_acquire_status_filter_content_1
No E.G.O Gifts Owned	没有所持的E.G.O饰品	MirrorDungeonUI_7.json	mirror_dungeon_ego_gift_inventory_no_owned_ego_gift
Featured Floors	出现阶层	MirrorDungeonUI_7.json	mirror_dungeon_card_theme_appear_floor
Owned	已持有	MirrorDungeonUI_7.json	EgoGiftListPopupTabType_OWNED_WITH_DETAIL_TAG
Current Theme Pack-Exclusive	当前卡包限定	MirrorDungeonUI_7.json	EgoGiftListPopupTabType_THEME_LIMITED_EGO_GIFT
Featured	可出现	MirrorDungeonUI_7.json	EgoGiftListPopupTabType_EGO_GIFT_POOL_IN_CURRENT_THEME
Theme Pack-Exclusive	主题卡包限定	MirrorDungeonUI_7.json	mirror_dungeon_ego_gift_list_popup_owned_scroll_tag_theme_limited
Current Theme Pack-Exclusive	当前主题卡包限定	MirrorDungeonUI_7.json	mirror_dungeon_ego_gift_list_popup_theme_limited_scroll_tag_theme_limited
Current Theme Pack-Exclusive - Fusion	当前主题卡包限定-合成	MirrorDungeonUI_7.json	mirror_dungeon_ego_gift_list_popup_combine_scroll_tag_theme_limited_combine_ego_gift
E.G.O Gifts	E.G.O饰品	MirrorDungeonUI_7.json	ego_gift_list_default
No Theme Packs unlocked.	没有已解锁的主题卡包。	MirrorDungeonUI_7.json	mirror_dungeon_theme_list_popup_no_theme_on_list
No Theme Packs selected.	没有已选择的主题卡包。	MirrorDungeonUI_7.json	mirror_dungeon_theme_list_popup_no_selected_theme_on_list
E.G.O Gift Choice	E.G.O饰品选择	MirrorDungeonUI_7.json	mainui_settings_select_lack_of_ego_gift_warning
Enough Games	游戏到此为止	Passives-BossRaid.json	500101
That's Goin' in the Book	写进账簿吧	Passives-BossRaid.json	500102
Too Grave a Sin	那罪孽太深重了	Passives-BossRaid.json	500103
Don't Resist and Accept Your Punishments	老实接受执行吧	Passives-BossRaid.json	500104
Familial Love	亲情	Passives-BossRaid.json	500105
That Heishou's Left Me a Smarting Ache	黑兽混蛋留下的伤口真疼啊	Passives-BossRaid.json	500106
You're The Middle's Priority Revenge Target	中指的优先复仇对象	Passives-BossRaid.json	500107
The Big Brother	幼兄	Passives-BossRaid.json	500108
Brush it Off	梳理发型	Passives-BossRaid.json	500109
Location-type Distortion: Photo Lab	场所型扭曲：显影室	Passives-BossRaid.json	501401
Swordplay of the Homeland [Sal] - Great Hwando	本国剑术[肉]-大环刀	Passives-BossRaid.json	501201
Dujeong Brigandine [Sal] - Iron Bulwark	布面甲[肉]-铁壁	Passives-BossRaid.json	501202
Martial Arts of Perseverance	饱经磨炼的武艺	Passives-BossRaid.json	501203
Reflectrial	映射战斗	Passives-BossRaid.json	501206
Mismatched Memories	错位的记忆	Passives-BossRaid.json	501207
Swordplay of the Homeland [Sal] - Rend Flesh from Flesh	本国剑术[肉]-斩肉[Sal]于箭[Sal]	Passives-BossRaid.json	501301
Swordplay of the Homeland [Sal] - Shift Battleform	本国剑术[肉]-姿态变化	Passives-BossRaid.json	501304
Dujeong Brigandine [Sal] - Great Mountain	布面甲[肉]-泰山	Passives-BossRaid.json	501305
Scattering Memories	散落的记忆	Passives-BossRaid.json	501501
The Thumb's Officer, Capo IIII	拇指干部 指挥官IIII	Passives-BossRaid.json	501901
Ten Blades of the East	东部十剑	Passives-BossRaid.json	501902
Chosen Prey	选定猎物	Passives-BossRaid.json	501903
Tiantui Star's Blade [天退星刀]	天退星刀	Passives-BossRaid.json	501904
Tiantui Star's Blade - Overheat	天退星刀 过热	Passives-BossRaid.json	501912
Chachihu [揷翅虎]	插翅虎	Passives-BossRaid.json	501910
Tigermark Round Reload	虎标弹装填	Passives-BossRaid.json	501905
Lei Heng [雷橫]	雷横	Passives-BossRaid.json	501906
Lei Heng, The Pinky's Tiantui Star	小指 天退星雷横	Passives-BossRaid.json	501908
Savage Tigermark Support	猛虎标弹支援	Passives-BossRaid.json	502001
Measured Clashes	迎合交锋	Passives-a1c9116.json	9018301
Suppressed Movements	抑制行动	Passives-a1c9116.json	9019301
Received Mission	下达的命令	Passives-a1c9116.json	9018501
Strider [Mao]	脚力[卯]	Passives-a1c9116.json	9018502
Vigor [Mao]	气势[卯]	Passives-a1c9116.json	9018503
Dominator [Mao]	压制[卯]	Passives-a1c9116.json	9018504
Liquified Body	液态躯体	Passives-a1c9116.json	9018701
Corpse Cleanup	清理尸体	Passives-a1c9116.json	9018702
For the Family	为了家人	Passives-a1c9116.json	9018703
Seize ya Chance	及锋而试	Passives-a1c9116.json	9102004
Infowmashun Weway	心息团递	Passives-x1p1c1.json	40002501
Infowmashun Newtwawiwashun	心息灰总	Passives-x1p1c1.json	40002502
Anawytic Ewe	分西	Passives-x1p1c1.json	40002601
Keen Obsewashun	观擦	Passives-x1p1c1.json	40002602
Wicheous Retwibyushun	正一层界	Passives-x1p1c1.json	40002701
Support	辣喊助威	Passives-x1p1c1.json	40002702
Indiscwiminate Awt	万班歇艺	Passives-x1p1c1.json	40002801
Hustlwe	吹波护澜	Passives-x1p1c1.json	40002802
Stawchnesh	觉乌	Passives-x1p1c1.json	40002901
Backap	掩付	Passives-x1p1c1.json	40002902
Entewtainment	玩是护恭	Passives-x1p1c1.json	40003001
Fwivowous Jokes	胡心寄言	Passives-x1p1c1.json	40003002
Reshenshimen	胡名怨愤	Passives-x1p1c1.json	40003101
Spite-dwiven	意系用似	Passives-x1p1c1.json	40003102
Las-ditch Stwuggle	坠后一波	Passives-x1p1c1.json	40003201
Detewminashun to Suwiwe	生村决意	Passives-x1p1c1.json	40003202
Spwit Ewil	短饿	Passives-x1p1c1.json	40003301
Gamblwr	土徒	Passives-x1p1c1.json	40003302
Pwuckinesh	觉乌	Passives-x1p1c1.json	40003401
Gwudge	护仇决意	Passives-x1p1c1.json	40003402
Executewor	鼠决	Passives-x1p1c1.json	40003501
Miwitawy Minset	勋人星神	Passives-x1p1c1.json	40003502
Fowced Suwival	求死户得	Passives-x1p1c1.json	40003601
Jean Cod G-0	稀因编码G-0	Passives-x1p1c1.json	40003602
Keen Strike	锐利一击	Passives-ycgd.json	9011001
Deep Slash	深斩	Passives-ycgd.json	9011002
Brutal Stab	剜出	Passives-ycgd.json	9011301
Kokuuntō	黑云刀	Passives-ycgd.json	9101301
Clean Up	善后	Passives-ycgd.json	9101302
Information Relay	信息传递	Passives.json	1010101
Acute Studies	观察	Passives.json	1010201
Poised	冷静	Passives.json	1010301
Analytic Eye	分析	Passives.json	1020101
Self-charging	自行充能	Passives.json	1020201
Resolution	觉悟	Passives.json	1020301
Righteous Retribution	正义惩戒	Passives.json	1030101
Quick Recharge	快速充能	Passives.json	1030201
Prepared Mind	心理准备	Passives.json	1030301
Indiscriminate Art	万般皆艺	Passives.json	1040101
C. I. H.	刀·断	Passives.json	1040201
Staunchness	觉悟	Passives.json	1050101
Great Mountain	安若泰山	Passives.json	1050201
Enduring Spirit	坚韧不拔	Passives.json	1050301
Entertainment	玩世不恭	Passives.json	1060101
Hēiyúndào	黑云刀	Passives.json	1060201
Gaiety	愉悦	Passives.json	1060301
Ressentiment	无名怨愤	Passives.json	1070101
Respiration	喘息未定	Passives.json	1070201
Raring to Graze	准备吃草	Passives.json	1070301
Last-ditch Struggle	最后一搏	Passives.json	1080101
Brainwave Focus	脑波集束	Passives.json	1080201
Walking the Line of Death	垂死挣扎	Passives.json	1080301
Eye for Weakness	弱点识破	Passives.json	1080401
Split Evil	断恶	Passives.json	1090101
Breach Defense	突破防线	Passives.json	1090301
Pluckiness	觉悟	Passives.json	1100101
Slayer	杀手	Passives.json	1100201
Your Shield	您的盾牌	Passives.json	1100301
Júbilo Hedonista	随兴游乐	Passives.json	1100401
Executor	处决	Passives.json	1110101
Levelheaded	冷静	Passives.json	1110201
Morale Boost	提振士气	Passives.json	1110301
Forced Survival	求死不得	Passives.json	1120101
Ignition	引燃	Passives.json	1120201
Emergency Rations	应急食粮	Passives.json	1120301
Information Neutralization	信息汇总	Passives.json	1010121
Observational Eye	分析	Passives.json	1010221
Bestow	指点	Passives.json	1010321
Keen Observation	观察	Passives.json	1020121
Radio Comms	无线通讯	Passives.json	1020221
Backing	援护	Passives.json	1020321
Support	呐喊助威	Passives.json	1030121
Broken Spirit	万念俱灰	Passives.json	1030221
Divide in Two	一刀两断	Passives.json	1030321
Hustle	推波助澜	Passives.json	1040121
Ice Breaker	破局者	Passives.json	1040221
Muscle in Charge	行动队长	Passives.json	1040321
Backup	掩护	Passives.json	1050121
Friction Point	砺火燃薪	Passives.json	1050221
Taciturn	默默行事	Passives.json	1050321
Frivolous Jokes	无心戏言	Passives.json	1060121
Syndicate Payback	帮派清算	Passives.json	1060221
Gambit	胜负手	Passives.json	1060321
Spite-driven	意气用事	Passives.json	1070121
Self-neglect	不顾己身	Passives.json	1070221
Doggedness	执念	Passives.json	1070321
Determination to Survive	生存决意	Passives.json	1080121
Tenacity	执念	Passives.json	1080221
Strife	斗争	Passives.json	1080321
By the Manual	照章办事	Passives.json	1080421
Gambler	赌徒	Passives.json	1090121
Dark Cloud Swordsmanship	黑云剑术	Passives.json	1090221
Breaching	正在突破	Passives.json	1090321
Grudge	复仇决意	Passives.json	1100121
Bloodied Hands	血染双手	Passives.json	1100221
Stubbornness	固执己见	Passives.json	1100321
Jugar con Enemigos	戏敌为乐	Passives.json	1100421
Military Mindset	军人精神	Passives.json	1110121
Double Tap	补刀	Passives.json	1110221
Valor	觉悟	Passives.json	1110321
Gene Code G-0	基因编码G-0	Passives.json	1120121
Rushing Heart	疾驰之心	Passives.json	1120221
Gene Code G-3	基因编码G-3	Passives.json	1120321
Wrath	暴怒	Passives.json	1000101
Lust	色欲	Passives.json	1000201
Sloth	怠惰	Passives.json	1000301
Gluttony	暴食	Passives.json	1000401
Gloom	忧郁	Passives.json	1000501
Pride	傲慢	Passives.json	1000601
Envy	嫉妒	Passives.json	1000701
Obsessive Hammer	执念之锤	Passives.json	1050401
Joy of Execution	处刑的欢喜	Passives.json	1090401
Highest Honor	无上荣光	Passives.json	1050421
Rising Faith	信仰的满足	Passives.json	1090421
Whistles	哨声	Passives.json	1020401
Whispers	低语	Passives.json	1020421
Bugger…	妈的…	Passives.json	1070401
Cantillation	诵经	Passives.json	1070421
Grasping Vulnerabilities	弱点洞悉	Passives.json	1110401
Relay Intelligence	情报共享	Passives.json	1110421
Flaring Up~	真火热呢~	Passives.json	1060401
Isn’t It Warm?	很温暖吧？	Passives.json	1060421
Rustle Up	即兴烹饪	Passives.json	1040401
Artistic Flavor	艺术风味	Passives.json	1040421
Packed Pies	打包肉派	Passives.json	1120401
Culinary Aid	协助烹饪	Passives.json	1120421
Mad Flame	狂炎	Passives.json	1100501
Cornering	无处可逃	Passives.json	1100521
Thou Shalt Hammer!	汝当锤！	Passives.json	1030401
Hammer of Zealotry	盲目之锤	Passives.json	1030421
Here’s to Getting Off Early~	祝提前下班~	Passives.json	1090501
Resonant Spanner	共振扳手	Passives.json	1090521
Chronic Fatigue	慢性疲劳	Passives.json	1050501
Leave by Suggestion	劝告休假	Passives.json	1050521
Rain of Tears	泪雨	Passives.json	1070501
Sawblade Fired Up	启动锯刃	Passives.json	1120501
Sawblade Maintenance	保养锯刃	Passives.json	1120521
Full Bloom	盛放	Passives.json	1010401
Pungent Spring Breeze	刺鼻春风	Passives.json	1010421
Filling Fluid	充盈的液体	Passives.json	1080501
Corrosive Slime	黏液腐蚀	Passives.json	1080521
Regeneration Ampule Activation	激活再生安瓿	Passives.json	1060501
High-grade Ampule	高浓度安瓿	Passives.json	1060521
Unfixing Talismans	符咒剥离	Passives.json	1100601
Wishing Talisman	祈愿符	Passives.json	1100621
Intense Blaze	烈火	Passives.json	1080601
Activate rrR-#4 Suit Pressurization	rrR-#4装甲增压运作	Passives.json	1050601
Maneuver Training	机动训练	Passives.json	1050621
Defensive Breathing	守势呼吸	Passives.json	1090601
Designated Protection	目标保护	Passives.json	1090621
A Noble Duel	崇高决斗	Passives.json	1030501
Dueling Request	决斗委托	Passives.json	1030521
Crushin' Crabs	粉碎螃蟹	Passives.json	1080701
Crab Driver	凿蟹机	Passives.json	1080721
Unstable Power Output	不稳定功率	Passives.json	1100701
Modified Power Output	功率改造	Passives.json	1100721
Combat Shield	战斗盾牌	Passives.json	1120601
Territory Protection	地区保护	Passives.json	1020501
Protection Request Received	受理保护委托	Passives.json	1020521
Dimensional Demon Edge	次元魔刃	Passives.json	1040501
Dimensional Refraction Edge - Type: Blade Mk7	次元折射刃- Type: Blade Mk7	Passives.json	1040521
Cleanup Mastery	清扫业务娴熟	Passives.json	1060601
Train Cleanup Manual	传递列车清扫手册	Passives.json	1060621
Instinctive Read	直觉洞悉	Passives.json	1070601
Connect The Dots	连点成线	Passives.json	1070621
Before the Tea Cools...	在茶冷掉之前…	Passives.json	1020601
Seven Association Tea Time	Seven协会的下午茶时间	Passives.json	1020621
In Times Like These...	越战越勇…	Passives.json	1010501
Cleaning Up the Mess	收拾残局	Passives.json	1010521
Drinking Boast	英勇事迹	Passives.json	1110501
Carrot & Stick	恩威并用	Passives.json	1110521
Incandescent Enlightenment	开悟之光	Passives.json	1090701
Missionary of Knowledge	传道使命	Passives.json	1090721
Hook	锈蚀吊钩	Passives.json	1060701
Mass-produced Bionic Gear	量产型活体装备	Passives.json	1060721
Coerced Regret	被迫的悔恨	Passives.json	1020701
Repression Work	压迫工作	Passives.json	1020721
Emptied Thought	放空思绪	Passives.json	1010601
Cleanup Demonstration	清扫示范培训	Passives.json	1010621
Bullets are Pricey	子弹很贵	Passives.json	1120701
New Breathing Hole	开个气孔	Passives.json	1120721
A S.B.	烟·休	Passives.json	1040601
The Lucky Cig	独头烟	Passives.json	1040621
Favoritism	偏袒	Passives.json	1030621
Loyalty	忠义	Passives.json	1050701
One Family	一家人	Passives.json	1050721
Mutilated Tattoos	残缺纹身	Passives.json	1070701
Desperation	迫切	Passives.json	1070721
The First Mate's Harpoon	大副的鱼叉	Passives.json	1010701
The First Mate's Acumen	大副的本领	Passives.json	1010721
Redirect	卸力	Passives.json	1110601
Mentor's Counsel	导师的指导	Passives.json	1110621
Slumbering Bloodthirst	沉睡的杀气	Passives.json	1100801
Too Slow	太慢了	Passives.json	1100821
The Marksman's Smoking Pipe	射手的烟斗	Passives.json	1110701
Request Work	委托工作	Passives.json	1110721
Om Nom Nom	嚼嚼嚼	Passives.json	1030701
Illumilantern	诱捕幻灯	Passives.json	1030721
Peering Through a Key	以钥窥视	Passives.json	1060801
Enlightenment	醒悟	Passives.json	1060821
Sinking Knowledge	沉淀的知识	Passives.json	1010801
Reviewed Knowledge	重复的知识	Passives.json	1010821
Captain of the Pequod	裴廓德号的船长	Passives.json	1080801
Hour of the Hunt	狩猎时刻	Passives.json	1080802
Captain's Orders	船长的命令	Passives.json	1080821
Sanguine Plum Blossoms	血绽如梅	Passives.json	1020801
Lingering Bladepoint	缠绵剑锋	Passives.json	1020821
Collective Breathing	共同呼吸	Passives.json	1030801
Nightly Stroll	信步夜游	Passives.json	1030821
Dark Cloud Style	黑云剑法	Passives.json	1120821
In Memoriam	追悼	Passives.json	1050802
Burning Passion	炽热激情	Passives.json	1090801
Passionate Cheer	热烈鼓舞	Passives.json	1090821
Flame Spread	火焰传递	Passives.json	1040701
Spread Flame	传递火焰	Passives.json	1040721
Grave Attendance	严肃的公证	Passives.json	1070801
Verify Obligation Fulfillment	确认义务履行	Passives.json	1070821
Buy Time	赚取时间	Passives.json	1050901
My Responsibility	我来负责	Passives.json	1050921
The Mistress's Voice...!	夫人在叫我…！	Passives.json	1110801
Butler Training	管家训练	Passives.json	1110821
Butler Style Response	管家式应对	Passives.json	1020901
Anticipatory Training	以备那日的训练	Passives.json	1020921
Endless Nightmares	无尽噩梦	Passives.json	1120901
Suffering	饱受折磨	Passives.json	1120921
The Red Gaze	猩红视线	Passives.json	999901
White-hot Gladius	超高温罗马短剑	Passives.json	999902
Bloody Tears	血泪	Passives.json	999903
Blood Barrier	鲜血屏障	Passives.json	999904
Eyes of a Friend Who ████	■■■■的朋友之眼	Passives.json	999905
Mang (望)	望	Passives.json	999907
Clearing Household Chores	完成家务	Passives.json	1040801
Cleaning Command	指挥清扫	Passives.json	1040821
Deep Cleaning	掸去积尘	Passives.json	1080901
Loyal Supporter	忠诚的辅助	Passives.json	1080921
Stigma Workshop Weaponry / Passion	烙印工造/激情	Passives.json	1100901
Unstable Shell of Ego	不稳定的自我外壳	Passives.json	1100902
Flaring Brand	炽热之刃	Passives.json	1100921
Assignment Evaluation	课题评估	Passives.json	1010901
Practices on Aesthetics	美学见习	Passives.json	1010921
Multitude of Dots	点点	Passives.json	1110901
Rough Sketch	草图	Passives.json	1110921
Sanguine Pointillist	血点彩派	Passives.json	1010902
N.O.	镇·支	Passives.json	1040901
The A.I.	助·感	Passives.json	1040921
Vibroweld Morph-combat Cane (Unauthorized Invention)	震动结合变形战斗拐杖(未许可发明)	Passives.json	1060901
In the Culprit's Shoes	如果我是犯人的话…？	Passives.json	1060921
Golden Time - Extracting	黄金时间-收取	Passives.json	1030901
T Corp. Physics Distortion Field	T公司制物理扭曲场	Passives.json	1030921
Golden Time - Standoff	黄金时间-对抗	Passives.json	1090901
T Corp. Martial Arts	T公司式格斗术	Passives.json	1090921
Study Hall	自习指示	Passives.json	1051001
Diligent Learning	勤勉学习	Passives.json	1051021
Overcharge / Cleanup Order	过度充能/清扫指示	Passives.json	1111001
Refraction	折射	Passives.json	1111021
Electrocurrent Dismantling	电流解体	Passives.json	1021001
Auxiliary Dismantling Current	解体辅助电流	Passives.json	1021021
Charge Model L37	型号L37充能	Passives.json	1070901
Charging Module Installation	充能模块安装	Passives.json	1070921
Call of the Erlking	魔王的呼唤	Passives.json	1071001
Endless Lamentation	无尽悲叹	Passives.json	1071021
Spiderhead/Skullface	蜘蛛头/骷髅头	Passives.json	1041001
E.G.O Assimilation	E.G.O 同化	Passives.json	1041002
Eat and Sleep	吃完就快睡	Passives.json	1041021
Fire.IShallFire.	射吧，扣下扳机。	Passives.json	1011001
ISeeTheDyingButterfly.	注视垂死之蝶。	Passives.json	1011002
Hand of Salvation	救赎之手	Passives.json	1011021
Speedy Delivery	高速派送	Passives.json	1091001
Lemme go and I swear I'll make it in time!	放我一马我保证一定会好好完成派送的！	Passives.json	1091002
Outstanding Courier	优秀派送员	Passives.json	1091021
Shock-nullifying Greatsword	冲击抵消巨剑	Passives.json	1081001
Emergency Protection	紧急保护	Passives.json	1081021
Begin Protection Mission	开始保护任务	Passives.json	1101001
Contract Target Protection	保护委托对象	Passives.json	1101021
Duel Livestream	决斗直播	Passives.json	1051101
One Step Ahead	快人一步	Passives.json	1051121
How to Hunt Cheerfully	愉快的狩猎	Passives.json	1061001
Bloodfiend Hunting Manual - Styptics	血魔狩猎教程-止血	Passives.json	1061021
WRONG COSTUME!!!	不是那件！！！	Passives.json	1111101
Don Quixote Hardblood Arts 8: Scissors	堂吉诃德派硬血8式剪刀	Passives.json	1111121
Self-destructive Dedication	自我毁灭的献身	Passives.json	1121001
Don Quixote Hardblood Arts 6: Whip	堂吉诃德派硬血6式鞭	Passives.json	1121021
Hardblood Thorn	硬血荆棘	Passives.json	1091101
"Blossom with Blood..."	“令血盛开…”	Passives.json	1091121
A moment, please...	请稍等…	Passives.json	1101101
I'll do better next time...	下次会好好派送的…	Passives.json	1101102
Speedy Courier	高速派送员	Passives.json	1101121
Variant Sancho Hardblood Arts	桑丘变体硬血式	Passives.json	1031002
Bearer of the Blood Kin	背负血族之人	Passives.json	1031003
Armadura de Sangre	血甲	Passives.json	1031004
‘Feed your repressed hunger, my Family’	“族人们啊，去满足压抑已久的饥饿吧”	Passives.json	1031021
Concentration	集中精神	Passives.json	1061101
Tactical Fire Support	战术性射击支援	Passives.json	1061102
Suppressing Fire	压制射击	Passives.json	1061121
Snipe	远程狙杀	Passives.json	1071101
Precision Aim	精确瞄准	Passives.json	1071102
Spotter	观察手	Passives.json	1071121
E.G.O disintegration is not unlike decomposition of compost	E.G.O崩溃之时，将尽数分解为养分	Passives.json	1011121
Fireproof	耐火	Passives.json	1021101
Flame Moth	火蛾	Passives.json	1021111
Residual Heat	余热	Passives.json	1021121
Impale	剜出	Passives.json	1071221
Gathering Dark Clouds	黑云迫近	Passives.json	1081101
Cloud Workshop Blade	云工坊之刃	Passives.json	1081121
Inner Ardor	碧血丹心	Passives.json	1011201
Liu Defensive Square	六协方阵	Passives.json	1011221
District 12 Special Workshop Fuel	12区特制工坊燃料	Passives.json	1121102
I'm the only survivor...	只有我活下来了…	Passives.json	1121101
I hope they're from our Office...	希望那是我们事务所的制服…	Passives.json	1121121
Virescent Pyrojade	翠炎玉器	Passives.json	1031101
Featherstride Technique	轻功	Passives.json	1031121
Heishou Mutation [Mao]	黑兽化[卯]	Passives.json	1041101
Partial Heishou Mutation Training	部分黑兽化修炼	Passives.json	1041121
A Husk of Hares	成群之兔	Passives.json	1111221
The Middle Never Forgets	中指永不遗忘	Passives.json	1101201
We've Got Your Back	后方支援	Passives.json	1101221
Brainwave Charge-focusing Antlers	脑波充能集束犄角	Passives.json	1061201
Charged Pulverization Support	支援充能摧毁	Passives.json	1061221
Heishou Mutation [Si]	黑兽化[巳]	Passives.json	1121201
Like a Serpent: Flexible, Elastic, and Unpredictable	蛇行突袭	Passives.json	1121221
Intravascular Venom	血中游毒	Passives.json	1091221
Heishou Mutation [Mao] / Mao Branch Adept	黑兽化【卯】/卯 魁首	Passives.json	1021201
Blinkblade	快刀	Passives.json	1021221
Tianjiu Star	天究星	Passives.json	1021203
Rupture-breathing Resolve [破吸自桓]	破吸自桓	Passives.json	1081201
Launching Maneuver [始動]	始动	Passives.json	1081202
Lingering Resolve [餘桓]	余桓	Passives.json	1081221
Ammunition Tribute	子弹奉纳	Passives.json	1101301
Bayonets	铳剑术	Passives.json	1101312
Reloader	再次装填	Passives.json	1101321
Savage Tiger's Lunge	猛虎暴跃	Passives.json	1051221
Volatilized Memory	挥发的回忆	Passives.json	1011302
Designate Target	指定目标	Passives.json	1011321
Magical Girl of Love / Queen of Hatred	爱之魔法少女/憎恶皇后	Passives.json	1031201
Magical Power Charging Support	魔力充能支援	Passives.json	1031221
Whispers of the Betrayed Knight	受叛骑士之私语	Passives.json	1091303
Break, Tear, and Pierce	摧毁、撕裂、刺穿	Passives.json	1091304
Magical Girl of Justice / Knight of Despair	正义之魔法少女/绝望骑士	Passives.json	1091301
For All Those Who Despair...	为所有绝望之人…	Passives.json	1091321
Golden Time - Microcavity	黄金时间-共振	Passives.json	1111301
Expeditious Execution of Official Duties	迅速执行公务	Passives.json	1111321
The Heishou Lord	黑兽君主	Passives.json	1061302
Please be traceless in your deeds.	行事勿留把柄，扫清痕迹。	Passives.json	1061321
Gamefowl	斗鸡	Passives.json	1101402
Let's Get Battle-drunk	沉醉于战斗中吧	Passives.json	1101401
Bloodflame Blade [血炎刀]	血炎刀	Passives.json	1101421
Obsidian Stormrider [黑風馬脚]	黑风马蹄	Passives.json	1011401
The Steed's Houndlike Loyalty [狗馬之心]	犬马之心	Passives.json	1011402
Adept Vanguard	魁首先锋	Passives.json	1011403
Obsidian Exoskeleton Shall Rend and Protect My Flesh	裂肉而生之玄甲，守护我身	Passives.json	1011421
@#$'s Hand I Let Slip	未能握住的@#$之手	Passives.json	1041201
Grasp that Forbids Falling	为不被打倒而紧握之掌	Passives.json	1041202
Let me show everyone something very interesting	给你们都看点有趣的	Passives.json	1041203
It flows and cries	那在流动、彻响	Passives.json	1041221
Shi-no-Yumi	死之弓	Passives.json	1021301
Snipe - Archery	狙击-弓	Passives.json	1021302
Aiming for the Bullseye	一箭入魂	Passives.json	1021321
Defence-Oriented Charge	防御性充能	Passives.json	1071301
Congestion Cleaning Armour	拥堵清理用装甲	Passives.json	1071311
One day I'll wear me Armour for Cancelled Trains	“总有一天我会穿上停运列车清理用装甲的”	Passives.json	1071321
'Bloodied, Masked, and as Blood Commands'	“披上鲜血、戴上面具，听从血液的驱使吧”	Passives.json	1051301
Responsibility of a Former Prince	曾为王子的责任	Passives.json	1051303
Flood the Chalice	杯中满溢	Passives.json	1051321
Stacking the Deck	抽洗控牌	Passives.json	1081301
Koi-Koi [こいこい]	来来	Passives.json	1081302
Relay	中介	Passives.json	1081321
Painless Mercy	无痛的慈悲	Passives.json	1121302
Purge Enforcer of the Famiglie	家族肃清者	Passives.json	1121301
Aim for the Gap	乘隙瞄准	Passives.json	1121321
Bloody Storm of Blades	互搏血斗	Passives.json	1071401
Flame Rooster's Death Defiance [炎鳥不死戰]	炎鸟不死战	Passives.json	1071403
Backed Against a River	背水之阵	Passives.json	1071421
Explosive Battering Ram	爆破角碎	Passives.json	1031301
Flesh-Rending Horn Growth	破肉而生之角	Passives.json	1031321
Lament of the Lost Sheep [亡羊之嘆]	亡羊之叹	Passives.json	1031302
Loyal Warrior	游侠	Passives.json	1041301
Drifter	漂泊	Passives.json	1041321
Jolly Antlers	圣诞饰角	Passives.json	1091401
Carol of Dying Comrades	于颂歌声中，死去的同伴们	Passives.json	1091421
Vanguard Team	先锋队	Passives.json	1111401
The Scepter of Horus - Replica	荷鲁斯之杖-仿制	Passives.json	1111402
Eagle Eye	苍鹰之眼	Passives.json	1111421
Prescript Delivered on Paper Slips	由纸条所传达的指令	Passives.json	1021402
Will of the Prescript	指令之意	Passives.json	1021403
Proselyte's Blade	苦行之刃	Passives.json	1021401
As the Prescript Orders...	正如指令所引导的…	Passives.json	1021421
Prescript Delivered on a Device	由终端所传达的指令	Passives.json	1031402
Unlock / Effloresced E.G.O::Procuration	解放/绽放E.G.O::代行	Passives.json	1031404
The Great Magicked Beeper Knoweth My Desire!	魔法哔哔大人果真明白吾之心愿呢！	Passives.json	1031401
This, too, is the Grace of the Great Magicked Beeper!	此亦为魔法哔哔大人之恩惠吧	Passives.json	1031421
The Middle Never Forgets, Y'know?	中指可是永不遗忘的	Passives.json	1081401
Hey, Are Ya Into Fixers, Too?	你…也喜欢收尾人吗？	Passives.json	1081421
Dazzling Lamp	眩惑的目灯	Passives.json	1121402
E.G.O Gear Proficiency Manual	E.G.O装备精通手册	Passives.json	1121403
Eyes Bright Like Lamps	如灯之目	Passives.json	1121401
Were There More Lives to be Saved?	还有需要拯救的生命吗	Passives.json	1121421
The Orthodox Blade [整劍]	整剑	Passives.json	1101501
Singular Focus of the Mind	精神一到	Passives.json	1101502
Tranquility [靜念]	静念	Passives.json	1101521
The Oracle's Proxy / Unlock	神谕代行者/解放	Passives.json	1011503
The Index Nursefather	食指 父辈	Passives.json	1011504
Oracle Device [Caduceus]	神谕终端[双蛇杖]	Passives.json	1011505
Imitation of a Life	仿造的一生	Passives.json	1011501
Grace of God	神的加护	Passives.json	1011521
Spore Diffusion	孢子扩散	Passives.json	1051401
E.G.O Alteration / Spore Round	E.G.O变调/孢子弹	Passives.json	1051402
Worker Bee	工蜂	Passives.json	1051421
Unwithering Flower	不凋花	Passives.json	1041401
A Void that Cannot be Filled	无法填满的空虚	Passives.json	1041402
Spring's Genesis	春之诞	Passives.json	1041421
Undying Persistence	顽强的生命力	Passives.json	1121502
Alternating Discharge Support	交流放电支援	Passives.json	1121503
Take the Lead. I'll Provide You Support.	带路吧。我会支援你的。	Passives.json	1121501
Defibrillation	除颤	Passives.json	1121521
Magnum Opus: Tibia	一生之作：提比娅	Passives.json	1061404
Transcend the Corpus	超越人体	Passives.json	1061405
A Maestro's Critique	大师的批评	Passives.json	1061401
Please, Do Stop Running and Be Seated	四处走动的观众，请坐在椅子上欣赏	Passives.json	1061421
Fascia, My Precious Artwork	我珍贵的作品，法西娅	Passives.json	1021504
Armor of Protection and Repression	保护与抑制用甲胄	Passives.json	1021503
Inspired by Critique	由批评启发的灵感	Passives.json	1021501
Iron Maiden - Spikes	铁处女-棘	Passives.json	1021521
Welling Inspiration	充盈的灵感	Passives.json	1051501
The Ring Fauvist Student	环指 野兽派学徒	Passives.json	1051502
Impastoed Scar	反复叠涂的疤痕	Passives.json	1051521
Needs a Rougher Touch for this Part...!	这里稍微狂野一点…！	Passives.json	1091501
Mentorship	指导与鞭策	Passives.json	1091502
Le Fauvisme - Couleurs Sauvages	野兽派-野性色彩	Passives.json	1091503
Nice and Slow, Don't Let It Break...	轻轻地，不要把它弄坏…	Passives.json	1091521
Vengeance Tattoo Resonance	仇怨纹身共鸣	Passives.json	1071503
Saikai [再会]	再会	Passives.json	1041502
Dihui Star [地慧星]	地慧星	Passives.json	1041503
Spacetime Afterimage Collapse	时空残像分裂	Passives.json	1041504
Afterimage Reverberation	残像回响	Passives.json	1041501
The Master's Tutelage [師事]	师事	Passives.json	1041521
Book of Vengeance - The House of Spiders Special Clause	复仇账簿-蜘蛛巢特别条款	Passives.json	1111501
Smell of Blood and Fire	血与火的气息	Passives.json	1111502
Sealed Sword [Lævateinn]	封印之剑[莱瓦汀]	Passives.json	1111503
Parenting	孩子的教育	Passives.json	1111504
Saikai [再会] - The Middle	再会-中指	Passives.json	1111505
Thanks... Kiddo.	闺女…谢了。	Passives.json	1111506
Someone Mess With the Family?	谁对我的家人动手了	Passives.json	1111521
Scouring Hunterband [推刷巾]	推刷巾	Passives.json	1061501
Ch'unokkun	推奴人	Passives.json	1061502
Spiteful Pursuit	受执念驱使的追击	Passives.json	1061521
To Where I Must Return	归处	Passives.json	1081502
Demonfire Spinecleaver	鬼火腰击	Passives.json	1081503
Cut Down What Must Be Felled	斩而杀之，仅此而已	Passives.json	1081521
Duello Disperato	绝望的决斗	Passives.json	1071602
Desperate Struggle	拼死奋战	Passives.json	1071603
Saikai [再会] - The Thumb	再会-拇指	Passives.json	1071604
Palermitan Style	巴勒莫剑术	Passives.json	1071601
In One-on-one Duels...	如果是一对一决斗…	Passives.json	1071621
La Spada di Palermo	巴勒莫之剑	Passives.json	1091601
The Eye of Precognition	预知眼	Passives.json	1091602
The Shame of Famiglia Bognatelli	伯纳特利家族之耻	Passives.json	1091603
Weaklings, Not Worth Shit	一帮废物	Passives.json	1091621
Morgenfeuer [Stigma Workshop]	晨炎[烙印工坊]	Passives.json	1121601
The Fixer at the Crack of Dawn	黎明时分的收尾人	Passives.json	1121602
Stigma Workshop Prosthesis	烙印工坊的义体	Passives.json	1121621
Heatproof Coat	隔热大衣	Passives.json	1021602
Seonbae	前辈	Passives.json	1021603
Feuerfalter [Stigma Workshop]	炎蝶[烙印工坊]	Passives.json	1021601
The Lone Fixer	孤独的收尾人	Passives.json	1021621
VelocityAndCoordinatesAndVelocity	速度YU坐标YU速度	Passives.json	1011601
Open Alley	通路	Passives.json	1011602
LetManOutrunEvenTheRayOfLight	人啊，逃DE比光GENG快吧	Passives.json	1011621
A Duel Witnessed	受公证的决斗	Passives.json	1061602
I'll Melt Open the Way Out	退路我就先熔掉咯	Passives.json	1061621
The All-Illuminating Light	照亮一切的灯光	Passives_Abnormality-a1c5p3.json	810001
Darkness Deterred	被排斥的黑暗	Passives_Abnormality-a1c5p3.json	810002
Burning Embers	燃烧的火种	Passives_Abnormality-a1c5p3.json	810701
Sinking Darkness	沉沦的黑暗	Passives_Abnormality-a1c5p3.json	810702
Exposed Pearl	裸露的珍珠	Passives_Abnormality-a1c5p3.json	810101
Cracked Shell	破碎的贝壳	Passives_Abnormality-a1c5p3.json	810102
Solid Shell	坚硬的贝壳	Passives_Abnormality-a1c5p3.json	810103
Gathering Slime	聚集的黏液	Passives_Abnormality-a1c5p3.json	810104
Contaminating Slime	污染黏液	Passives_Abnormality-a1c5p3.json	810902
Expanding Oxygen	扩散的氧气	Passives_Abnormality-a1c5p3.json	810201
Underwater Breathing	水下呼吸	Passives_Abnormality-a1c5p3.json	810202
Siltcurrent	浊流	Passives_Abnormality-a1c5p3.json	810203
Harden	硬化	Passives_Abnormality-a1c5p3.json	810801
Rolling Flotsam	被冲走的漂流物	Passives_Abnormality-a1c5p3.json	810802
Destroyed Flotsam	被破坏的漂流物	Passives_Abnormality-a1c5p3.json	810803
The Indomitable Harpooneer	不屈不挠的鱼叉手	Passives_Abnormality-a1c5p3.json	810303
Injected Hatred and Animosity	被灌输的憎恶与仇恨	Passives_Abnormality-a1c5p3.json	810304
Engraved Hatred and Animosity	刻骨铭心的憎恶与仇恨	Passives_Abnormality-a1c5p3.json	810305
Clouded Mind	浑浊的精神	Passives_Abnormality-a1c5p3.json	810306
Puncturing Harpoon	鱼叉贯穿	Passives_Abnormality-a1c5p3.json	810402
Muddled Orders	模糊命令	Passives_Abnormality-a1c5p3.json	810503
Coldhearted Decision	冷酷的决断	Passives_Abnormality-a1c5p3.json	810504
Pip's Sin and Innocence	比普的罪与清白	Passives_Abnormality-a1c5p3.json	810602
Starbuck's Fears	斯达巴克的恐惧	Passives_Abnormality-a1c5p3.json	810603
Queequeg's Atonement	魁魁格的忏悔	Passives_Abnormality-a1c5p3.json	810605
Price of Nobility	崇高的代价	Passives_Abnormality-a1c5p3.json	810607
Sin Resistance	罪孽抗性	Passives_Abnormality-a1c6p2.json	815901
Endless Insecurity	无尽的自卑感	Passives_Abnormality-a1c6p2.json	816501
Directed Wrath	被指引的暴怒	Passives_Abnormality-a1c6p2.json	816502
Self-loathing	自我厌恶	Passives_Abnormality-a1c6p2.json	816401
Explosive Emotions	爆发的情感	Passives_Abnormality-a1c6p2.json	816402
NOTHING TO SEE HERE	不该出现的文本	Passives_Abnormality-a1c6p2.json	816404
Heart of Vengeance	复仇心	Passives_Abnormality-a1c6p2.json	816406
A Place for Me	我的地盘	Passives_Abnormality-a1c6p2.json	816505
Fathomless Wrath	莫名的暴怒	Passives_Abnormality-a1c6p2.json	816407
Sin Nullification	罪孽抵抗	Passives_Abnormality-a1c6p3.json	816101
Proliferating Flame	火焰转移	Passives_Abnormality-a1c6p3.json	816102
Chaotic Hunt	纠缠的狩猎	Passives_Abnormality-a1c6p3.json	816601
Humanity Abandoned	抛弃的人性	Passives_Abnormality-a1c6p3.json	816602
Sack	袋子	Passives_Abnormality-a1c6p3.json	816603
Infernal Hound	地狱猎犬	Passives_Abnormality-a1c6p3.json	816606
Superiority	优势	Passives_Abnormality-a1c6p3.json	817101
Receiving Arts 9: Binding	迎客之道第9式 捆缚	Passives_Abnormality-a1c6p3.json	817103
Release From Binds	捆缚解除	Passives_Abnormality-a1c6p3.json	817104
Spreading Emotions	蔓延的情感	Passives_Abnormality-a1c6p3.json	817201
Amalgamated Resentment	凝聚的怨恨	Passives_Abnormality-a1c6p3.json	817202
Continuing Revenge	无尽的复仇	Passives_Abnormality-a1c6p3.json	817203
Antagonism	敌意	Passives_Abnormality-a1c6p3.json	9101602
Long-awaited Moment	等待已久的那一刻	Passives_Abnormality-a1c6p3.json	9101603
Vying Spirit	傲气	Passives_Abnormality-a1c6p3.json	9101606
Wild Hunt of Desolation	破灭的狂猎	Passives_Abnormality-a1c6p3.json	821601
A Distant Identity	另一个人格	Passives_Abnormality-a1c6p3.json	817401
Cold Body	冰冷的躯体	Passives_Abnormality-a1c6p3.json	817402
A Shaky Ego	摇摇欲坠的自我	Passives_Abnormality-a1c6p3.json	817403
Misery-severing Hand	斩断不幸之手	Passives_Abnormality-a1c6p3.json	819201
For Every Heathcliff	为了所有的希斯克利夫	Passives_Abnormality-a1c6p3.json	817405
Moment of Vengeance	复仇之时	Passives_Abnormality-a1c6p3.json	816408
Cannot Retreat	无法撤退	Passives_Abnormality-a1c6p3.json	9101607
Erupting Wrath	暴怒爆发	Passives_Abnormality-a1c6p3.json	816103
Nightmare	噩梦	Passives_Abnormality-a1c6p3.json	816104
Casual Opportunity	从容的机会	Passives_Abnormality-a1c7p1.json	837101
Leisurely Breathing	轻松地调整呼吸	Passives_Abnormality-a1c7p1.json	837102
I'll Cut You First!	从你开始切吧！	Passives_Abnormality-a1c7p1.json	837201
Hardblood Scissor	硬血剪刀	Passives_Abnormality-a1c7p1.json	837202
I Don't Need Ugly Things!!	我不需要不美丽之物！！	Passives_Abnormality-a1c7p1.json	837203
It's Not Over Yet	还没结束	Passives_Abnormality-a1c7p1.json	837204
Bloodsteeped Scissors	带血的剪刀	Passives_Abnormality-a1c7p1.json	837206
Blood... Blood... Blood...!	血…血…血…！	Passives_Abnormality-a1c7p1.json	837208
Panic Recovery	恐慌恢复	Passives_Abnormality-a1c7p1.json	9999997
Festival of Wonders	梦幻的庆典	Passives_Abnormality-a1c7p2.json	838101
The Parade's Lady	游行的主角	Passives_Abnormality-a1c7p2.json	838102
The Parade Repeats for Eternity	游行会永远重复下去	Passives_Abnormality-a1c7p2.json	838103
Parade of Happiness	幸福的游行	Passives_Abnormality-a1c7p2.json	838104
Eternal Parade of Happiness	永远的幸福游行	Passives_Abnormality-a1c7p2.json	838105
This isn't how it ends	不能就这样结束	Passives_Abnormality-a1c7p2.json	838106
A Close Match	惊险的比试	Passives_Abnormality-a1c7p2.json	838902
Unctio Extrema	终油圣礼	Passives_Abnormality-a1c7p3.json	837801
Sacramentum Paenitentiae	忏悔圣礼	Passives_Abnormality-a1c7p3.json	837802
The Once-loved Ones	曾所爱之人	Passives_Abnormality-a1c7p3.json	837901
To Remember	为记忆	Passives_Abnormality-a1c7p3.json	837903
To Love	给予爱	Passives_Abnormality-a1c7p3.json	837904
Please Don't be Sick	愿不再疼痛	Passives_Abnormality-a1c7p3.json	837905
A Single Strangling Flower	束缚的一朵	Passives_Abnormality-a1c7p3.json	837503
Spiked Whip	荆棘之鞭	Passives_Abnormality-a1c7p3.json	837601
Bramble Steed	藤蔓缠绕的马	Passives_Abnormality-a1c7p3.json	837602
Interlocking Brambles	纠缠的棘蔓	Passives_Abnormality-a1c7p3.json	837603
In Dreams	如在梦中	Passives_Abnormality-a1c7p3.json	838006
The Enthralling Tales, the Beating Passion	侧耳倾听的故事与激荡的心情	Passives_Abnormality-a1c7p3.json	838001
If we can be freed from this excruciating sickness	若能摆脱这可怖的疾病	Passives_Abnormality-a1c7p3.json	838002
Can I go on an adventure, too?	我也能去冒险吗	Passives_Abnormality-a1c7p3.json	838003
But I have my Father and my Family whom I cannot abandon	但我有亲族、有家人，不能视而不见	Passives_Abnormality-a1c7p3.json	838007
Shattering, Scattering Hardblood	破碎四散的硬血	Passives_Abnormality-a1c7p3.json	840301
This Explosive Insanity!	像疯了一样爆炸！	Passives_Abnormality-a1c7p3.json	840302
Fix Core HP to 1	本体的体力维持为1	Passives_Abnormality-a1c7p3.json	839001
La Manchaland, Abandoned and Festering	被遗弃而溃烂的拉·曼却领	Passives_Abnormality-a1c7p3.json	839002
The Eternal Cycle of Windmills, Wheels, and Us	永远转动的风车，大摩天轮，以及我们	Passives_Abnormality-a1c7p3.json	839003
Here we go... another lap.	再次…再次旋转…	Passives_Abnormality-a1c7p3.json	839004
Don Quixote Hardblood Arts	堂吉诃德派硬血	Passives_Abnormality-a1c7p3.json	841002
An Unfamiliar Banquet	陌生的晚宴	Passives_Abnormality-a1c7p3.json	841003
For the Family...	为了家人…	Passives_Abnormality-a1c7p3.json	841004
Broken Fragment of a Futile, Naive Dream	空虚而安逸之梦的碎片	Passives_Abnormality-a1c7p3.json	841101
A Selfish Wish at the Expense of the Family	牺牲了家族的自私愿望	Passives_Abnormality-a1c7p3.json	841102
Memories of the Journeys Past	过去的冒险记忆	Passives_Abnormality-a1c7p3.json	841301
Reminders of Determination	咬紧牙关的意志	Passives_Abnormality-a1c7p3.json	841302
Hardblood Wedge Gaol	硬血楔禁锢	Passives_Abnormality-a1c7p3.json	841201
Internal Blood Crystallization	从内部开始结晶的血	Passives_Abnormality-a1c7p3.json	841203
Total Blood Coagulation	所有凝固的血	Passives_Abnormality-a1c7p3.json	841204
I never should've dreamed this irresponsible dream	不可奢求的那不负责任的梦	Passives_Abnormality-a1c7p3.json	841103
Please, try again	再试一次	Passives_Abnormality-a1c7p3.json	841005
The adventure ends here.	冒险在此结束。	Passives_Abnormality-a1c7p3.json	841104
Failed Ambush	奇袭失败	Passives_Abnormality-a1c8p2.json	113101
Jia Qiu's Test	贾丘的试炼	Passives_Abnormality-a1c8p2.json	113102
Effloresced E.G.O::Érlì	绽放E.G.O::而立	Passives_Abnormality-a1c8p2.json	113701
Deteriorate (削貶)	削贬	Passives_Abnormality-a1c8p2.json	113702
Deathrite [Halt (勿動)]	咒杀【勿动】	Passives_Abnormality-a1c8p2.json	113703
Deathrite [Impede (掣肘)]	咒杀【掣肘】	Passives_Abnormality-a1c8p2.json	113704
Heed me, Zilu	子路啊	Passives_Abnormality-a1c8p2.json	113706
This is where your path ends	你的道就到此为止了吗	Passives_Abnormality-a1c8p2.json	113707
Overwhelm	压制	Passives_Abnormality-a1c8p2.json	113708
Estimation	评估	Passives_Abnormality-a1c8p2.json	113301
Shin (心) Radiance	心之焕发	Passives_Abnormality-a1c8p2.json	113302
Diminish (貶)	贬	Passives_Abnormality-a1c8p2.json	114102
I will ask again	再问你一次	Passives_Abnormality-a1c8p2.json	114104
Focus	聚气	Passives_Abnormality-a1c8p2.json	114105
Infinite Song of Erudition	弦歌不辍	Passives_Abnormality-a1c8p2.json	113709
I still await your answer.	我还没有听到你的答案。	Passives_Abnormality-a1c8p2.json	114107
Hate	憎恶之心	Passives_Abnormality-a1c8p2.json	115701
Unleashed Curse	被解放的诅咒	Passives_Abnormality-a1c8p2.json	115702
Returning the Pain	偿还痛苦	Passives_Abnormality-a1c8p2.json	115703
Bolus of... Immortality?	不老不死之丸？	Passives_Abnormality-a1c8p2.json	115801
I'VE NEVER FELT BETTER!	感觉最棒了！	Passives_Abnormality-a1c8p2.json	115802
MY REVENGEANCE HAS JUST BEGUN!	余的复仇开始啦！	Passives_Abnormality-a1c8p2.json	115803
Rupture by Feathers	羽之破裂伤	Passives_Abnormality-a1c8p2.json	115804
Rampage	狂暴	Passives_Abnormality-a1c8p2.json	115805
Wounded	先前战斗的负伤	Passives_Abnormality-a1c8p2.json	115901
Master of the Deathrite Monks	役使咒杀僧之人	Passives_Abnormality-a1c8p2.json	115902
Wicked Energy	凶邪之气	Passives_Abnormality-a1c8p2.json	115903
Dammit... Take them out!	妈的…处理掉那些家伙！	Passives_Abnormality-a1c8p2.json	115904
The Battle's End	战斗结束	Passives_Abnormality-a1c8p2.json	115905
Ugh... these damn engravings...!	呃…那该死的纹样…！	Passives_Abnormality-a1c8p2.json	116701
Your shabby weapons are incomparable to mine	跟你那破烂武器不在一个次元	Passives_Abnormality-a1c8p2.json	116702
Is that all you've got?	就这点能耐？	Passives_Abnormality-a1c8p2.json	116703
Deploy Lightning Shield	电击刀 护盾展开	Passives_Abnormality-a1c8p2.json	116705
That's how you use your human resources	这便是人尽其用	Passives_Abnormality-a1c8p2.json	116001
Jin Gang, Unbreakable Diamond	金刚不坏	Passives_Abnormality-a1c8p2.json	116002
My Lord	主公啊	Passives_Abnormality-a1c8p2.json	114401
My Little Brother's Hand I Let Slip	未能握住的弟弟之手	Passives_Abnormality-a1c8p3.json	113501
E.G.O Temporary Max Attunement	E.G.O瞬间感应度 最大化	Passives_Abnormality-a1c8p3.json	113504
Better avert your gazes	可不能只盯上我啊	Passives_Abnormality-a1c8p3.json	113505
The Cost of Fell Bullets	凶弹的代价	Passives_Abnormality-a1c8p3.json	113601
Charge Forth	跃进	Passives_Abnormality-a1c8p3.json	113602
A new era is upon us, my dear fellow.	友人啊，新时代即将到来。	Passives_Abnormality-a1c8p3.json	113603
Please, dedicate yourself for the new ideal.	请为崭新的理想献身吧。	Passives_Abnormality-a1c8p3.json	113604
Golden Bough Assimilation - Malattunement	金枝同化-未感应	Passives_Abnormality-a1c8p3.json	114604
Forbidden Pill of Hongyuan - Completed Heixian Bolus [全黑仙丸]	鸿园禁药-全黑仙丸	Passives_Abnormality-a1c8p3.json	114605
Watch this little girl...!	请注视吾吧…！	Passives_Abnormality-a1c8p3.json	115201
Golden Bough Assimilation - Distortion	金枝同化-扭曲	Passives_Abnormality-a1c8p3.json	115202
Rot and Decay in the Husk of Gold and Jade [金玉其外 敗絮其中]	金玉其外 败絮其中	Passives_Abnormality-a1c8p3.json	115207
Witness Me, O Revered Xianren!	仙人啊，请看吧！	Passives_Abnormality-a1c8p3.json	115301
Duties of the Precious Jade	宝玉的本分	Passives_Abnormality-a1c8p3.json	115302
Departure	离家	Passives_Abnormality-a1c8p3.json	115303
Refute the Evil; Restore Justice [破邪顯正]	破邪显正	Passives_Abnormality-a1c8p3.json	115304
O The Supreme Xianren of Immortality	至高无上的不死仙人	Passives_Abnormality-a1c8p3.json	115401
Let us be eternally free from aging and death	永生永世的不老不死	Passives_Abnormality-a1c8p3.json	115402
Knowledge of Immortality	不老不死的知识	Passives_Abnormality-a1c8p3.json	115403
Bestowed Mission	授予的命令	Passives_Abnormality-a1c9116.json	112601
Deeper in the World of Bristly	变得愈加蓬乱的头发	Passives_Abnormality-a1c9116.json	112703
Wounded in Battle	负伤战斗	Passives_Abnormality-a1c9116.json	112705
Santata's Guffaw	桑塔塔的笑声	Passives_Abnormality-a1c951.json	811301
Lights Out	灯泡放电	Passives_Abnormality-a1c951.json	811302
Scattering Breath	紊乱的呼吸	Passives_Abnormality-a1c951.json	811303
I CAN'T BAG THE GIFTS!!	礼物塞不下啦！！	Passives_Abnormality-a1c951.json	811304
Duello	决斗	Passives_Abnormality-a1c9p1.json	130601
Palermitan Rapier / The Cleaving Blade	巴勒莫剑/切斩刀	Passives_Abnormality-a1c9p1.json	130603
Hunter's Mark	狩猎印记	Passives_Abnormality-a1c9p1.json	130604
A Textbook with a Singular Purpose	只为一个目的制作的教材	Passives_Abnormality-a1c9p1.json	130605
Searching Arm - Partial Deterrence Release	寻找着某物的手臂-抑制力部分解除	Passives_Abnormality-a1c9p1.json	130701
Ebony Queen - Partial Deterrence Release	黑檀女王-抑制力部分解除	Passives_Abnormality-a1c9p1.json	130702
Entangling Roots	缠绕的根	Passives_Abnormality-a1c9p1.json	130703
One Sole Root	唯一的根	Passives_Abnormality-a1c9p1.json	130704
Armor of Protection & Repression	保护与抑制用甲胄	Passives_Abnormality-a1c9p1.json	131901
Iron Maiden - Defibrillation	铁处女-除颤	Passives_Abnormality-a1c9p1.json	131903
Corpus Spent as Material	已作为材料使用的肉体	Passives_Abnormality-a1c9p1.json	131904
Training to Inherit the Name of a Star	为承星名之修行	Passives_Abnormality-a1c9p1.json	131801
Grace	恩义	Passives_Abnormality-a1c9p1.json	131805
Uncovered Abyss	显露的深渊	Passives_Abnormality-a1c9p1.json	130802
Leading Lure	领先的诱饵	Passives_Abnormality-a1c9p1.json	130803
Broken Stump	损毁的根系	Passives_Abnormality-a1c9p1.json	130804
Evolving Lure	进化的诱饵	Passives_Abnormality-a1c9p1.json	130805
Fairy Dust	精灵粉末	Passives_Abnormality-a1c9p1.json	130806
Increased Aggression - Partial Deterrence Release	攻击性强化-抑制力部分解除	Passives_Abnormality-a1c9p1.json	130807
Dimensional Escape	次元逃逸	Passives_Abnormality-a1c9p1.json	130901
Trapped Dimensional Escape	脱离受困次元	Passives_Abnormality-a1c9p1.json	130902
Regenerate Dimensional Refraction Blade	修复次元折射刃	Passives_Abnormality-a1c9p1.json	130903
Superposed Afterimage	重叠的残像	Passives_Abnormality-a1c9p2.json	132203
Lacerating Afterimages from Myriad Moments	从多重时间斩来的残像	Passives_Abnormality-a1c9p2.json	132205
Unsheathing Dihui Star's Blade	地慧星刀 拔刀	Passives_Abnormality-a1c9p2.json	132208
'I Shall Give You Some Quarter'	“适当应付一下吧”	Passives_Abnormality-a1c9p2.json	132216
Living Nerves - Partial Deterrence Release	鲜活的神经-抑制力部分解除	Passives_Abnormality-a1c9p2.json	132101
Terminated Persistence	断绝的生命力	Passives_Abnormality-a1c9p2.json	132103
The Last Ember	最后的火种	Passives_Abnormality-a1c9p2.json	132001
Stoke the Flames	点燃火种	Passives_Abnormality-a1c9p2.json	132002
Flaming Ember	燃烧的火种	Passives_Abnormality-a1c9p2.json	132003
Interlocking Ardor Blossom	啮合的红焰	Passives_Abnormality-a1c9p2.json	132004
Supply Resources	支援补给	Passives_Abnormality-a1c9p2.json	132005
Flaming Wings - Partial Deterrence Release	燃烧的双翼-抑制力部分解除	Passives_Abnormality-a1c9p2.json	132006
Effloresced E.G.O::Procuration	绽放E.G.O::代行	Passives_Abnormality-a1c9p2.json	132504
Annihilation Form	抹杀姿态	Passives_Abnormality-a1c9p2.json	132505
All of My Corpus has been Given to Tibia	我全部的身体要素已给予提比娅	Passives_Abnormality-a1c9p3.json	133101
Corpus-centric Art	以人体为中心的艺术	Passives_Abnormality-a1c9p3.json	133102
Artwork Pleasing to the Senses	令人满意的艺术	Passives_Abnormality-a1c9p3.json	133105
Allow Me to Briefly Enjoy My Pupil's Exhibition	让我来欣赏一下徒弟的作品吧	Passives_Abnormality-a1c9p3.json	133106
Bondage	拘束	Passives_Abnormality-a1c9p3.json	133201
Ingredient Harvest	收获材料	Passives_Abnormality-a1c9p3.json	133202
Escape from the Art	从艺术中生还	Passives_Abnormality-a1c9p3.json	133203
Flammable Material	可燃性素材	Passives_Abnormality-a1c9p3.json	133204
The Pulse and Beat of Corpus-turned-Ingredient	作为材料的肉体的搏动	Passives_Abnormality-a1c9p3.json	133601
Corporism	人体派	Passives_Abnormality-a1c9p3.json	133602
Visitors Must Respect the Rules of the Gallery	画廊有其独有的欣赏规则	Passives_Abnormality-a1c9p3.json	133604
With this Artwork, I will Prove Myself before the Maestro	我会在大师面前，用作品证明自己	Passives_Abnormality-a1c9p3.json	133606
Vengeance Tattoos [<s>Great Brother</s>]	仇怨纹身[<s>长兄</s>]	Passives_Abnormality-a1c9p3.json	132701
My Daughter's Education	闺女的教育	Passives_Abnormality-a1c9p3.json	132703
Vengeance Tattoos Max Output... Unseal Lævateinn!	仇怨纹身最大输出…莱瓦汀封印解除！	Passives_Abnormality-a1c9p3.json	134101
Am I doing this right, Papa?!	这样做就可以了吧，老爸！	Passives_Abnormality-a1c9p3.json	132801
The Middle Styled Tattoos	中指式纹身	Passives_Abnormality-a1c9p3.json	132802
Praise is the Wind in Her Sail	给她个好脸就上天	Passives_Abnormality-a1c9p3.json	132803
I'm pretty sure the Middle never forgets	我说过，中指绝对会如数奉还	Passives_Abnormality-a1c9p3.json	132804
Whoa... That looks mad dangerous!	呜哇…好像超不妙的？	Passives_Abnormality-a1c9p3.json	134202
Grueling Battle	苦战	Passives_Abnormality-a1c9p3.json	132601
Crumbling Form	摇摇欲坠的姿势	Passives_Abnormality-a1c9p3.json	132602
Overloaded	过载	Passives_Abnormality-a1c9p3.json	131408
Lucio, you useless little shit!	卢西奥，你这没用的废物	Passives_Abnormality-a1c9p3.json	131406
Time to Hunt	狩猎时刻	Passives_Abnormality-a1c9p3.json	131410
Healthy Corpus Leads to Healthy Ingredient	优良的素材来自于优良的肉体	Passives_Abnormality-a1c9p3.json	134509
Ingredient Selection	材料选定	Passives_Abnormality-a1c9p3.json	134605
132218	132218	Passives_Abnormality-a1c9p3.json	132218
Afterimage of the Future	未来的残像	Passives_Abnormality-a1c9p3.json	132214
132217	132217	Passives_Abnormality-a1c9p3.json	132217
From Dawn till Dusk	自夜明直至黄昏	Passives_Abnormality-a1c9p3.json	132222
Undertake Prescript	指令执行	Passives_Abnormality-a1c9p3.json	133702
Concentration	沉浸	Passives_Abnormality-a1c9p3.json	133705
The Emperor's Subjects	皇帝的臣民	Passives_Abnormality-a1c9p3.json	133901
The Emperor's Mantle	皇帝的披风	Passives_Abnormality-a1c9p3.json	133902
The Emperor's Legion	皇帝的军团	Passives_Abnormality-a1c9p3.json	133903
The Emperor's Blood	皇帝之血	Passives_Abnormality-a1c9p3.json	133904
The Unwrapped Present	撕开的包装纸	Passives_Abnormality-a1c9p3.json	133905
The Emperor's Wrath	皇帝的震怒	Passives_Abnormality-a1c9p3.json	133906
Rien, The Index Nursefather	食指父辈 里恩	Passives_Abnormality-a1c9p3.json	134701
Rien, the Father [Imitation]	父辈 里恩[仿造品]	Passives_Abnormality-a1c9p3.json	134801
Oracle Device [Caduceus] - Full Unlock	神谕终端[双蛇杖]-完全解放	Passives_Abnormality-a1c9p3.json	134802
The Final Battle	最后一战	Passives_Abnormality-a1c9p3.json	132224
Observation	观察	Passives_Abnormality-a1c9p3.json	137801
Adaptation	适应	Passives_Abnormality-a1c9p3.json	137802
Defense Mechanism	防御机制	Passives_Abnormality-a1c9p3.json	137803
Confirmation Bias	验证偏差	Passives_Abnormality-a1c9p3.json	137804
Establish Hypothesis	假说成立	Passives_Abnormality-a1c9p3.json	137805
Maladaptation	不适应	Passives_Abnormality-a1c9p3.json	137806
Inadequate Defense Mechanism	简陋的防御机制	Passives_Abnormality-a1c9p3.json	137807
Self-doubt	自我怀疑	Passives_Abnormality-a1c9p3.json	137808
Former Heishou - Wu Adept	原黑兽 - 午 魁首	Passives_Abnormality-cultivation.json	124701
I will trample... and crush you to mulch	践踏…直至将你们踏作齑粉	Passives_Abnormality-cultivation.json	124702
Soul Lost in Daylight (魂飛中天)	魂飞中天	Passives_Abnormality-cultivation.json	124703
I'll scrape every filthy scale off your skin...	将肮脏的鳞片踏至一片不留…	Passives_Abnormality-cultivation.json	124704
Intrepid trespasser...!	竟敢前来此处，你们当这里是什么地方…！	Passives_Abnormality-cultivation.json	124705
Damage Taken	受击之时	Passives_Abnormality-cultivation.json	127201
Plastered Training	烂醉修行	Passives_Abnormality-cultivation.json	127202
I've got nothing to fear with a bottle of wine by my side	与酒偕行，心无所畏	Passives_Abnormality-cultivation.json	127203
River of Blooddrops (血滴成河)	血滴成河	Passives_Abnormality-cultivation.json	127205
Sparring Complete	切磋结束	Passives_Abnormality-cultivation.json	124801
Reversed Circuitry	电路反转	Passives_Abnormality-cultivation.json	124901
Slightly Relieved Burdens	负荷稍降	Passives_Abnormality-cultivation.json	125001
Burden of Responsibility	责任之重	Passives_Abnormality-cultivation.json	125002
Rule by Fear	恐怖统治	Passives_Abnormality-cultivation.json	125101
It's going to be so much fun, hmm?	不觉得很有趣吗？	Passives_Abnormality-cultivation.json	125102
Twisted Determination	扭曲的意志	Passives_Abnormality-cultivation.json	125103
Tracking Traces	痕迹追踪	Passives_Abnormality-exme.json	144802
Throwing the Ohra Bond	套上捕绳	Passives_Abnormality-exme.json	144803
Undertake Orders	执行命令	Passives_Abnormality-exme.json	144805
Arranged Information	整理完毕的情报	Passives_Abnormality-exme.json	145201
Firm Nailing	坚固钉击	Passives_Abnormality-exme.json	145202
From Memory to Record	从记忆到记录	Passives_Abnormality-exme.json	146002
Nightmare of La Manchaland	拉·曼却领的噩梦	Passives_Abnormality-mowe-re.json	123806
Stored Blood	寄宿之血	Passives_Abnormality-mowe-re.json	123801
Sanguivore - Coagulation	血食-硬化	Passives_Abnormality-mowe-re.json	123805
Prosthesis Model - L37	义体型号- L37	Passives_Abnormality-mowe-re.json	130502
Must Retain Blood	血液不可耗尽	Passives_Abnormality-mowe.json	835002
The Prince's Frenzy	王子的反抗	Passives_Abnormality-mowe.json	835003
Blood Coagulation	血液硬化	Passives_Abnormality-mowe.json	9014501
Thirst for Blood	血之渴求	Passives_Abnormality-mowe.json	9014502
Bloodsucking	吸血	Passives_Abnormality-mowe.json	9014503
Rough Bloodsucking	贪婪吸血	Passives_Abnormality-mowe.json	9014801
Power Leakage	漏电	Passives_Abnormality-mowe.json	9014802
Blood to Brain	血液供脑	Passives_Abnormality-mowe.json	9015101
A Young Kindred	年幼的眷属	Passives_Abnormality-mowe.json	9015201
Tenacious	坚韧	Passives_Abnormality-mowe.json	9014803
Burst Bloodbag	爆裂的血袋	Passives_Abnormality-mowe.json	834801
The Seventh Kindred	七代眷属	Passives_Abnormality-mowe.json	834802
I am yet to hear your answer.	我还没有听到你的答案。	Passives_Abnormality-mr6.json	118301
I'm Stuffed	我吃不下了	Passives_Abnormality-mr6.json	124301
Vroom-vroom. Angry now	布隆布隆，生气了。	Passives_Abnormality-mr6.json	124302
Got Candy?	有糖果吗？	Passives_Abnormality-mr6.json	124303
Kkomi's not a Piñata	就算打可米也不会爆出糖的	Passives_Abnormality-mr6.json	124304
Let the Blood Festival Flow	血祭开幕	Passives_Abnormality-mr7-extreme.json	139001
Let the Fire Festival Ignite	火祭开幕	Passives_Abnormality-mr7-extreme.json	139003
Frenzy	热气	Passives_Abnormality-mr7-extreme.json	139004
Let the Star Festival Fall	星祭开幕	Passives_Abnormality-mr7-extreme.json	139006
Idolatry	偶像崇拜	Passives_Abnormality-mr7-extreme.json	139101
Returning Past	回现的过去	Passives_Abnormality-mr7-extreme.json	139301
Misplaced Past	消逝的过去	Passives_Abnormality-mr7-extreme.json	139302
Broken Exhaust Port	被破坏的排气口	Passives_Abnormality-mr7-extreme.json	139303
Leaking Steam	蒸汽泄漏	Passives_Abnormality-mr7-extreme.json	139304
Vigorous Volaille	幸福的鸡	Passives_Abnormality-mr7-extreme.json	139401
Gloomy Gallus	忧郁的鸡	Passives_Abnormality-mr7-extreme.json	139402
Fragile Fowl	衰弱的鸡	Passives_Abnormality-mr7-extreme.json	139403
Powerful Poussin	变强的鸡	Passives_Abnormality-mr7-extreme.json	139404
Bongy Chicken Struts	小凤小凤到处走动	Passives_Abnormality-mr7-extreme.json	139501
Bongy Chicken Beefs Up	小凤小凤力量爆棚	Passives_Abnormality-mr7-extreme.json	139701
Splash Around	乱拍	Passives_Abnormality-mr7-extreme.json	141004
SplishSplashSplish	拍拍拍	Passives_Abnormality-mr7-extreme.json	141204
Authority Unbroken	维持威信	Passives_Abnormality-mr7.json	137901
Undertake Prescript	执行指令	Passives_Abnormality-mr7.json	138004
Struggle	苦斗	Passives_Abnormality-pilgrimage.json	128801
Roar of the Rogue Waves	激潮的咆哮	Passives_Abnormality-pilgrimage.json	128802
Overlook of All-life	俯视苍生	Passives_Abnormality-pilgrimage.json	128803
Adversary of the Tides	猎潮者	Passives_Abnormality-pilgrimage.json	128804
Fate's Favored Child	命运的宠儿	Passives_Abnormality-pilgrimage.json	128805
Rage Against the Waves	大潮的愤怒	Passives_Abnormality-pilgrimage.json	128806
Galloping Rocinante	疾行的罗辛南特	Passives_Abnormality-pilgrimage.json	128807
The Knight's Delusion	骑士的妄念	Passives_Abnormality-pilgrimage.json	128808
Seaborn	海嗣	Passives_Abnormality-pilgrimage.json	129102
Call of the Bloodkin	同胞的呼唤	Passives_Abnormality-pilgrimage.json	129104
Phototaxic Procession	趋光队列	Passives_Abnormality-pilgrimage.json	129701
Ego of Responsibility	责任的自我	Passives_Abnormality-pilgrimage.json	129702
Adrift Compassion	漂流的善意	Passives_Abnormality-pilgrimage.json	129703
Nethersea Brand Utopia	溟痕乐园	Passives_Abnormality-pilgrimage.json	129704
Coaxing Kins	劝诱同族	Passives_Abnormality-pilgrimage.json	129705
Cell Membrane	细胞膜	Passives_Abnormality-pilgrimage.json	129103
'O Clock	准点	Passives_Abnormality-tkt-re.json	122801
Remaining Time	残存的时间	Passives_Abnormality-tkt-re.json	122802
Time Hyperacceleration	时间超加速	Passives_Abnormality-tkt-re.json	122902
Rescued Time	救援的时间	Passives_Abnormality-tkt.json	827701
Accelerated Regeneration	加速再生修复	Passives_Abnormality-tkt.json	827702
Everyone's Time	所有人的时间	Passives_Abnormality-tkt.json	827801
Equal Expense	公平的支出	Passives_Abnormality-tkt.json	827802
For the Time Community	为了时间共同体	Passives_Abnormality-tkt.json	827803
Take Theirs First!	拿走那家伙的时间！	Passives_Abnormality-tkt.json	827804
The Ring's Docent of Fauvism	环指 野兽派讲解员	Passives_Abnormality-twth.json	142201
Casque de Fauve - Empreinte Vitale	寄宿着人生的兽面	Passives_Abnormality-twth.json	142204
Rufo, a Docent of The Ring's School of Fauvism	环指 野兽派讲解员 卢佛	Passives_Abnormality-twth.json	142301
Le Fauvisme - Masque de Loup : Résurgence de la Sauvagerie	野兽派-狼面：觉醒的野性	Passives_Abnormality-twth.json	142302
Le Fauvisme - Maximum Paint Tolerance Dose	野兽派-颜料注入极限值	Passives_Abnormality-twth.json	142304
Remnant of Art	艺术的痕迹	Passives_Abnormality-twth.json	142401
BLACK Damage	侵蚀伤害	Passives_Abnormality-walpu4.json	836301
Corrosion	侵蚀	Passives_Abnormality-walpu4.json	836601
Passive for the Arm Part	手臂部位被动	Passives_Abnormality-walpu4.json	836602
River of Helpless Tears	流下无力之泪	Passives_Abnormality-walpu6.json	122302
Hollow Pride	空洞的自尊	Passives_Abnormality-walpu6.json	122303
Shared Sorrow	分担的哀伤	Passives_Abnormality-walpu6.json	122304
One Last Justice	仅存的正义	Passives_Abnormality-walpu6.json	122306
Despair-piercing Sword	刺穿绝望之剑	Passives_Abnormality-walpu6.json	122401
The Sword Points Toward Those Who Could Not be Protected	剑锋所指乃是所有未能守护之人	Passives_Abnormality-walpu6.json	122403
Respite	暂息	Passives_Abnormality-walpu6.json	122404
Wandering Ordeal	彷徨的考验	Passives_Abnormality-walpu8.json	136601
Tailored for the Palate	直击味蕾	Passives_Abnormality-walpu8.json	136602
The Secret of Taste	味道的秘密	Passives_Abnormality-walpu8.json	136603
Lasting Ordeal	接连不断的考验	Passives_Abnormality-walpu8.json	136902
Fragile Orange Bubble	脆弱的橙子气泡	Passives_Abnormality-walpu8.json	136903
Food Production	食品生产	Passives_Abnormality-walpu8.json	136904
Dignity of the B.E.	凤·皇的威严	Passives_Abnormality-x1p1c1.json	136501
Bulging Chicken	鼓鼓的鸡	Passives_Abnormality-x1p1c1.json	136502
I'll Just Have to Force-feed You!	直接塞进嘴里！	Passives_Abnormality-x1p1c1.json	138701
Let's All Cook Together!	大家一起来做菜吧	Passives_Abnormality-x1p1c1.json	138702
It was All... for the Kids.	都是为了孩子们	Passives_Abnormality-x1p1c1.json	138703
Blade Dance	剑舞	Passives_Abnormality-ycgd.json	815402
An Apple’s Twilight	苹果的黄金期	Passives_Abnormality.json	800101
NOT FOR DISPLAY1	如果它出现了就是bug1	Passives_Abnormality.json	800102
NOT FOR DISPLAY2	如果它出现了就是bug2	Passives_Abnormality.json	800103
DON'T LET THE KIDS READ THIS	如果它出现了也是bug	Passives_Abnormality.json	800202
NOT FOR DISPLAY	如果它出现了也是bug	Passives_Abnormality.json	800205
Cracked Gold	碎裂的黄金	Passives_Abnormality.json	800801
Frail Core	中枢毁坏	Passives_Abnormality.json	800902
Rotting Apple	腐烂的苹果	Passives_Abnormality.json	800903
NOT FOR DISPLAY	不该出现的文本	Passives_Abnormality.json	800904
Upgrade Factory at Work	强化工厂启动	Passives_Abnormality.json	801001
You Must Become Strong	你必须变强	Passives_Abnormality.json	801002
Wavering Desires	摇晃的欲望	Passives_Abnormality.json	801301
Ensnaring Desires	束缚的欲望	Passives_Abnormality.json	801302
Shuddering Terror	深入肌肤的恐惧	Passives_Abnormality.json	801904
Pulsating Arms	血脉搏动的手臂	Passives_Abnormality.json	802401
Damaged Arms	受损的手臂	Passives_Abnormality.json	802402
Regenerating Shell	修复躯壳	Passives_Abnormality.json	802403
Frantic Eyes	狂乱的双眼	Passives_Abnormality.json	802404
Amplified Aggression	膨胀的攻击性	Passives_Abnormality.json	802501
Shimmering Rage	荡漾的暴怒	Passives_Abnormality.json	802503
Molt	脱皮	Passives_Abnormality.json	802802
Pained Writhing	痛苦蠕动	Passives_Abnormality.json	802803
Wriggling Instincts	蠢蠢欲动的本能	Passives_Abnormality.json	802804
Severed Arm	被切断的手臂	Passives_Abnormality.json	803302
You Must Accept the Pain!	接受痛苦吧！	Passives_Abnormality.json	802903
Bliss of Execution	处刑的欢愉	Passives_Abnormality.json	802904
Overflowing Ecstasy	满溢而出的狂喜	Passives_Abnormality.json	803001
Blooming Purity	绽放的纯粹	Passives_Abnormality.json	803002
Flawless Flesh	无瑕的肉身	Passives_Abnormality.json	803003
Boiling Blood	鲜血沸腾	Passives_Abnormality.json	803103
Breaking Pieces	破裂的碎片	Passives_Abnormality.json	803203
Inconsolable Sorrow	无法自拔的悲伤	Passives_Abnormality.json	804102
Taken by the Horns	无力化	Passives_Abnormality.json	804103
Downed by the Horns	完全无力化	Passives_Abnormality.json	804104
Living Nerves	鲜活的神经	Passives_Abnormality.json	804501
Motioning Nerves	活动的神经	Passives_Abnormality.json	804502
Broken Umbrella	损坏的伞	Passives_Abnormality.json	804601
Ragged Umbrella	磨损殆尽的伞	Passives_Abnormality.json	804602
Last Struggle	最后的挣扎	Passives_Abnormality.json	804603
Spreading Ember	蔓延的火种	Passives_Abnormality.json	804701
Broken Means	损坏的手段	Passives_Abnormality.json	804702
Booze Makes You Hicc!	醉意令人打嗝！	Passives_Abnormality.json	804801
Stimulating Smell, Isn't It?	香气四溢吧？	Passives_Abnormality.json	804802
Old and Abandoned	被舍弃的旧伞	Passives_Abnormality.json	805201
Perilous Mind	岌岌可危的精神	Passives_Abnormality.json	804301
Determination	决意	Passives_Abnormality.json	804304
Lobotomy E.G.O	脑叶公司E.G.O	Passives_Abnormality.json	804305
Walled Heart	封闭的心	Passives_Abnormality.json	805301
Into Full Bloom	绽放	Passives_Abnormality.json	804401
Flowering Mind	盛开的内心	Passives_Abnormality.json	804402
Cost of Blooming	开花的代价	Passives_Abnormality.json	804404
Growing Flower	茁壮成长的花	Passives_Abnormality.json	805401
나오면 안되는 텍스트 (번역 x)	不该出现的文本(翻译 x)	Passives_Abnormality.json	804901
Self Destruction	自我破坏	Passives_Abnormality.json	804903
Self Salvation	自我救赎	Passives_Abnormality.json	804904
Toward the Ideal	向着理想	Passives_Abnormality.json	805001
Price of Neglect	背道而驰的代价	Passives_Abnormality.json	805004
Bitter Smile	苦笑	Passives_Abnormality.json	805005
Inefficient Judgement	低效的判断	Passives_Abnormality.json	805006
Exhausting Endeavor	体力耗尽	Passives_Abnormality.json	805007
Exposed Base	露出的根系	Passives_Abnormality.json	805802
Spare Lure	额外的饵料	Passives_Abnormality.json	805803
Discovered Weakness	暴露的弱点	Passives_Abnormality.json	805804
Connected Weakness	相连的弱点	Passives_Abnormality.json	805805
Manufactured Respite	稍作休息	Passives_Abnormality.json	805901
Lost Means	丢失的手段	Passives_Abnormality.json	805902
Damaged Shade	受损的绿荫	Passives_Abnormality.json	805903
Contaminating Leaf	污染的叶子	Passives_Abnormality.json	806201
Momentary Satiation	片刻的饕足	Passives_Abnormality.json	826301
Ravening Hunger	饥饿狂暴	Passives_Abnormality.json	826302
Torn Arm	被撕裂的手臂	Passives_Abnormality.json	826303
Invitation to a Meal	就餐邀请	Passives_Abnormality.json	826304
Empty Belly	空腹	Passives_Abnormality.json	826501
Care	悉心照料	Passives_Abnormality.json	826401
Keep It Fresh	保鲜	Passives_Abnormality.json	826402
The Queen's Defenders	女王护卫	Passives_Abnormality.json	124501
Ferocious Acidic Crust	凶恶的酸性甲壳	Passives_Abnormality91-4.json	806301
Stolen Rupturing Shell	偷来的破裂外壳	Passives_Abnormality91-4.json	806302
A Crab-eat-crab World	自相蟹肉	Passives_Abnormality91-4.json	806304
Looming Presence	巨物尊容	Passives_Abnormality91-4.json	806305
Reminisced Augmentation	深入记忆的强化肉体	Passives_Abnormality_Refraction.json	850101
Gloomy Noises	忧郁之声	Passives_Abnormality_Refraction.json	851001
Blue Resin	蓝色黏液	Passives_Abnormality_Refraction.json	851002
Septic Weakness	溃烂的弱点	Passives_Abnormality_Refraction.json	851003
Initiating Town Tour	小镇参观活动开始	Passives_Abnormality_Refraction.json	851901
Damage Detected!	检测到破损！	Passives_Abnormality_Refraction.json	852001
Overload	过载	Passives_Abnormality_Refraction.json	852101
Overloaded HP Bullet	过载HP弹	Passives_Abnormality_Refraction.json	852301
ANIKSHANA	不该出现的文本	Passives_Abnormality_Refraction.json	852702
Anatman	无我	Passives_Abnormality_Refraction.json	852704
Nirmāna	变	Passives_Abnormality_Refraction.json	852705
THREE WISE TEXTS	不该出现的文本	Passives_Abnormality_Refraction.json	852706
Bhaishajya	修复	Passives_Abnormality_Refraction.json	852707
HP Ampule Injection	注射HP安瓿	Passives_Abnormality_Refraction.json	852102
Hora de Fiesta	派对时间	Passives_Abnormality_Refraction1BokGak.json	950901
Noble be Thy Sacrifice	高贵的牺牲在此	Passives_Abnormality_Refraction1BokGak.json	951701
Thou Shalt Hammer	汝当锤	Passives_Abnormality_Refraction1BokGak.json	951703
HP Bullets	HP弹	Passives_Abnormality_Refraction1BokGak.json	952401
Vain Heart	虚荣的心	Passives_Abnormality_Refraction2.json	853904
Refracted Rupture and Sinking	折射的破裂与沉沦	Passives_Abnormality_Refraction2.json	853905
Apply Refracted Bleed	施加折射的流血	Passives_Abnormality_Refraction2.json	853906
Deteriorated Persistence	衰退的生命力	Passives_Abnormality_Refraction2.json	854101
Solid Exoskeleton	坚硬的甲壳	Passives_Abnormality_Refraction2.json	854102
Refracted Bleed and Tremor	折射的流血与震颤	Passives_Abnormality_Refraction2.json	854103
Mitosis	细胞分裂	Passives_Abnormality_Refraction2.json	854201
Enticing Fairy Wine	诱人的精灵酒	Passives_Abnormality_Refraction2.json	854202
Apply Refracted Rupture	施加折射的破裂	Passives_Abnormality_Refraction2.json	854204
Apply Refracted Sinking	施加折射的沉沦	Passives_Abnormality_Refraction2.json	854402
Refracted Burn and Rupture	折射的烧伤与破裂	Passives_Abnormality_Refraction2.json	855004
Apply Refracted Tremor	施加折射的震颤	Passives_Abnormality_Refraction2.json	855005
Golden Time	黄金时间	Passives_Abnormality_Refraction2.json	855101
Time Reversion Retroaction	时间逆行反冲	Passives_Abnormality_Refraction2.json	855102
Apply Refracted Burn	施加折射的烧伤	Passives_Abnormality_Refraction2.json	855105
Refracted Burn and Bleed	折射的烧伤与流血	Passives_Abnormality_Refraction2.json	855504
Overlapping Past	重叠的过去	Passives_Abnormality_Refraction2.json	855507
Eternal Yoke	永远的枷锁	Passives_Abnormality_Refraction2.json	855601
Broken Sign	损坏的告示牌	Passives_Abnormality_Refraction2.json	855602
Scattered Flesh	四散的肉块	Passives_Abnormality_Refraction2.json	855603
Singular Vine	汇为一体的藤蔓	Passives_Abnormality_Refraction2.json	855604
Blossoming Sins	盛放的罪孽	Passives_Abnormality_Refraction2.json	856403
Rose on a Vine	绽于藤蔓的玫瑰	Passives_Abnormality_Refraction2.json	856405
One-sided Desire	单方面的欲望	Passives_Abnormality_Refraction2.json	856501
Shimmering Lust	摇曳的色欲	Passives_Abnormality_Refraction2.json	856503
Powerless	无力	Passives_Abnormality_Refraction2.json	856601
Yellow Rose 2	黄色玫瑰2	Passives_Abnormality_Refraction2.json	856602
Crushing Sloth	粉碎的怠惰	Passives_Abnormality_Refraction2.json	856603
Yellow Rose 4	黄色玫瑰4	Passives_Abnormality_Refraction2.json	856604
Green Rose 2	绿色玫瑰2	Passives_Abnormality_Refraction2.json	856702
Growing Gluttony	滋生的暴食	Passives_Abnormality_Refraction2.json	856703
Green Rose 4	绿色玫瑰4	Passives_Abnormality_Refraction2.json	856704
Anxiety	不安	Passives_Abnormality_Refraction2.json	856801
Blue Rose 3	蓝色玫瑰3	Passives_Abnormality_Refraction2.json	856803
Shimmering Gloom	摇曳的忧郁	Passives_Abnormality_Refraction2.json	856804
Blue Rose 5	蓝色玫瑰5	Passives_Abnormality_Refraction2.json	856805
Superiority	优越感	Passives_Abnormality_Refraction2.json	856902
Azure Rose 3	靛色玫瑰3	Passives_Abnormality_Refraction2.json	856903
Overinflated Pride	膨胀的傲慢	Passives_Abnormality_Refraction2.json	856904
Azure Rose 5	靛色玫瑰5	Passives_Abnormality_Refraction2.json	856905
Jealousness	猜疑	Passives_Abnormality_Refraction2.json	857001
Purple Rose 3	紫色玫瑰3	Passives_Abnormality_Refraction2.json	857003
Glaring Envy	刺眼的嫉妒	Passives_Abnormality_Refraction2.json	857004
Purple Rose 5	紫色玫瑰5	Passives_Abnormality_Refraction2.json	857005
Sin-drenched Brambles	罪孽缠身的荆棘	Passives_Abnormality_Refraction2.json	855607
Binding Roots	纠缠的根	Passives_Abnormality_Refraction3.json	857802
To be Drenched in Blood	以血浸染	Passives_Abnormality_Refraction3.json	857804
Gossypium Planting	种植棉花	Passives_Abnormality_Refraction3.json	857805
Flowering Gossypium	盛开的棉花	Passives_Abnormality_Refraction3.json	857806
Contempt and Gaze	轻蔑与视线	Passives_Abnormality_Refraction3.json	858501
Crushing Grasp	粉碎之掌	Passives_Abnormality_Refraction3.json	858503
Compounded Contempt	附加的轻蔑	Passives_Abnormality_Refraction3.json	858504
Penetrated Gaze	贯穿的视线	Passives_Abnormality_Refraction3.json	858505
Rescue	解救	Passives_Abnormality_Refraction3.json	860402
Connected Hurt	连结的痛楚	Passives_Abnormality_Refraction3.json	858601
Portrait Afterimage Sighting	目击肖像残影	Passives_Abnormality_Refraction4.json	860501
Throwing Out the Interloper	赶走不速之客	Passives_Abnormality_Refraction4.json	860502
Interloper Hunt	狩猎不速之客	Passives_Abnormality_Refraction4.json	860503
Ooh, Dear Master...	啊啊，主人…	Passives_Abnormality_Refraction4.json	860507
You Must Be the Interloper's Family?	你也是不速之客吗？	Passives_Abnormality_Refraction4.json	860505
Peering Gaze	追随的目光	Passives_Abnormality_Refraction4.json	860601
A Familiar Connector	熟悉的插头	Passives_Abnormality_Refraction4.json	860801
Overcurrent	过流	Passives_Abnormality_Refraction4.json	860802
Want to be Free	渴望自由	Passives_Abnormality_Refraction4.json	860803
Detached Anti-Ovine Grounding Plug	断开的对羊接地插头	Passives_Abnormality_Refraction4.json	862802
Safety Plug	安全插头	Passives_Abnormality_Refraction4.json	862803
Prelude of the Banquet	宴会开幕	Passives_Abnormality_Refraction4.json	862901
Closing of the Banquet	宴会闭幕	Passives_Abnormality_Refraction4.json	862902
Snapping Bandages	崩裂的绷带	Passives_Abnormality_Refraction4.json	862904
Retainer of the King in Binds	受缚之王的仆从	Passives_Abnormality_Refraction4.json	828001
LOOK AWAY!	不该出现的文本	Passives_Abnormality_Refraction4.json	828003
Refracted Struggle	折射的挣扎	Passives_Abnormality_Refraction4.json	860506
Refracted Mind	折射的意志	Passives_Abnormality_Refraction4.json	828005
Melee Combat	近身战	Passives_Abnormality_Refraction5.json	863001
Summon Targets	召唤靶子	Passives_Abnormality_Refraction5.json	863003
Oxygen Supply	氧气供给	Passives_Abnormality_Refraction5.json	863201
Deep Breath	深呼吸	Passives_Abnormality_Refraction5.json	863202
Oxygen-saturated	氧气饱和状态	Passives_Abnormality_Refraction5.json	863203
Shattered Ribcage	肋骨破坏	Passives_Abnormality_Refraction5.json	863204
Ribcage Regeneration	肋骨再生	Passives_Abnormality_Refraction5.json	863205
Excruciating Suffering	断绝痛苦	Passives_Abnormality_Refraction5.json	863206
Anguished Screaming	尖啸	Passives_Abnormality_Refraction5.json	863207
After Effect	后遗症	Passives_Abnormality_Refraction5.json	863208
Indulgent Petals	沉溺的花瓣	Passives_Abnormality_Refraction5.json	863301
Yearning	渴望	Passives_Abnormality_Refraction5.json	863303
Bloodthirsty Stench	残酷的血香	Passives_Abnormality_Refraction5.json	863304
Refracted Sin	折射的罪孽	Passives_Abnormality_Refraction5.json	863305
Sharp Thorn	锋利的荆棘	Passives_Abnormality_Refraction5.json	863306
Endless Thirst	无尽的饥渴	Passives_Abnormality_Refraction5.json	863307
Endless Yearning	无尽的渴望	Passives_Abnormality_Refraction5.json	863308
Increased Refraction Rate	折射率提升	Passives_Abnormality_Refraction5.json	863309
Designated Execution	指定射杀	Passives_Abnormality_Refraction5.json	863101
First Strike Wins	先手必胜	Passives_Abnormality_Refraction5.json	863102
Not Me	不是我	Passives_Abnormality_Refraction5.json	863103
Quickening of the Unborn	胎动	Passives_Abnormality_Refraction6.json	956301
Eclosion - Life That Was	羽化-前生	Passives_Abnormality_Refraction6.json	956401
Time of Forging	锻造的岁月	Passives_Abnormality_Refraction6.json	956402
Eclosion - Life That Is	羽化-今生	Passives_Abnormality_Refraction6.json	956501
Kṣaṇa of Circumvolution	刹那之一巡	Passives_Abnormality_Refraction6.json	956502
Eclosion - Life That Will Be	羽化-来生	Passives_Abnormality_Refraction6.json	956601
Erosion of Kalpas	永劫的侵蚀	Passives_Abnormality_Refraction6.json	956602
Past [過去]	过去	Passives_Abnormality_Refraction6.json	9567010
Present [現在]	现在	Passives_Abnormality_Refraction6.json	9567020
Future [未來]	未来	Passives_Abnormality_Refraction6.json	9567030
Moment of Entangled Lives	罗生之时	Passives_Abnormality_Refraction6.json	956705
Life Hanging on a Wedge [一櫼之命]	一楔之命	Passives_Abnormality_Refraction6.json	956801
Thundering Wrath [震怒]	震怒	Passives_Abnormality_Refraction6.json	956802
Dragon's Scale	龙鳞	Passives_Abnormality_Refraction6.json	956804
The Unreachable Heavens	不可升入之天	Passives_Abnormality_Refraction6.json	956805
Tarnished Body	污秽之躯	Passives_Abnormality_Refraction6.json	956901
Broken Scale	损坏的鳞	Passives_Abnormality_Refraction6.json	956903
Broken Skull	受损的头	Passives_Abnormality_Refraction6.json	956904
Erumpent Flower-burying Efflorescence [梅花滿開]	梅花盛开	Passives_Abnormality_Refraction6.json	956907
Dragon's Vein [龍脈]	龙脉	Passives_Abnormality_Refraction6.json	957001
The Dragon's Bleeding Vein	流溢的龙脉	Passives_Abnormality_Refraction6.json	957002
One Last Radiance [回光返照]	回光返照	Passives_Abnormality_Refraction6.json	957003
Lofty Energy	孤高的精气	Passives_Abnormality_Refraction6.json	957004
Refracted Egress	折射的出口	Passives_Abnormality_Refraction6.json	957006
Return to Origin [物歸原主]	物归原主	Passives_Abnormality_Refraction6.json	957101
Let's Play Tag! Here I Go!	鬼抓人开始咯	Passives_Abnormality_Refraction6.json	955601
Will You Play? Will You Play? Will You Play?	来玩吗？来玩吗？来玩吗？	Passives_Abnormality_Refraction6.json	955602
No More Playtime	已然结束的游戏	Passives_Abnormality_Refraction6.json	955603
Attachment Plushie	依恋的玩偶	Passives_Abnormality_Refraction6.json	955604
The Past - Segmentation [分節]	过去-分节	Passives_Abnormality_Refraction6.json	957201
The Past - Origination [緣起]	过去-缘起	Passives_Abnormality_Refraction6.json	957202
The Present - Segmentation [分節]	现在-分节	Passives_Abnormality_Refraction6.json	957301
The Present - Origination [緣起]	现在-缘起	Passives_Abnormality_Refraction6.json	957302
The Future - Segmentation [分節]	未来-分节	Passives_Abnormality_Refraction6.json	957401
The Future - Origination [緣起]	未来-缘起	Passives_Abnormality_Refraction6.json	957402
The Inner Self	内在的自我	Passives_Assist-Cultivation.json	940000501
Widening Knowledge	拓展的知识	Passives_Assist-Cultivation.json	940000502
Spirit of Fixers	收尾人精神	Passives_Assist-Cultivation.json	940000503
The Tianya Sword	天涯剑	Passives_Assist-Cultivation.json	940000504
How to Prepare for War	备战之法	Passives_Assist-Cultivation.json	940000505
How to Survive	生存之法	Passives_Assist-Cultivation.json	940000506
Apathetic Response	无感情地回应	Passives_Assist-Cultivation.json	940000507
POW Torture Technique	战俘拷问技术	Passives_Assist-Cultivation.json	940000508
The Reassuring Heart	安抚他人的心	Passives_Assist-Cultivation.json	940000509
God of Gamblers	赌神	Passives_Assist-Cultivation.json	940000510
My Bestie and a Rival	最佳拍档兼宿敌	Passives_Assist-Cultivation.json	940000511
The Hierarch of Hongyuan	鸿园的家主	Passives_Assist-Cultivation.json	940000512
Jin Gang Bolus	金刚丹丸	Passives_Assist-Cultivation.json	940000516
Paired Assault	勠力	Passives_Assist-a1c8p2.json	40000201
Aiding Stab	援助刺击	Passives_Assist-a1c8p2.json	40000202
Siphoning Fulfillment	呼吸协调	Passives_Assist-a1c8p2.json	40000203
The Yellow Harpoon (named by: Ezra)	蜜黄标枪(命名者：以斯拉)	Passives_Assist-a1c9p2.json	40000601
Gungnir	冈格尼尔	Passives_Assist-a1c9p2.json	40000602
The Last Resort	最后的手段	Passives_Assist-a1c9p3.json	40000701
E.G.O Resonance Boost	E.G.O共鸣度 增加	Passives_Assist-a1c9p3.json	40000704
Like a Moth to a Flame	如同飞蛾扑火	Passives_Assist-a1c9p3.json	40000705
Fate Lost	偏离命运	Passives_Assist-a1c9p3.json	40000706
Its Eyes Have Watched Over the Entire Black Forest	其目一直注视着整个黑森林	Passives_Assist-a1c9p3.json	40000805
The Wasp of the Distortion Detective Office	扭曲侦探事务所的胡蜂	Passives_Assist-a1c9p3.json	40000902
Deep Contemplation	深深思索	Passives_Assist-a1c9p3.json	40001001
Crimson Point	红点	Passives_Assist-a1c9p3.json	40001002
Dimensional Bag [Ezra]	次元包[以斯拉]	Passives_Assist-a1c9p3.json	40001101
Detecti—I mean, Team Leader! We've Got Your Back!	侦探…！不…队长，请相信我们！	Passives_Assist-a1c9p3.json	40001102
Blood Barrier	血幕	Passives_Assist-a1c9p3.json	40001204
Effloresced E.G.O::Lavacrum Sanguinis	绽放E.G.O::血之洗礼	Passives_Assist-a1c9p3.json	40001206
The Guide	向导	Passives_Assist-a1c9p3.json	40001209
Dismantle Prosthesis	义体解体	Passives_Assist-a1c9p3.json	40001302
Withstand the Smoke	烟霾耐性	Passives_Assist-a1c9p3.json	40001309
Special Airborne Operations Force - Abraxas Chariot	空降特战部队-阿布拉克萨斯战车	Passives_Assist-a1c9p3.json	40001301
Halberd and Bastard Sword	长柄斧与手半剑	Passives_Assist-a1c9p3.json	40001304
Wading Through a Dream, the Self Nowhere to be Found [無我夢中]	无我梦中	Passives_Assist-a1c9p3.json	40001501
Like the Naraka of Avīci and Raurava [阿鼻叫喚]	阿鼻叫唤	Passives_Assist-a1c9p3.json	40001502
Severed and Torn until Even the Form is Undone [支離滅裂]	支离灭裂	Passives_Assist-a1c9p3.json	40001503
Swiftblade	快剑	Passives_Assist-exme.json	40003803
Fugitive	逃亡者	Passives_Assist-exme.json	40004001
Blade Lineage Mentor	剑契组 头领	Passives_Assist-exme.json	40004004
<s>The Middle</s>	<s>中指</s>	Passives_Assist-twth.json	40003702
In the name of Love and Justice~ Here comes Magical Girl!	以爱与正义之名~此时此地，闪亮登场！	Passives_Assist-walpu6.json	40000301
Thanks so much, everyone!	大家，太谢谢你们了！	Passives_Assist-walpu6.json	40000302
In the end, I'm... just like the others?	我也…最终还是和其他人一样吗？	Passives_Assist-walpu6.json	40000303
Power of Love and Justice	爱与正义之力	Passives_Assist-walpu6.json	40000304
Bursting Strike, Breathing Siphon	破伤吸还	Passives_Assist.json	40000101
Ba Jiao Banana Bolus	芭蕉丹丸	Passives_Assist.json	40000102
Cetacean Strand	与鲸相连	Passives_Enemy-a1c5p1.json	9008301
Connected Pain	连结的痛楚	Passives_Enemy-a1c5p1.json	9008302
Easy Breathing	轻松喘息	Passives_Enemy-a1c5p1.json	9008401
Two Sides Of a Coin	硬币的两面	Passives_Enemy-a1c5p1.json	9008402
Ain't That a Prick?	那儿不痛吗？	Passives_Enemy-a1c5p1.json	9008601
To the Front Lines!!	前往前线！！	Passives_Enemy-a1c5p1.json	9008701
No... Get Away From Me!	停下…别过来！	Passives_Enemy-a1c5p1.json	9101202
Huzzah, Men!	好耶！	Passives_Enemy-a1c5p1.json	9101203
What Are You Doing?!	你在搞什么？	Passives_Enemy-a1c5p1.json	9101204
Ineffable Shape	难以言表的形状	Passives_Enemy-a1c5p2.json	9008801
Pallidification	白化	Passives_Enemy-a1c5p2.json	9008901
Crashing Filth	袭来的否定	Passives_Enemy-a1c5p2.json	9008902
Spreading Flames	蔓延的污垢	Passives_Enemy-a1c5p2.json	9008903
Healing Resentment	治愈心结	Passives_Enemy-a1c5p2.json	9009101
Cumulating Organic Material	堆积有机物	Passives_Enemy-a1c5p2.json	9009201
Disintegrating Inorganic Material	分解无机材料	Passives_Enemy-a1c5p2.json	9009202
Intertwined Organic Material	纠缠的有机物	Passives_Enemy-a1c5p2.json	9009301
Scattered Inorganic Material	被破坏的无机材料	Passives_Enemy-a1c5p2.json	9009302
Organic Breathing	有机呼吸	Passives_Enemy-a1c5p2.json	9009401
Organic Hardening	有机硬化	Passives_Enemy-a1c5p2.json	9009501
Little Vengeance	些许仇怨	Passives_Enemy-a1c5p2.json	9009602
Multifold Retribution	加倍奉还	Passives_Enemy-a1c5p2.json	9009603
Domineer	威严	Passives_Enemy-a1c5p2.json	809903
In the World of Bristly	变得蓬乱的头发	Passives_Enemy-a1c5p2.json	809905
Suppressed Pallidification	被抑制的苍白化	Passives_Enemy-a1c5p3.json	9009801
Crashing Pallidification	崩溃的苍白化	Passives_Enemy-a1c5p3.json	9009804
It's... you...	是你…	Passives_Enemy-a1c6p1.json	9011601
...	…	Passives_Enemy-a1c6p1.json	9011801
Cleaning	整顿	Passives_Enemy-a1c6p1.json	9012001
Organizing	整理	Passives_Enemy-a1c6p1.json	9012201
Dead End	瓮中之鳖	Passives_Enemy-a1c6p1.json	9012301
Rat Hunt	猎鼠	Passives_Enemy-a1c6p1.json	9012501
I Will... Do My Best	我会…尽我所能	Passives_Enemy-a1c6p1.json	9012601
Apologies... Mistress!	万分抱歉…夫人！	Passives_Enemy-a1c6p1.json	9012602
I'll Clean You Up...	好好收拾干净…	Passives_Enemy-a1c6p1.json	9101401
Insolent Fool!	何等失礼！	Passives_Enemy-a1c6p1.json	9101402
Will You Witness Me, Mistress?!	夫人，您在看吗？！	Passives_Enemy-a1c6p1.json	9101404
Lenient Rule Fulfillment	散漫的执行	Passives_Enemy-a1c6p2.json	9012801
Bloody Point	血点	Passives_Enemy-a1c6p2.json	9012802
Reinforcements	战力强化	Passives_Enemy-a1c6p2.json	9013001
Natural Style	本色	Passives_Enemy-a1c6p2.json	9013101
Sanguine Pointillism	血点描画	Passives_Enemy-a1c6p2.json	9013102
A Single Point of Art	艺术的一点	Passives_Enemy-a1c6p2.json	9013302
Body Augment - Phys. Boost	肉体强化手术-肉体增强	Passives_Enemy-a1c6p2.json	9101501
Body Augment - Cooldown	肉体强化手术-冷却	Passives_Enemy-a1c6p2.json	9101503
This Can't Be	这不可能	Passives_Enemy-a1c6p2.json	9101504
This Time, I Win...!	这次我赢了…！	Passives_Enemy-a1c6p2.json	9101505
Useless Fools...	没用的东西…	Passives_Enemy-a1c6p2.json	9101604
Spiked Bat	带刺的球棒	Passives_Enemy-a1c6p2.json	9101605
Dead Rabbits Boss?	死兔帮 老大？	Passives_Enemy-a1c6p2.json	9101601
ies...	歉…	Passives_Enemy-a1c6p3.json	9013601
Yo...	除…	Passives_Enemy-a1c6p3.json	9013602
ool...	礼…	Passives_Enemy-a1c6p3.json	9013603
oice...!	叫我…	Passives_Enemy-a1c6p3.json	9013604
Threa...	威…	Passives_Enemy-a1c6p3.json	9013606
Opp... tta	机…了	Passives_Enemy-a1c6p3.json	9013607
Bod... ...st	肉体…增强	Passives_Enemy-a1c6p3.json	9013701
Tou...	砰…	Passives_Enemy-a1c6p3.json	9013804
Hou...	整…	Passives_Enemy-a1c6p3.json	9013801
...erding	逐…	Passives_Enemy-a1c6p3.json	9013802
...rity	…感	Passives_Enemy-a1c6p3.json	817001
Dir...	被指…	Passives_Enemy-a1c6p3.json	817002
Pred...	捕…	Passives_Enemy-a1c6p3.json	817003
...ked	…记	Passives_Enemy-a1c6p3.json	817004
Bloodbag	血袋	Passives_Enemy-a1c7p1.json	9015207
Bloodfiend Hunter	血魔猎人	Passives_Enemy-a1c7p1.json	9015601
Aggressive Hunting Techniques	激进的狩猎技巧	Passives_Enemy-a1c7p1.json	9015602
Anti-Bloodfiend Hammer	对血魔专用锤	Passives_Enemy-a1c7p1.json	9015603
Styptics	止血剂	Passives_Enemy-a1c7p1.json	9015604
Weakling Mark	弱者印记	Passives_Enemy-a1c7p1.json	9016001
The Wicked Caitiffs	恶党	Passives_Enemy-a1c7p1.json	9016002
Bullies	卑鄙	Passives_Enemy-a1c7p1.json	9016003
An Encounter of Moderate Difficulty	不会无聊的战斗	Passives_Enemy-a1c7p1.json	9016101
The Man-eating Bear	连人都吃的熊	Passives_Enemy-a1c7p1.json	9016102
Big & Scary	可怕	Passives_Enemy-a1c7p1.json	9016103
Clumsy Bloodsucking	生疏的吸血	Passives_Enemy-a1c7p2.json	9015801
Festive Mood	庆典的氛围	Passives_Enemy-a1c7p2.json	9017501
Festive Sounds	庆典的声音	Passives_Enemy-a1c7p2.json	9017301
Easy Money	轻松的任务	Passives_Enemy-a1c8p1.json	9020301
oh no	本不该如此	Passives_Enemy-a1c8p1.json	9020302
Training Dummy	训练用木人桩	Passives_Enemy-a1c8p1.json	9020101
Upgradable Training Dummy	升级的训练用木人桩	Passives_Enemy-a1c8p1.json	9020102
Remember the Basics	巩固基本功	Passives_Enemy-a1c8p1.json	9020103
Off-mark Curse	偏离的诅咒	Passives_Enemy-a1c8p1.json	9019501
Jar-haunting Curse	宿于瓮中的诅咒	Passives_Enemy-a1c8p1.json	9019502
Cursed Spirit Jar	咒鬼之瓮	Passives_Enemy-a1c8p1.json	9102202
Target - Jia Baoyu	目标-贾宝玉	Passives_Enemy-a1c8p1.json	9019802
Focusing on Target	逐渐明确的目标	Passives_Enemy-a1c8p1.json	9019803
Mission Progress	执行任务	Passives_Enemy-a1c8p1.json	9020001
Honing in on Target	逐渐明确的目标	Passives_Enemy-a1c8p1.json	9020002
Plastered Training	酩酊修行	Passives_Enemy-a1c8p1.json	9102102
Well, well... Hic. This won't do	哎呀，哎呀…嗝，这可不行	Passives_Enemy-a1c8p1.json	9102103
Clear Target	明确的目标	Passives_Enemy-a1c8p1.json	9102104
Rival Candidate	对家主候选人的牵制	Passives_Enemy-a1c8p2.json	9021001
Shi(史) Family Charge Circuitry	史家制充能回路	Passives_Enemy-a1c8p2.json	9021002
Charge Circuitry Activation	充能回路发动	Passives_Enemy-a1c8p2.json	9021003
Severe Overload	残酷的过载	Passives_Enemy-a1c8p2.json	9021201
Experiment Goal - Maturation	实验目标-成长	Passives_Enemy-a1c8p2.json	9020501
Experiment Goal - Germination	实验目标-发芽	Passives_Enemy-a1c8p2.json	9020601
Experiment Goal - Blossom	实验目标-绽放	Passives_Enemy-a1c8p2.json	9020701
Talisman Sorcerer	符术士	Passives_Enemy-a1c8p2.json	9020801
Proliferating Misfortune	转移不祥	Passives_Enemy-a1c8p2.json	9020802
Skilled Talisman Sorcerer	杰出的符术士	Passives_Enemy-a1c8p2.json	9020901
Soul Siphon Technique	吸魂疗法	Passives_Enemy-a1c8p2.json	9020902
Esecuzione della Regola - Preparation Stage	执行纪律-准备阶段	Passives_Enemy-a1c8p3.json	9021701
Esecuzione della Regola - Crush the Lower Jaw	执行纪律-下颌碎骨	Passives_Enemy-a1c8p3.json	9021702
Regola Infranta	混乱的纪律	Passives_Enemy-a1c8p3.json	9021703
Tasty Flesh	鲜美血肉	Passives_Enemy-a1c8p3.json	9021302
Fresh Human-omes!	新鲜的人类诺姆	Passives_Enemy-a1c951.json	9010101
Mine-omes	是我的那份诺姆	Passives_Enemy-a1c951.json	9010102
The Ring Nursefather's Artwork	环指父辈的作品	Passives_Enemy-a1c9p1.json	9103601
Bonebound Knot	束缚骨骼的结	Passives_Enemy-a1c9p1.json	9103801
Now's Our Chance	机会来了	Passives_Enemy-cultivation.json	9021501
I See Your Weakness	弱点洞察	Passives_Enemy-cultivation.json	9102301
I Spy an Opportunity	时机洞察	Passives_Enemy-cultivation.json	9102302
Snake Deathvenom	极蛇毒	Passives_Enemy-cultivation.json	9102303
Fruits of Education	教学的成果	Passives_Enemy-cultivation.json	9102602
If I lend my ear to the inner self...	倾听内在的自我…	Passives_Enemy-cultivation.json	9102603
A Breath Taken Together	共同呼吸过的气息	Passives_Enemy-exme.json	9105702
The Last Breath	最后的气息	Passives_Enemy-exme.json	9105704
Tango Marinade	探戈酱料	Passives_Enemy-mr7-extreme.json	7105102
Floods of Sorrow	流淌的忧郁	Passives_Enemy-mr7-extreme.json	7105502
Overflowing Sorrow	满溢而出的哀伤	Passives_Enemy-mr7-extreme.json	7105503
Healing Ampule Injection	注射恢复安瓿	Passives_Enemy-mr7-extreme.json	7105701
Emergency Ampule Administration	紧急注射安瓿	Passives_Enemy-mr7-extreme.json	7105802
Diversion	注意力分散	Passives_Enemy-pilgrimage.json	128901
Dipped Blade	浸染之剑	Passives_Enemy-pilgrimage.json	128902
Abyssal Worship	深海崇拜	Passives_Enemy-pilgrimage.json	128903
Abyssal Horror	深海的恐怖	Passives_Enemy-pilgrimage.json	9102701
Standby	待命状态	Passives_Enemy-pilgrimage.json	9102901
Combat-Ready	临战状态	Passives_Enemy-pilgrimage.json	9102902
Survival Reflexes	生存反射	Passives_Enemy-pilgrimage.json	9102903
In-depth Cognition	深度认知	Passives_Enemy-pilgrimage.json	9103001
Propagatory Instinct	扩张本能	Passives_Enemy-pilgrimage.json	9103002
Debris Removal	残骸清除	Passives_Enemy-pilgrimage.json	9103201
For Everyone	为了所有人	Passives_Enemy-tkt-re.json	9102401
Collective Achievement	大家的成果	Passives_Enemy-tkt.json	9101701
Emergency Time Loan	时间紧急贷款	Passives_Enemy-tkt.json	9014201
Golden Time I	黄金时间 I	Passives_Enemy-tkt.json	9014202
Time Recoil I	时间反冲 I	Passives_Enemy-tkt.json	9014203
Ready to Borrow Time	准备时间租赁	Passives_Enemy-tkt.json	9014204
Golden Time II	黄金时间 II	Passives_Enemy-tkt.json	9014301
Time Recoil II	时间反冲 II	Passives_Enemy-tkt.json	9014302
Borrow Time	时间租赁	Passives_Enemy-tkt.json	9014303
Intense Primary Color - Rouge	强烈原色-红色	Passives_Enemy-twth.json	9104301
Final Brushstroke	最后的笔触	Passives_Enemy-twth.json	9104304
Intense Primary Color - Bleu	强烈原色-蓝色	Passives_Enemy-twth.json	9104501
Le Fauvisme - Masque de Chèvre-Hibou	野兽派-山羊·枭面	Passives_Enemy-twth.json	9104502
Alacritous Expression	敏捷表现	Passives_Enemy-twth.json	9104503
Puffy Brume	烟气缭绕	Passives_Enemy-walpu5.json	9017801
Internal Combustion Engine	内燃机	Passives_Enemy-walpu5.json	9017802
Meat Gear	血肉齿轮	Passives_Enemy-walpu5.json	9017803
Thought Gear	思想齿轮	Passives_Enemy-walpu5.json	9017804
Internal Combustion Engine Malfunction	内燃机故障	Passives_Enemy-walpu5.json	9017805
Meat Gear: Enhance	血肉齿轮-强化	Passives_Enemy-walpu5.json	9018001
Thought Gear: Delay	思想齿轮-延迟	Passives_Enemy-walpu5.json	9018002
Thought Gear: Risk	思想齿轮-危险	Passives_Enemy-walpu5.json	9018003
Hollowed Chicken	空空的鸡	Passives_Enemy-x1p1c1.json	9103902
HP Ampule	HP安瓿	Passives_Enemy-x1p1c1.json	9104101
Verminous Body	虫的肉体	Passives_Enemy.json	90001
Nutritive Reinforcements	补充养分	Passives_Enemy.json	90002
Sharp Edge	利刃	Passives_Enemy.json	90003
Weak Morale	士气低落	Passives_Enemy.json	90004
Retribution	惩戒	Passives_Enemy.json	90005
Mind Wave	精神波动	Passives_Enemy.json	90006
Injured Augmentation	负伤的强化肉体	Passives_Enemy.json	9000101
Augmented Body	强化肉体	Passives_Enemy.json	9000102
Corroded Augmentation	被侵蚀的强化肉体	Passives_Enemy.json	9000103
Big Boss	老大哥	Passives_Enemy.json	9100301
Not Me Boys!	小崽子们！	Passives_Enemy.json	9100302
Se Acabó la Fiesta	派对结束	Passives_Enemy.json	9100402
Hammer of the One Who Grips	执柄者之锤	Passives_Enemy.json	9100501
Persistence	执念	Passives_Enemy.json	9100601
Mechanical Mentality	机械精神	Passives_Enemy.json	9004601
Solid Exterior	坚固外壳	Passives_Enemy.json	9004602
Caution: Unsteady	注意摇晃	Passives_Enemy.json	9004603
Caution: Delicate	注意损伤	Passives_Enemy.json	9004604
Damageable Disuniter	破裂功能受损	Passives_Enemy.json	9004901
Damageable Thumper	震颤功能受损	Passives_Enemy.json	9005001
Overheating Attack Function	攻击功能过热	Passives_Enemy.json	9100701
Breakable Disuniter	破裂功能完全受损	Passives_Enemy.json	9100702
Breakable Thumper	震颤功能完全受损	Passives_Enemy.json	9100703
Spanner Up	扳手启动	Passives_Enemy.json	9100801
Rosespanner Workshop Rep	玫瑰扳手工坊代表	Passives_Enemy.json	9100802
Guess I'm the Last	就剩我了吗	Passives_Enemy.json	9100803
I've Got No Choice	那就没办法了	Passives_Enemy.json	9100804
Entangling Curse Talisman	绞缠的咒符	Passives_Enemy.json	9100901
Strangling Curse Talisman	捆缚的咒符	Passives_Enemy.json	9100902
Multiplying Curse Talisman	增殖的咒符	Passives_Enemy.json	9100903
Encroaching Curse Talisman	侵蚀的咒符	Passives_Enemy.json	9100904
Intoxication	醉意	Passives_Enemy.json	9006101
Hangover Cure	醒酒	Passives_Enemy.json	9006102
Terror Device	恐怖装置	Passives_Enemy.json	9005401
Emergency Ampule Overdose	紧急安瓿过量	Passives_Enemy.json	9006803
The Red Aura	猩红气场	Passives_fools.json	899902
Line 4	4号线	RailwayDungeon.json	4
Line 6	6号线	RailwayDungeon.json	6
Fully heal selected Identity	所选人格的体力完全恢复	RailwayDungeonBuff.json	HealHpMaxForSelected
All Identities heal {0}% HP	全体人格恢复{0}%体力	RailwayDungeonBuff.json	HealHpPercentageForAll
Revive an Identity with fully healed HP	1名已阵亡人格的体力完全恢复	RailwayDungeonBuff.json	ResurrectForSelected
First Stop: Contact	首站：遭遇	RailwayDungeonNode1-1.json	1
Station #2: Restoration	第2站：复原	RailwayDungeonNode1-1.json	2
Station #3: Sinkage	第3站：沉沦	RailwayDungeonNode1-1.json	3
Station #4: Reunion	第4站：再会	RailwayDungeonNode1-1.json	4
Station #5: Insulation	第5站：绝缘	RailwayDungeonNode1-1.json	5
Station #6: Pickup	第6站：选拔	RailwayDungeonNode1-1.json	6
Station #7: Headlessness	第7站：无首	RailwayDungeonNode1-1.json	7
Station #8: Existence	第8站：存在	RailwayDungeonNode1-1.json	8
Station #9: Serum	第9站：血清	RailwayDungeonNode1-1.json	9
Station #10: Forked Tongue	第10站：岔舌	RailwayDungeonNode1-1.json	10
Station #11: Energization	第11站：导电	RailwayDungeonNode1-1.json	11
Station #12: Purity	第12站：纯粹	RailwayDungeonNode1-1.json	12
Last Stop: Non-self	终点站：无我	RailwayDungeonNode1-1.json	13
Cycle #1: Curse-Servitude-Rainfall	第1巡回：诅咒-奴役-落雨	RailwayDungeonNode1002.json	100201
Cycle #2: Curse-Odd Stench-Exploitation-Servitude	第2巡回：诅咒-异味-榨取-奴役	RailwayDungeonNode1002.json	100202
Cycle #3: Curse-Arrears-Odd Stench-Rainfall	第3巡回：诅咒-滞纳-异味-落雨	RailwayDungeonNode1002.json	100203
Cycle #4: Curse-Lure-Odd Stench-Arrears-Cycle	第4巡回：诅咒-引诱-异味-滞纳-巡回	RailwayDungeonNode1002.json	100204
Terminus: The Garden	终点站：庭院	RailwayDungeonNode1002.json	100206
Line 1 Boarding	进入1号线前	RailwayDungeonNode1BokGak.json	101
First Stop: Contact	起点站 - 遭遇	RailwayDungeonNode1BokGak.json	100101
Station #2: Restoration	第2站 - 复原	RailwayDungeonNode1BokGak.json	100102
Station #3: Sinkage	第3站 - 沉沦	RailwayDungeonNode1BokGak.json	100103
Station #4: Reunion	第4站 - 再会	RailwayDungeonNode1BokGak.json	100104
Station #5: Insulation	第5站 - 绝缘	RailwayDungeonNode1BokGak.json	100105
Station #6: Pickup	第6站 - 选拔	RailwayDungeonNode1BokGak.json	100106
Station #7: Headlessness	第7站 - 无首	RailwayDungeonNode1BokGak.json	100107
Station #8: Existence	第8站 - 存在	RailwayDungeonNode1BokGak.json	100108
Station #9: Serum	第9站 - 血清	RailwayDungeonNode1BokGak.json	100109
Station #10: Forked Tongue	第10站 - 岔舌	RailwayDungeonNode1BokGak.json	100110
Station #11: Energization	第11站 - 导电	RailwayDungeonNode1BokGak.json	100111
Station #12: Purity	第12站 - 纯粹	RailwayDungeonNode1BokGak.json	100112
Last Stop: Non-self	终点站 - 无我	RailwayDungeonNode1BokGak.json	100113
First Stop: Curse	起点站：诅咒	RailwayDungeonNode2.json	201
Station #2: Servitude	第2站：奴役	RailwayDungeonNode2.json	202
Station #3: Rainfall	第3站：落雨	RailwayDungeonNode2.json	203
Station #4: Arrears	第4站：滞纳	RailwayDungeonNode2.json	204
Station #5: The Lure	第5站：引诱	RailwayDungeonNode2.json	205
Station #6: Exploitation	第6站：榨取	RailwayDungeonNode2.json	206
Station #7: Odd Stench	第7站：异味	RailwayDungeonNode2.json	207
Station #8: Cycle	第8站：巡回	RailwayDungeonNode2.json	208
First Stop: Cogwheel	首站：齿轮	RailwayDungeonNode3.json	301
Station #2: Waves	第2站：波浪	RailwayDungeonNode3.json	302
Station #3: Nostalgia	第3站：乡愁	RailwayDungeonNode3.json	303
Station #4: Interlude	第4站：幕间	RailwayDungeonNode3.json	304
Station #5: Drudgery	第5站：苦行	RailwayDungeonNode3.json	305
Station #6: Truth	第6站：真理	RailwayDungeonNode3.json	306
Station #7: Eclosion	第7站：羽化	RailwayDungeonNode3.json	307
Station #8: Interlude	第8站：幕间	RailwayDungeonNode3.json	308
Station #9: Pallidification	第9站：白化	RailwayDungeonNode3.json	309
Station #10: Brainwash	第10站：洗脑	RailwayDungeonNode3.json	310
Station #11: Gaslight	第11站：汽灯	RailwayDungeonNode3.json	311
Station #12: Interlude	第12站：幕间	RailwayDungeonNode3.json	312
Terminus: Spiral	终点站：螺旋	RailwayDungeonNode3.json	313
Section #1 : Banquet/Well Basin/Twisted	第1区段：宴会-井底-歪曲	RailwayDungeonNode4.json	401
Station #4 : Interlude	第4站：幕间休息	RailwayDungeonNode4.json	402
Section #2 : Chiseling/Cloudbrume/Boneflesh	第2区段：锤钉-云雾-骨肉	RailwayDungeonNode4.json	403
Station #8 : Interlude	第8站：幕间休息	RailwayDungeonNode4.json	404
Section #3 : Forgery/Dreaming	第3区段：赝作-梦想	RailwayDungeonNode4.json	405
Station #11 : Interlude	第11站：幕间休息	RailwayDungeonNode4.json	406
Section #4 : Adamantine Wall/Feast	第4区段：难关-盛宴	RailwayDungeonNode4.json	407
Section #1 : Attachment/Hunt/Fountainhead/Misting	第1区段：依恋-狩猎-源头-喷雾	RailwayDungeonNode5.json	501
Section #2 : Ironstrike/Rampage/Oblivion	第2区段：击锤-狂奔-忘却	RailwayDungeonNode5.json	502
Section #3 : Motherhood/Treason/Blood Sin/Yearning	第3区段：母性-反叛-血罪-渴望	RailwayDungeonNode5.json	503
Section #1 : Weighing of Robes	第1区段：悬衣	RailwayDungeonNode6.json	601
Section #2 : Tarnishing	第2区段：染污	RailwayDungeonNode6.json	602
Section #3 : Heart of Innocence - Face of Things	第3区段：童心-现象	RailwayDungeonNode6.json	603
Section #4 : Tangled Knots - Drowning Desire - Blind Folly	第4区段：盘错-沉溺-蒙昧	RailwayDungeonNode6.json	604
Section #5 : Advent	第5区段：到来	RailwayDungeonNode6.json	605
Clear Turns	通关回合数	RailwayDungeonUI.json	clear_turn
Total Turns	累计回合数	RailwayDungeonUI.json	accumulated_turn
Final Turn Count	总计回合数	RailwayDungeonUI.json	final_accumulated_turn
Clear Rewards	清剿奖励	RailwayDungeonUI.json	reward_after_clear
Lost & Found	失物招领处	RailwayDungeonUI.json	lost_and_found
Line {0}	{0}号线	RailwayDungeonUI.json	railway_line
Traveling: {0}	行进线路：{0}	RailwayDungeonUI.json	progressing_railway_line
What Line will you travel?	您想选择哪条线路？	RailwayDungeonUI.json	select_railway_line
Station Data	站点信息	RailwayDungeonUI.json	stage_info
Station {0}	第{0}站	RailwayDungeonUI.json	stage_number
Refraction Railway	折射轨道	RailwayDungeonUI.json	mirror_refraction_railway
Refraction Railway {0}	折射轨道 {0}	RailwayDungeonUI.json	mirror_refraction_railway_with_dungeon_name
Travel Collection	累计记录	RailwayDungeonUI.json	accumulated_records
Rank #{0}	排名 #{0}	RailwayDungeonUI.json	rank_with_number
Logs	记录阅览	RailwayDungeonUI.json	open_railway_dungeon_records
No rewards to claim.	没有可领取的奖励。	RailwayDungeonUI.json	no_more_rewards_remains_desc
{0}-{1} In Progress	{0}正在前往第{1}站	RailwayDungeonUI.json	railway_dungeon_current_running
Final Turn Count	总计清剿回合数	RailwayDungeonUI.json	final_clear_accumulated_turn
Details	详细情报	RailwayDungeonUI.json	railway_dungeon_detailed_info
Refraction Railway - Clear Station {0}	折射轨道 - 清剿第{0}站后	RailwayDungeonUI.json	railway_dungeon_1_banner_reward_condition_1
(Complete before {0})	（{0}为止完成上述获取条件）	RailwayDungeonUI.json	railway_dungeon_1_banner_reward_condition_3
Banner Requisites	横幅获取条件	RailwayDungeonUI.json	railway_dungeon_banner_reward_condition_title
(Unobtainable past {0} total turns)	（总计回合数超过{0}时不可获取）	RailwayDungeonUI.json	railway_dungeon_banner_reward_unable_over
The travelogue is currently empty.	暂无记录。	RailwayDungeonUI.json	no_records_description
Fully recovers
after resting
for this battle	于本站
休息后
初始化并
回满体力	RailwayDungeonUI.json	recover_after_resting_battle
Would you like to disembark from the Refraction Railway?	是否终止挑战折射轨道？	RailwayDungeonUI.json	railway_dungeon_ask_stop_desc
Operation Period	运行期间	RailwayDungeonUI.json	railway_dungeon_open_duration
{0}	{0}	RailwayDungeonUI.json	railway_dungeon_current_station
Line Diagram	线路运行图	RailwayDungeonUI.json	railway_dungeon_route_map
Continue Travels	继续行进	RailwayDungeonUI.json	railway_dungeon_resume_operation
Disembark	终止行进	RailwayDungeonUI.json	railway_dungeon_stop_operation
Line Info	线路情报	RailwayDungeonUI.json	railway_dungeon_station_info
Line Closure	行程结束	RailwayDungeonUI.json	railway_dungeon_operation_closed
Final Cycle Count	累计清剿巡回数	RailwayDungeonUI.json	final_clear_accumulated_round
Record Date	记录日期	RailwayDungeonUI.json	railway_clear_date
Total Clear Turn Count	累计通关回合数	RailwayDungeonUI.json	railway_clear_turn_count
Clear Turn Count by Section	各区段通关回合数	RailwayDungeonUI.json	railway_clear_turn_count_by_stage
Refraction Railway Opening	折射轨道 开放	RailwayDungeonUI_1001.json	railwayBannerTitle
- Identities : Uptie Tier 4, Level 55 (Level Cap: 55)	- 人格：同步4阶段，55级（最高等级上限：55）	RailwayDungeonUI_1001.json	railway_dungeon_1001_entrance_recommended_level
- E.G.O : Threadspin Tier 4	- E.G.O：异想解析4阶段	RailwayDungeonUI_1001.json	railway_dungeon_1001_entrance_recommended_gacksung
Unlock Requirements	解锁条件	RailwayDungeonUI_1001.json	railway_dungeon_advice_openCondition_title
Recommended Level & Tier	入场推荐配置	RailwayDungeonUI_1001.json	railway_dungeon_advice_level_title
Clear Canto VIII	通过第8章	RailwayDungeonUI_1001.json	railway_dungeon_advice_1001_openCondition_desc
Please Deploy all Sinners.	存在未编入队伍的人格。	RailwayDungeonUI_1001.json	railway_1001_must_participate_all
Obtain by clearing Line 1 BokGak under 120 total turns.	通关1号线复刻且总计回合数不超过120后可获得。	RailwayDungeonUI_1001.json	railway_dungeon_1001_reward_condition_special_ticket
Cycle Count	巡回数	RailwayDungeonUI_1002.json	ui_railway_dungeon_rotation_count
Completed Cycle Count	已完成巡回数	RailwayDungeonUI_1002.json	ui_railway_dungeon_upper_status_ui_rotation_count
Clear the Terminus	通过终点站时	RailwayDungeonUI_1002.json	ui_railway_dungeon_reward_condition_clear_boss_after_cycle
Cycle {0} Completed	第{0}巡回 已完成	RailwayDungeonUI_1002.json	railway_dungeon_1002_change_rotation_alarm
Clear Refraction Railway Line 2 BokGak	通过折射轨道2号线 复刻	RailwayDungeonUI_1002.json	railway_1002_bgm_reward_desc
Clear Refraction Railway Line 1 BokGak	通过折射轨道1号线 复刻	RailwayDungeonUI_1002.json	railway_1001_bgm_reward_desc
Clear Refraction Railway Line 6	通过折射轨道6号线	RailwayDungeonUI_1002.json	railway_6_bgm_reward_desc
Rewards	奖励	RailwayDungeonUI_1002.json	railway_clear_reward_popup_item_column_desc
Selected Buffs	BUFF选择列表	RailwayDungeonUI_1002.json	railway_node_clear_info_ui_buff_list
No selected Buffs.	当前没有已选择的BUFF。	RailwayDungeonUI_1002.json	railway_1002_no_buff_in_list
No Recoverable ID	没有可以恢复的人格	RailwayDungeonUI_2.json	railway_dungeon_alarm_buff_no_one_select_for_heal
No Revivable ID	没有可以复活的人格	RailwayDungeonUI_2.json	railway_dungeon_alarm_buff_no_one_select_for_resurrect
Recoverable	可恢复	RailwayDungeonUI_2.json	railway_dungeon_healable
Revivable	可复活	RailwayDungeonUI_2.json	railway_dungeon_resurrectable
Cycle Count :	目前巡回数：	RailwayDungeonUI_2.json	railway_dungeon_current_rotation_count_title
Obtained by clearing Line 2 with {1} or more Cycle Counts	巡回数不少于{1}时通关2号线获得	RailwayDungeonUI_2.json	railway_dungeon_2_banner_reward_condition_1
Buffs List	BUFF列表	RailwayDungeonUI_2.json	railway_dungeon_2_buff_list
Buff Name 1 (Dummy)	BUFF名称1（dummy）	RailwayDungeonUI_2.json	railway_dungeon_2_dummy_buff_name_1
Buff Name 2 (Dummy)	BUFF名称2（dummy）	RailwayDungeonUI_2.json	railway_dungeon_2_dummy_buff_name_2
Buff Name 3 (Dummy)	BUFF名称3（dummy）	RailwayDungeonUI_2.json	railway_dungeon_2_dummy_buff_name_3
Buff Name 4 (Dummy)	BUFF名称4（dummy）	RailwayDungeonUI_2.json	railway_dungeon_2_dummy_buff_name_4
Buff Name 5 (Dummy)	BUFF名称5（dummy）	RailwayDungeonUI_2.json	railway_dungeon_2_dummy_buff_name_5
No active Buffs.	尚未持有任何BUFF。	RailwayDungeonUI_2.json	railway_dungeon_2_no_owned_buff_desc
Selected Buffs List	BUFF选择列表	RailwayDungeonUI_2.json	railway_dungeon_2_buff_effect_title
Buff Status	BUFF现状	RailwayDungeonUI_2.json	railway_dungeon_2_current_buff
Select 1 <style="railwayDungeonAlly">Ally Buff</style>.	选择1种<style="railwayDungeonAlly">友方BUFF</style>。	RailwayDungeonUI_2.json	railway_dungeon_2_buff_acquire_ally_buff
Select 1 <style="railwayDungeonEnemy">Enemy Buff</style>.	选择1种<style="railwayDungeonEnemy">敌方BUFF</style>。	RailwayDungeonUI_2.json	railway_dungeon_2_buff_acquire_enemy_buff
Cannot be selected this Cycle.	在本次巡回中无法选择	RailwayDungeonUI_2.json	railway_dungeon_2_buff_not_selectable
Fixed Choice	固定选择	RailwayDungeonUI_2.json	railway_dungeon_2_buff_fixed_selection
Select Buffs	选择BUFF	RailwayDungeonUI_2.json	railway_dungeon_2_select_buff_popup_title
Select Ally Buff	选择友方BUFF	RailwayDungeonUI_2.json	railway_dungeon_2_select_ally_buff
Select Enemy Buff	选择敌方BUFF	RailwayDungeonUI_2.json	railway_dungeon_2_select_enemy_buff
Ally Buffs	友方BUFF	RailwayDungeonUI_2.json	railway_dungeon_2_ally_buff
Enemy Buffs	敌方BUFF	RailwayDungeonUI_2.json	railway_dungeon_2_enemy_buff
Select Identity to Revive	选择需要复活的人格	RailwayDungeonUI_2.json	railway_dungeon_2_select_resurrect
No selected Buffs.	没有可选择的BUFF。	RailwayDungeonUI_2.json	railway_dungeon_2_empty_selected_buffs
Return to state immediately before entering this stage?	是否回到进入目前关卡前的时刻？	RailwayDungeonUI_2.json	railway_dungeon_2_ask_retry_when_defeat
End Stage	结束	RailwayDungeonUI_2.json	railway_dungeon_2_retry_popup_exit
Continue	继续	RailwayDungeonUI_2.json	railway_dungeon_2_retry_popup_continue
Try Again	再次挑战	RailwayDungeonUI_2.json	railway_dungeon_2_retry_popup_retry
({0} Cycle Count)	（巡回数{0}）	RailwayDungeonUI_2.json	railway_dungeon_2_rotation_count
Cycle : {0}	巡回：{0}	RailwayDungeonUI_2.json	railway_dungeon_2_rotation_count_short
Turns : {0}	回合：{0}	RailwayDungeonUI_2.json	railway_dungeon_2_turn_count_short
Special Rewards	特殊奖励	RailwayDungeonUI_2.json	railway_dungeon_2_special_reward_title
Fixed Enemy Buffs	固定敌方BUFF	RailwayDungeonUI_2.json	railway_dungeon_2_fixed_enemy_buff
Pass Station	途经站	RailwayDungeonUI_2.json	railway_dungeon_2_pass_station
Next Station	下一站	RailwayDungeonUI_2.json	railway_dungeon_2_next_station
The Terminus	终点站	RailwayDungeonUI_2.json	railway_dungeon_2_final_station
Save Team	保存编队	RailwayDungeonUI_3.json	railway_dungeon_save_formation
Total Turns	最终累计回合	RailwayDungeonUI_3.json	railway_dungeon_3_boss_accumulated_turn
HP and SP have been restored.	体力与理智值已恢复。	RailwayDungeonUI_3.json	railway_dungeon_3_unit_recovered
Your Team Loadout has been saved.	你的编队已被保存。	RailwayDungeonUI_3.json	railway_dungeon_3_formation_saved
Backup	待命人员	RailwayDungeonUI_4.json	formation_waiting_character
GIVE UP (there's no giving up, delete this option)	放弃（不使用，需删除）	RailwayDungeonUI_4.json	railway_dungeon_lose_battle_give_up_title
이번 전투를 포기하고 4호선 진입 전으로 돌아갑니다. (사용하지 않음 제거 필요)	放弃本次战斗，前往进入4号线之前的页面。（不使用，需删除）	RailwayDungeonUI_4.json	railway_dungeon_lose_battle_give_up_content
Total Participants	<size=200%>参战人数</size>	RailwayDungeonUI_4.json	formation_participate_battle_label
Backup Deployed	待命人员编队	RailwayDungeonUI_4.json	formation_setting_waiting_character
Chain	连续	RailwayDungeonUI_4.json	formation_baton_continue
HP and SP have been reset.	体力、理智值已初始化。	RailwayDungeonUI_4.json	railway_dungeon_4_unit_inited
Recommended Levels	入场推荐配置	RailwayDungeonUI_4.json	railway_dungeon_4_entrance_recommended
- Identities : Uptie Tier 4, Level 45	- 人格：同步 4阶段，45级	RailwayDungeonUI_4.json	railway_dungeon_4_entrance_recommended_level
<font="BebasKai SDF">SECTION 01</font>	SECTION 01	RailwayDungeonUI_4.json	railway_dungeon_4_section_1
<font="BebasKai SDF">SECTION 02</font>	SECTION 02	RailwayDungeonUI_4.json	railway_dungeon_4_section_2
<font="BebasKai SDF">SECTION 03</font>	SECTION 03	RailwayDungeonUI_4.json	railway_dungeon_4_section_3
<font="BebasKai SDF">SECTION 04</font>	SECTION 04	RailwayDungeonUI_4.json	railway_dungeon_4_section_4
Section 1	第1区段	RailwayDungeonUI_4.json	railway_dungeon_4_section_1_lost_and_found
Section 2	第2区段	RailwayDungeonUI_4.json	railway_dungeon_4_section_2_lost_and_found
Section 3	第3区段	RailwayDungeonUI_4.json	railway_dungeon_4_section_3_lost_and_found
Section 4	第4区段	RailwayDungeonUI_4.json	railway_dungeon_4_section_4_lost_and_found
Clear Selection	重置选择	RailwayDungeonUI_4.json	railway_dungeon_4_formation_reset
Cannot Deploy	无法出战	RailwayDungeonUI_5.json	mainui_personality_blocked
Clear Info	通关信息	RailwayDungeonUI_5.json	railway5_clear_info
- Identities : Uptie Tier 4, Level 50	- 人格：同步 4阶段，50级	RailwayDungeonUI_5.json	railway_dungeon_5_entrance_recommended_level
Remaining Resources	剩余E.G.O资源	RailwayDungeonUI_5.json	railway5_clear_info_ego_stock
Selected Buff	选择增益	RailwayDungeonUI_5.json	railway5_clear_info_selected_buffs
Details	详细信息	RailwayDungeonUI_5.json	railway_dungeon_5_statistics_button
Obtained by clearing Refraction Railway Line 5	通关折射轨道5号线时获得	RailwayDungeonUI_5.json	railway_dungeon_5_banner_reward_condition_1
Buffs	增益	RailwayDungeonUI_5.json	railway_5_ally_buff
Section #{0}	第{0}区段	RailwayDungeonUI_5.json	railway_5_section
Select Buffs	选择增益	RailwayDungeonUI_5.json	railway_5_select_buff_title
Clear Canto VII	通过第7章	RailwayDungeonUI_5.json	railway_dungeon_advice_5_openCondition_desc
~ <font="ExcelsiorSans SDF">{0}</font>	~ <font="ExcelsiorSans SDF">{0}</font>	RailwayDungeonUI_5.json	railway_dungeon_end_date_until
Obtained by clearing Refraction Railway Line 6	通关折射轨道6号线时获得	RailwayDungeonUI_6.json	railway_dungeon_6_banner_reward_condition_1
The Past	过去	RailwayDungeonUI_6.json	railway_6_past
The Present	现在	RailwayDungeonUI_6.json	railway_6_present
The Future	未来	RailwayDungeonUI_6.json	railway_6_future
Sinner Status	罪人当前状况	RailwayDungeonUI_6.json	railway_6_check_first_stage_unit_hp_mp
Active Effects	生效的效果	RailwayDungeonUI_6.json	railway_6_ui_battle_effect
No effects active.	没有生效中的效果。	RailwayDungeonUI_6.json	railway_6_ui_empty_battle_effect_desc
Butterfly of Entangled Lives::Imago Passive	罗生蝶::蝶 被动	RailwayDungeonUI_6.json	railway_6_ui_passive_effect_title
Will be displayed upon clearing Section 2.	将在通过第2区段时显示。	RailwayDungeonUI_6.json	railway_6_ui_empty_passive_effect_desc
{0} Resistance + 0.25, {1} Resistance + 0.25	{0}抗性+0.25，{1}抗性+0.25	RailwayDungeonUI_6.json	railway_6_ui_attack_resistance_buff_for_ui
{0} Resistance + 0.25	{0}抗性+0.25	RailwayDungeonUI_6.json	railway_6_ui_attack_resistance_buff_for_ui_only_one
No effect applied	无生效的效果	RailwayDungeonUI_6.json	railway_6_ui__attack_resistance_buff_for_ui_empty
Cannot be Edited	无法编辑	SeasonTitle-a1c7.json	unable_to_edit
Entry SP {1} {0}	起始理智值 {1} {0}	SeasonTitle-a1c7.json	start_mp_changed
ORIENTATION	ORIENTATION	SeasonTitle.json	season_title_1
ORIENTATION [EVENT]	ORIENTATION [EVENT]	SeasonTitle.json	season_title_1_EVENT
REMINISCENCE	REMINISCENCE	SeasonTitle.json	season_title_2
REMINISCENCE [EVENT]	REMINISCENCE [EVENT]	SeasonTitle.json	season_title_2_EVENT
Walpurgis Night	瓦尔普吉斯之夜	SeasonTitle.json	season_9101_walpurgisnacht
BON VOYAGE	BON VOYAGE	SeasonTitle.json	season_title_3
BON VOYAGE [EVENT]	BON VOYAGE [EVENT]	SeasonTitle.json	season_title_3_EVENT
Season 3	第3赛季	SeasonTitle.json	season_filter_3
CLEAR ALL CATHY	CLEAR ALL CATHY	SeasonTitle.json	season_title_4
CLEAR ALL CATHY [EVENT]	CLEAR ALL CATHY [EVENT]	SeasonTitle.json	season_title_4_EVENT
Season 4	第4赛季	SeasonTitle.json	season_filter_4
OBLIVION	OBLIVION	SeasonTitle.json	season_title_5
OBLIVION [EVENT]	OBLIVION [EVENT]	SeasonTitle.json	season_title_5_EVENT
Season 5	第5赛季	SeasonTitle.json	season_filter_5
Season 6	第6赛季	SeasonTitle.json	season_filter_6
Zàng Huā Yín	Zàng Huā Yín	SeasonTitle.json	season_title_6
Zàng Huā Yín [EVENT]	Zàng Huā Yín [EVENT]	SeasonTitle.json	season_title_6_EVENT
COLLABORATION - LIMITED	联动限定	SeasonTitle.json	season_8000_collaboration
COLLAB ONLY	联动限定	SeasonTitle.json	season_8000_collaboration_filter_title
Season 7	第7赛季	SeasonTitle.json	season_filter_7
Kumo no ito · oti on akA	Kumo no ito · oti on akA	SeasonTitle.json	season_title_7
Kumo no ito · oti on akA [EVENT]	Kumo no ito · oti on akA [EVENT]	SeasonTitle.json	season_title_7_EVENT
Setting Sail	启航	StageNode-a1c5p1.json	10501
The Laws	规则	StageNode-a1c5p1.json	10502
Resonance Tuning Fork	共鸣音叉	StageNode-a1c5p1.json	10503
Kidnappers	绑匪	StageNode-a1c5p1.json	10504
Insubordination	违抗命令	StageNode-a1c5p1.json	10505
The Club	会所	StageNode-a1c5p1.json	10506
The Club 2	会所 2	StageNode-a1c5p1.json	10507
The Club 3	会所 3	StageNode-a1c5p1.json	10508
The First Mate	大副	StageNode-a1c5p1.json	10509
The First Mate 2	大副 2	StageNode-a1c5p1.json	10510
Shipping Containers	集装箱	StageNode-a1c5p1.json	10511
Shipping Containers 2	集装箱 2	StageNode-a1c5p1.json	10512
Mr. Pilot	皮利托	StageNode-a1c5p1.json	10513
Mr. Pilot 2	皮利托 2	StageNode-a1c5p1.json	10514
Ice Cream	冰淇淋	StageNode-a1c5p1.json	10515
Pirates	海盗	StageNode-a1c5p1.json	10516
Pirates 2	海盗 2	StageNode-a1c5p1.json	10517
The Waves	浪潮	StageNode-a1c5p1.json	10518
The Waves 2	浪潮 2	StageNode-a1c5p1.json	10519
Cruise Party	游轮宴会	StageNode-a1c5p2.json	10520
Cruise Party 2	游轮宴会 2	StageNode-a1c5p2.json	10521
Cruise Party 3	游轮宴会 3	StageNode-a1c5p2.json	10522
Cruise Party 4	游轮宴会 4	StageNode-a1c5p2.json	10523
The Calamity	灾难	StageNode-a1c5p2.json	10524
The Whaler	捕鲸人	StageNode-a1c5p2.json	10525
The Lake and the Butterfly	湖与蝴蝶	StageNode-a1c5p2.json	10526
The Lake and the Butterfly 2	湖与蝴蝶 2	StageNode-a1c5p2.json	10527
The Lake and the Butterfly 3	湖与蝴蝶 3	StageNode-a1c5p2.json	10529
Harpoons	鱼叉	StageNode-a1c5p2.json	10530
The Big Brother 2	幼兄 2	StageNode-a1c5p2.json	10533
The Indigo Elder	靛蓝老人	StageNode-a1c5p2.json	10534
Rocks	暗礁	StageNode-a1c5p2.json	10535
The Pallid Whale	白鲸	StageNode-a1c5p2.json	10537
The Pallid Whale 2	白鲸 2	StageNode-a1c5p2.json	10538
Into the Dark	步入黑暗	StageNode-a1c5p3.json	10539
Wuthering Heights	呼啸山庄	StageNode-a1c6p1.json	10601
There's no TIME	没时间了	StageNode-a1c6p1.json	10602
There's no TIME 2	没时间了 2	StageNode-a1c6p1.json	10603
The Letter	信	StageNode-a1c6p1.json	10604
Colours	颜色	StageNode-a1c6p1.json	10605
The Makeover	打扮	StageNode-a1c6p1.json	10606
The Front Gate	正门	StageNode-a1c6p1.json	10607
A Warm Reception	热情欢迎	StageNode-a1c6p1.json	10609
Catherine	凯瑟琳	StageNode-a1c6p1.json	10610
Butlers	管家	StageNode-a1c6p1.json	10611
The Ghost	幽魂	StageNode-a1c6p1.json	10612
Riddles	谜语	StageNode-a1c6p1.json	10613
The Corridor	走廊	StageNode-a1c6p1.json	10614
The Corridor 2	走廊 2	StageNode-a1c6p1.json	10615
The Corridor 3	走廊 3	StageNode-a1c6p1.json	10616
The Dead Rabbits	死兔帮	StageNode-a1c6p1.json	10617
The Dead Rabbits 2	死兔帮 2	StageNode-a1c6p1.json	10618
The Diary	日记本	StageNode-a1c6p1.json	10619
The Diary 2	日记本 2	StageNode-a1c6p1.json	10620
The Fireplace	壁炉	StageNode-a1c6p1.json	10621
Abyssal Basement	深邃的地下室	StageNode-a1c6p2.json	10622
Abyssal Basement 2	深邃的地下室 2	StageNode-a1c6p2.json	10623
Glass Pods	玻璃管	StageNode-a1c6p2.json	10624
Imitations	赝品	StageNode-a1c6p2.json	10625
Imitations 2	赝品 2	StageNode-a1c6p2.json	10626
Imitations 3	赝品 3	StageNode-a1c6p2.json	10627
Nostalgic Face	令人怀念的面容	StageNode-a1c6p2.json	10628
Imitations 4	赝品 4	StageNode-a1c6p2.json	10629
Where It All Went Wrong	扣错的纽扣	StageNode-a1c6p2.json	10630
Obsidian Grass	黑草	StageNode-a1c6p2.json	10631
Violin	小提琴	StageNode-a1c6p2.json	10632
Matt	马特	StageNode-a1c6p2.json	10633
The Beast	野兽	StageNode-a1c6p2.json	10634
Ticking Sounds	钟表之音	StageNode-a1c6p3.json	10635
Isabella	伊莎贝拉	StageNode-a1c6p3.json	10636
The Wild Hunt	狂猎	StageNode-a1c6p3.json	10638
The Wild Hunt 2	狂猎 2	StageNode-a1c6p3.json	10639
The Wild Hunt 3	狂猎 3	StageNode-a1c6p3.json	10640
To The Rooftop	去屋顶	StageNode-a1c6p3.json	10642
The Golden Bough	金枝	StageNode-a1c6p3.json	10643
Erlking	魔王	StageNode-a1c6p3.json	10644
Life, Stolen	被盗走的人生	StageNode-a1c6p3.json	10645
Expression of Love	传达爱的话语	StageNode-a1c6p3.json	10646
Hearts Unbroken	同样的心	StageNode-a1c6p3.json	10647
Every World	所有世界	StageNode-a1c6p3.json	10648
IN WHICH THE TALE OF OUR YOUNG MASTER IS REVEALED	吾等之少爷所经历的故事在此揭示	StageNode-a1c7p1.json	10705
OF THE PENITENT BLOODFIENDS AND THE BIZARRE SURVEY	关于悔过自新的血魔与奇异的问卷调查	StageNode-a1c7p2.json	10724
OF THE PREDICTABLE ENDING TO SANSÓN'S STAGEPLAY	关于参孙的戏剧那显而易见的结局	StageNode-a1c7p2.json	10727
OF JIA XICHUN'S QUERY AND THE SINNER'S LUKEWARM ANSWERS	关于罪人们对贾惜春的疑问与质询含糊其辞的回答	StageNode-a1c7p2.json	10728
IN WHICH IS CONTINUED THE PARADE OF DESPAIR	充满绝望的游行在此继续	StageNode-a1c7p2.json	10733
OF WHAT BEFELL DULCINEA THE BEAUTIFUL AND DON QUIXOTE	关于美丽的杜尔西内娅与堂吉诃德间的遭遇	StageNode-a1c7p2.json	10734
The Tale of a Great Fixer Who Once Reached for The Dream	伟大的收尾人追求梦想的故事	StageNode-a1c7p3.json	10736
Homeward Bound	归乡	StageNode-a1c8p1.json	10801
The Bell Tolls	敲钟	StageNode-a1c8p1.json	10802
Disruption	妨碍	StageNode-a1c8p1.json	10803
Disruption 2	妨碍2	StageNode-a1c8p1.json	10804
Jia Baoyu	贾宝玉	StageNode-a1c8p1.json	10806
Xue Baochai	薛宝钗	StageNode-a1c8p1.json	10807
Yihongyuan	怡红院	StageNode-a1c8p1.json	10808
Training Yard	演武场	StageNode-a1c8p1.json	10809
To be Free from Aging and Death	不老不死	StageNode-a1c8p1.json	10810
N Corp.	N公司	StageNode-a1c8p1.json	10811
The Thumb	拇指	StageNode-a1c8p1.json	10812
Declaration of Participation	宣言参加	StageNode-a1c8p1.json	10813
Jia Xichun	贾惜春	StageNode-a1c8p1.json	10814
Intruders	入侵者	StageNode-a1c8p1.json	10815
Night Ambush	夜袭	StageNode-a1c8p1.json	10816
Night Ambush 2	夜袭2	StageNode-a1c8p1.json	10817
Xiren	袭人	StageNode-a1c8p1.json	10818
Lin Daiyu	林黛玉	StageNode-a1c8p1.json	10819
Second Round of the Family Hierarch Evaluation	第二轮家主评审	StageNode-a1c8p2.json	10820
Momentary Power Vacuum	刹那的空位	StageNode-a1c8p3.json	10822
Justice of Others	他人的正义	StageNode-a1c8p3.json	10823
Actions of a Thief	小偷的行径	StageNode-a1c8p3.json	10824
The Will to Change	谋求改变的意志	StageNode-a1c8p3.json	10825
A Ridiculous Idea	不切实际的想法	StageNode-a1c8p3.json	10826
The Second Battlefield	再临战场	StageNode-a1c8p3.json	10827
Those Who Do Not Decide	不做判断之人	StageNode-a1c8p3.json	10828
Those Who Do Not Decide 2	不做判断之人2	StageNode-a1c8p3.json	10829
The Heart	心	StageNode-a1c8p3.json	10830
Temporary Truce	暂时休战	StageNode-a1c8p3.json	10831
Happiness, Wrath, Sorrow, and Joy	喜怒哀乐	StageNode-a1c8p3.json	10833
Ambush in the Dark	暗中袭击	StageNode-a1c9p1.json	10901
The Spiders' Thread	蜘蛛网	StageNode-a1c9p1.json	10902
Abikyōkan	阿鼻叫唤	StageNode-a1c9p1.json	10905
Abikyōkan 2	阿鼻叫唤 2	StageNode-a1c9p1.json	10906
Paradox of the Spiral	螺旋悖论	StageNode-a1c9p1.json	10907
Charm	魅惑	StageNode-a1c9p1.json	10908
Wayward	彷徨	StageNode-a1c9p1.json	10909
Doubt	猜疑	StageNode-a1c9p1.json	10910
A Distinct Objective	推断目标	StageNode-a1c9p1.json	10912
Shurajō	修罗场	StageNode-a1c9p1.json	10913
Roseate Desire	粉红欲望	StageNode-a1c9p1.json	10914
Sanguine Artistry	鲜红艺术	StageNode-a1c9p1.json	10915
The Fingers	手指	StageNode-a1c9p1.json	10916
Nursefathers	父辈	StageNode-a1c9p1.json	10917
Cigarettes & The Nursefather	香烟与父辈	StageNode-a1c9p1.json	10918
Children	孩子	StageNode-a1c9p2.json	10919
Children 2	孩子 2	StageNode-a1c9p2.json	10920
New Hires	新员工	StageNode-a1c9p2.json	10921
New Hires 2	新员工 2	StageNode-a1c9p2.json	10922
Audience	观众	StageNode-a1c9p2.json	10923
Hide-and-Seek	捉迷藏	StageNode-a1c9p2.json	10924
Shock Centipede 2	电击蜈蚣 2	StageNode-a1c9p2.json	10926
The Contract	契约	StageNode-a1c9p2.json	10927
The Contract 2	契约 2	StageNode-a1c9p2.json	10928
The Contract 3	契约 3	StageNode-a1c9p2.json	10929
A Beautiful Hue of Teal	美丽的青光	StageNode-a1c9p2.json	10932
That Single Thread	鲜明的一根	StageNode-a1c9p2.json	10933
Homeward Bound	回家	StageNode-a1c9p2.json	10934
The Safe	保险箱	StageNode-a1c9p2.json	10935
Operation Spider Pyre	蜘蛛巢焚灭讨伐战	StageNode-a1c9p3.json	10936
The Ring	环指	StageNode-a1c9p3.json	10937
The Middle	中指	StageNode-a1c9p3.json	10938
The Index	食指	StageNode-a1c9p3.json	10939
The Pinky	小指	StageNode-a1c9p3.json	10940
Araya	阿赖耶	StageNode-a1c9p3.json	10941
Ticket	券券	StageNode-a1c9p3.json	10942
Hatching	孵化	StageNode-a1c9p3.json	10943
Family	家人	StageNode-a1c9p3.json	10944
Suddenly, One Day	某一日，突然	StageNode-a1c9p3.json	10945
Waiting	等待	StageNode-a1c9p3.json	10946
Pity	怜悯	StageNode-a1c9p3.json	10947
Temporal Entanglement	时间纠缠	StageNode-a1c9p3.json	10948
Non-self	无我	StageNode-a1c9p3.json	10949
The Spider's Thread	蜘蛛丝	StageNode-a1c9p3.json	10950
The Panther, Lion, and Wolf	豹，狮，狼	StageNode1-0.json	10001
Introductions	自我介绍	StageNode1-0.json	10002
Hit the Road	旅途	StageNode1-0.json	10003
Possibilities	可能性	StageNode1-0.json	10004
Vroom-vroom	布隆布隆	StageNode1-1.json	10101
Dance Time	舞蹈时间	StageNode1-1.json	10102
The Bus Deck	巴士平层	StageNode1-1.json	10103
Enkephalin	脑啡肽	StageNode1-1.json	10104
Yuri	尤莉	StageNode1-1.json	10105
Map	地图	StageNode1-1.json	10106
The Trio	三人组	StageNode1-1.json	10107
Pests	害虫	StageNode1-1.json	10108
Guides	向导	StageNode1-1.json	10109
Grade 8 Fixers	8阶收尾人	StageNode1-1.json	10110
Branch D-02	D-02支部	StageNode1-1.json	10111
Casino	赌场	StageNode1-2.json	10201
The Pawnshop	当铺	StageNode1-2.json	10202
A Flawless Plan	完美的战术	StageNode1-2.json	10203
Louse	虫子	StageNode1-2.json	10204
Soldiers of Limbu―	我们是边狱公……	StageNode1-2.json	10205
Towering Cars	汽车塔	StageNode1-2.json	10206
Wish Canister	愿望罐	StageNode1-2.json	10207
Slot Machines	老虎机	StageNode1-2.json	10208
A Performance	一场表演	StageNode1-2.json	10209
S.Y.N.C.	折·脖	StageNode1-2.json	10210
Let That S.Y.N.C. In	折·脖 2	StageNode1-2.json	10211
Baile y Rola	舞蹈	StageNode1-2.json	10212
A Warm Welcome	热烈欢迎	StageNode1-2.json	10213
An Overstayed Welcome	热烈欢迎 2	StageNode1-2.json	10214
Gobsmack	瞠目结舌	StageNode1-2.json	10215
Contestants	选手入场	StageNode1-2.json	10216
Stop Right There	别动	StageNode1-2.json	10217
The Winner	胜利者	StageNode1-2.json	10218
Branch J-03	J-03支部	StageNode1-2.json	10219
Humming Along	哼唱	StageNode1-3.json	10301
Inspection	盘查	StageNode1-3.json	10302
Taboo	禁忌	StageNode1-3.json	10304
Verboten	禁忌 2	StageNode1-3.json	10305
Siegfried	齐格飞	StageNode1-3.json	10307
Effie—Saude, too	埃菲索德，又一次的小插曲。	StageNode1-3.json	10308
The Deal They Struck	他们达成的交易	StageNode1-3.json	10309
Inquisitors	异端审判官	StageNode1-3.json	10310
Inquisitors 2	异端审判官 2	StageNode1-3.json	10311
Inquisitors 3	异端审判官 3	StageNode1-3.json	10312
Silent Night	平安夜	StageNode1-3.json	10313
Holy Night	平安夜 2	StageNode1-3.json	10314
Purification	净化	StageNode1-3.json	10315
Fortitude	勇气	StageNode1-3.json	10316
Bonfire	篝火	StageNode1-3.json	10317
Scheiterhaufen	篝火 2	StageNode1-3.json	10318
A Bad Dream	噩梦	StageNode1-3.json	10319
Underpass	地下通道	StageNode1-3.json	10320
Unterführung	地下通道 2	StageNode1-3.json	10321
Branch K-02	K-02支部	StageNode1-3.json	10322
Off the Bus	全员下车	StageNode1-4.json	10401
Talent and Genius	人才与天才	StageNode1-4.json	10402
Drones and Abnormalities	无人机与异想体	StageNode1-4.json	10403
Drones and Abnormalities 2	无人机与异想体 2	StageNode1-4.json	10404
Drones and Abnormalities 3	无人机与异想体 3	StageNode1-4.json	10405
The Client	委托人	StageNode1-4.json	10407
Application	入职	StageNode1-4.json	10408
Regeneration Ampules	再生安瓿	StageNode1-4.json	10409
Terrorist Organization	恐怖组织	StageNode1-4.json	10410
Terrorist Organization 2	恐怖组织 2	StageNode1-4.json	10411
Decay Ampules	崩解安瓿	StageNode1-4.json	10412
Decay Ampules 2	崩解安瓿 2	StageNode1-4.json	10413
Decay Ampules 3	崩解安瓿 3	StageNode1-4.json	10414
Reclaiming	夺回	StageNode1-4.json	10415
Age of Humanity	人类时代	StageNode1-4.json	10416
Technology Liberation Alliance	技术解放联盟	StageNode1-4.json	10417
Best Employee	最优秀的员工	StageNode1-4.json	10418
Best Employee 2	最优秀的员工 2	StageNode1-4.json	10419
Best Employee 3	最优秀的员工 3	StageNode1-4.json	10420
Traitor	叛徒	StageNode1-4.json	10421
Traitor 2	叛徒 2	StageNode1-4.json	10422
Traitor 3	叛徒 3	StageNode1-4.json	10423
Traitor 4	叛徒 4	StageNode1-4.json	10424
Traitor 5	叛徒 5	StageNode1-4.json	10425
A Red Line	一条红线	StageNode1-4.json	10426
Reunion	再会	StageNode1-4.json	10427
Hole	洞	StageNode1-4.json	10428
Raid	突袭	StageNode1-4.json	10429
Constellations	星座	StageNode1-4.json	10430
Seized	抢夺	StageNode1-4.json	10431
Seized 2	抢夺 2	StageNode1-4.json	10432
Bright Villains	聪明的恶人	StageNode1-4.json	10433
Bright Villains 2	聪明的恶人 2	StageNode1-4.json	10434
Urgent Call	紧急呼叫	StageNode1-4.json	10435
Urgent Call 2	紧急呼叫 2	StageNode1-4.json	10436
Urgent Call 3	紧急呼叫 3	StageNode1-4.json	10437
Glorious Past	辉煌的过往	StageNode1-4.json	10438
Glorious Past 2	辉煌的过往 2	StageNode1-4.json	10439
Glorious Past 3	辉煌的过往 3	StageNode1-4.json	10440
Class 1	1级	StageNode1-4.json	10441
Class 1 2	1级 2	StageNode1-4.json	10442
An Age Without Technology	技术不复存在的时代	StageNode1-4.json	10443
An Age Without Technology 2	技术不复存在的时代 2	StageNode1-4.json	10444
Offer to Join	入职原因	StageNode1-4.json	10445
Offer to Join 2	入职原因 2	StageNode1-4.json	10446
Screening Room	放映室	StageNode1-4.json	10447
Nothing	没什么	StageNode1-4.json	10449
Nothing 2	没什么 2	StageNode1-4.json	10450
Binding	纽带	StageNode1-4.json	10451
Binding 2	纽带 2	StageNode1-4.json	10452
Binding 3	纽带 3	StageNode1-4.json	10453
Reminisced League of Nine	记忆中的九人会	StageNode1-4.json	10454
First Class	头等舱	StageNode91-10.json	911001
The Northern Fixer	北部收尾人	StageNode91-10.json	911002
Disappearing Passengers	消失的乘客	StageNode91-10.json	911003
Inaccessible	无法阅览	StageNode91-10.json	911004
MultiCrack Office	多裂纹事务所	StageNode91-10.json	911005
Painting of Hell	地狱般的图景	StageNode91-10.json	911006
Painting of Hell 2	地狱般的图景 2	StageNode91-10.json	911007
Bloodfiends	血魔	StageNode91-10.json	911008
The Cleanup Agent	清扫人员	StageNode91-10.json	911009
Next Car	下一节车厢	StageNode91-10.json	911010
Next Car 2	下一节车厢 2	StageNode91-10.json	911011
Prosthetic Fixers	义体收尾人	StageNode91-10.json	911012
The One Who Lords	主宰者	StageNode91-10.json	911013
The Negotiation	谈判	StageNode91-10.json	911014
Uncertainty	不确定性	StageNode91-10.json	911015
The 4th Walpurgis Night	第4次 瓦尔普吉斯之夜	StageNode91-11.json	911101
The 5th Walpurgis Night	第5次 瓦尔普吉斯之夜	StageNode91-13.json	911301
Data Collection	数据收集	StageNode91-14.json	911401
Regular Health Check-up	健康体检	StageNode91-14.json	911402
The Vehicle	移动装置	StageNode91-14.json	911403
Hohenheim	霍恩海姆	StageNode91-14.json	911404
The Assistant	助手	StageNode91-14.json	911405
Meaningless Wrath	无意义的愤怒	StageNode91-14.json	911406
Directionless Sloth	迷失方向的怠惰	StageNode91-14.json	911407
Sinking on Purpose	自愿的沉溺	StageNode91-14.json	911408
Dulled Harpoon	钝鱼叉	StageNode91-14.json	911409
Stinging	刺痛不已	StageNode91-14.json	911410
The Price of Curiosity	好奇心的代价	StageNode91-14.json	911411
The Hierarchy	排名	StageNode91-14.json	911412
New Classification Codes	新的编号	StageNode91-14.json	911413
The Final Check-up	最后的体检	StageNode91-14.json	911414
Happy New Year	新年	StageNode91-16.json	911601
The Duel	决斗	StageNode91-16.json	911602
A Guide	向导	StageNode91-16.json	911603
Ambush	袭击	StageNode91-16.json	911604
Kezhan	客栈	StageNode91-16.json	911605
Suspicion	疑心	StageNode91-16.json	911606
Witnessing	观望	StageNode91-16.json	911607
The Heishou Pack	黑兽	StageNode91-16.json	911608
Unexpected Foe	意外之敌	StageNode91-16.json	911610
Alliance	同盟	StageNode91-16.json	911612
The 6th Walpurgis Night	第6次 瓦尔普吉斯之夜	StageNode91-17.json	911701
The Family Hierarch's Proof	家主的证明	StageNode91-19.json	911901
Twelve Teachers	十二位老师	StageNode91-19.json	911902
Another Student	另一名学生	StageNode91-19.json	911903
Thirty Days of Classes	三十日课程	StageNode91-19.json	911904
Finals	最终测验	StageNode91-19.json	911905
Hierarch Rescue Operation	家主解救作战	StageNode91-19.json	911906
Hierarch Rescue Operation 2	家主解救作战 2	StageNode91-19.json	911907
The Adept	魁首	StageNode91-19.json	911908
The Master	师父	StageNode91-19.json	911909
Hierarch Rescue Operation 3	家主解救作战 3	StageNode91-19.json	911910
When the Student Becomes the Master	青出于蓝而胜于蓝	StageNode91-19.json	911911
The Proof	证明	StageNode91-19.json	911912
The Unknown Sea	陌生的大海	StageNode91-20.json	912001
Village of the Dead Lighthouse	死寂灯塔之村	StageNode91-20.json	912002
Terra	泰拉	StageNode91-20.json	912003
Vessel Masas	大众号	StageNode91-20.json	912004
Small Tide	小浪	StageNode91-20.json	912005
The Inquisitor	审判官	StageNode91-20.json	912006
Spinning Clock	转动的时钟	StageNode91-20.json	912007
Three-way Agreement	三方协议	StageNode91-20.json	912008
Operation Lighthouse Retrieval	灯塔夺回作战	StageNode91-20.json	912009
Rough Tides	巨浪	StageNode91-20.json	912010
The Fabled Knight	童话中的骑士	StageNode91-20.json	912011
Rhodes Island	罗德岛	StageNode91-20.json	912012
Light of the City	都市之光	StageNode91-20.json	912013
The 8th Walpurgis Night	第8次 瓦尔普吉斯之夜	StageNode91-23.json	912301
Funeral	葬礼	StageNode91-25.json	912501
Survivor	幸存者	StageNode91-25.json	912502
Wayfarer	旅者	StageNode91-25.json	912503
Relics and the Sign	遗物与印记	StageNode91-25.json	912504
Renketsuen	连血缘	StageNode91-25.json	912505
Saru	猴儿	StageNode91-25.json	912506
School	学校	StageNode91-25.json	912507
Miseries	不幸	StageNode91-25.json	912508
Memories	记忆	StageNode91-25.json	912509
Basement	地下室	StageNode91-25.json	912510
Into Oblivion, in Silence	静静地被遗忘	StageNode91-25.json	912511
S.A.N.G.R.I.A.	万短至艺	StageNode91-25.json	912512
Good Memories	美好的记忆	StageNode91-25.json	912513
The Next Destination	下一个目的地	StageNode91-25.json	912514
Consultation Session	面谈	StageNode91-27.json	912701
Rendezvous	会合	StageNode91-27.json	912702
Search for the Inflection Point	寻找反曲点	StageNode91-27.json	912703
Misconceptions	误解	StageNode91-27.json	912704
Film	胶片	StageNode91-27.json	912705
Cans	罐头	StageNode91-27.json	912707
Pursuit	追踪	StageNode91-27.json	912709
Pursuit 2	追踪 2	StageNode91-27.json	912710
???'s Fathoms	？？？的心象	StageNode91-27.json	912711
The Subject	拍摄对象	StageNode91-27.json	912712
Chicken Attack	袭鸡	StageNode91-3.json	910301
Hen Havoc	袭鸡 2	StageNode91-3.json	910302
Hell’s Chicken	地狱鸡	StageNode91-3.json	910303
Hell’s Chickapalooza	地狱鸡 2	StageNode91-3.json	910304
A Chicken in Hand	鸡在掌握	StageNode91-3.json	910305
A Chicken in Another Hand	鸡在掌握 2	StageNode91-3.json	910306
Iron Chicken Chef	铁血鸡厨	StageNode91-3.json	910307
Master Chicken Chef	大师鸡厨	StageNode91-3.json	910308
A Restaurateur’s Mild Fathoms	老板的原味心道	StageNode91-3.json	910309
A Restaurateur’s Spicy Fathoms	老板的辣味心道	StageNode91-3.json	910310
The Beach Episode!	去海边！	StageNode91-4.json	910401
Mudflat Scrapyard	废料海滩	StageNode91-4.json	910402
Trash Crabs?	废料蟹？	StageNode91-4.json	910403
The Boatwrights	船夫	StageNode91-4.json	910404
Time to Collect Scrap!	废料收集时间！	StageNode91-4.json	910405
Makeshift Bus Mods	废料巴士改造	StageNode91-4.json	910406
Beach... Volleyball?	沙滩……排球？	StageNode91-4.json	910407
Dissolution	瓦解	StageNode91-4.json	910408
Time to Collect Scrap...	废料收集时间……	StageNode91-4.json	910409
Troubled Waters	尴尬时间	StageNode91-4.json	910410
The Last Scrap	最后的废料	StageNode91-4.json	910411
King Trash Crab Hunt	帝王废料蟹狩猎	StageNode91-4.json	910412
Tedium	乏味	StageNode91-5.json	910501
A Tempting Offer	诱人的提案	StageNode91-5.json	910502
An Unexpected Journey	意想不到的旅程	StageNode91-5.json	910503
Monstrous Gifts	怪物们的礼物	StageNode91-5.json	910504
A Touching Reunion	感人的重逢	StageNode91-5.json	910505
To Find the Pair	寻找那两人	StageNode91-5.json	910506
For Whom the Gnomes Pack	礼物为谁而做	StageNode91-5.json	910508
Gift of Hatred, Given Shape	用仇恨制作的礼物	StageNode91-5.json	910510
The Gift-giving Giant	礼物派送巨人	StageNode91-5.json	910511
A Journey's End	旅程的终点	StageNode91-5.json	910512
The 2nd Walpurgis Night	第2次 瓦尔普吉斯之夜	StageNode91-6.json	910601
District 20 Backstreets	20区 后巷	StageNode91-7.json	910701
Strife	争斗	StageNode91-7.json	910702
Lineage of Blades	执剑之契	StageNode91-7.json	910703
To Yong-jin Building	前往龙进大楼	StageNode91-7.json	910705
To Yong-jin Building 2	前往龙进大楼 2	StageNode91-7.json	910706
Mentor and Fellows	金笠与友人们	StageNode91-7.json	910707
Mentor and Fellows 2	金笠与友人们 2	StageNode91-7.json	910708
Origin of Sin	罪之根源	StageNode91-7.json	910709
Bamboo-hatted Kim	金笠	StageNode91-7.json	910711
A Blade Fiend's Fathoms	剑鬼的心象	StageNode91-7.json	910712
The 3rd Walpurgis Night	第3次 瓦尔普吉斯之夜	StageNode91-8.json	910801
A Scandal in Time	时间税丑闻	StageNode91-9.json	910901
The Visit from T Corp.	时间管理局员工	StageNode91-9.json	910902
A Case of the Gallows	绞刑架的真身	StageNode91-9.json	910903
The Adventure of the Three Detectives	三个侦探	StageNode91-9.json	910904
Timekilling Puzzle	时间杀人之谜	StageNode91-9.json	910905
The White-scarved League	白围巾联盟	StageNode91-9.json	910906
The Rewinding Clock	倒转的时钟	StageNode91-9.json	910907
A Trail Gone Cold	丢失的痕迹	StageNode91-9.json	910908
The Dying Detective	临终的侦探	StageNode91-9.json	910909
The Yurodiviye Mystery	圣愚之谜	StageNode91-9.json	910910
An Odd Impression	奇怪的感觉	StageNode91-9.json	910911
Twisted Time	歪曲的时间	StageNode91-9.json	910913
The Clock Tower of Fear	恐怖钟楼	StageNode91-9.json	910914
The Final Problem	最后一案	StageNode91-9.json	910915
The City	都市	StoryTheaterDanteNote.json	City
Limbus Company	边狱公司	StoryTheaterDanteNote.json	Limbuscompany
The LCB	LCB	StoryTheaterDanteNote.json	LCB
The LCC	LCC	StoryTheaterDanteNote.json	LCC
The Nests	巢	StoryTheaterDanteNote.json	Nest
The Wings	翼	StoryTheaterDanteNote.json	Wings
K Corp.	K公司	StoryTheaterDanteNote.json	NestK
L Corp.	L公司	StoryTheaterDanteNote.json	NestL
The Backstreets	后巷	StoryTheaterDanteNote.json	Backstreet
The Blade Lineage	剑契组	StoryTheaterDanteNote.json	Swordgroup
The Kurokumo Clan	黑云会	StoryTheaterDanteNote.json	Kurokumo
Identities	人格	StoryTheaterDanteNote.json	Personality
E.G.O	E.G.O	StoryTheaterDanteNote.json	Ego
The City’s Technology	都市的科技	StoryTheaterDanteNote.json	Tech
Syndicates	帮派	StoryTheaterDanteNote.json	Organization
Fixers	收尾人	StoryTheaterDanteNote.json	Fixer
The Golden Boughs	金枝	StoryTheaterDanteNote.json	Goldenbranch
H Corp.	H公司	StoryTheaterDanteNote_10.json	NestH
Heishou Packs	黑兽	StoryTheaterDanteNote_10.json	Heishou
Sweepers	清道夫	StoryTheaterDanteNote_10.json	Sweeper
Refraction Railway Line 5	折射轨道5号线	StoryTheaterDanteNote_10.json	Line5
Concept Incinerator	概念焚化炉	StoryTheaterDanteNote_11.json	ConceptIncinerator
Anamnaworm	虫	StoryTheaterDanteNote_11.json	Anamnaworm
A Corp.	A公司	StoryTheaterDanteNote_11.json	NestA
The House of Spiders	蜘蛛巢	StoryTheaterDanteNote_11.json	HouseofSpiders
The Smoke War	烟霾战争	StoryTheaterDanteNote_11.json	SmokeWar
Color Fixer	特色	StoryTheaterDanteNote_11.json	ColorFixer
The Sign	印记	StoryTheaterDanteNote_12.json	TheSigns
Shin (心)	心	StoryTheaterDanteNote_12.json	Shin
Canned Experience	经验罐头	StoryTheaterDanteNote_13.json	ExpCan
Effloresced E.G.O	绽放E.G.O	StoryTheaterDanteNote_13.json	EffEGO
The Associations	协会	StoryTheaterDanteNote_2.json	Association
Shi Association	し协会	StoryTheaterDanteNote_2.json	ShiAsso
Liu Association	六协会	StoryTheaterDanteNote_2.json	LiuAsso
Offices	事务所	StoryTheaterDanteNote_2.json	Office
Lobotomy Corporation	脑叶公司	StoryTheaterDanteNote_2.json	LobotomyCorp
Abnormalities	异想体	StoryTheaterDanteNote_2.json	Abnormality
Cinq Association	Cinq协会	StoryTheaterDanteNote_2.json	Cinq
Singularities	奇点	StoryTheaterDanteNote_2.json	Singularity
W Corp.	W公司	StoryTheaterDanteNote_3.json	NestW
Identity Uptying	人格同步	StoryTheaterDanteNote_3.json	PersonalitySync
Threadspinning	异想解析	StoryTheaterDanteNote_3.json	AbnormalityInterpret
Upgrading Identities	人格强化	StoryTheaterDanteNote_3.json	PersonalityUpgrade
R Corp.	R公司	StoryTheaterDanteNote_3.json	NestR
Mephistopheles	梅菲斯托费勒斯	StoryTheaterDanteNote_4.json	Mepis
The Backdoor	后门	StoryTheaterDanteNote_4.json	Backdoor
Mirror Dungeons	镜像迷宫	StoryTheaterDanteNote_4.json	MirrorDungeon
Luxcavation Dungeons	采光迷宫	StoryTheaterDanteNote_4.json	ResourceDungeon
Refraction Railways	折射轨道	StoryTheaterDanteNote_4.json	MirrorSubway
Refraction Railway Line 1	折射轨道1号线	StoryTheaterDanteNote_4.json	Line1
Refraction Railway Line 2	折射轨道2号线	StoryTheaterDanteNote_4.json	Line2
Dieci Association	Dieci协会	StoryTheaterDanteNote_4.json	DieciAsso
Memory Wipe Procedure	记忆消除	StoryTheaterDanteNote_5.json	MemoryDelete
T Corp.	T公司	StoryTheaterDanteNote_5.json	NestT
U Corp.	U公司	StoryTheaterDanteNote_5.json	NestU
The Library	图书馆	StoryTheaterDanteNote_5.json	Library
Seven Association	Seven协会	StoryTheaterDanteNote_5.json	SevenAsso
Devyat' Association	Девять协会	StoryTheaterDanteNote_5.json	DebatyAsso
Workshops	工坊	StoryTheaterDanteNote_5.json	Armory
The Outskirts	郊区	StoryTheaterDanteNote_5.json	Outside
The Great Lake	大湖	StoryTheaterDanteNote_5.json	GreatPond
Monsters	怪物	StoryTheaterDanteNote_5.json	Creature
Uncategorized	目前难以分类	StoryTheaterDanteNote_5.json	Misc
Risk Levels	危险等级	StoryTheaterDanteNote_6.json	AbnormalityLevel
The LCA	LCA	StoryTheaterDanteNote_6.json	LCA
Distortions	扭曲	StoryTheaterDanteNote_6.json	Distortion
Peccatula	罪种	StoryTheaterDanteNote_6.json	Peccatula
S Corp.	S公司	StoryTheaterDanteNote_6.json	NestS
The LCD	LCD	StoryTheaterDanteNote_6.json	LCD
Monolith	独石	StoryTheaterDanteNote_6.json	Monolith
Stage 2 Peccatula	2阶罪种	StoryTheaterDanteNote_6.json	PeccatulaLv2
Refraction Railway Line 3	折射轨道3号线	StoryTheaterDanteNote_6.json	Line3
Combat Capability	战斗力	StoryTheaterDanteNote_6.json	BattlePower
Districts	地区特征	StoryTheaterDanteNote_7.json	CityDirection
Refraction Railway Line 4	折射轨道4号线	StoryTheaterDanteNote_7.json	Line4
PDA Device	PDA终端	StoryTheaterDanteNote_7.json	PDA
P Corp.	P公司	StoryTheaterDanteNote_8.json	NestP
Zwei Association	Zwei协会	StoryTheaterDanteNote_8.json	ZweiAsso
Dimensional Container	次元包	StoryTheaterDanteNote_8.json	DimensionTrunk
Mirror Worlds	镜像世界	StoryTheaterDanteNote_8.json	MirrorWorld
The LCE	LCE	StoryTheaterDanteNote_9.json	LCE
X Corp.	X公司	StoryTheaterDanteNote_9.json	NestX
M Corp.	M公司	StoryTheaterDanteNote_9.json	NestM
Stage 3 Peccatula	3阶罪种	StoryTheaterDanteNote_9.json	PeccatulaLv3
Bloodfiend	血魔	UnitKeyword-a1c7p1.json	UnitKeyword_BLOODFIEND
Third Kindred	三代眷属	UnitKeyword-a1c7p1.json	UnitKeyword_THIRD_DEPENDENT
Kindred	眷属	UnitKeyword-a1c7p1.json	UnitKeyword_DEPENDENT
Fanghunt Office	猎牙事务所	UnitKeyword-a1c7p1.json	UnitKeyword_FANG_HUNT
Full-Stop Office	句点事务所	UnitKeyword-a1c7p1.json	UnitKeyword_FULL_STOP
Second Kindred	二代眷属	UnitKeyword-a1c7p2.json	UnitKeyword_SECOND_DEPENDENT
Jia Family	贾家	UnitKeyword-a1c7p2.json	UnitKeyword_FAMILY_GA
Family Hierarch Candidate	家主候选人	UnitKeyword-a1c7p2.json	UnitKeyword_FAMILY_GA_CANDIDATE
First Kindred	一代眷属	UnitKeyword-a1c7p3.json	UnitKeyword_FIRST_DEPENDENT
Abnormality Corrosion	异想侵蚀	UnitKeyword-a1c7p3.json	UnitKeyword_ABNORMALITY_EROSION
Shi Family	史家	UnitKeyword-a1c8p2.json	UnitKeyword_FAMILY_SA
Wang Family	王家	UnitKeyword-a1c8p2.json	UnitKeyword_FAMILY_WANG
Xue Family	薛家	UnitKeyword-a1c8p2.json	UnitKeyword_FAMILY_SEOL
LCD	LCD	UnitKeyword-a1c9p2.json	UnitKeyword_LIMBUS_COMPANY_LCD
Old G Corp.	旧G公司	UnitKeyword-a1c9p3.json	UnitKeyword_G_CORP_FORMER
Lord of all Roaches	全体蜚蠊之王	UnitKeyword-a1c9p3.json	UnitKeyword_KING_OF_ALL_COCKROACHES
A Wing's Decisive Weapon	翼的决战兵器	UnitKeyword-a1c9p3.json	UnitKeyword_WINGS_ULTIMATEWEAPON
Emperor of Pests	害虫的皇帝	UnitKeyword-a1c9p3.json	UnitKeyword_EMPEROR_OF_PESTS
Royalty	王族	UnitKeyword-a1c9p3.json	UnitKeyword_ROYAL
The Sign [Future]	印记[未来]	UnitKeyword-a1c9p3.json	UnitKeyword_SIGN_FUTURE
The Second Smoke War	第二次烟霾战争	UnitKeyword-a1c9p3.json	UnitKeyword_SMOKE_WAR_2ND
Abraxas Chariot	阿布拉克萨斯战车	UnitKeyword-a1c9p3.json	UnitKeyword_ABRAXAS_CHARIOT
Tiansha Star	天杀星	UnitKeyword-a1c9p3.json	UnitKeyword_HEAVENLY_KILLING_STAR
<color=#d40000><s>Great Brother</s></color>	<color=#d40000><s>长兄</s></color>	UnitKeyword-a1c9p3.json	UnitKeyword_BIG_BROTHER_PAST
<color=#d40000><s>Sottocapo</s></color>	<color=#d40000><s>二老板</s></color>	UnitKeyword-a1c9p3.json	UnitKeyword_UNDERBOSS_FIRED
Smoke War	烟霾战争	UnitKeyword-a1c9p3.json	UnitKeyword_SMOKE_WAR
War Hero	战争英雄	UnitKeyword-a1c9p3.json	UnitKeyword_WAR_HERO
<color=#d40000><s>Le Sette Famiglie<s></color>	<color=#d40000><s>七大家族</s></color>	UnitKeyword-a1c9p3.json	UnitKeyword_SEVENFAMILIES_CANCELED
<color=#d40000><s>Maestro<s></color>	<color=#d40000><s>大师</s></color>	UnitKeyword-a1c9p3.json	UnitKeyword_MAESTRO_FORMER
Les Clous	钉	UnitKeyword-exem.json	UnitKeyword_N_CORP_LENSMAN
Court Circle - Sal	肉党	UnitKeyword-exem.json	UnitKeyword_S_CORP_SAL
Sea Terror	恐鱼	UnitKeyword-pilgrimage.json	UnitKeyword_SEA_TERROR
The Oracle's Proxy	神谕代行者	UnitKeyword-pilgrimage.json	UnitKeyword_LAST_KNIGHT
Limbus Kindergarten	边狱幼儿园	UnitKeyword-x1p1c1.json	UnitKeyword_X1P1C1_ASSO_1
Perky Penguins	企鹅班	UnitKeyword-x1p1c1.json	UnitKeyword_X1P1C1_ASSO_2
Cheery Chickies	小鸡班	UnitKeyword-x1p1c1.json	UnitKeyword_X1P1C1_ASSO_3
Early Elephants	大象班	UnitKeyword-x1p1c1.json	UnitKeyword_X1P1C1_ASSO_4
For Crunchy Frying	用于炸至酥脆	UnitKeyword-x1p1c1.json	UnitKeyword_X1P1C1_KEYWORD_1
For Sweet Stewing	用于香甜炖菜	UnitKeyword-x1p1c1.json	UnitKeyword_X1P1C1_KEYWORD_2
For Tangy Braising	用于酸甜焖煮	UnitKeyword-x1p1c1.json	UnitKeyword_X1P1C1_KEYWORD_3
Mechanical Amalgam	机械融合生命体	UnitKeyword.json	UnitKeyword_MACHINE_BOUND_ORGANISM
Lake Entity	大湖生物	UnitKeyword.json	UnitKeyword_ON_THE_LAKE
Öufi Association	Öufi协会	UnitKeyword.json	UnitKeyword_OUFI
Rosespanner Workshop	玫瑰扳手工坊	UnitKeyword.json	UnitKeyword_TROUBLE_SHOOTER
Molar Office	臼齿事务所	UnitKeyword.json	UnitKeyword_MOLAR
The Pequod	裴廓德号	UnitKeyword.json	UnitKeyword_PEQUOD_CREW
Tingtang Gang	豆豆帮	UnitKeyword.json	UnitKeyword_KONG_KONG
Los Mariachis	流浪乐队	UnitKeyword.json	UnitKeyword_MARIACHI
Hook Office	吊钩事务所	UnitKeyword.json	UnitKeyword_HOOK_OFFICE
Twinhook Pirates	双钩海盗团	UnitKeyword.json	UnitKeyword_DUAL_HOOK_PIRATE
R.B.	良·派	UnitKeyword.json	UnitKeyword_BACKSTREET_COOK
Tieqiu Crew	铁工会	UnitKeyword.json	UnitKeyword_TIEQIU
Edgar Family	埃德加家族	UnitKeyword.json	UnitKeyword_LINTON
Lobotomy Corp. Headquarters	脑叶公司本部	UnitKeyword.json	UnitKeyword_LOBOTOMY_HEAD
Lobotomy Corp. Branch	脑叶公司支部	UnitKeyword.json	UnitKeyword_LOBOTOMY_BRANCH
Fixer	收尾人	UnitKeyword.json	UnitKeyword_FIXER
Syndicate	帮派	UnitKeyword.json	UnitKeyword_CLAN
Pallidified	白化	UnitKeyword.json	UnitKeyword_WHITE_PARASITE
N Corp. Fanatic	N公司狂信徒	UnitKeyword.json	UnitKeyword_N_CORP_FNATIC
La Manchaland	拉·曼却领	UnitKeyword.json	UnitKeyword_LA_MANCHA_LAND
LCE	LCE	UnitKeyword.json	UnitKeyword_LIMBUS_COMPANY_LCE
LCC	LCC	UnitKeyword.json	UnitKeyword_LIMBUS_COMPANY_LCC
LCB	LCB	UnitKeyword.json	UnitKeyword_LIMBUS_COMPANY_LCB
Heishou Pack - Mao Branch	黑兽 - 卯	UnitKeyword.json	UnitKeyword_BLACK_BEAST_RABBIT
Heishou Pack	黑兽	UnitKeyword.json	UnitKeyword_BLACK_BEAST
Heishou Pack - Si Branch	黑兽 - 巳	UnitKeyword.json	UnitKeyword_BLACK_BEAST_SNAKE
Capo IIII	指挥官IIII	UnitKeyword.json	UnitKeyword_THUMB_LEVEL_CAPO_FOUR
Soldato II	士兵II	UnitKeyword.json	UnitKeyword_THUMB_LEVEL_SOLDATO_TWO
Soldato III	士兵III	UnitKeyword.json	UnitKeyword_THUMB_LEVEL_SOLDATO_THREE
E.G.O Gear	E.G.O装备	UnitKeyword.json	UnitKeyword_EGO_EQUIPMENT
Heishou Pack Adept	黑兽 魁首	UnitKeyword.json	UnitKeyword_BLACK_BEAST_CHIEF
<color=#d40000><s>Jia Family</s></color>	<color=#d40000><s>贾家</s></color>	UnitKeyword.json	UnitKeyword_FAMILY_GA_CANCELED
Heishou Pack - Wu Branch	黑兽 - 午	UnitKeyword.json	UnitKeyword_BLACK_BEAST_HORSE
Heishou Pack - You Branch	黑兽 - 酉	UnitKeyword.json	UnitKeyword_BLACK_BEAST_CHICKEN
Family Hierarch	家主	UnitKeyword.json	UnitKeyword_FAMILY_GA_HIERARCH
<color=#d40000><s>Heishou Pack Adept</s></color>	<color=#d40000><s>黑兽 魁首</s></color>	UnitKeyword.json	UnitKeyword_BLACK_BEAST_CHIEF_FORMER
Night Awls	夜锥组	UnitKeyword.json	UnitKeyword_NIGHTSTILETTO
Jeong's Office	定事务所	UnitKeyword.json	UnitKeyword_JEONG_OFFICE
Associate Office - Öufi	直属事务所 - Öufi	UnitKeyword.json	UnitKeyword_OUFI_COOP
Heishou Pack - Wei Branch	黑兽 - 未	UnitKeyword.json	UnitKeyword_BLACK_BEAST_SHEEP
LCA	LCA	UnitKeyword.json	UnitKeyword_LIMBUS_COMPANY_LCA
Maestro	大师	UnitKeyword.json	UnitKeyword_RING_FINGER_MAESTRO
Docent	讲解员	UnitKeyword.json	UnitKeyword_RING_FINGER_DOCENT
Student	学徒	UnitKeyword.json	UnitKeyword_RING_FINGER_STUDENT
School of Fauvism	野兽派	UnitKeyword.json	UnitKeyword_RING_FINGER_FAUVISM
School of Pointillism	点彩派	UnitKeyword.json	UnitKeyword_RING_FINGER_POINTILLISM
School of Corporism	人体派	UnitKeyword.json	UnitKeyword_RING_FINGER_PHYSICAL
<s>The Fingers</s>	<s>手指</s>	UnitKeyword.json	UnitKeyword_FINGER_CANCELED
<s>The House of Spiders</s>	<s>蜘蛛巢</s>	UnitKeyword.json	UnitKeyword_SPIDER_HOUSE_CANCELED
LCE?	LCE？	UnitKeyword.json	UnitKeyword_LIMBUS_COMPANY_LCE_UNSETTLED
Dihui Star	地慧星	UnitKeyword.json	UnitKeyword_DIHUI_STAR
<color=#d40000><s>Dihui Star</s></color>	<color=#d40000><s>地慧星</s></color>	UnitKeyword.json	UnitKeyword_DIHUI_STAR_CANCELED
<color=#d40000><s>Great Sister</s></color>	<color=#d40000><s>长姊</s></color>	UnitKeyword.json	UnitKeyword_BIG_SISTER_PAST
