# en	cn	en_hits	cn_hits	source
Person	人	337	17415	Enemies_Refraction5.json
Goals	目标	21	15480	MirrorDungeonUI_2.json
Floor 1	1层	43	6258	MirrorDungeonUI_4.json
E.G.O	E.G.O	3414	2856	StoryTheaterDanteNote.json
Combat	战斗	781	3608	BattlePass.json
Floor 2	2层	4	4153	MirrorDungeonUI_4.json
The Heart	心	125	3639	StageNode-a1c8p3.json
Sinners	罪人	1158	2605	MirrorDungeonUI_3.json
Hands	手	404	3256	Enemies_Refraction3.json
Shin (心)	心	0	3639	StoryTheaterDanteNote_12.json
Launcher [始]	始	0	3615	BattleKeywords.json
Identities	人格	1055	2509	StoryTheaterDanteNote.json
Apply	使用	1142	2365	DanteAbilityUIText_a1c9p3.json
Coin	铜钱	3231	173	EGOgift_a1c8p2.json
Sinking	沉沦	2451	595	BattleKeywords.json
Faust	浮士德	1366	1483	IntroduceCharacter.json
Charge	充能	2050	589	BattleKeywords.json
Nirmāna	变	0	2607	Passives_Abnormality_Refraction.json
End Stage	结束	1	2549	RailwayDungeonUI_2.json
Floor 3	3层	8	2406	MirrorDungeonUI_4.json
Bleed	流血	1228	1081	BattleKeywords.json
Heathcliff	希斯克利夫	1055	1210	IntroduceCharacter.json
Tier 1	1级	70	2102	MirrorDungeonUI_4.json
Class 1	1级	28	2102	StageNode1-4.json
Don Quixote	堂吉诃德	956	1105	Enemies-a1c7p3.json
Tier 2	2级	75	1981	MirrorDungeonUI_4.json
K Corp.	K公司	956	1040	StoryTheaterDanteNote.json
{0}	{0}	0	1986	RailwayDungeonUI.json
The Present	现在	61	1910	RailwayDungeonUI_6.json
Fixer	收尾人	842	1109	UnitKeyword.json
Tier 3	3级	273	1670	MirrorDungeonUI_4.json
Present [現在]	现在	0	1910	Passives_Abnormality_Refraction6.json
Team	编队	1535	362	MirrorDungeonUI_2.json
Children	孩子	91	1735	StageNode-a1c9p2.json
Ishmael	以实玛利	850	904	IntroduceCharacter.json
Family	家人	1447	261	StageNode-a1c9p3.json
Sinclair	辛克莱	812	846	Enemies-cultivation.json
T Corp.	T公司	769	800	StoryTheaterDanteNote_5.json
Hong Lu	鸿璐	737	819	IntroduceCharacter.json
Meursault	默尔索	946	592	IntroduceCharacter.json
Select	选择	456	1079	MirrorDungeonUI_6.json
Mang (望)	望	0	1527	Passives.json
Tremor	震颤	727	798	BattleKeywords.json
The Middle	中指	692	806	StageNode-a1c9p3.json
Outis	奥提斯	776	697	IntroduceCharacter.json
Rupture	破裂	725	746	BattleKeywords.json
Default	基础	15	1447	MirrorDungeonUI_6.json
Fixers	收尾人	316	1109	StoryTheaterDanteNote.json
Core	本体	717	687	Enemies-hidden.json
La Manchaland	拉·曼却领	688	715	UnitKeyword.json
Yi Sang	李箱	626	763	IntroduceCharacter.json
The Associations	协会	10	1371	StoryTheaterDanteNote_2.json
Brain	脑	81	1294	Enemies-tkt.json
Gregor	格里高尔	666	687	IntroduceCharacter.json
Body	躯干	949	364	Enemies-a1c5p1.json
The Letter	信	6	1277	StageNode-a1c6p1.json
Burn	烧伤	694	558	BattleKeywords.json
Nothing	没什么	899	331	StageNode1-4.json
Rodion	罗佳	511	683	IntroduceCharacter.json
Tier 5	5级	2	1180	MirrorDungeonUI_5.json
Leave	离开	605	575	MirrorDungeonUI_2.json
Enter	完成	378	789	MirrorDungeonUI_5.json
N Corp.	N公司	600	553	StageNode-a1c8p1.json
OFF	OFF	1137	5	MirrorDungeonUI_5_InfinityFloor.json
Heishou Pack	黑兽	462	675	UnitKeyword.json
Family Hierarch	家主	228	896	UnitKeyword.json
Ryōshū	良秀	0	1116	Enemies-a1c9p3.json
E.G.O Gifts	E.G.O饰品	258	845	MirrorDungeonUI_7.json
Abnormalities	异想体	300	782	StoryTheaterDanteNote_2.json
Identities	参战人格	1055	8	MirrorDungeonUI.json
Bloodfiend	血魔	415	641	UnitKeyword-a1c7p1.json
Head	头部	925	128	Enemies-a1c5p1.json
Poise	呼吸法	517	487	BattleKeywords.json
The Ring	环指	450	533	StageNode-a1c9p3.json
Activate	激活	728	233	MirrorDungeonUI_3.json
Tier 4	4级	42	915	MirrorDungeonUI_4.json
Nursefathers	父辈	57	891	StageNode-a1c9p1.json
Flower	花	99	843	Enemies_Refraction2.json
Gift	礼物	753	178	EGOgift_MirrorDungeon-EventTheme_2.json
Ready [待]	待	0	924	BattleKeywords.json
Reward	奖励	295	612	MirrorDungeonUI_6.json
Rewards	奖励	295	612	RailwayDungeonUI_1002.json
Fragile	易损	375	523	BattleKeywords.json
LCE	LCE	440	452	UnitKeyword.json
Enhance	强化	69	821	MirrorDungeonUI_6.json
Power Up	威力提升	636	248	BattleKeywords.json
Continue	继续	253	624	RailwayDungeonUI_2.json
Memories	记忆	303	574	StageNode91-25.json
The Past	过去	152	724	RailwayDungeonUI_6.json
The Hierarch of Hongyuan	鸿园的家主	431	440	Passives_Assist-Cultivation.json
Wrath	暴怒	468	387	Passives.json
Activate	发动	728	124	DanteAbilityUIText.json
Jia Family	贾家	406	435	UnitKeyword-a1c7p2.json
The Thumb	拇指	358	476	StageNode-a1c8p1.json
Offices	事务所	39	791	StoryTheaterDanteNote_2.json
Protection	守护	500	325	BattleKeywords.json
Prescript	指令	355	466	BattleKeywords-a1c9p1.json
Bloodfiends	血魔	176	641	StageNode91-10.json
Run	跑	368	432	ActionEvents.json
The Index	食指	360	437	StageNode-a1c9p3.json
Hard	困难	497	294	MirrorDungeonUI_2.json
The City	都市	306	485	StoryTheaterDanteNote.json
Bind	束缚	343	441	BattleKeywords.json
Gloom	忧郁	384	383	Passives.json
Envy	嫉妒	392	374	Passives.json
Refraction	折射	275	487	Passives.json
Heart	心脏	583	173	Enemies-a1c5p1.json
Blade Lineage	剑契组	396	355	ActionEvents_exme.json
The House of Spiders	蜘蛛巢	336	411	StoryTheaterDanteNote_11.json
Gaze	视线	367	377	BattleKeywords-a1c8p3.json
Past [過去]	过去	0	724	Passives_Abnormality_Refraction6.json
Person	人类	337	377	Enemies.json
The Nests	巢	18	689	StoryTheaterDanteNote.json
Heishou Packs	黑兽	17	675	StoryTheaterDanteNote_10.json
The Heishou Pack	黑兽	15	675	StageNode91-16.json
Kurokumo Clan	黑云会	324	363	AssociationName.json
Vergilius	维吉里乌斯	307	361	Enemies-a1c6p3.json
Pride	傲慢	339	316	Passives.json
Resume	继续	23	624	MirrorDungeonUI.json
W Corp.	W公司	314	333	StoryTheaterDanteNote_3.json
The Golden Bough	金枝	199	442	StageNode-a1c6p3.json
Happiness	喜	74	564	BattleKeywords-a1c8p3.json
HARD	困难难度	497	138	MirrorDungeonUI_5.json
Owned	拥有	81	554	MirrorDungeonUI_6.json
Tier	稀有度	614	13	MirrorDungeonUI_7.json
The Backstreets	后巷	176	451	StoryTheaterDanteNote.json
Distortions	扭曲	103	517	StoryTheaterDanteNote_6.json
Lust	色欲	323	290	Passives.json
Attack Power Up	强壮	276	330	BattleKeywords.json
Floor 4	4层	8	598	MirrorDungeonUI_4.json
Understanding	理解	104	500	BattleKeywords-walpu4.json
Enter	进入战斗	378	219	MirrorDungeonUI_6.json
Rest	安息	555	32	EGOgift_walpu4.json
Unlock	解放	235	347	BattleKeywords-a1c9p2.json
Damage Up	伤害强化	235	337	BattleKeywords.json
Return	返回	492	64	DanteAbilityUIText_a1c9p3.json
Corrosion	侵蚀	222	328	Passives_Abnormality-walpu4.json
Hard	Hard	497	52	MirrorDungeonUI_5.json
Offense Level Up	攻击等级提升	296	246	BattleKeywords.json
Gluttony	暴食	260	279	Passives.json
Easy	简单	269	269	MirrorDungeonUI_4.json
Face	面部	527	10	Enemies.json
Binding	纽带	521	13	StageNode1-4.json
The Pinky	小指	246	282	StageNode-a1c9p3.json
Bonus	星芒	387	126	
Sloth	怠惰	251	260	Passives.json
The LCE	LCE	59	452	StoryTheaterDanteNote_9.json
Cost	经费	284	223	MirrorDungeonUI_5.json
Ticket	券券	457	47	StageNode-a1c9p3.json
The Golden Boughs	金枝	62	442	StoryTheaterDanteNote.json
Jade	玉	53	449	Enemies-a1c8p3.json
Haste	迅捷	238	262	BattleKeywords.json
Normal	普通	273	220	MirrorDungeonUI_2.json
Thread	纺锤	318	172	Items.json
Mirror Refraction	折射	1	487	Bufs_Refraction2.json
Kromer	克罗默	234	249	AbnormalityGuides.json
Flesh	血肉	391	89	Enemies_Refraction2.json
Waiting	等待	279	197	StageNode-a1c9p3.json
Fairy	精灵	227	248	Enemies_Refraction2.json
Gaze	凝视	367	103	BattleKeywords.json
Run.	跑	37	432	ActionEvents.json
The Corridor	走廊	72	397	StageNode-a1c6p1.json
Mirror Dungeons	镜像迷宫	73	395	StoryTheaterDanteNote_4.json
Observation	观察	171	291	Passives_Abnormality-a1c9p3.json
LCC	LCC	20	436	UnitKeyword.json
Wuthering Heights	呼啸山庄	219	236	StageNode-a1c6p1.json
Loadout	编队	91	362	MirrorDungeonUI_5_InfinityFloor.json
The LCC	LCC	11	436	StoryTheaterDanteNote.json
Les Clous	钉	1	442	UnitKeyword-exem.json
Rage	暴怒	51	387	BattleKeywords.json
Free	免费	335	98	BattlePass.json
Syndicate	帮派	103	322	UnitKeyword.json
R Corp.	R公司	206	216	StoryTheaterDanteNote_3.json
Dimension	次元	104	317	Enemies_Refraction2.json
Lobotomy Corporation	脑叶公司	46	374	StoryTheaterDanteNote_2.json
Mephistopheles	梅菲斯托费勒斯	175	243	StoryTheaterDanteNote_4.json
Wei	卫	137	278	Enemies-cultivation.json
Defense Level Down	防御等级降低	195	217	BattleKeywords.json
Catherine	凯瑟琳	146	262	StageNode-a1c6p1.json
Possibilities	可能性	149	257	StageNode1-0.json
Paralyze	麻痹	180	223	BattleKeywords.json
The Kurokumo Clan	黑云会	38	363	StoryTheaterDanteNote.json
Grasp	掌	62	336	BattleKeywords-a1c8p3.json
Dark Cloud	黑云	12	386	BattleKeywords.json
Technology Liberation Alliance	技术解放联盟	214	184	StageNode1-4.json
Section 3	第3区段	367	25	RailwayDungeonUI_4.json
Hohenheim	霍恩海姆	166	226	StageNode91-14.json
The Blade Lineage	剑契组	32	355	StoryTheaterDanteNote.json
Tremor Burst	震颤引爆	174	211	BattleKeywords.json
Dawn Office	黎明事务所	210	175	BattleKeywords.json
Limbus Company	边狱公司	164	218	StoryTheaterDanteNote.json
LCA	LCA	188	189	UnitKeyword.json
Yurodiviye	圣愚	75	301	AbEvents-tktRe.json
Nagel und Hammer	钉与锤	182	191	MirrorDungeonTheme-1.json
Refraction Railway	折射轨道	167	204	RailwayDungeonUI.json
Fear	恐惧	195	175	BattleKeywords.json
Device	装置	171	199	Enemies-pilgrimage.json
E.G.O Gear	E.G.O装备	169	200	UnitKeyword.json
Care	悉心照料	365	2	Passives_Abnormality.json
Butterfly	蝶	146	220	BattleKeywords-walpu4.json
Collection	收集	151	214	MirrorDungeonUI_5_InfinityFloor.json
Walpurgis Night	瓦尔普吉斯之夜	177	187	SeasonTitle.json
Syndicates	帮派	41	322	StoryTheaterDanteNote.json
Yuri	尤莉	174	182	StageNode1-1.json
The Wings	翼	36	320	StoryTheaterDanteNote.json
Enkephalin	脑啡肽	171	184	StageNode1-1.json
Gifts	饰品观测	340	13	
Buy	购买	92	260	BattlePass.json
Karmic Consequence	业	18	330	BattleKeywords-a1c9p1.json
Close	关闭	288	58	MirrorDungeonUI_6.json
The Future	未来	83	255	RailwayDungeonUI_6.json
E.G.O Corrosion	E.G.O侵蚀	165	171	Bufs.json
Encounters	战斗次数	334	1	MirrorDungeonUI_3.json
Shop	商店	126	207	MirrorDungeonUI_2.json
Section 4	第4区段	310	20	RailwayDungeonUI_4.json
Hardblood	硬血	185	137	BattleKeywords-a1c7p3.json
Anamnaworm	虫	28	294	StoryTheaterDanteNote_11.json
Curse	诅咒	187	131	BattleKeywords.json
Contempt	轻蔑	153	164	BattleKeywords-a1c8p3.json
Baoyu, the Precious Jade	宝玉	0	317	Enemies-a1c8p3.json
Jia Xichun	贾惜春	138	178	StageNode-a1c8p1.json
Hammer	铁锤	305	10	EGOgift_StoryDungeon.json
The Inquisitor	审判官	36	276	StageNode91-20.json
Workshops	工坊	23	287	StoryTheaterDanteNote_5.json
Nagel	尖钉	185	122	EGOgift_StoryDungeon.json
NORMAL	普通难度	273	34	MirrorDungeonUI_5.json
Cinq Association	Cinq协会	44	261	StoryTheaterDanteNote_2.json
S Corp.	S公司	157	147	StoryTheaterDanteNote_6.json
Monsters	怪物	94	205	StoryTheaterDanteNote_5.json
Peccatula	罪种	103	195	StoryTheaterDanteNote_6.json
Defense Level Up	防御等级提升	139	158	BattleKeywords.json
Cycle	巡回	176	121	Bufs.json
Aggro	挑衅值	206	89	BattleKeywords.json
Keen Observation	观察	3	291	Passives.json
Acute Studies	观察	1	291	Passives.json
Backup	待命人员	172	117	RailwayDungeonUI_4.json
Bamboo-hatted Kim	金笠	91	198	StageNode91-7.json
LCD	LCD	139	149	UnitKeyword-a1c9p2.json
The Beast	野兽	11	276	StageNode-a1c6p2.json
Student	学徒	185	101	UnitKeyword.json
Sum	总计	211	71	MirrorDungeonUI_6.json
Pirates	海盗	126	156	StageNode-a1c5p1.json
Ammo	弹药	136	143	BattleKeywords.json
Assist [援]	援	0	279	BattleKeywords.json
Guaranteed	确定	31	242	MirrorDungeonUI_4.json
Hard Difficulty	困难难度	135	138	MirrorDungeonUI_6.json
Regular	常规	190	81	BattlePass.json
Starlight	星芒	145	126	MirrorDungeonUI_2.json
Hole	洞	68	201	StageNode1-4.json
Talisman	符咒	167	100	BattleKeywords.json
Chain	连续	146	121	RailwayDungeonUI_4.json
Butlers	管家	57	210	StageNode-a1c6p1.json
Potentialities	可能性	9	257	EGOgift_MirrorDungeon_7.json
Wings	翅膀	174	92	Enemies_Refraction3.json
Alliance	同盟	251	14	StageNode91-16.json
Designate Target	指定目标	2	261	Passives.json
Tears	眼泪	206	54	BattleKeywords.json
The Cleanup Agent	清扫人员	3	256	StageNode91-10.json
LCB	LCB	121	138	UnitKeyword.json
Marked	标记	128	130	BattleKeywords.json
Nails	尖钉	136	122	BattleKeywords.json
The Big Brother	幼兄	37	219	Passives-BossRaid.json
Araya	阿赖耶	93	163	StageNode-a1c9p3.json
Future [未來]	未来	0	255	Passives_Abnormality_Refraction6.json
Shi Family	史家	117	138	UnitKeyword-a1c8p2.json
Reset	重置	140	113	MirrorDungeonUI_6.json
The Index Nursefather	食指 父辈	133	120	Passives.json
Corpse	尸体	72	180	KeywordDictionary.json
Attack Power Down	虚弱	109	142	BattleKeywords.json
Desire	欲望	138	112	Enemies.json
Rosespanner Workshop	玫瑰扳手工坊	122	126	UnitKeyword.json
The Pequod	裴廓德号	119	127	UnitKeyword.json
Sancho	桑丘	90	154	Enemies-a1c7p3.json
The Great Lake	大湖	89	155	StoryTheaterDanteNote_5.json
Cold	寒冷	206	37	BattleKeywords-pilgrimage.json
Into Full Bloom	绽放	1	242	Passives_Abnormality.json
MultiCrack Office	多裂纹事务所	121	121	StageNode91-10.json
Smoke	烟气	206	32	BattleKeywords-walpu5.json
G Corp.	G公司	113	125	KeywordDictionary.json
Ambush	袭击	36	200	StageNode91-16.json
Jia Baoyu	贾宝玉	100	132	StageNode-a1c8p1.json
Tree	树	73	157	Enemies.json
Superiority	优势	11	216	Passives_Abnormality-a1c6p3.json
Lobotomy Corp. Branch	脑叶公司支部	72	154	UnitKeyword.json
Egoshards	自我碎片	54	171	Items.json
Not Enough Cost	经费	2	223	
Ahab	亚哈	99	125	ActionEvents-a1c5p3.json
Jia Qiu	贾丘	80	144	BattleKeywords-a1c8p2.json
Anxiety	不安	36	188	Passives_Abnormality_Refraction2.json
The Duel	决斗	21	203	StageNode91-16.json
Power Down	威力降低	183	39	BattleKeywords.json
L Corp.	L公司	122	100	StoryTheaterDanteNote.json
Zwei Association	Zwei协会	23	199	StoryTheaterDanteNote_8.json
Kindred	眷属	97	124	UnitKeyword-a1c7p1.json
Shell	壳	73	147	Enemies-a1c5p3.json
Umbrella	伞	93	126	Enemies-a1c5p1.json
Fuse	合成	79	139	MirrorDungeonUI_3.json
Casino	赌场	84	134	StageNode1-2.json
Liu Association	六协会	36	180	StoryTheaterDanteNote_2.json
Docent	讲解员	106	110	UnitKeyword.json
Needle	针	44	171	BattleKeywords.json
Entanglement	纠缠	56	158	BattleKeywords.json
The LCA	LCA	24	189	StoryTheaterDanteNote_6.json
School of Fauvism	野兽派	14	198	UnitKeyword.json
Refraction Railways	折射轨道	6	204	StoryTheaterDanteNote_4.json
Safety Team	安保部	102	107	ActionEvents-walpu4.json
Vengeance	报复	164	44	BattleKeywords-a1c5p2.json
Duello	决斗	3	203	Passives_Abnormality-a1c9p1.json
Mental Awakening	觉醒	2	201	BattleKeywords-cultivation.json
"It"	鬼	0	201	BattleKeywords_Refraction6.json
Twinhook Pirates	双钩海盗团	105	96	UnitKeyword.json
Weak Morale	士气低落	1	199	Passives_Enemy.json
Despair	绝望	78	120	BattleKeywords-walpu6.json
Hatred	憎恶	109	89	Bufs-a1c6p2.json
Clash Power Up	拼点威力提升	104	93	BattleKeywords-tkt.json
Faith	信念	144	53	EGOgift_MirrorDungeon.json
Heishou Pack - Mao Branch	黑兽 - 卯	0	197	UnitKeyword.json
Offense Level Down	攻击等级降低	98	98	BattleKeywords.json
Running	溃退	194	2	Bufs.json
Buffs	增益	100	96	RailwayDungeonUI_5.json
Edgar Family	埃德加家族	97	99	UnitKeyword.json
Night Awls	夜锥组	98	97	UnitKeyword.json
Nail and Hammer	钉与锤	3	191	EGOgift_MirrorDungeon_7.json
Lunacy	狂气	94	100	Items.json
Backup	掩护	172	22	Passives.json
The LCD	LCD	44	149	StoryTheaterDanteNote_6.json
Bloodbag	血袋	60	132	Passives_Enemy-a1c7p1.json
Determined	觉悟	147	43	BattleKeywords.json
P Corp.	P公司	87	103	StoryTheaterDanteNote_8.json
Doubt	猜疑	176	13	StageNode-a1c9p1.json
Struggle	挣扎	79	109	BattleKeywords.json
Levelheaded	冷静	22	165	Passives.json
The LCB	LCB	49	138	StoryTheaterDanteNote.json
Coffin	棺	88	98	BattleKeywords.json
Theme Pack	主题卡包	67	119	MirrorDungeonUI_5.json
Yearning	渴望	70	115	Passives_Abnormality_Refraction5.json
The Adept	魁首	3	182	StageNode91-19.json
Agitated	愤怒	11	173	Bufs.json
The Assistant	助手	7	175	StageNode91-14.json
H Corp.	H公司	87	95	StoryTheaterDanteNote_10.json
Lobotomy E.G.O	脑叶公司E.G.O	90	90	Passives_Abnormality.json
Basement	地下室	76	104	StageNode91-25.json
The Backdoor	后门	55	124	StoryTheaterDanteNote_4.json
Growing	生长	115	61	BattleKeywords.json
Audience	观众	82	93	StageNode-a1c9p2.json
Poised	冷静	9	165	Passives.json
Colours	颜色	5	169	StageNode-a1c6p1.json
Prey	猎物	103	70	BattleKeywords-BossRaid.json
Hunger	饥饿	87	86	BattleKeywords-a1c7p1.json
Resentment	仇怨	92	81	BattleKeywords.json
Clears	清剿	30	143	MirrorDungeonUI_5_InfinityFloor.json
Resentment	怨恨	92	78	BattleKeywords-exme.json
Discard	丢弃	86	83	BattleKeywords.json
Hidden	隐藏	67	102	MirrorDungeonUI_6_Achievement.json
Taboo	禁忌	64	105	StageNode1-3.json
Tingtang Gang	豆豆帮	50	119	UnitKeyword.json
Cassetti	卡塞蒂	79	89	AbnormalityGuides-mowe.json
Jia Mu	贾母	93	75	Enemies-a1c8p3.json
Focus	聚气	163	4	Passives_Abnormality-a1c8p2.json
The Waves	浪潮	64	103	StageNode-a1c5p1.json
Completed	达成	98	68	MirrorDungeonUI_6.json
Full-Stop Office	句点事务所	84	82	UnitKeyword-a1c7p1.json
Los Mariachis	流浪乐队	66	100	UnitKeyword.json
Threadspinning	异想解析	66	98	StoryTheaterDanteNote_3.json
Blazing	燃烧	20	143	BattleKeywords.json
Regenerate	再生	19	144	BattleKeywords_Refraction2.json
The Fingers	手指	29	134	StageNode-a1c9p1.json
Decaextraction Ticket	十连提取券	83	78	Items.json
Effloresced E.G.O	绽放E.G.O	77	83	StoryTheaterDanteNote_13.json
Nelly	耐莉	69	90	AbEvents-a1c6p3.json
Thorns	荆棘	41	118	BattleKeywords-a1c7p2.json
The Barber	理发师	75	84	Enemies-a1c7p3.json
Available	可用	124	35	MirrorDungeonUI_6.json
Trials	苦难	53	104	MirrorDungeonUI_5.json
Urge	欲望	43	112	BattleKeywords.json
Line 2	2号线	79	76	MirrorDungeonTheme-1.json
Lamp	目灯	135	18	BattleKeywords-a1c9p3.json
Identity Training Ticket IV	人格训练券IV	80	73	Items.json
Support	呐喊助威	149	3	Passives.json
Seven Association	Seven协会	31	121	StoryTheaterDanteNote_5.json
Points	点数	86	65	MirrorDungeonUI_5.json
Sasha	萨莎	72	78	AbnormalityGuides-mowe.json
The Priest	神父	63	87	Enemies-a1c7p3.json
Progress	当前进度	144	6	MirrorDungeonUI_6.json
Support	辣喊助威	149	1	Passives-x1p1c1.json
The Dead Rabbits	死兔帮	37	112	StageNode-a1c6p1.json
Inquisitors	异端审判官	50	99	StageNode1-3.json
Ricardo	里卡多	73	75	Enemies-a1c5p2.json
The Laws	规则	36	112	StageNode-a1c5p1.json
Progress	成就进度	144	3	MirrorDungeonUI_5.json
Grade 8 Fixers	8阶收尾人	1	145	StageNode1-1.json
Wealth	富	23	122	EGOgift_MirrorDungeon_6.json
Challenge	挑战	68	77	MirrorDungeonUI_6.json
Tribulation	苦难	40	104	BattleKeywords-BossRaid.json
Marked	标识	128	15	BattleKeywords-a1c5p3.json
Lei Heng	雷横	67	76	Enemies-a1c8p3.json
Identity Training Ticket III	人格训练券III	75	68	Items.json
Mr. Pilot	皮利托	6	137	StageNode-a1c5p1.json
Resurrect	复活	1	141	Bufs.json
Activated	已激活	126	15	MirrorDungeonUI_2.json
Stigmatized	标记	10	130	BattleKeywords-a1c8p3.json
Grace	恩义	137	2	Passives_Abnormality-a1c9p1.json
Defense Power Up	忍耐	34	104	BattleKeywords.json
Search	饰品观测	124	13	
Rampage	挣扎	27	109	BattleKeywords-a1c8p3.json
Queequeg	魁魁格	58	78	Enemies-a1c5p3.json
Slayer	杀手	8	128	Passives.json
Damage Taken	受击之时	133	3	Passives_Abnormality-cultivation.json
First Class	头等舱	70	66	StageNode91-10.json
Details	详情	90	45	MirrorDungeonUI_3.json
Singularities	奇点	22	113	StoryTheaterDanteNote_2.json
Yield My Flesh	肉斩	64	70	ActionEvents_Mirror7.json
Achievements	成就	42	91	MirrorDungeonUI_5_InfinityFloor.json
Suffering	饱受折磨	129	3	Passives.json
Revenge	复仇	30	101	Bufs-a1c6p2.json
Zilu	子路	56	75	Enemies-a1c8p2.json
The Guide	向导	20	111	Passives_Assist-a1c9p3.json
Limbus Pass	边狱通行证	78	52	BattlePass.json
Season 5	第5赛季	74	56	SeasonTitle.json
Dieci Association	Dieci协会	20	110	StoryTheaterDanteNote_4.json
Accelerating	加速	16	112	Bufs.json
Hindley	亨德利	52	76	Enemies-a1c6p2.json
The Outskirts	郊区	50	78	StoryTheaterDanteNote_5.json
Pequod Town	裴廓德镇	61	65	DungeonArea-a1c5p3.json
U Corp.	U公司	45	81	StoryTheaterDanteNote_5.json
Bloodfeast	血宴	64	61	BattleKeywords-a1c7p1.json
Red Eyes	赤瞳	87	36	BattleKeywords-walpu4.json
Guides	向导	12	111	StageNode1-1.json
School	学校	90	33	StageNode91-25.json
Butterfly of Entangled Lives	罗生蝶	62	60	AbnormalityGuides_Refraction6.json
Wandering	徘徊	68	54	BattleKeywords.json
Desirous	渴望	6	115	BattleKeywords.json
Unbending	不动	9	112	EGOgift_MirrorDungeon-EventTheme.json
The Sign	印记	31	90	StoryTheaterDanteNote_12.json
Grace of the Prescript	指令加护	67	53	BattleKeywords-a1c9p1.json
The Master	师父	52	68	StageNode91-19.json
Shi Association	し协会	13	107	StoryTheaterDanteNote_2.json
The Indigo Elder	靛蓝老人	54	65	StageNode-a1c5p2.json
The Pallid Whale	白鲸	34	85	StageNode-a1c5p2.json
Ardor Blossom Moth	红焰蛾	59	59	AbEvents-a1c9p2.json
Spiral of Contempt	轻蔑螺旋	54	64	AbEvents_Refraction3.json
Poison	剧毒	57	61	BattleKeywords.json
A Guide	向导	7	111	StageNode91-16.json
Devyat' Association	Девять协会	8	110	StoryTheaterDanteNote_5.json
Öufi Association	Öufi协会	0	118	UnitKeyword.json
Surgery	手术	19	98	BattleKeywords.json
Season 7	第7赛季	58	59	SeasonTitle.json
Fanghunt Office	猎牙事务所	58	59	UnitKeyword-a1c7p1.json
Spark	点燃	58	58	BattleKeywords_Refraction3.json
Shell	外壳	73	43	Enemies91-4.json
Nightmare	噩梦	57	59	Passives_Abnormality-a1c6p3.json
Lightning	雷电	99	16	BattleKeywords.json
Uncertainty	不确定性	103	12	StageNode91-10.json
The Library	图书馆	28	87	StoryTheaterDanteNote_5.json
Maestro	大师	44	71	UnitKeyword.json
Not Me	不是我	8	105	Passives_Abnormality_Refraction5.json
Season 6	第6赛季	64	49	SeasonTitle.json
Petals	花瓣	65	47	BattleKeywords.json
Big & Scary	可怕	0	112	Passives_Enemy-a1c7p1.json
Sea Terror	恐鱼	41	71	UnitKeyword-pilgrimage.json
Defense Power Down	破绽	38	73	BattleKeywords.json
Timekilling Time	时间杀人时间	52	58	MirrorDungeonTheme-1.json
The Proof	证明	5	105	StageNode91-19.json
Instincts	本能	34	75	BattleKeywords-Refraction1BokGak.json
Hardship	苦难	5	104	EGOgift_walpu4.json
The Time Ripper	时间杀人魔	26	82	AbnormalityGuides-tkt.json
Sack	袋子	87	21	Passives_Abnormality-a1c6p3.json
Total Turns	累计回合数	73	35	RailwayDungeonUI.json
Blessing	加护	31	76	BattleKeywords-walpu6.json
Solitude	孤独	29	78	BattleKeywords.json
Interloper	不速之客	27	80	BattleKeywords_Refraction4.json
Seaborn	海嗣	16	91	Passives_Abnormality-pilgrimage.json
The Contract	契约	76	31	StageNode-a1c9p2.json
Details	详细信息	90	16	RailwayDungeonUI_5.json
Purity	纯粹	23	82	BattleKeywords.json
Gossypium	棉花	52	53	BattleKeywords_Refraction3.json
Extraction Ticket	提取券	9	96	Items.json
Awe	敬畏	49	55	EGOgift_MirrorDungeon.json
Resentment	疙瘩	92	12	Enemies.json
Film	胶片	58	46	StageNode91-27.json
Damage Down	伤害弱化	43	60	BattleKeywords.json
Hate	憎恶之心	101	1	Passives_Abnormality-a1c8p2.json
The Client	委托人	37	65	StageNode1-4.json
Identity Uptying	人格同步	1	101	StoryTheaterDanteNote_3.json
Frozen	冻结	37	64	BattleKeywords-pilgrimage.json
Lasso	套索	54	47	BattleKeywords.json
Survivor	幸存者	31	70	StageNode91-25.json
Pursuit	追踪	65	36	StageNode91-27.json
Determination	觉悟	57	43	BattleKeywords-a1c6p3.json
Blood-tinged Scissorblades	染血的剪刃	68	32	BattleKeywords-a1c7p1.json
Responsibility	责任感	92	8	BattleKeywords-a1c8p3.json
Penitence	忏悔	55	44	BattleKeywords-walpu4.json
Weekly	周常任务	97	2	BattlePass.json
Dead Rabbits Boss	死兔帮 老大	51	48	Enemies-a1c6p2.json
Ch'unokkun	推奴人	39	60	Passives.json
Sweepers	清道夫	31	68	StoryTheaterDanteNote_10.json
Blooming	开花	68	30	BattleKeywords.json
Fruit	果实	48	50	Enemies.json
Sell	售卖	52	46	MirrorDungeonUI_3.json
Season 4	第4赛季	49	49	SeasonTitle.json
Self-charge	自体发电	59	38	BattleKeywords.json
Emptiness	空虚	32	65	BattleKeywords.json
Palanquin	轿子	45	52	Enemies-a1c8p3.json
Legs	腿部	83	14	Enemies.json
LCB Regular Check-up	LCB定期体检	51	46	MirrorDungeonTheme-1.json
Nocturnal Sweeping	深夜清扫	46	51	MirrorDungeonTheme-1.json
The Battle's End	战斗结束	5	92	Passives_Abnormality-a1c8p2.json
Heishou Pack - Si Branch	黑兽 - 巳	0	97	UnitKeyword.json
Fanatic	狂信	45	51	BattleKeywords.json
Details	详细内容	90	6	MirrorDungeonUI_6.json
Portrait	肖像画	80	15	AbnormalityGuides_Refraction4.json
Magic Bullet	魔弹	43	52	BattleKeywords.json
Owned	已拥有	81	14	MirrorDungeonUI_6.json
Cans	罐头	28	67	StageNode91-27.json
Ruin	破灭	56	38	BattleKeywords.json
Heathcliff?	希斯克利夫？	0	94	Enemies-a1c6p2.json
Analytic Eye	分析	1	93	Passives.json
Observational Eye	分析	1	93	Passives.json
Tieqiu Crew	铁工会	35	59	UnitKeyword.json
Refresh	刷新	41	52	MirrorDungeonUI_3.json
Bud	花蕾	77	15	Enemies.json
Details	详细情报	90	2	RailwayDungeonUI.json
Immobilized	无法行动	21	70	Bufs.json
Season 3	第3赛季	45	46	SeasonTitle.json
Bloodied Hand	染血之手	61	29	BattleKeywords-a1c7p2.json
Candy	糖果	42	48	BattleKeywords-fools.json
The Terminus	终点站	36	54	RailwayDungeonUI_2.json
Nervous	焦虑	65	24	BattleKeywords.json
The Uninvited	不速之客	9	80	BattleKeywords.json
Max Speed +1	最大速度值+1	0	89	MirrorDungeonUI_2.json
Skip	脱离	28	61	MirrorDungeonUI_6.json
Cycle Count	巡回数	29	60	RailwayDungeonUI_1002.json
Pity	怜悯	51	38	StageNode-a1c9p3.json
Map	地图	40	49	StageNode1-1.json
Louse	虫子	2	87	StageNode1-2.json
Fell Bullet	凶弹	34	54	AbEvents_Refraction5.json
Pilgrimage of Compassion	善意的巡礼	52	36	MirrorDungeonTheme-1.json
Shock	感电	84	3	BattleKeywords.json
The Chain	锁链	26	61	Enemies-a1c6p3.json
Loyalty	忠义	54	33	Passives.json
to Unlock	通过主线剧情	66	20	
Owned	已持有	81	5	MirrorDungeonUI_7.json
Adaptation	适应	17	69	Passives_Abnormality-a1c9p3.json
Kezhan	客栈	33	53	StageNode91-16.json
Dihui Star	地慧星	33	53	UnitKeyword.json
Keenness	锐利	7	78	BattleKeywords_Mirror3.json
Powerless	无力	12	73	Passives_Abnormality_Refraction2.json
Hook Office	吊钩事务所	42	43	UnitKeyword.json
Multitude of Dots	点点	2	82	Passives.json
Line 4	4号线	40	44	RailwayDungeon.json
Telepole	电线杆	32	51	Enemies.json
Vanguard Team	先锋队	77	6	Passives.json
The Pawnshop	当铺	4	79	StageNode1-2.json
Smoke War	烟霾战争	35	48	UnitKeyword-a1c9p3.json
Tail	尾部	52	30	Enemies.json
Enkephalin Module	脑啡肽模块	14	68	Items.json
Identity Training Ticket I	人格训练券I	1	81	Items.json
Line 1	1号线	42	40	MirrorDungeonTheme-1.json
N Corp. New League of Nine Littérateurs	N公司 新九人会	0	82	MirrorDungeonTheme-1.json
Parallel Superposition	平行叠加	43	39	MirrorDungeonUI_6.json
Reflectrial	映射战斗	46	36	Passives-BossRaid.json
Harpoons	鱼叉	9	73	StageNode-a1c5p2.json
Ember	火种	31	50	BattleKeywords_Refraction3.json
Struggle	苦斗	79	1	Passives_Abnormality-pilgrimage.json
The First Mate	大副	10	70	StageNode-a1c5p1.json
Every World	所有世界	33	47	StageNode-a1c6p3.json
Xiren	袭人	27	53	StageNode-a1c8p1.json
Heishou Pack - You Branch	黑兽 - 酉	0	80	UnitKeyword.json
Faelantern	精灵提灯	39	40	AbEvents-a1c9p1.json
Vexation	不快	5	74	BattleKeywords-a1c9p2.json
High Noon	正午	26	53	BattleKeywords.json
Resilient	强韧	39	40	BattleKeywords_Mirror3.json
Fairy Wine	精灵酒	36	43	Enemies-a1c5p1.json
Line 5	5号线	37	42	MirrorDungeonTheme-1.json
The Subject	拍摄对象	77	2	StageNode91-27.json
Declared Duel	决斗宣告	47	31	BattleKeywords.json
Unbreakable Coin	不可摧毁的硬币	9	69	BattleKeywords.json
Daily	日常任务	76	2	BattlePass.json
Reunion	再会	35	43	StageNode1-4.json
The Church	教团	38	39	BattleKeywords-walpu5.json
Relief	安心	36	41	BattleKeywords.json
Tipsy	醉意	37	40	BattleKeywords.json
Pocket Watch	怀表	46	31	Items.json
Mnestic Experience	经验记忆	40	37	MirrorDungeonTheme-1.json
Offense Level +1	攻击等级+1	0	77	MirrorDungeonUI_2.json
Hit the Road	旅途	1	76	StageNode1-0.json
Witnessing	观望	21	56	StageNode91-16.json
Miseries	不幸	5	72	StageNode91-25.json
Immobilize	无法行动	6	70	BattleKeywords.json
Adversity	制约	31	45	MirrorDungeonUI_6.json
Lei Heng [雷橫]	雷横	0	76	Passives-BossRaid.json
Organizing	整理	5	71	Passives_Enemy-a1c6p1.json
Color Fixer	特色	20	56	StoryTheaterDanteNote_11.json
Guilt	负罪感	44	30	BattleKeywords-a1c7p3.json
Slash Power Up	斩击威力提升	36	38	BattleKeywords.json
Weekly Bonuses	每周加成	35	39	MirrorDungeonUI_2.json
Total Turns	最终累计回合	73	1	RailwayDungeonUI_3.json
Application	入职	18	56	StageNode1-4.json
Morale Boost	昂扬	28	45	BattleKeywords.json
Identity Training Ticket II	人格训练券II	3	70	Items.json
Vessel Masas	大众号	30	43	StageNode91-20.json
Doomsday Calendar	终末日历	33	39	AbnormalityGuides.json
Bugger…	妈的…	0	72	Passives.json
Purification	净化	12	60	StageNode1-3.json
Regeneration Ampules	再生安瓿	16	56	StageNode1-4.json
Wayfarer	旅者	39	33	StageNode91-25.json
Capture	捕获	39	32	BattleKeywords-a1c5p3.json
Miracle in District 20	20区的奇迹	37	34	MirrorDungeonTheme-1.json
The Red Gaze	猩红视线	25	46	Passives.json
Line 6	6号线	35	36	RailwayDungeon.json
Monolith	独石	26	45	StoryTheaterDanteNote_6.json
Assist Defense	援护防御	31	39	BattleKeywords-a1c5p3.json
Withered	衰老	28	42	BattleKeywords-a1c7p1.json
Maddened	疯狂	5	65	BattleKeywords.json
Aida	艾达	33	37	Enemies.json
Backing	援护	11	59	Passives.json
Determination	决意	57	13	Passives_Abnormality.json
Erlking	魔王	33	37	StageNode-a1c6p3.json
Wayward	彷徨	30	40	StageNode-a1c9p1.json
The Smoke War	烟霾战争	22	48	StoryTheaterDanteNote_11.json
Charge Barrier	充能力场	37	32	BattleKeywords.json
Control Team Captain	控制部队长	58	11	BattleKeywords.json
Anguish	烦恼	14	55	BattleKeywords.json
Bridle	枷锁	16	53	BattleKeywords_Mirror7.json
Roots	根部	55	14	Enemies.json
Line 3	3号线	34	35	MirrorDungeonTheme-1.json
Deactivate	关闭	11	58	MirrorDungeonUI_3.json
Yihongyuan	怡红院	33	36	StageNode-a1c8p1.json
Molar Office	臼齿事务所	34	35	UnitKeyword.json
Pallidified	白化	36	33	UnitKeyword.json
Blind Obsession	盲目	22	46	BattleKeywords-a1c5p3.json
Welfare Team Captain	福利部队长	58	10	BattleKeywords-walpu8.json
Twining Threads	绞丝结线	36	32	MirrorDungeonTheme-1.json
Hook	锈蚀吊钩	67	1	Passives.json
Blade Lineage Mentor	剑契组 头领	36	32	Passives_Assist-exme.json
Cleaning	整顿	53	15	Passives_Enemy-a1c6p1.json
Karma	业报	42	25	BattleKeywords.json
Oracle	神谕	10	57	EGOgift_MirrorDungeon.json
Intruders	入侵者	22	45	StageNode-a1c8p1.json
Jeong's Office	定事务所	33	34	UnitKeyword.json
Alleyway Watchdog	巷头恶犬	33	33	AbnormalityGuides.json
Tigermark Round	虎标弹	28	38	BattleKeywords-a1c8p3.json
Entangled Life [羅生]	罗生	0	66	BattleKeywords-a1c9p3.json
Left Arm	左臂	33	33	Enemies-a1c5p1.json
Participating	参与中	65	1	MirrorDungeonUI_3.json
Siegfried	齐格飞	32	34	StageNode1-3.json
Rendezvous	会合	31	35	StageNode91-27.json
Mirror Worlds	镜像世界	19	47	StoryTheaterDanteNote_8.json
Fluid Sac	液囊	25	40	BattleKeywords.json
Level Boost	等级强化	40	25	BattleKeywords_Mirror6.json
Battle Pass	战斗通行证	30	35	BattlePass.json
Pearl	珍珠	33	32	Enemies-a1c5p3.json
Sin Resistance	罪孽抗性	8	57	Passives_Abnormality-a1c6p2.json
Swordplay of the Homeland	本国剑术	37	27	BattleKeywords.json
Paid Lunacy	付费狂气	24	40	Items.json
Spring Cultivation	切磋琢春	33	31	MirrorDungeonTheme-1.json
Funeral	葬礼	36	28	StageNode91-25.json
Xue Family	薛家	21	43	UnitKeyword-a1c8p2.json
Textbook	教材	26	37	Bufs-a1c9p1.json
Every Catherine	所有凯瑟琳	31	32	Enemies-a1c6p3.json
Fuse E.G.O Gift	合成E.G.O饰品	55	8	MirrorDungeonUI_3.json
Gamefowl	斗鸡	9	54	Passives.json
The Ring's Docent of Fauvism	环指 野兽派讲解员	0	63	Passives_Abnormality-twth.json
Shock Centipede	电击蜈蚣	31	31	AbEvents.json
Durable	硬化	14	48	BattleKeywords_Mirror4.json
Resolution	觉悟	19	43	Passives.json
Eye of Precognition	预知眼	28	33	BattleKeywords-a1c9p3.json
Lordsguard	护卫	3	58	BattleKeywords.json
Reminiscence	追忆	25	36	EGOgift_MirrorDungeon.json
A Bad Dream	噩梦	2	59	StageNode1-3.json
Screening Room	放映室	6	55	StageNode1-4.json
Silent Regard	观望	4	56	BattleKeywords-a1c9p2.json
Nethersea Brand	溟痕	31	29	BattleKeywords-pilgrimage.json
Embers	余火	51	9	BattleKeywords.json
Parallel Superposition Mode	平行叠加模式	29	31	MirrorDungeonUI_5_InfinityFloor.json
Rhodes Island	罗德岛	24	36	StageNode91-20.json
Right Arm	右臂	26	33	Enemies-a1c5p1.json
Deal +3% damage	造成的伤害+3%	0	59	MirrorDungeonUI_2.json
Starlight Bonus	星芒奖励	25	34	MirrorDungeonUI_5.json
Will of the Prescript	指令之意	22	37	Passives.json
Overwhelm	压制	12	47	Passives_Abnormality-a1c8p2.json
Concentration	沉浸	15	44	Passives_Abnormality-a1c9p3.json
Strife	争斗	17	42	StageNode91-7.json
Heishou Pack - Wei Branch	黑兽 - 未	0	59	UnitKeyword.json
Afterimage Entanglement	残像纠缠	28	30	BattleKeywords-a1c9p2.json
Dimensional Rift	次元裂痕	27	31	BattleKeywords.json
Load	载荷	43	15	BattleKeywords.json
Seonbae	前辈	9	49	Passives.json
Harden	硬化	10	48	Passives_Abnormality-a1c5p3.json
The Club	会所	11	47	StageNode-a1c5p1.json
Spore	孢子	31	26	BattleKeywords.json
Grandeur	庄严	11	46	EGOgift_MirrorDungeon.json
Mirror of Immortality	永生之镜	29	28	MirrorDungeonName.json
Claim Rewards	领取奖励	9	48	MirrorDungeonUI.json
Homeward Bound	回家	2	55	StageNode-a1c9p2.json
Pink Shoes	粉红鞋	26	30	AbnormalityGuides-a1c9p1.json
Headless Ichthys	断首鱼	29	27	AbnormalityGuides.json
Slash DMG Up	斩击伤害强化	27	29	BattleKeywords.json
Wild Hunt	狂猎	24	32	BattleKeywords.json
Candle	蜡烛	20	36	Enemies-a1c5p3.json
Stuffed Toy	玩偶	5	51	Enemies_Refraction6.json
Recent	最近获得	52	4	MirrorDungeonUI_7.json
...rity	…感	0	56	Passives_Enemy-a1c6p3.json
Terrorist Organization	恐怖组织	22	34	StageNode1-4.json
Green Slime	绿色黏液	30	25	BattleKeywords-a1c5p3.json
Dazzle	眩惑	26	29	BattleKeywords-a1c9p3.json
Appetite	饥渴	21	34	BattleKeywords.json
Reattached Curse Talisman	复贴的咒符	28	27	BattleKeywords.json
Tarnished Blood	污血	28	27	BattleKeywords.json
Slave	奴隶	39	16	Enemies.json
Mirror of the Dreaming	梦中之镜	29	26	MirrorDungeonName.json
Persistence	执念	13	42	Passives_Enemy.json
Disruption	妨碍	3	52	StageNode-a1c8p1.json
Erlking Heathcliff	魔王希斯克利夫	25	29	AbEvents-a1c6p2.json
Rose Hunter	玫瑰猎人	26	28	AbEvents-a1c7p3.json
Grace of Stars	星之恩惠	19	35	MirrorDungeonUI_5.json
Rampage	狂暴	27	27	Passives_Abnormality-a1c8p2.json
Bhaishajya	修复	2	52	Passives_Abnormality_Refraction.json
Refraction Railway Line 2	折射轨道2号线	27	27	StoryTheaterDanteNote_4.json
Fanaticism	狂信	2	51	ActionEvents.json
Night in the Backstreets	后巷深宵	22	31	BattleKeywords-a1c9116.json
Hardening	硬化	5	48	Bufs.json
Dulcinea	杜尔西内娅	21	32	Enemies-a1c7p2.json
Acquire E.G.O Gift	获得E.G.O饰品	1	52	MirrorDungeonUI_3.json
Executor	处决	11	42	Passives.json
Tenacity	执念	11	42	Passives.json
Dihui Star [地慧星]	地慧星	0	53	Passives.json
Maggots	蛆虫	24	28	BattleKeywords.json
Entangled Curse Talisman	纠缠的咒符	26	26	BattleKeywords.json
SP Heal Efficiency	理智值恢复效率	24	28	BattleKeywords.json
Fabius	费边	22	30	Enemies-pilgrimage.json
Clear Rewards	通关奖励	21	31	MirrorDungeonUI_2.json
Whispers	低语	19	33	Passives.json
Antagonism	敌意	3	49	Passives_Abnormality-a1c6p3.json
Consultation Session	面谈	3	49	StageNode91-27.json
Family Hierarch Candidate	家主候选人	23	29	UnitKeyword-a1c7p2.json
The King in Binds	受缚之王	26	25	AbEvents_Refraction4.json
Borrowed Time	时间租赁	25	26	BattleKeywords.json
Rhythm	旋律	22	29	BattleKeywords.json
In the Past	过去状态	45	6	BattleKeywords_Refraction6.json
Prediction	预期	11	40	MirrorDungeonUI_3.json
Gambler	赌徒	24	27	Passives.json
Grudge	复仇决意	50	1	Passives.json
Retribution	惩戒	32	19	Passives_Enemy.json
Ice Cream	冰淇淋	27	24	StageNode-a1c5p1.json
Non-self	无我	10	41	StageNode-a1c9p3.json
Reload	再次装填	33	17	BattleKeywords-walpu4.json
Desperation	迫切	23	27	Passives.json
Rescue	解救	42	8	Passives_Abnormality_Refraction3.json
Risk Levels	危险等级	23	27	StoryTheaterDanteNote_6.json
Plus Coin Drop	加算硬币弱化	23	26	BattleKeywords.json
Stressed	压力	6	43	BattleKeywords.json
Insight	所解真知	37	12	BattleKeywords.json
Power-up State	强化状态	26	23	BattleKeywords_Refraction2.json
Old Umbrella	旧伞	24	25	Enemies-a1c5p1.json
Selectable	可选择	15	34	MirrorDungeonUI_4.json
Acquired	已拥有	35	14	MirrorDungeonUI_7.json
Valor	觉悟	6	43	Passives.json
Pallidification	白化	16	33	Passives_Enemy-a1c5p2.json
School of Pointillism	点彩派	1	48	UnitKeyword.json
Drifting Fox	流浪狐狸	23	25	AbEvents.json
Compulsion	强迫	16	32	BattleKeywords-a1c5p1.json
Tiantui Star [天退星]	天退星	0	48	BattleKeywords-a1c8p3.json
Palette Vibrante	强烈色彩	23	25	BattleKeywords-twth.json
Seeds	种子	26	22	BattleKeywords.json
Vengeance Mark	报复对象	27	21	BattleKeywords.json
Starbuck	斯达巴克	19	29	Enemies-a1c5p3.json
Shi Huazhen	史华贞	23	25	Enemies-a1c8p2.json
Takeoff Module - ID Uptie	跳跃成长模组 - 人格同步	0	48	Items.json
Projection Rate	投影度	20	28	MirrorDungeonUI_6.json
Whistles	哨声	13	35	Passives.json
Captain of the Pequod	裴廓德号的船长	41	7	Passives.json
Don Quixote Hardblood Arts	堂吉诃德派硬血	23	25	Passives_Abnormality-a1c7p3.json
Pierce Fragility	突刺易损	13	34	BattleKeywords.json
Spark of Inspiration	灵感	3	44	BattleKeywords_Mirror7.json
Charmed	魅惑	18	29	BattleKeywords_Refraction2.json
Photos	几张照片	36	11	Items.json
Defense Level +2	防御等级+2	0	47	MirrorDungeonUI_2.json
S.Y.N.C.	折·脖	16	31	StageNode1-2.json
Wayward Passenger	迷失的乘客	23	23	AbEvents-a1c9p2.json
Kqe-1j-23	Kqe-1j-23	23	23	AbEvents.json
kqe-1j-23	Kqe-1j-23	23	23	AbnormalityGuides.json
Pallid Noise	苍白的噪音	23	23	BattleKeywords-a1c5p2.json
Nervous Impairment	神经损伤	24	22	BattleKeywords-pilgrimage.json
Trinkets Sack	装饰品包裹	26	20	Items.json
Defense Level +1	防御等级+1	0	46	MirrorDungeonUI_2.json
Clean Up	善后	29	17	Passives-ycgd.json
Cannot Retreat	无法撤退	24	22	Passives_Abnormality-a1c6p3.json
Raid	突袭	14	32	StageNode1-4.json
Overheat	过热	14	31	BattleKeywords-a1c8p3.json
Mark of the Prescript	指令的印记	17	28	BattleKeywords-a1c9p1.json
The Book of Vengeance	复仇账簿	16	29	BattleKeywords-a1c9p3.json
Cultivation	琢磨	38	7	EGOgift_MirrorDungeon-EventTheme_2.json
Yield My Flesh to Claim Their Bones	肉斩骨断	0	45	MirrorDungeonTheme-1.json
The Dawn of Green	绿色的黎明	11	34	MirrorDungeonTheme-1.json
Gaiety	愉悦	1	44	Passives.json
Doggedness	执念	3	42	Passives.json
Siltcurrent	浊流	21	24	Passives_Abnormality-a1c5p3.json
Departure	离家	21	24	Passives_Abnormality-a1c8p3.json
Anatman	无我	4	41	Passives_Abnormality_Refraction.json
Charm	魅惑	16	29	StageNode-a1c9p1.json
Wang Family	王家	16	29	UnitKeyword-a1c8p2.json
Hurting Teddy Bear	痛苦泰迪	22	22	AbnormalityGuides-a1c7p3.json
Fervor	狂热	17	27	BattleKeywords-a1c9p3.json
Slash Fragility	斩击易损	21	23	BattleKeywords.json
Fever	狂热	17	27	BattleKeywords.json
Dueling	对决	19	25	BattleKeywords.json
Base Power Up	基础威力提升	32	12	BattleKeywords.json
Splitting	分裂	13	31	Bufs-a1c6p1.json
Bereavement	丧失	9	35	Bufs-a1c6p1.json
Sunshower	狐雨	22	22	EGOgift_MirrorDungeon.json
Chachihu	插翅虎	22	22	MirrorDungeonTheme-1.json
Staunchness	觉悟	1	43	Passives.json
Pluckiness	觉悟	1	43	Passives.json
Relay	中介	42	2	Passives.json
To Remember	为记忆	42	2	Passives_Abnormality-a1c7p3.json
Bullies	卑鄙	7	37	Passives_Enemy-a1c7p1.json
Final Turn Count	总计回合数	2	42	RailwayDungeonUI.json
Shipping Containers	集装箱	8	36	StageNode-a1c5p1.json
Fairy Gentleman	绅士精灵	22	21	AbEvents.json
The Prescript's Target	指令对象	17	26	BattleKeywords-a1c9p1.json
Captivity	拘束	10	33	BattleKeywords.json
HP Healing Boost	体力恢复提升	18	25	BattleKeywords.json
Starter Buffs	开局增益	22	21	MirrorDungeonUI_3.json
Drifter	漂泊	24	19	Passives.json
Saikai [再会]	再会	0	43	Passives.json
The Wild Hunt	狂猎	11	32	StageNode-a1c6p3.json
Pests	害虫	17	26	StageNode1-1.json
Sign of Roses	玫瑰告示牌	20	22	AbEvents_Refraction2.json
Golden Apple	金苹果	25	17	AbnormalityGuides.json
Peccatulum Invidiae	嫉妒罪种	13	29	AbnormalityGuides_Refraction4.json
Unlock - I	解放 - I	0	42	BattleKeywords-a1c9p2.json
Fully Bloomed	盛放	10	32	BattleKeywords.json
Brutality	破坏力	21	21	BattleKeywords_Mirror5.json
Tingtang Boss	豆豆帮 帮主	20	22	Enemies.json
Signpost	告示牌	5	37	Enemies_Refraction2.json
Civilian Recov. Pack	普通乘客复原包	25	17	Items.json
Elite Encounter	精锐遭遇战	21	21	MirrorDungeonUI_4.json
Simulation	模拟	18	24	MirrorDungeonUI_4.json
Full Bloom	盛放	10	32	Passives.json
Intoxication	醉意	2	40	Passives_Enemy.json
Saru	猴儿	17	25	StageNode91-25.json
Inquisition	审问异端	40	1	ActionEvents.json
Viewing the Tableau	眺望	8	33	BattleKeywords-a1c9p3.json
Muga [無我]	无我	0	41	BattleKeywords-a1c9p3.json
N Corp’s Nails	N公司的尖钉	0	41	BattleKeywords.json
Employee Card	员工证	10	31	EGOgift_MirrorDungeon.json
ies...	歉…	1	40	Passives_Enemy-a1c6p3.json
Dimensional Container	次元包	2	39	StoryTheaterDanteNote_8.json
My Form Empties	无我入定	20	20	AbEvents.json
Yinglong	应龙	19	21	AbnormalityGuides_Refraction6.json
Vengeance Tattoo	仇怨纹身	17	23	BattleKeywords-BossRaid.json
Blunt DMG Up	打击伤害强化	19	21	BattleKeywords.json
Frenzy	狂暴	13	27	BattleKeywords.json
Reflux	逆流	16	24	BattleKeywords.json
Josephine	约瑟芬	18	22	Enemies-a1c6p1.json
Murder on the WARP Express	WARP快车谋杀案	0	40	MirrorDungeonTheme-1.json
Parallel S.	平行叠加	1	39	MirrorDungeonUI_5_InfinityFloor.json
Overload	过载	15	25	Passives_Abnormality_Refraction.json
The Safe	保险箱	5	35	StageNode-a1c9p2.json
Fortitude	勇气	4	36	StageNode1-3.json
Old G Corp.	旧G公司	11	29	UnitKeyword-a1c9p3.json
A Sign	某道印记	27	12	BattleKeywords-cultivation.json
Thermal Blades	热丝	9	30	BattleKeywords.json
Amassed Data	情报文件	22	17	Items.json
Hell's Chicken	地狱鸡	9	30	MirrorDungeonTheme-1.json
E.G.O Gift Compendium	E.G.O饰品图鉴	16	23	MirrorDungeonUI.json
The Calamity	灾难	9	30	StageNode-a1c5p2.json
Traitor	叛徒	17	22	StageNode1-4.json
The 5th Walpurgis Night	第5次 瓦尔普吉斯之夜	20	19	StageNode91-13.json
The 6th Walpurgis Night	第6次 瓦尔普吉斯之夜	24	15	StageNode91-17.json
The 8th Walpurgis Night	第8次 瓦尔普吉斯之夜	20	19	StageNode91-23.json
Blubbering Toad	悲泣蟾蜍	19	19	AbEvents.json
Four-hundred Roses	四百朵玫瑰	19	19	AbEvents_Refraction5.json
Barbed Lasso	荆棘套索	19	19	BattleKeywords-a1c7p3.json
Returning Bloodlust	复还的血之冲动	21	17	BattleKeywords-a1c7p3.json
Final Power Up	最终威力强化	34	4	BattleKeywords_Mirror3.json
The Eye of Precognition	预知眼	5	33	Passives.json
Wounded	先前战斗的负伤	37	1	Passives_Abnormality-a1c8p2.json
Lin Daiyu	林黛玉	17	21	StageNode-a1c8p1.json
Third Kindred	三代眷属	18	20	UnitKeyword-a1c7p1.json
Dreaming Electric Sheep	梦中的电子羊	19	18	AbEvents_Refraction4.json
Dullahan	杜拉罕	19	18	BattleKeywords.json
Thirsting	饥渴	3	34	Bufs.json
Fluorescence	荧光灯	15	22	Enemies-a1c5p3.json
Rights	权利	18	19	MirrorDungeonUI_2.json
Featured	可能出现	21	16	MirrorDungeonUI_4.json
Encounter Reward Cards	遭遇战奖励卡	11	26	MirrorDungeonUI_4.json
Wishmaking	祈愿	8	29	MirrorDungeonUI_6.json
Concentration	集中精神	15	22	Passives.json
HP Bullets	HP弹	12	25	Passives_Abnormality_Refraction1BokGak.json
Section 1	第1区段	20	17	RailwayDungeonUI_4.json
Skin Prophet	人皮预言者	18	18	AbEvents-a1c5p3.json
Ambling Pearl	陆行珍珠	18	18	AbEvents-a1c5p3.json
Dream-Devouring Siltcurrent	噬梦的浊流	18	18	AbEvents-a1c5p3.json
Larva	幼虫	17	19	BattleKeywords-a1c5p3.json
Blooming Thorn	绽放荆棘	18	18	BattleKeywords-a1c7p2.json
Eventide Glow (黃昏)	黄昏	0	36	BattleKeywords-a1c9p3.json
Clash Power Down	拼点威力降低	17	19	BattleKeywords-tkt.json
Headstrong	顽强	9	27	BattleKeywords_Mirror3.json
Take Less Damage	受到的伤害减少强化	32	4	BattleKeywords_Mirror4.json
Respite	安息之地	34	2	EGOgift_MirrorDungeon.json
Bloodied Scabbard	染血剑鞘	21	15	Items.json
Redirect	卸力	31	5	Passives.json
My Lord	主公啊	34	2	Passives_Abnormality-a1c8p2.json
Overloaded	过载	11	25	Passives_Abnormality-a1c9p3.json
Vroom-vroom	布隆布隆	13	23	StageNode1-1.json
Seized	抢夺	28	8	StageNode1-4.json
Canned Experience	经验罐头	16	20	StoryTheaterDanteNote_13.json
Refraction Railway Line 4	折射轨道4号线	16	20	StoryTheaterDanteNote_7.json
Nothing happened.	什么都没有发生	24	11	AbEventsResultLog_Refraction4.json
Effloresced E.G.O::GasHarpoon	绽放E.G.O::燃气捕鲸叉	0	35	AbnormalityGuides-a1c5p3.json
The Knight of Despair	绝望骑士	13	22	AbnormalityGuides-walpu6.json
Blunt Power Up	打击威力提升	14	21	BattleKeywords.json
HP Healing Down	体力恢复降低	12	23	BattleKeywords.json
Body Reinforcement	肉体强化	2	33	BattleKeywords_Mirror4.json
Shi Yihua	史易华	15	20	Enemies-a1c8p2.json
Generator	发电机	16	19	Enemies.json
Sea Terror Sample	恐鱼标本	22	13	Items.json
Bondage	拘束	2	33	Passives_Abnormality-a1c9p3.json
Corporism	人体派	9	26	Passives_Abnormality-a1c9p3.json
Undertake Prescript	执行指令	9	26	Passives_Abnormality-mr7.json
Respite	暂息	34	1	Passives_Abnormality-walpu6.json
The Front Gate	正门	13	22	StageNode-a1c6p1.json
To be Free from Aging and Death	不老不死	0	35	StageNode-a1c8p1.json
Refraction Railway Line 1	折射轨道1号线	17	18	StoryTheaterDanteNote_4.json
Emptied	放空	19	15	BattleKeywords.json
Open Wound	创伤	7	27	BattleKeywords.json
Base Power Up	基础威力强化	32	2	BattleKeywords_Mirror3.json
High-risk	高风险	22	12	BattleKeywords_Refraction5.json
Info. Team Passage	情报部	2	32	
Info. Team Lobby	情报部	2	32	
The Spider's Thread	蜘蛛网	4	30	EGOgift_MirrorDungeon_7.json
Rest Stop	休息点	3	31	MirrorDungeonUI_2.json
Rest Bonus	休息奖励	14	20	MirrorDungeonUI_3.json
Number of E.G.O Gifts sold at Shops +1	[商店]	0	34	
Sells higher Tier E.G.O Gifts	[商店]	0	34	
Number of E.G.O Gifts sold at Shops +1	[商店]	0	34	
Refresh Cost -20%	[商店]	0	34	
E.G.O Gift purchase Cost -5%	[商店]	0	34	
Tier 1 E.G.O Gift purchase Cost -7.5%	[商店]	0	34	
Tier 2E.G.O Gift purchase Cost -7.5%	[商店]	0	34	
Tier 3 E.G.O Gift purchase Cost -7.5%	[商店]	0	34	
Tier 4+ E.G.O Gift purchase Cost -7.5%	[商店]	0	34	
Burn E.G.O Gift purchase Cost -7.5%	[商店]	0	34	
Bleed E.G.O Gift purchase Cost -7.5%	[商店]	0	34	
Tremor E.G.O Gift purchase Cost -7.5%	[商店]	0	34	
Rupture E.G.O Gift purchase Cost -7.5%	[商店]	0	34	
Sinking E.G.O Gift purchase Cost -7.5%	[商店]	0	34	
Poise E.G.O Gift purchase Cost -7.5%	[商店]	0	34	
Charge E.G.O Gift purchase Cost -7.5%	[商店]	0	34	
Slash E.G.O Gift purchase Cost -7.5%	[商店]	0	34	
Pierce E.G.O Gift purchase Cost -7.5%	[商店]	0	34	
Blunt E.G.O Gift purchase Cost -7.5%	[商店]	0	34	
Keywordless E.G.O Gift Purchase Cost -7.5%	[商店]	0	34	
Number of E.G.O Gifts sold at Shops +1	[商店]	0	34	
Tier 1 E.G.O Gift sale Cost +20%	[商店]	0	34	
Tier 2 E.G.O Gift sale Cost +20%	[商店]	0	34	
Tier 3 E.G.O Gift sale Cost +20%	[商店]	0	34	
Tier 4+ E.G.O Gift sale Cost +20%	[商店]	0	34	
Skill Replacement Cost -20%	[商店]	0	34	
20% chance for a Cost-free Refresh	[商店]	0	34	
Purchased	已购买	28	6	MirrorDungeonUI_5.json
{0}F	{0}层	0	34	MirrorDungeonUI_6.json
Defense Mechanism	防御机制	17	17	Passives_Abnormality-a1c9p3.json
Tenacious	坚韧	14	20	Passives_Abnormality-mowe.json
Deep Breath	深呼吸	18	16	Passives_Abnormality_Refraction5.json
Bloodfiend Hunter	血魔猎人	14	20	Passives_Enemy-a1c7p1.json
Borrow Time	时间租赁	8	26	Passives_Enemy-tkt.json
Kidnappers	绑匪	7	27	StageNode-a1c5p1.json
The Diary	日记本	13	21	StageNode-a1c6p1.json
Roseate Desire	粉红欲望	17	17	StageNode-a1c9p1.json
Refraction Railway Line 3	折射轨道3号线	13	21	StoryTheaterDanteNote_6.json
Lobotomy Corp. Headquarters	脑叶公司本部	6	28	UnitKeyword.json
Persistence	坚韧	13	20	BattleKeywords-a1c9116.json
Accumulated Past	累积的过去	17	16	BattleKeywords-tkt-re.json
Flotsam	漂流物	21	12	Enemies-a1c5p3.json
Extra Charge	额外消耗	1	32	MirrorDungeonUI_6.json
Bestow	指点	18	15	Passives.json
Lost & Found	失物招领处	0	33	RailwayDungeonUI.json
The Makeover	打扮	2	31	StageNode-a1c6p1.json
Inspection	盘查	26	7	StageNode1-3.json
The 3rd Walpurgis Night	第3次 瓦尔普吉斯之夜	17	16	StageNode91-8.json
Refraction Railway Line 5	折射轨道5号线	15	18	StoryTheaterDanteNote_10.json
The Artery	动脉	8	24	ActionEvents-a1c5p3.json
Corpus Ingredient	活体材料	16	16	BattleKeywords-a1c9p1.json
Prescript: [Device] I	指令[终端]I	0	32	BattleKeywords-a1c9p2.json
Night Drifter of the Drunken Palm	醉手夜客	0	32	BattleKeywords-cultivation.json
Offense level+	攻击等级 +	0	32	BattleKeywords.json
Unjust Enrichment	不义之财	28	4	BattleKeywords.json
Scorchfield	灼热地带	22	10	BattleKeywords.json
Final Power Spurt	最终威力增强	2	30	BattleKeywords_Mirror5.json
Offense Level+	攻击等级 +	0	32	Bufs.json
Squalidity	污秽	2	30	EGOgift_MirrorDungeon-StoryTheme.json
Resolution	决意	19	13	EGOgift_MirrorDungeon.json
Flower-burying Pin	葬花针	18	14	Enemies_Refraction6.json
S.E.A.	去·海·边	9	23	MirrorDungeonTheme-1.json
The Spiders' Thread	蜘蛛网	2	30	StageNode-a1c9p1.json
The 4th Walpurgis Night	第4次 瓦尔普吉斯之夜	16	16	StageNode91-11.json
Bloodthirst	渴血	21	10	BattleKeywords-mowe.json
BongBong Orange	橙子味的噗扭扭	27	4	BattleKeywords-walpu8.json
Predation	捕食	6	25	BattleKeywords.json
사용하지 않음	未使用	0	31	BattleKeywords.json
Floor Theme	阶层主题	17	14	MirrorDungeonUI_4.json
For the Family	为了家人	19	12	Passives-a1c9116.json
Palermitan Style	巴勒莫剑术	27	4	Passives.json
Golden Time	黄金时间	14	17	Passives_Abnormality_Refraction2.json
The 2nd Walpurgis Night	第2次 瓦尔普吉斯之夜	16	15	StageNode91-6.json
Make a Wish	祈愿	1	29	ActionEvents.json
Omen Talisman	不祥符咒	14	16	BattleKeywords-a1c8p2.json
K Corp Ampule	K公司的安瓿	9	21	BattleKeywords.json
Base Power Spurt	基础威力增强	2	28	BattleKeywords_Mirror5.json
Overwhelmed	无措	16	14	Bufs.json
Öufi Assoc. Director	Öufi协会收尾人 科长	0	30	Enemies-a1c6p2.json
Maw	大嘴	24	6	Enemies.json
Logs	记录阅览	29	1	RailwayDungeonUI.json
Hatching	孵化	2	28	StageNode-a1c9p3.json
Prosthetic Fixers	义体收尾人	3	27	StageNode91-10.json
Hell’s Chicken	地狱鸡	0	30	StageNode91-3.json
Steam Transport Machine	蒸汽运输机	16	13	AbEvents_Refraction2.json
Fairy Queen	精灵女王	13	16	AbnormalityGuides.json
Assist Attack	援护攻击	16	13	BattleKeywords-a1c5p3.json
Focused Attack	集中攻击	12	17	BattleKeywords-a1c7p1.json
Corpus Theater	人体观剧	13	16	BattleKeywords-a1c9p3.json
Pierce DMG Up	突刺伤害强化	13	16	BattleKeywords.json
Frailness	衰弱	10	19	BattleKeywords_Mirror6.json
Event Effect	事件效果	5	24	Bufs.json
Kkomi	可米	10	19	Enemies-hidden.json
Mirror of Names and Spiders	名与蛛之镜	0	29	MirrorDungeonName.json
Select Sinner	选择罪人	6	23	MirrorDungeonUI.json
Just in Case	有备无患	27	2	MirrorDungeonUI_2.json
My Responsibility	我来负责	12	17	Passives.json
Multifold Retribution	加倍奉还	8	21	Passives_Enemy-a1c5p2.json
Introductions	自我介绍	7	22	StageNode1-0.json
Misconceptions	误解	2	27	StageNode91-27.json
Concept Incinerator	概念焚化炉	13	16	StoryTheaterDanteNote_11.json
R.B.	良·派	14	15	UnitKeyword.json
Ebony Queen's Apple	黑檀女王的苹果	14	14	AbnormalityGuides-a1c9p1.json
SP Heal Efficiency Down	理智值恢复效率减少	14	14	BattleKeywords-a1c7p3.json
Iron Maiden	铁处女	14	14	BattleKeywords-a1c9p1.json
Unlock - II	解放 - II	0	28	BattleKeywords-a1c9p2.json
Amplitude Entanglement	振幅纠缠	15	13	BattleKeywords-tkt.json
Blunt Fragility	打击易损	14	14	BattleKeywords.json
Decay Ampule	崩解安瓿	11	17	BattleKeywords.json
SP Loss Efficiency	理智值减少效率	13	15	BattleKeywords.json
Amplitude Conversion	振幅转换	11	17	BattleKeywords.json
Time Moratorium	时间延付	15	13	BattleKeywords.json
Unrelenting Storm	迫近	3	25	BattleKeywords.json
Shattermark	破碎痕	15	13	BattleKeywords.json
The Knight of the White Moon	白月骑士	0	28	Enemies-a1c7p2.json
Xue Pan	薛蟠	10	18	Enemies-a1c8p2.json
The Roach Emperor	蜚蠊皇帝	4	24	Enemies-a1c9p3.json
Mirror of Mirrors	镜中之镜	14	14	MirrorDungeonName.json
Suspicion	疑心	24	4	StageNode91-16.json
School of Corporism	人体派	2	26	UnitKeyword.json
Unobservable	无法观测	15	12	BattleKeywords-a1c6p3.json
The Weak	弱者	14	13	BattleKeywords-a1c7p1.json
Attachment	依恋	21	6	BattleKeywords-a1c7p3.json
Onus	压迫感	7	20	BattleKeywords-a1c9p2.json
The Yellow Harpoon	蜜黄标枪	13	14	BattleKeywords-a1c9p2.json
Trussed	捕缚	16	11	BattleKeywords-exme.json
Remembrance	追悼	13	14	BattleKeywords.json
Regroup	重整旗鼓	16	11	BattleKeywords_Mirror3.json
Firepower	火力	9	18	BattleKeywords_Mirror7.json
In the Future	未来状态	21	6	BattleKeywords_Refraction6.json
Downpour	暴雨	11	16	EGOgift_MirrorDungeon.json
Fluorescent Lamp	荧光灯	5	22	EGOgift_MirrorDungeon.json
Sword Sharpened with Tears	泪锋之剑	12	15	EGOgift_walpu6.json
Free Lunacy	免费狂气	13	14	Items.json
The Noon of Violet	紫罗兰的正午	12	15	MirrorDungeonTheme-1.json
The Dusk of Amber	琥珀色的黄昏	13	14	MirrorDungeonTheme-1.json
Summary	概要	18	9	MirrorDungeonUI_3.json
Unacquired	未拥有	3	24	MirrorDungeonUI_7.json
Impale	剜出	23	4	Passives.json
The Ring Fauvist Student	环指 野兽派学徒	16	11	Passives.json
oh no	本不该如此	26	1	Passives_Enemy-a1c8p1.json
Baile y Rola	舞蹈	4	23	StageNode1-2.json
The Hierarchy	排名	4	23	StageNode91-14.json
Terra	泰拉	10	17	StageNode91-20.json
Combat Capability	战斗力	5	22	StoryTheaterDanteNote_6.json
Impurity	不洁	7	19	BattleKeywords-a1c5p2.json
Tangle	捆缚	13	13	BattleKeywords-a1c5p3.json
Savage Tigermark Round	猛虎标弹	8	18	BattleKeywords-a1c8p3.json
Degraded Corrosion	劣化侵蚀	13	13	BattleKeywords-a1c9p3.json
Moonlight	月华	21	5	BattleKeywords.json
Rags	破布	16	10	EGOgift_MirrorDungeon.json
Baba Yaga	芭芭雅嘎	11	15	Enemies.json
Nocturnal Sweeping BokGak	深夜清扫 复刻	14	12	MirrorDungeonTheme-1.json
Fair Winds	顺风	1	25	MirrorDungeonUI_4.json
Strife	斗争	17	9	Passives.json
Standby	待命状态	19	7	Passives_Enemy-pilgrimage.json
Xue Baochai	薛宝钗	11	15	StageNode-a1c8p1.json
N Corp. Fanatic	N公司狂信徒	10	16	UnitKeyword.json
So That No One Will Cry	因而无人哭泣	0	25	AbEvents.json
Fairy-Long-Legs	长腿精灵	10	15	AbEvents_Refraction2.json
Distorted Hohenheim	扭曲的霍恩海姆	8	17	AbnormalityGuides-a1c9114.json
Training Team Captain	培训部队长	15	10	BattleKeywords-walpu4.json
Blood Sac	血囊	13	12	BattleKeywords.json
Sinking Deluge	沉沦泛滥	11	14	BattleKeywords.json
Overcharge	过度充能	10	15	BattleKeywords.json
Enkephalin Box	脑啡肽盒子	8	17	Items.json
Severed Thread	被斩断的线	15	10	Items.json
2 Gifts	2件	1	24	MirrorDungeonUI_4.json
Choice Effects	事件效果	1	24	MirrorDungeonUI_5.json
Default	默认	15	10	MirrorDungeonUI_6.json
Frenzy	热气	13	12	Passives_Abnormality-mr7-extreme.json
Reinforcements	战力强化	22	3	Passives_Enemy-a1c6p2.json
...ked	…记	0	25	Passives_Enemy-a1c6p3.json
Sharp Edge	利刃	7	18	Passives_Enemy.json
Reclaiming	夺回	2	23	StageNode1-4.json
The Carousel	旋转木马	9	15	AbEvents_Mirror6.json
Poisonous Dimension	剧毒沸腾的次元	12	12	BattleKeywords-Refraction2BokGak.json
Blood-tinged Scissorblades II	染血的剪刃II	10	14	BattleKeywords-a1c7p1.json
Bloodied Hand II	染血之手II	10	14	BattleKeywords-a1c7p3.json
Hardblood II	硬血II	10	14	BattleKeywords-a1c7p3.json
Thrashing to Hatch	为破卵而出的挣扎	12	12	BattleKeywords-cultivation.json
Plus Coin Boost	加算硬币强化	12	12	BattleKeywords.json
Pink Ribbons	粉红丝带	17	7	BattleKeywords.json
Photoelectricity	光电	17	7	BattleKeywords.json
Blue Sand	青沙	13	11	BattleKeywords.json
Resentful Scabbard	寄宿怨恨的剑鞘	14	10	BattleKeywords.json
Clash Power Spurt	拼点威力增强	2	22	BattleKeywords_Mirror5.json
Mounting Trials	追加的苦难	16	8	BattleKeywords_Mirror5.json
Shelter	避难所	22	2	DungeonArea1-2.json
Dodoru	多多鲁	8	16	Enemies-a1c951.json
Rufo	卢佛	11	13	Enemies-twth.json
Mariachi Alegre	阳光的流浪乐队成员	21	3	Enemies.json
Inverted Scale	逆鳞	16	8	Enemies_Refraction6.json
Featured	可出现	21	3	MirrorDungeonUI_7.json
NOTHING TO SEE HERE	不该出现的文本	6	18	Passives_Abnormality-a1c6p2.json
Clear Rewards	清剿奖励	21	3	RailwayDungeonUI.json
Violin	小提琴	11	13	StageNode-a1c6p2.json
Second Kindred	二代眷属	8	16	UnitKeyword-a1c7p2.json
Perky Penguins	企鹅班	12	12	UnitKeyword-x1p1c1.json
Coagulated Blood	硬化血液	2	21	BattleKeywords-mowe.json
Resonant	共振	12	11	BattleKeywords.json
Gaze of Contempt	轻蔑的视线	12	11	BattleKeywords.json
Denial [不許]	不许	0	23	BattleKeywords.json
Faint Aroma	余香	14	9	BattleKeywords.json
Four-leaf Clover	四叶草	6	17	EGOgift_MirrorDungeon.json
Devotion	虔诚	9	14	EGOgift_MirrorDungeon.json
Bongy Plush	小凤玩偶	2	21	EGOgift_MirrorDungeon_7.json
Hand of the Saint	圣徒之手	13	10	Enemies-pilgrimage.json
Fruit of Understanding	理解的果实	10	13	Enemies-walpu4.json
BongBong [Orange]	噗扭扭[橙子味]	0	23	Enemies-walpu8.json
On Team	在队伍中	2	21	MirrorDungeonUI.json
Unlocks Burn E.G.O Gifts Category	[初始E.G.O饰品]	0	23	
Unlocks Bleed E.G.O Gifts category	[初始E.G.O饰品]	0	23	
Unlocks Tremor E.G.O Gifts category	[初始E.G.O饰品]	0	23	
Unlocks Rupture E.G.O Gifts category	[初始E.G.O饰品]	0	23	
Unlocks Sinking E.G.O Gifts category	[初始E.G.O饰品]	0	23	
Unlocks Poise E.G.O Gifts category	[初始E.G.O饰品]	0	23	
Unlocks Charge E.G.O Gifts category	[初始E.G.O饰品]	0	23	
Unlocks Slash E.G.O Gifts category	[初始E.G.O饰品]	0	23	
Unlocks Pierce E.G.O Gifts category	[初始E.G.O饰品]	0	23	
Unlocks Blunt E.G.O Gifts category	[初始E.G.O饰品]	0	23	
Deal +2.5% damage	[战斗]	0	23	
Offense Level +1	[战斗]	0	23	
Take -2.5% damage	[战斗]	0	23	
Defense Level +1	[战斗]	0	23	
Incomplete	未达成	20	3	MirrorDungeonUI_6.json
Exploring	探索进行中	22	1	MirrorDungeonUI_6.json
Bloodsucking	吸血	10	13	Passives_Abnormality-mowe.json
Domineer	威严	3	20	Passives_Enemy-a1c5p2.json
Section 2	第2区段	11	12	RailwayDungeonUI_4.json
Rocks	暗礁	17	6	StageNode-a1c5p2.json
The Fireplace	壁炉	7	16	StageNode-a1c6p1.json
???'s Fathoms	？？？的心象	0	23	StageNode91-27.json
Tedium	乏味	6	17	StageNode91-5.json
Portrait of a Certain Day	某日的肖像	0	22	AbEvents_Refraction4.json
Podao	朴刀	12	10	BattleKeywords-a1c8p1.json
Lævateinn	莱瓦汀	0	22	BattleKeywords-a1c9p3.json
Tear-sharpened	泪锋	5	17	BattleKeywords-walpu6.json
Wrath Fragility	暴怒易损	11	11	BattleKeywords.json
Red Plum Blossom	红梅	2	20	BattleKeywords.json
Refracted Rupture	折射的破裂	11	11	BattleKeywords_Refraction5.json
Ritual Square	仪式广场	11	11	DungeonArea1-3.json
Exquisite Artwork	杰作	1	21	EGOgift_MirrorDungeon_7.json
Number-nuts Hooligan	不识数的流氓	11	11	Enemies.json
Classified Data	机密文件	12	10	Items.json
Chachihu [揷翅虎]	插翅虎	0	22	Passives-BossRaid.json
It's Not Over Yet	还没结束	1	21	Passives_Abnormality-a1c7p1.json
Grueling Battle	苦战	7	15	Passives_Abnormality-a1c9p3.json
NOT FOR DISPLAY	不该出现的文本	4	18	Passives_Abnormality.json
For Everyone	为了所有人	19	3	Passives_Enemy-tkt-re.json
Affection and Resentment	爱憎	10	11	BattleKeywords-a1c9p2.json
Swordplay of the Homeland [Sal]	本国剑术[肉]	0	21	BattleKeywords-exme.json
Compulsion	自残	16	5	BattleKeywords.json
Eyes and Teeth for an Eye	加倍奉还	0	21	BattleKeywords_Mirror4.json
Kumo no Ito · otI on akA	蛛丝赤	0	21	BattlePass-a1c9.json
Right Heart Atrium	右心房	5	16	DungeonArea-a1c5p3.json
A Drop	落坠的一滴	20	1	EGOgift_MirrorDungeon_6.json
Leafy Gnome	绿色小矮人	10	11	Enemies-a1c951.json
Cherry Gnome	红色小矮人	10	11	Enemies-a1c951.json
The Last Knight	最后的骑士	10	11	Enemies-pilgrimage.json
Doomsday Clay Doll	终末土偶	8	13	Enemies.json
Confirmation Bias	验证偏差	10	11	Passives_Abnormality-a1c9p3.json
This Can't Be	这不可能	9	12	Passives_Enemy-a1c6p2.json
Clear Turns	通关回合数	6	15	RailwayDungeonUI.json
Enemy Buffs	敌方BUFF	9	12	RailwayDungeonUI_2.json
Clear Info	通关信息	11	10	RailwayDungeonUI_5.json
There's no TIME	没时间了	11	10	StageNode-a1c6p1.json
New Hires	新员工	10	11	StageNode-a1c9p2.json
Hide-and-Seek	捉迷藏	11	10	StageNode-a1c9p2.json
The Negotiation	谈判	2	19	StageNode91-10.json
X Corp.	X公司	8	13	StoryTheaterDanteNote_9.json
Cheery Chickies	小鸡班	11	10	UnitKeyword-x1p1c1.json
Daily Life	日常生活	8	12	AbEvents-tktRe.json
Stand in his way.	阻止他。	9	11	AbEvents.json
Drenched Gossypium	浸染棉花	9	11	AbEvents_Refraction3.json
Peccatulum Irae	暴怒罪种	9	11	AbnormalityGuides.json
Prey Mark	猎物标记	9	11	BattleKeywords-a1c5p3.json
Breaking Heart	撕碎的心	7	13	BattleKeywords-a1c6p3.json
Blood-tinged Scissorblades III	染血的剪刃III	10	10	BattleKeywords-a1c7p1.json
Bloodied Hand III	染血之手III	10	10	BattleKeywords-a1c7p3.json
Hardblood III	硬血III	10	10	BattleKeywords-a1c7p3.json
Dialogues	问答	4	16	BattleKeywords-a1c8p2.json
Dihui Star's Blade	地慧星刀	10	10	BattleKeywords-a1c9p2.json
Acceleration Round	加速弹	10	10	BattleKeywords-a1c9p3.json
Imitation of a Father	仿造的父辈	10	10	BattleKeywords-a1c9p3.json
Time Acceleration	时间加速	8	12	BattleKeywords-tkt.json
Oppression	无措	6	14	BattleKeywords.json
Wrath DMG Up	暴怒伤害强化	10	10	BattleKeywords.json
Sloth DMG Up	怠惰伤害强化	10	10	BattleKeywords.json
Golden Sheen	金光	4	16	BattleKeywords.json
Interlocking Time	啮合的时间	10	10	BattleKeywords.json
Pierce Power Up	突刺威力提升	10	10	BattleKeywords.json
Echoes of the Manor	山庄的回响	10	10	BattleKeywords.json
Contempt of the Gaze	视线的轻蔑	11	9	BattleKeywords.json
Final Power Boost	最终威力增幅	10	10	BattleKeywords_Mirror5.json
Hemorrhaging Dimension	血流成河的次元	10	10	BattleKeywords_Refraction2.json
Tremoring Dimension	震颤不止的次元	10	10	BattleKeywords_Refraction2.json
Electrifying Dimension	电流涌动的次元	10	10	BattleKeywords_Refraction2.json
Seasonal	赛季任务	19	1	BattlePass.json
Black Ledger	黑色账簿	10	10	EGOgift_MirrorDungeon-EventTheme.json
Rusted Hilt	锈蚀的刀柄	10	10	EGOgift_MirrorDungeon-EventTheme.json
Gondola	座舱	10	10	Enemies-a1c7p3.json
Old G Corp. Head Manager	旧G公司部长	0	20	Enemies.json
Steam Blaster	蒸汽枪	13	7	Enemies_Refraction2.json
Bus-modifying Scrap	巴士改装废料	18	2	Items.json
Entertainment	玩世不恭	18	2	Passives.json
Blinkblade	快刀	1	19	Passives.json
Try Again	再次挑战	16	4	RailwayDungeonUI_2.json
Active Effects	生效的效果	10	10	RailwayDungeonUI_6.json
Decay Ampules	崩解安瓿	3	17	StageNode1-4.json
Capo IIII	指挥官IIII	10	10	UnitKeyword.json
Peccatulum Pigritiae	怠惰罪种	10	9	AbnormalityGuides.json
You Want To Get Beat? Hurtily?	你想挨打吗？很想？	0	19	AbnormalityGuides.json
Will You Play?	玩吗？	0	19	AbnormalityGuides_Refraction6.json
Deception	暗算	14	5	BattleKeywords-a1c9116.json
Way of the Blade	剑道	8	11	BattleKeywords-a1c9p3.json
Central Command Team Captain	中央本部队长	9	10	BattleKeywords-walpu6.json
Envy Fragility	嫉妒易损	5	14	BattleKeywords.json
Weakness Analyzed	弱点分析	8	11	BattleKeywords.json
Max HP Up	体力上限提升	8	11	BattleKeywords.json
Bloodflame [血炎]	血炎	0	19	BattleKeywords.json
Phantom Trace	残影	4	15	BattleKeywords.json
Blooming Sin	绽放的罪孽	12	7	BattleKeywords_Refraction2.json
Affection and Hatred	爱与憎	1	18	Bufs.json
Heart of the Whale	鲸的心脏	6	13	DungeonArea-a1c5p3.json
Equalizer	平等	1	18	EGOgift_MirrorDungeon-EventTheme_2.json
Chains of Loyalty	忠义锁链	9	10	EGOgift_MirrorDungeon-EventTheme_2.json
Lightning Rod	避雷针	11	8	EGOgift_MirrorDungeon.json
Right Hand	右手	8	11	Enemies-a1c6p3.json
Mariachi Vivaz	轻快的流浪乐队成员	15	4	Enemies.json
Level Boost Ticket V	人格等级直升券V	7	12	Items-a1c7p1.json
LCB Regular Check-up BokGak	LCB定期体检 复刻	10	9	MirrorDungeonTheme-1.json
Purchase E.G.O Gifts	购买E.G.O饰品	7	12	MirrorDungeonUI_4.json
E.G.O Gift Enhance Cost -7.5%	[休息点]	0	19	
Tier 1 E.G.O Gift Enhance Cost -7.5%	[休息点]	0	19	
Tier 2 E.G.O Gift Enhance Cost -7.5%	[休息点]	0	19	
Tier 3 E.G.O Gift Enhance Cost -7.5%	[休息点]	0	19	
Tier 4+ E.G.O Gift Enhance Cost -7.5%	[休息点]	0	19	
Burn E.G.O Gift Enhance Cost -7.5%	[休息点]	0	19	
Bleed E.G.O Gift Enhance Cost -7.5%	[休息点]	0	19	
Tremor E.G.O Gift Enhance Cost -7.5%	[休息点]	0	19	
Rupture E.G.O Gift Enhance Cost -7.5%	[休息点]	0	19	
Sinking E.G.O Gift Enhance Cost -7.5%	[休息点]	0	19	
Poise E.G.O Gift Enhance Cost -7.5%	[休息点]	0	19	
Charge E.G.O Gift Enhance Cost -7.5%	[休息点]	0	19	
20% chance to refund Enhancement Cost	[休息点]	0	19	
E.G.O Gift Enhance Cost -10%	[休息点]	0	19	
Slash E.G.O Gift Enhance Cost -7.5%	[休息点]	0	19	
Pierce E.G.O Gift Enhance Cost -7.5%	[休息点]	0	19	
Blunt E.G.O Gift Enhance Cost -7.5%	[休息点]	0	19	
Keywordless E.G.O Gift Enhance Cost -7.5%	[休息点]	0	19	
Unselectable	无法选择	4	15	MirrorDungeonUI_6.json
E.G.O Gift Search	E.G.O饰品观测	9	10	MirrorDungeonUI_6.json
Virescent Pyrojade	翠炎玉器	9	10	Passives.json
ANIKSHANA	不该出现的文本	1	18	Passives_Abnormality_Refraction.json
THREE WISE TEXTS	不该出现的文本	1	18	Passives_Abnormality_Refraction.json
Meat Gear	血肉齿轮	8	11	Passives_Enemy-walpu5.json
Inaccessible	无法阅览	14	5	StageNode91-10.json
Early Elephants	大象班	9	10	UnitKeyword-x1p1c1.json
Peccatulum Gulae	暴食罪种	9	9	AbnormalityGuides.json
Peccatulum Morositatis	忧郁罪种	9	9	AbnormalityGuides.json
Sleeping Bag of a Bygone Day	往昔的睡袋	0	18	AbnormalityGuides_Refraction5.json
Der Fluchschütze	凶弹射手	0	18	AbnormalityGuides_Refraction5.json
Flash Phenomenon	闪光现象	9	9	AbnormalityGuides_exme.json
Festive Fever	庆典的热潮	8	10	BattleKeywords-a1c7p2.json
Starved and Withered	饥饿与衰老	9	9	BattleKeywords-a1c7p3.json
Fixed Panic	固定恐慌	9	9	BattleKeywords-twth.json
Deep Inhale	深呼吸	2	16	BattleKeywords.json
Dark Cloud Blade	黑云刀	6	12	BattleKeywords.json
Final Power Boost I	最终威力增强I	2	16	BattleKeywords_Mirror4.json
Resilient I	强韧I	4	14	BattleKeywords_Mirror4.json
Crown of Thorns	冠冕	10	8	BattleKeywords_Refraction2.json
Red-stained Gossypium	红染棉花	9	9	BattleKeywords_Refraction3.json
Nebulizer	雾化吸入器	9	9	BattleKeywords_Refraction5.json
Refracted Bleed	折射的流血	9	9	BattleKeywords_Refraction5.json
Limbus Pass Package Special Banner	边狱组合包特别横幅	0	18	BattlePass.json
Broken Blade	损坏的刀刃	7	11	EGOgift_MirrorDungeon-EventTheme.json
Metronome	节拍器	9	9	EGOgift_MirrorDungeon-EventTheme_2.json
Carmilla	卡蜜拉	10	8	EGOgift_MirrorDungeon.json
Artistic Sense	美感	3	15	EGOgift_MirrorDungeon.json
Reverberation	残响	9	9	EGOgift_MirrorDungeon.json
Golden Hour	黄金时间	1	17	EGOgift_MirrorDungeon_7.json
Ohra Bond	捕绳	4	14	EGOgift_MirrorDungeon_7.json
Famished Hooligan	饥肠辘辘的流氓	9	9	Enemies.json
Flower-burying Wedge	葬花楔	9	9	Enemies_Refraction6.json
Pocket Watch Bundle	成捆怀表	11	7	Items.json
Fixer Recov. Pack	收尾人乘客复原包	11	7	Items.json
Keyword Refresh	关键词刷新	9	9	MirrorDungeonUI_4.json
In Memoriam	追悼	4	14	Passives.json
Reloader	再次装填	1	17	Passives.json
Koi-Koi [こいこい]	来来	0	18	Passives.json
Estimation	评估	2	16	Passives_Abnormality-a1c8p2.json
LOOK AWAY!	不该出现的文本	0	18	Passives_Abnormality_Refraction4.json
Mission Progress	执行任务	2	16	Passives_Enemy-a1c8p1.json
Banner Requisites	横幅获取条件	9	9	RailwayDungeonUI.json
Contestants	选手入场	17	1	StageNode1-2.json
Off the Bus	全员下车	11	7	StageNode1-4.json
The Vehicle	移动装置	9	9	StageNode91-14.json
Dissolution	瓦解	4	14	StageNode91-4.json
Soldato II	士兵II	9	9	UnitKeyword.json
Fairy Longlegs	长腿精灵	2	15	AbEvents.json
Fairy Mass	精灵畸块	8	9	AbnormalityGuides.json
Written in the Book	写进账簿	8	9	BattleKeywords-BossRaid.json
Swig	小酌	12	5	BattleKeywords-a1c8p1.json
Mutilated Memory	被千刀万剐的记忆	7	10	BattleKeywords-a1c8p3.json
Intelligence Gathering	获取情报	7	10	BattleKeywords-exme.json
Dokkaebi Arms	鬼怪之臂	8	9	BattleKeywords-exme.json
Welfare Team Model Employee	福利部优秀员工	8	9	BattleKeywords-walpu6.json
Lust Fragility	色欲易损	8	9	BattleKeywords.json
Erudition	磨砺学识	13	4	BattleKeywords.json
Impending Ruin	破灭将至	6	11	BattleKeywords.json
Exalted Command	遵命	2	15	BattleKeywords.json
In the Present	现在状态	11	6	BattleKeywords_Refraction6.json
Heal All	全体恢复	16	1	Bufs.json
Santata	桑塔塔	7	10	Enemies-a1c951.json
Left Leg	左腿	8	9	Enemies.json
Bean-hating Tingtanger	讨厌豆子的豆豆帮成员	8	9	Enemies.json
King Trash Crab	帝王废料蟹	8	9	Enemies91-4.json
Level Boost Ticket I	人格等级直升券I	2	15	Items.json
Ritornello	Ritornello	8	9	MirrorDungeonUI_4.json
Pack Search	主题卡包观测	7	10	MirrorDungeonUI_6.json
Theme Pack Observation	主题卡包观测	7	10	MirrorDungeonUI_6.json
Ignition	引燃	12	5	Passives.json
Territory Protection	地区保护	10	7	Passives.json
Captain's Orders	船长的命令	7	10	Passives.json
The Fixer at the Crack of Dawn	黎明时分的收尾人	0	17	Passives.json
Thought Gear	思想齿轮	7	10	Passives_Enemy-walpu5.json
HP Ampule	HP安瓿	6	11	Passives_Enemy-x1p1c1.json
Backup Deployed	待命人员编队	1	16	RailwayDungeonUI_4.json
Recommended Levels	入场推荐配置	8	9	RailwayDungeonUI_4.json
The Spider's Thread	蜘蛛丝	4	13	StageNode-a1c9p3.json
Stop Right There	别动	2	15	StageNode1-2.json
The Next Destination	下一个目的地	3	14	StageNode91-25.json
The Second Smoke War	第二次烟霾战争	7	10	UnitKeyword-a1c9p3.json
Tiansha Star	天杀星	1	16	UnitKeyword-a1c9p3.json
False Apple	假苹果	8	8	AbnormalityGuides.json
Headchicken a.k.a. Bongy	猎头鸡 a.k.a. 小凤	8	8	AbnormalityGuides.json
Dongrang, Who Denies All	否定一切的东朗	0	16	AbnormalityGuides.json
Shin (心) - Tiantui Star [天退星]	心-天退星	0	16	BattleKeywords-BossRaid.json
Heart of Evil	邪心	6	10	BattleKeywords-a1c8p2.json
Propellant Ammo	推进弹	6	10	BattleKeywords-a1c8p3.json
The Third Wave	第三波	8	8	BattleKeywords-a1c9116.json
Prescript: [Paper Slip] I	指令[纸条]I	0	16	BattleKeywords-a1c9p1.json
Prescript: [Device] II	指令[终端]II	0	16	BattleKeywords-a1c9p2.json
The Middle - Grudge	中指-仇怨	0	16	BattleKeywords-a1c9p3.json
Red String	赤丝	8	8	BattleKeywords-a1c9p3.json
Prisoner Transport Arrangements	押送准备	8	8	BattleKeywords-exme.json
Memory Transition	记忆转换	8	8	BattleKeywords-exme.json
Mauled Color [Rouge]	被撕裂的色彩[红色]	0	16	BattleKeywords-twth.json
Mauled Color [Bleu]	被撕裂的色彩[蓝色]	0	16	BattleKeywords-twth.json
Growing Resentment	郁积的怨结	9	7	BattleKeywords-ycgd.json
Taunt	嘲讽	4	12	BattleKeywords.json
Envy DMG Up	嫉妒伤害强化	7	9	BattleKeywords.json
Sloth Fragility	怠惰易损	5	11	BattleKeywords.json
Capacitor	蓄能	6	10	BattleKeywords.json
Wavering Emotions	飘忽不定的情绪	8	8	BattleKeywords.json
Wrath Power Up	暴怒威力提升	8	8	BattleKeywords.json
Nutrient Drain	吸收养分	7	9	BattleKeywords.json
Longing	思慕	13	3	BattleKeywords.json
Volatile Passion	不稳定的激情	8	8	BattleKeywords.json
Lust Power Up	色欲威力提升	8	8	BattleKeywords.json
Overheated Fuel	过热燃料	10	6	BattleKeywords.json
E.G.O Passives	E.G.O被动技能	10	6	BattleKeywords.json
Battle Instinct	战斗直觉	9	7	BattleKeywords.json
Base Power Boost I	基础威力增强I	2	14	BattleKeywords_Mirror4.json
Base Power Boost	基础威力增幅	8	8	BattleKeywords_Mirror5.json
Bloomed Rose	绽放的玫瑰	8	8	BattleKeywords_Refraction2.json
Grand Welcome	盛情款待	8	8	BattleKeywords_Refraction4.json
Homeward	归途	11	5	EGOgift_MirrorDungeon.json
Left Hand	左手	8	8	Enemies-a1c6p3.json
Sharp Hooligan	敏锐的流氓	8	8	Enemies.json
Crooked Veteran	卑鄙的残兵	8	8	Enemies.json
Thread Crate	纺锤箱	2	14	Items.json
[Sweeper Fuel Cylinder]	清道夫液态燃料罐	0	16	Items.json
Timekilling Time BokGak	时间杀人时间 复刻	7	9	MirrorDungeonTheme-1.json
Bloodtinged Ichthyic Odor	血腥味	1	15	MirrorDungeonTheme-1.json
Selected E.G.O Gift	选择E.G.O饰品	2	14	MirrorDungeonUI_3.json
Theme Pack Compendium	主题卡包图鉴	8	8	MirrorDungeonUI_4.json
Effective Affinities	有利属性	2	14	MirrorDungeonUI_4.json
E.G.O Gift Tiers	E.G.O饰品等级	2	14	MirrorDungeonUI_5.json
Default	默认排序	15	1	MirrorDungeonUI_7.json
Defibrillation	除颤	5	11	Passives.json
La Spada di Palermo	巴勒莫之剑	8	8	Passives.json
Uncovered Abyss	显露的深渊	8	8	Passives_Abnormality-a1c9p1.json
Effloresced E.G.O::Procuration	绽放E.G.O::代行	0	16	Passives_Abnormality-a1c9p2.json
Fate Lost	偏离命运	8	8	Passives_Assist-a1c9p3.json
The Winner	胜利者	9	7	StageNode1-2.json
Le Regole	纪律	5	10	BattleKeywords-a1c8p3.json
Happiness, Joy	喜、乐	0	15	BattleKeywords-a1c8p3.json
Inherited Will of Hongyuan	传承的鸿园之意	5	10	BattleKeywords-a1c8p3.json
E.G.O Resource Amp	E.G.O资源获取量提升	8	7	BattleKeywords.json
L'Hommage	敬意	4	11	BattleKeywords.json
Inhaling	吸血	2	13	Bufs.json
Fractured Blade	破碎的刀刃	4	11	EGOgift_MirrorDungeon-EventTheme.json
Thrill	快感	11	4	EGOgift_MirrorDungeon.json
Left Eye	左眼	7	8	Enemies-a1c5p1.json
Identity Takeoff Ticket	人格跳跃成长券	9	6	Items.json
Select E.G.O Gift	选择E.G.O饰品	1	14	MirrorDungeonUI.json
Active Effects	当前效果	10	5	MirrorDungeonUI_2.json
New Discovery	新发现	1	14	MirrorDungeonUI_2.json
Cannot Progress	无法进行	1	14	MirrorDungeonUI_5.json
Enhancement Tier	强化阶段	1	14	MirrorDungeonUI_7.json
Prepared Mind	心理准备	1	14	Passives.json
Your Shield	您的盾牌	7	8	Passives.json
Repression Work	压迫工作	6	9	Passives.json
Dimensional Escape	次元逃逸	10	5	Passives_Abnormality-a1c9p1.json
Maladaptation	不适应	7	8	Passives_Abnormality-a1c9p3.json
Next Station	下一站	3	12	RailwayDungeonUI_2.json
M Corp.	M公司	5	10	StoryTheaterDanteNote_9.json
First Kindred	一代眷属	6	9	UnitKeyword-a1c7p3.json
Peccatulum Superbiae	傲慢罪种	7	7	AbnormalityGuides.json
Effloresced E.G.O::Spicebush	绽放E.G.O::山茶花	0	14	AbnormalityGuides.json
Bloodfeast Consumed	消耗血宴总数	9	5	BattleKeywords-a1c7p1.json
Escape Battle	脱离战斗	2	12	BattleKeywords-a1c8p3.json
Yearning for Blood	血之渴望	6	8	BattleKeywords-a1c971.json
Unlock - III	解放 - III	0	14	BattleKeywords-a1c9p2.json
Sealed Sword	封印之剑	7	7	BattleKeywords-a1c9p3.json
Developed Memories	显影的记忆	7	7	BattleKeywords-exme.json
Weathered Knight	饱经风霜的骑士	5	9	BattleKeywords-walpu6.json
Envy Power Up	嫉妒威力提升	7	7	BattleKeywords.json
Dejection	抑郁	8	6	BattleKeywords.json
Rupture Fragility	破裂易损	7	7	BattleKeywords.json
Molted Shell Shot	蟹壳废料弹	6	8	BattleKeywords.json
Flower-burying Pin [埋花針]	葬花针	0	14	BattleKeywords.json
Fire Butterfly Coffin	炎蝶之棺	7	7	BattleKeywords.json
Clash Attack Boost	拼点攻击增强	8	6	BattleKeywords_Mirror4.json
Indulged	饱腹感	6	8	BattleKeywords_Mirror6.json
Prejudice	偏见	2	12	EGOgift_MirrorDungeon.json
Finifugality	留恋	1	13	EGOgift_MirrorDungeon.json
Wang Qingshan	王清山	6	8	Enemies-a1c8p2.json
Mirror of the Lake	湖之镜	6	8	MirrorDungeonName.json
Participant	已参战	13	1	MirrorDungeonUI.json
Thunder	霹雳	13	1	MirrorDungeonUI_4.json
Gain +50 Starting Cost	[通用]	0	14	
Gain +50 Starting Cost	[通用]	0	14	
Starlight Cost	消耗星芒	1	13	MirrorDungeonUI_4.json
And Pull	拖动	10	4	MirrorDungeonUI_4.json
Parallel Superposition EXTREME	平行叠加极限模式	7	7	MirrorDungeonUI_6.json
Theme Pack-Exclusive	主题卡包限定	7	7	MirrorDungeonUI_7.json
Tiantui Star's Blade [天退星刀]	天退星刀	0	14	Passives-BossRaid.json
Please, try again	再试一次	0	14	Passives_Abnormality-a1c7p3.json
Jealousness	猜疑	1	13	Passives_Abnormality_Refraction2.json
Combat-Ready	临战状态	9	5	Passives_Enemy-pilgrimage.json
The Northern Fixer	北部收尾人	1	13	StageNode91-10.json
Stinging	刺痛不已	11	3	StageNode91-14.json
Memory Wipe Procedure	记忆消除	7	7	StoryTheaterDanteNote_5.json
Heishou Pack - Wu Branch	黑兽 - 午	0	14	UnitKeyword.json
Heathcliff, The Heartbroken	心被撕碎的希斯克利夫	0	13	AbEvents-a1c6p3.json
Peccatulum Luxuriae	色欲罪种	7	6	AbnormalityGuides.json
Black Ledger Choice	黑色账簿 选项	8	5	ActionEvents_Mirror4.json
Queequeg's Ego	魁魁格的自我	7	6	BattleKeywords-a1c5p3.json
Inferiority Complex	自卑感	5	8	BattleKeywords-a1c6p2.json
The First Wave	第一波	7	6	BattleKeywords-a1c9116.json
The Duel Escalates	决斗高潮	6	7	BattleKeywords-a1c9p1.json
Outmoded Art	过时的艺术	5	8	BattleKeywords-a1c9p3.json
Shame of the Family	家族之耻	5	8	BattleKeywords-a1c9p3.json
Stored Blood	浸染的血液	8	5	BattleKeywords-mowe.json
Standby State	待命状态	6	7	BattleKeywords-pilgrimage.json
Trauma Shield	精神屏蔽力场	7	6	BattleKeywords-walpu6.json
Preparing Herd Migration	群体移动准备	2	11	BattleKeywords-walpu8.json
Contamination	秽物	8	5	BattleKeywords.json
Before the King	御前	5	8	BattleKeywords.json
Blubberbubble	泪珠	8	5	BattleKeywords.json
버프 이름	增益名称	0	13	BattleKeywords_Refraction5.json
Battle Pass XP	通行证经验	4	9	BattlePass.json
Ragged Umbrella	破损的雨伞	8	5	EGOgift_MirrorDungeon.json
Bloodflame Sword	血炎刀	1	12	EGOgift_cultivation.json
Giant Leaf	巨大的叶子	3	10	Enemies-a1c5p1.json
Vulgar Veteran	粗俗的残兵	11	2	Enemies.json
Right Leg	右腿	7	6	Enemies.json
Chest-puffing Tingtanger	表现欲强的豆豆帮成员	12	1	Enemies.json
Flexing Tieqiu Crewman	正在热身的铁工会成员	3	10	Enemies.json
Interrogative N Corp. Inquisitor	擅长审讯的N公司异端审判官	3	10	Enemies.json
Hatred and Despair	憎恶与绝望	6	7	MirrorDungeonTheme-1.json
Not Enough Starlight	星芒不足	6	7	MirrorDungeonUI_6.json
Floor In Progress	当前阶层	1	12	MirrorDungeonUI_6.json
Too Slow	太慢了	8	5	Passives.json
The Middle Never Forgets	中指永不遗忘	7	6	Passives.json
Explosive Emotions	爆发的情感	6	7	Passives_Abnormality-a1c6p2.json
Time to Hunt	狩猎时刻	7	6	Passives_Abnormality-a1c9p3.json
Blade Dance	剑舞	6	7	Passives_Abnormality-ycgd.json
Jin Gang Bolus	金刚丹丸	7	6	Passives_Assist-Cultivation.json
Gungnir	冈格尼尔	2	11	Passives_Assist-a1c9p2.json
Into the Dark	步入黑暗	11	2	StageNode-a1c5p3.json
Isabella	伊莎贝拉	5	8	StageNode-a1c6p3.json
To The Rooftop	去屋顶	11	2	StageNode-a1c6p3.json
Next Car	下一节车厢	4	9	StageNode91-10.json
Try Talking	与其搭话。	11	1	AbEvents.json
Bamboo-hatted Kim's Past 3	金笠的过去 3	6	6	AbEvents_Mirror7.json
Doomsday Calendar-A	终末日历-A	6	6	AbnormalityGuides.json
Pink Shoes-A	粉红鞋-A	6	6	AbnormalityGuides.json
Papa Bongy	凤老爹	6	6	AbnormalityGuides.json
Try Talking	尝试着交流。	11	1	ActionEvents.json
Deep Bereavement	深切的丧失感	6	6	BattleKeywords-a1c6p2.json
Torn Memory	撕裂的回忆	6	6	BattleKeywords-a1c8p3.json
Hollow Obedience	空虚的顺从	6	6	BattleKeywords-a1c8p3.json
Repressed Bloodthirst	压抑的杀气	4	8	BattleKeywords-a1c9116.json
Moonlit Azure Blade	月下青刀	6	6	BattleKeywords-a1c9p1.json
Ragged Breath	紊乱的呼吸	6	6	BattleKeywords-a1c9p1.json
Gungnir's Droning	冈格尼尔的共鸣	6	6	BattleKeywords-a1c9p2.json
Ridiculous Grit	过人的毅力	6	6	BattleKeywords-a1c9p3.json
K Corp. Emergency Ampule	紧急用K公司安瓿	6	6	BattleKeywords-a1c9p3.json
Accelerating Future	加速的未来	6	6	BattleKeywords-a1c9p3.json
Game Target	狩猎目标	6	6	BattleKeywords-a1c9p3.json
Sizzling Wound	灼烧着的伤口	6	6	BattleKeywords-a1c9p3.json
Shared Time	共享的时间	6	6	BattleKeywords-tkt.json
Ready to Fire	射击准备完毕	3	9	BattleKeywords-walpu5.json
Pheromone	信息素	6	6	BattleKeywords-walpu8.json
Yummers	变好吃了	7	5	BattleKeywords-x1p1c1.json
Outlash	迁怒	6	6	BattleKeywords.json
Gluttony Fragility	暴食易损	6	6	BattleKeywords.json
Ecstatic	狂喜	5	7	BattleKeywords.json
Tremor Sync	震颤同步	6	6	BattleKeywords.json
Unresolved Sorrow	尚未释怀的哀伤	6	6	BattleKeywords.json
Suicidal	自尽	5	7	BattleKeywords.json
Empty Mark	空虚的标记	6	6	BattleKeywords.json
Sloth Power Up	怠惰威力提升	6	6	BattleKeywords.json
Defensive Stance	防御姿态	3	9	BattleKeywords.json
District 12 Fuel	12区燃料	8	4	BattleKeywords.json
Commanding Cry	号令	2	10	BattleKeywords.json
Escape Battlefield	脱离战场	5	7	BattleKeywords.json
Liferender	绝命	2	10	BattleKeywords.json
Hardblood Armor	硬血甲胄	6	6	BattleKeywords.json
Emergency Barrier Battery	应急力场电池	6	6	BattleKeywords.json
Light of Daybreak	黎明之火	6	6	BattleKeywords.json
Max HP Up	体力上限强化	8	4	BattleKeywords_Mirror3.json
Growth I	生长I	2	10	BattleKeywords_Mirror5.json
Body Up I	肉体强化I	2	10	BattleKeywords_Mirror5.json
Keen I	锐利I	2	10	BattleKeywords_Mirror5.json
Final Power Up II	最终威力增强II	4	8	BattleKeywords_Mirror5.json
Base Power Up II	基础威力增强II	4	8	BattleKeywords_Mirror5.json
Protection Umbrella	保护伞	8	4	BattleKeywords_Refraction2.json
Shimmering Ember	闪烁的火种	6	6	BattleKeywords_Refraction3.json
Refracted Sinking	折射的沉沦	6	6	BattleKeywords_Refraction5.json
Life or Death	生死决断	6	6	BattleKeywords_Refraction5.json
Sunset Wayfarer's Sap	晚霞旅人的树液	6	6	BattleKeywords_Refraction6.json
Sunset Wayfarer's Moth	晚霞旅人的蛾	6	6	BattleKeywords_Refraction6.json
Level Boost Ticket VI	人格等级直升券VI	7	5	BattlePass.json
Librarian of History	历史层司书	6	6	Bufs.json
Right Heart Ventricle	右心室	4	8	DungeonArea-a1c5p3.json
Red Tassel	红色流苏	6	6	EGOgift_MirrorDungeon-EventTheme.json
Worn Hilt	陈旧的刀柄	6	6	EGOgift_MirrorDungeon-EventTheme_2.json
Green Spirit	绿光果实	6	6	EGOgift_MirrorDungeon.json
Crown of Roses	玫瑰王冠	6	6	EGOgift_MirrorDungeon.json
Glimpse of Flames	炎鳞	6	6	EGOgift_MirrorDungeon.json
Material Interference Force Field	物理屏蔽力场	3	9	EGOgift_MirrorDungeon.json
Uncapped Defibrilator	解除限制的除颤仪	6	6	EGOgift_MirrorDungeon.json
Right Eye	右眼	6	6	Enemies-a1c5p1.json
Blinded Pequod Town Villager	被蒙住双眼的裴廓德镇居民	6	6	Enemies-a1c5p3.json
Shi Sijing	史思静	6	6	Enemies-a1c8p2.json
Grant Us Love	请给我们爱	6	6	Enemies-walpu4.json
BunBun [Juicy Squeezer - Orange]	吱扭扭[橙子味榨汁机]	0	12	Enemies-walpu8.json
Scourging N Corp. Inquisitor	进行拷问的N公司异端审判官	3	9	Enemies.json
Buddha Mūrti	佛像	0	12	Enemies.json
Level Boost Ticket III	人格等级直升券III	6	6	Items.json
Level Boost Ticket IV	人格等级直升券IV	6	6	Items.json
Intro to Zhi, Yong, Ren	智·勇·仁基础入门手册	0	12	Items.json
Falling Flowers	落花	2	10	MirrorDungeonTheme-1.json
Starting E.G.O Gift Choice	选择初始E.G.O饰品	6	6	MirrorDungeonUI_3.json
Tier 1 + Tier 1	1级 + 1级	0	12	MirrorDungeonUI_4.json
Tier 1 + Tier 2	1级 + 2级	0	12	MirrorDungeonUI_4.json
Tier 2 + Tier 2	2级 + 2级	0	12	MirrorDungeonUI_4.json
Tier 2 + Tier 3	2级 + 3级	0	12	MirrorDungeonUI_4.json
Tier 3 + Tier 3	3级 + 3级	0	12	MirrorDungeonUI_4.json
Abnormality Encounter	异想体遭遇战	1	11	MirrorDungeonUI_5.json
Received Mission	下达的命令	2	10	Passives-a1c9116.json
Kokuuntō	黑云刀	0	12	Passives-ycgd.json
Hēiyúndào	黑云刀	0	12	Passives.json
Breaching	正在突破	9	3	Passives.json
Enlightenment	醒悟	8	4	Passives.json
Unstable Shell of Ego	不稳定的自我外壳	6	6	Passives.json
Variant Sancho Hardblood Arts	桑丘变体硬血式	11	1	Passives.json
Bloodflame Blade [血炎刀]	血炎刀	0	12	Passives.json
Demonfire Spinecleaver	鬼火腰击	6	6	Passives.json
Heed me, Zilu	子路啊	0	12	Passives_Abnormality-a1c8p2.json
Undertake Prescript	指令执行	9	3	Passives_Abnormality-a1c9p3.json
A Crab-eat-crab World	自相蟹肉	6	6	Passives_Abnormality91-4.json
Refracted Rupture and Sinking	折射的破裂与沉沦	6	6	Passives_Abnormality_Refraction2.json
Superiority	优越感	11	1	Passives_Abnormality_Refraction2.json
Refracted Mind	折射的意志	6	6	Passives_Abnormality_Refraction4.json
Ally Buffs	友方BUFF	1	11	RailwayDungeonUI_2.json
Resonance Tuning Fork	共鸣音叉	3	9	StageNode-a1c5p1.json
Imitations	赝品	4	8	StageNode-a1c6p2.json
Training Yard	演武场	1	11	StageNode-a1c8p1.json
Slot Machines	老虎机	5	7	StageNode1-2.json
Rough Tides	巨浪	2	10	StageNode91-20.json
An Odd Impression	奇怪的感觉	1	11	StageNode91-9.json
Luxcavation Dungeons	采光迷宫	4	8	StoryTheaterDanteNote_4.json
Districts	地区特征	11	1	StoryTheaterDanteNote_7.json
Limbus Kindergarten	边狱幼儿园	6	6	UnitKeyword-x1p1c1.json
Effloresced E.G.O::Farmwatch	绽放E.G.O::司田	0	11	AbnormalityGuides.json
Faint Memories	模糊的记忆	3	8	BattleKeywords-a1c7p3.json
Angst	郁愤	6	5	BattleKeywords-a1c8p2.json
Keen Observation	观察力	3	8	BattleKeywords-a1c9p1.json
Mad Rampage	狂怒	5	6	BattleKeywords-a1c9p3.json
Snake Venom	蛇毒	5	6	BattleKeywords-cultivation.json
Combat-Ready State	临战状态	6	5	BattleKeywords-pilgrimage.json
Call of the Bloodkin	同族的呼唤	6	5	BattleKeywords-pilgrimage.json
Hysteria	歇斯底里	5	6	BattleKeywords-walpu6.json
Requested Target	委托目标	2	9	BattleKeywords.json
Thunderer	弦惊	6	5	BattleKeywords.json
Bearing of a Salsu	杀手本位	4	7	BattleKeywords.json
Max HP +	体力上限提升	0	11	BattleKeywords_Mirror3.json
Sapling of Light Ability	光之树苗能力	5	6	DanteAbilityUIText.json
Basement Entrance	地下室入口	6	5	DungeonArea1-3.json
Torture Chamber	拷问室	5	6	DungeonArea1-3.json
Kaleidoscope	万花筒	9	2	EGOgift_MirrorDungeon-StoryTheme.json
Crown of Thorns	荆棘头冠	10	1	EGOgift_walpu4.json
Memories of the Adventure	冒险记忆	2	9	Enemies-a1c7p3.json
Shadowy Gnome	黑色小矮人	5	6	Enemies-a1c951.json
Threatening Tieqiu Crewman	咄咄逼人的铁工会成员	3	8	Enemies.json
Huge Trinkets Sack	巨大装饰品包裹	6	5	Items.json
Mirror of the Wuthering	呼啸之镜	5	6	MirrorDungeonName.json
Code Purple	紫色编码	5	6	MirrorDungeonTheme-1.json
Select Grace of Stars	选择星之恩惠	1	10	MirrorDungeonUI_5.json
Affected Units	适用对象	10	1	MirrorDungeonUI_5.json
Selected Grace of Stars	选择星之恩惠	1	10	MirrorDungeonUI_6.json
Adversity Score	制约点数	4	7	MirrorDungeonUI_6.json
Enough Games	游戏到此为止	4	7	Passives-BossRaid.json
Ten Blades of the East	东部十剑	0	11	Passives-BossRaid.json
Intense Blaze	烈火	2	9	Passives.json
Tianjiu Star	天究星	4	7	Passives.json
Diminish (貶)	贬	0	11	Passives_Abnormality-a1c8p2.json
Self-doubt	自我怀疑	5	6	Passives_Abnormality-a1c9p3.json
Blood Coagulation	血液硬化	6	5	Passives_Abnormality-mowe.json
Ragged Umbrella	磨损殆尽的伞	8	3	Passives_Abnormality.json
Bitter Smile	苦笑	1	10	Passives_Abnormality.json
Fugitive	逃亡者	9	2	Passives_Assist-exme.json
Bloody Point	血点	1	10	Passives_Enemy-a1c6p2.json
ool...	礼…	1	10	Passives_Enemy-a1c6p3.json
Augmented Body	强化肉体	3	8	Passives_Enemy.json
I've Got No Choice	那就没办法了	2	9	Passives_Enemy.json
Hangover Cure	醒酒	3	8	Passives_Enemy.json
Underpass	地下通道	2	9	StageNode1-3.json
A Corp.	A公司	4	7	StoryTheaterDanteNote_11.json
Mechanical Amalgam	机械融合生命体	5	6	UnitKeyword.json
Singing Machine Gift Options	歌唱机 饰品 选项	3	7	AbEvents-walpu8.json
Lingering Determination	遗留的意志	5	5	BattleKeywords-Refraction1BokGak.json
Pip's Ego	比普的自我	5	5	BattleKeywords-a1c5p3.json
Pallid Panic	苍白恐慌	5	5	BattleKeywords-a1c5p3.json
Explosive Wrath	爆发的暴怒	6	4	BattleKeywords-a1c6p2.json
Binding Technique	束缚法	2	8	BattleKeywords-a1c6p3.json
Broken Heart	被撕碎的心	6	4	BattleKeywords-a1c6p3.json
Sewing Target	缝纫对象	5	5	BattleKeywords-a1c7p1.json
Duel Specialist	决斗担当	5	5	BattleKeywords-a1c7p1.json
Bridle of Nihility	虚无的枷锁	5	5	BattleKeywords-a1c7p2.json
Honorable Duel	光荣的决斗	5	5	BattleKeywords-a1c7p2.json
Ailing Heart	磨灭的心	5	5	BattleKeywords-a1c7p3.json
Reawakening Joy Of Carnage	觉醒杀戮的昂扬感	5	5	BattleKeywords-a1c7p3.json
Eldtree Mutation	古木化	5	5	BattleKeywords-a1c8p2.json
Heart of Oppressive Evil	邪心深重	5	5	BattleKeywords-a1c8p2.json
Charge Circuitry Countercurrent	充能回路逆流	5	5	BattleKeywords-a1c8p2.json
Double-edged Feather	双刃羽	5	5	BattleKeywords-a1c8p2.json
Charge Order	突击指示	5	5	BattleKeywords-a1c8p2.json
Catching Breath	调息	5	5	BattleKeywords-a1c8p2.json
Extreme Strength [極力]	极力	0	10	BattleKeywords-a1c8p3.json
Flesh Scoop	肉勺	5	5	BattleKeywords-a1c8p3.json
Soft Goldcasted Heart	脆金所铸之心	5	5	BattleKeywords-a1c8p3.json
Happiness, Joy, Sorrow	喜、乐、哀	0	10	BattleKeywords-a1c8p3.json
The Second Wave	第二波	4	6	BattleKeywords-a1c9116.json
Prescript Incompliance Risk	指令崩坏的危机	5	5	BattleKeywords-a1c9p2.json
Disjunction	背离	4	6	BattleKeywords-a1c9p2.json
Body Broken Beyond Repair	破损至无可挽回的身体	5	5	BattleKeywords-a1c9p3.json
E.G.O Attunement Boost	E.G.O感应度 增加	5	5	BattleKeywords-a1c9p3.json
Wave of Somnolence	袭来的睡意	5	5	BattleKeywords-a1c9p3.json
Unbridled Steed	脱缰之马	5	5	BattleKeywords-cultivation.json
Shadow Arm	暗臂	5	5	BattleKeywords-cultivation.json
Headsplitting Memory	刺痛的记忆	5	5	BattleKeywords-exme.json
Jumbled Memories	混杂的记忆	5	5	BattleKeywords-exme.json
Intelligence Obsession	对情报的执念	5	5	BattleKeywords-exme.json
Deep-rooted Regret	沉溺的悔恨	5	5	BattleKeywords-exme.json
Battleform of the Homeland - Bearhunt	本国姿态-狩熊	0	10	BattleKeywords-exme.json
Battleform of the Homeland - Tigerhunt	本国姿态-狩虎	0	10	BattleKeywords-exme.json
Hive Mind	蜂巢意识	5	5	BattleKeywords-pilgrimage.json
Heart of Compassion	善意之心	5	5	BattleKeywords-pilgrimage.json
Broken Unity	瓦解的同盟	5	5	BattleKeywords-tkt.json
Faltering Inspiration	衰退的灵感	5	5	BattleKeywords-twth.json
Coloriage Impulsif	冲动的着色	5	5	BattleKeywords-twth.json
Deep Tears	深泪	6	4	BattleKeywords-walpu6.json
Pink Petals	粉红花瓣	5	5	BattleKeywords-walpu8.json
Slash Protection	斩击守护	5	5	BattleKeywords.json
Gloom Fragility	忧郁易损	5	5	BattleKeywords.json
Pride Fragility	傲慢易损	5	5	BattleKeywords.json
Dazzled Mind	恍惚的意识	3	7	BattleKeywords.json
Spark Discharge	电流释放	2	8	BattleKeywords.json
Single Combat	单挑决斗	3	7	BattleKeywords.json
Clashable Guard	可拼点防御	7	3	BattleKeywords.json
Melee Support	近战支援	4	6	BattleKeywords.json
Vendetta Mark	复仇对象	4	6	BattleKeywords.json
Serpent Arm	巳臂	6	4	BattleKeywords.json
Somatic Frisson-inspiring Melody	以人体奏响的旋律	5	5	BattleKeywords.json
Clash Attack Boost	拼点攻击强化	8	2	BattleKeywords_Mirror3.json
Final Power Up I	最终威力增幅 I	2	8	BattleKeywords_Mirror3.json
Defense Skill Up	守备技能强化	4	6	BattleKeywords_Mirror4.json
Amplify Body I	肉体增强I	2	8	BattleKeywords_Mirror4.json
Expand Body I	肉体扩展I	2	8	BattleKeywords_Mirror4.json
Final Power Boost II	最终威力增强II	2	8	BattleKeywords_Mirror4.json
Base Power Boost II	基础威力增强II	2	8	BattleKeywords_Mirror4.json
Resilient II	强韧II	4	6	BattleKeywords_Mirror4.json
Resilient V	强韧V	2	8	BattleKeywords_Mirror5.json
Keen V	锐利V	2	8	BattleKeywords_Mirror5.json
Body Up V	肉体强化V	2	8	BattleKeywords_Mirror5.json
Growth V	生长V	2	8	BattleKeywords_Mirror5.json
Clash Power Up V	拼点威力增强V	2	8	BattleKeywords_Mirror5.json
Final Power Up V	最终威力增强V	2	8	BattleKeywords_Mirror5.json
Base Power Up V	基础威力增强V	2	8	BattleKeywords_Mirror5.json
Backup Candy	备用糖果	5	5	BattleKeywords_Mirror6.json
Art Medium	绘画材料	4	6	BattleKeywords_Mirror7.json
Anti-Ovine Grounding Plug	对羊接地插头	5	5	BattleKeywords_Refraction4.json
Pendant of Nostalgia	追忆吊坠	5	5	BattleKeywords_Refraction5.json
A Single Breath	一次呼吸	3	7	BattleKeywords_Refraction5.json
Comfy	安乐	7	3	BattleKeywords_Refraction5.json
Max Pass Level Reward	通行证超额奖励	2	8	BattlePass.json
Preparation Room	准备室	5	5	DungeonArea-a1c8p2.json
Snowstorm Fields	暴风雪境	5	5	DungeonArea1-2.json
Central Area	中央区域	4	6	DungeonArea1-3.json
Ragged Bamboo Hat	破损的斗笠	4	6	EGOgift_MirrorDungeon-EventTheme.json
Fiery Down	炽热的羽毛	5	5	EGOgift_MirrorDungeon.json
Bloody Gadget	鲜血装饰	5	5	EGOgift_MirrorDungeon.json
Talisman Bundle	成捆的符咒	5	5	EGOgift_MirrorDungeon.json
White Gossypium	白棉花	5	5	EGOgift_MirrorDungeon.json
Nixie Divergence	辉光变动仪	5	5	EGOgift_MirrorDungeon.json
Voodoo Doll	巫毒娃娃	5	5	EGOgift_MirrorDungeon.json
Old Wooden Doll	陈旧的木雕人偶	5	5	EGOgift_MirrorDungeon.json
Ruptured Blood Sac	撕裂的血囊	5	5	EGOgift_MirrorDungeon_2.json
Wine Barrel	酒桶	3	7	Enemies-a1c5p1.json
Gagged Pequod Town Villager	被堵上嘴的裴廓德镇居民	5	5	Enemies-a1c5p3.json
The Thumb Apprentice - Lucio	拇指 子辈 - 卢西奥	0	10	Enemies-a1c9p1.json
Aggressive Gear Fanatic	好斗的齿轮狂信徒	5	5	Enemies-walpu5.json
Head Hooligan	流氓头头	5	5	Enemies.json
Casino Security Chief	赌场警卫队 队长	2	8	Enemies.json
Level Boost Ticket II	人格等级直升券II	2	8	Items.json
Luminous Sea Terror Sample	发光的恐鱼标本	6	4	Items.json
Severed and Scorched Skein	被斩断烧却的线团	6	4	Items.json
Photo Bundles	许多照片	6	4	Items.json
Unrolled Film	展开的胶片	6	4	Items.json
Deep Sigh	深沉叹息	9	1	MirrorDungeonTheme-1.json
Full-Stopped by a Bullet	由子弹画下的句点	4	6	MirrorDungeonTheme-1.json
The Dream Ending	梦之终焉	5	5	MirrorDungeonTheme-1.json
The Unsevering	无割舍者	4	6	MirrorDungeonTheme-1.json
Purchase.	进行购买。	8	2	MirrorDungeonUI_2.json
Floor 5+	5层及以上	0	10	MirrorDungeonUI_4.json
Cleared Floors	通过阶层	2	8	MirrorDungeonUI_6.json
Retry Stage	重试关卡	6	4	MirrorDungeonUI_6.json
E.G.O Gift Choice	E.G.O饰品选择	7	3	MirrorDungeonUI_7.json
Rustle Up	即兴烹饪	5	5	Passives.json
Destroyed Flotsam	被破坏的漂流物	4	6	Passives_Abnormality-a1c5p3.json
To Love	给予爱	9	1	Passives_Abnormality-a1c7p3.json
Trapped Dimensional Escape	脱离受困次元	5	5	Passives_Abnormality-a1c9p1.json
Stoke the Flames	点燃火种	4	6	Passives_Abnormality-a1c9p2.json
Nethersea Brand Utopia	溟痕乐园	5	5	Passives_Abnormality-pilgrimage.json
Pained Writhing	痛苦蠕动	5	5	Passives_Abnormality.json
Refracted Bleed and Tremor	折射的流血与震颤	5	5	Passives_Abnormality_Refraction2.json
Anguished Screaming	尖啸	1	9	Passives_Abnormality_Refraction5.json
The Tianya Sword	天涯剑	5	5	Passives_Assist-Cultivation.json
Crimson Point	红点	2	8	Passives_Assist-a1c9p3.json
Sanguine Pointillism	血点描画	5	5	Passives_Enemy-a1c6p2.json
Rosespanner Workshop Rep	玫瑰扳手工坊代表	7	3	Passives_Enemy.json
Travel Collection	累计记录	4	6	RailwayDungeonUI.json
Refraction Railway Opening	折射轨道 开放	5	5	RailwayDungeonUI_1001.json
Unlock Requirements	解锁条件	2	8	RailwayDungeonUI_1001.json
Selected Buffs	BUFF选择列表	8	2	RailwayDungeonUI_1002.json
Obtained by clearing Refraction Railway Line 5	通关折射轨道5号线时获得	0	10	RailwayDungeonUI_5.json
Obtained by clearing Refraction Railway Line 6	通关折射轨道6号线时获得	0	10	RailwayDungeonUI_6.json
The Artery	切断白鲸动脉	8	1	AbEvents-a1c5p3.json
- Gain +50% max HP (max 200; excluding Peccatula Invidiae)	- 自身的体力上限+50%(最多200点，不包括嫉妒罪种)	0	9	AbEventsResultLog_Refraction6.json
Distorted Bamboo-hatted Kim	扭曲的金笠	4	5	AbnormalityGuides-ycgd.json
Become Strong? Genuinely?	我变强了？真的？	0	9	AbnormalityGuides.json
Streets of T Corp.	T公司的街道	4	5	ActionEvents_Mirror4.json
Yurodiviye Hideout	圣愚的据点	7	2	ActionEvents_Mirror4.json
Assist Barrier	援护护盾	4	5	BattleKeywords-a1c5p3.json
Thermal Blades ON	热丝 ON	4	5	BattleKeywords-a1c9p3.json
Concussion	脑震荡	4	5	BattleKeywords-cultivation.json
Touche Hardie	果敢的笔触	4	5	BattleKeywords-twth.json
Cyclical Karma	业报轮回	4	5	BattleKeywords.json
Expanding Sorrow	愈加膨胀的哀伤	4	5	BattleKeywords.json
Scattering Petals	落英缤纷	4	5	BattleKeywords.json
Empty Honor	空虚的荣誉	4	5	BattleKeywords.json
Prepared Meat	储备粮	4	5	BattleKeywords.json
Flower-burying Wedge [埋花櫼]	葬花楔	0	9	BattleKeywords.json
Refracted Determination	折射的意志	3	6	BattleKeywords_Refraction4.json
Atrophied	畏缩	3	6	Bufs.json
Forward Base	前进基地	7	2	DungeonArea1-2.json
Hill of Corpses	死尸之丘	8	1	DungeonArea1-3.json
Sublimity	壮观	3	6	EGOgift_MirrorDungeon-EventTheme.json
Resplendence	绝景	2	7	EGOgift_MirrorDungeon-EventTheme_2.json
Melted Eyeball	融化的眼球	4	5	EGOgift_MirrorDungeon.json
Cigarette Holder	烟斗	1	8	EGOgift_MirrorDungeon.json
Heart-breaking Sword	毁心之剑	4	5	Enemies-walpu6.json
Heart-tearing Sword	裂心之剑	4	5	Enemies-walpu6.json
Heart-piercing Sword	穿心之剑	4	5	Enemies-walpu6.json
Lobotomy E.G.O::Red Sheet	脑叶公司E.G.O::朱符	0	9	Enemies.json
3★ Guarantee Decaextraction Ticket	3★人格必得十连提取券	0	9	Items.json
Yisang [Ideality]	[理想]	0	9	Items.json
Takeoff Module - E.G.O Spinning [HE] x1	跳跃成长模组 - E.G.O解析 [HE]	0	9	Items.json
Burnt-in Lens	烧制的透镜	4	5	Items.json
Melty Eyeball	融化的眼球	4	5	MirrorDungeonAbName.json
The Unchanging	无改变者	4	5	MirrorDungeonTheme-1.json
Unrelenting Might	破竹之势	1	8	MirrorDungeonTheme-1.json
Murder on the WARP Express BokGak	WARP快车谋杀案 复刻	0	9	MirrorDungeonTheme-1.json
Perseverance	精雕细琢	8	1	MirrorDungeonUI_2.json
Engrave Stars	镌星	4	5	MirrorDungeonUI_3.json
Featured E.G.O Gifts	出现E.G.O饰品	2	7	MirrorDungeonUI_4.json
Ritornello	难易度：Ritornello	8	1	MirrorDungeonUI_4.json
Tier 1 + Tier 3	1级 + 3级	0	9	MirrorDungeonUI_4.json
Forecasts	预期结果	8	1	MirrorDungeonUI_4.json
Completionist	完成度	3	6	MirrorDungeonUI_5_InfinityFloor.json
Return to Stage Select	前往关卡入场界面	3	6	MirrorDungeonUI_6.json
Cannot Purchase	无法购买	4	5	MirrorDungeonUI_7.json
Bloody Tears	血泪	3	6	Passives.json
Obsidian Stormrider [黑風馬脚]	黑风马蹄	0	9	Passives.json
Inadequate Defense Mechanism	简陋的防御机制	4	5	Passives_Abnormality-a1c9p3.json
Stored Blood	寄宿之血	8	1	Passives_Abnormality-mowe-re.json
Thirst for Blood	血之渴求	5	4	Passives_Abnormality-mowe.json
Hollow Pride	空洞的自尊	4	5	Passives_Abnormality-walpu6.json
Last Struggle	最后的挣扎	3	6	Passives_Abnormality.json
Like the Naraka of Avīci and Raurava [阿鼻叫喚]	阿鼻叫唤	0	9	Passives_Assist-a1c9p3.json
It's... you...	是你…	1	8	Passives_Enemy-a1c6p1.json
Yo...	除…	2	7	Passives_Enemy-a1c6p3.json
Now's Our Chance	机会来了	2	7	Passives_Enemy-cultivation.json
for this battle	于本站	8	1	
Recommended Level & Tier	入场推荐配置	0	9	RailwayDungeonUI_1001.json
Select Buffs	选择增益	5	4	RailwayDungeonUI_5.json
Sinner Status	罪人当前状况	8	1	RailwayDungeonUI_6.json
Setting Sail	启航	4	5	StageNode-a1c5p1.json
Glass Pods	玻璃管	3	6	StageNode-a1c6p2.json
Abikyōkan	阿鼻叫唤	0	9	StageNode-a1c9p1.json
Happy New Year	新年	1	8	StageNode91-16.json
War Hero	战争英雄	4	5	UnitKeyword-a1c9p3.json
Enter The Last Knight	最后的骑士之现身	4	4	AbEvents-pilgrimage.json
Tango of Poultry Passion	鸡群的激情探戈	4	4	AbEvents.json
Bamboo-hatted Kim's Past 1	金笠的过去 1	4	4	AbEvents_Mirror7.json
Bamboo-hatted Kim's Past 2	金笠的过去 2	4	4	AbEvents_Mirror7.json
Faelantern Containment Breach	精灵提灯出逃	4	4	AbEvents_lcbcheckup-re.json
Post-choice Development	选项后文字	4	4	AbEvents_lcbcheckup-re.json
Mimicry Corroded	拟态侵蚀者	4	4	AbnormalityGuides.json
Noise Panic	噪音恐慌	4	4	BattleKeywords-a1c5p2.json
Lightning of Suffering	苦痛之雷	4	4	BattleKeywords-a1c6p3.json
Superthermogenesis	高温装置	4	4	BattleKeywords-a1c6p3.json
A Drop of Nourishment	一滴养分	4	4	BattleKeywords-a1c7p3.json
Severing Slash [切斬]	切斩	0	8	BattleKeywords-a1c8p3.json
Chesed's Mercy	Chesed的慈悲	4	4	BattleKeywords-a1c8p3.json
Precious Jade's Cradle	宝玉摇篮	4	4	BattleKeywords-a1c8p3.json
Boiling Wrath	喷涌的暴怒	4	4	BattleKeywords-a1c9114.json
Crushed Bloodthirst	深深压抑的杀气	4	4	BattleKeywords-a1c9116.json
Severed Tendon	肌腱切断	4	4	BattleKeywords-a1c9p1.json
Prescript: [Paper Slip] II	指令[纸条]II	0	8	BattleKeywords-a1c9p1.json
Prescript: [Device] III	指令[终端]III	0	8	BattleKeywords-a1c9p2.json
Prescript: [Device] IV	指令[终端]IV	0	8	BattleKeywords-a1c9p2.json
Faith Beyond Question	理所应当的信念	4	4	BattleKeywords-a1c9p2.json
E.G.O Attunement Overload	E.G.O感应度 过载	4	4	BattleKeywords-a1c9p3.json
Gebura's Blade	Gebura之刃	4	4	BattleKeywords-a1c9p3.json
First Seal Removed	1阶段 封印解除	4	4	BattleKeywords-a1c9p3.json
Second Seal Removed	2阶段 封印解除	4	4	BattleKeywords-a1c9p3.json
Desire for Acknowledgement	认可欲	4	4	BattleKeywords-a1c9p3.json
Indulgence in Prescripts	指令成瘾	4	4	BattleKeywords-a1c9p3.json
Avulsion Wound	撕裂的伤口	4	4	BattleKeywords-exme.json
Infighting	内部分裂	4	4	BattleKeywords-tkt.json
Red Eyes - Alert	赤瞳-警戒	0	8	BattleKeywords-walpu4.json
Red Eyes - Devouring	赤瞳-捕食	0	8	BattleKeywords-walpu4.json
Penitence - Periphery	忏悔-警戒	0	8	BattleKeywords-walpu4.json
Penitence - Confession	忏悔-告解	0	8	BattleKeywords-walpu4.json
Protecting Sword	守护之剑	4	4	BattleKeywords-walpu6.json
Piercing Sword	穿刺之剑	4	4	BattleKeywords-walpu6.json
Stun	晕眩	1	7	BattleKeywords.json
Gluttony DMG Up	暴食伤害强化	4	4	BattleKeywords.json
Photopia	眩目	2	6	BattleKeywords.json
Gluttony Power Up	暴食威力提升	4	4	BattleKeywords.json
Earnest Accomplishment	恳切的成就	4	4	BattleKeywords.json
Rupture Protection	破裂守护	4	4	BattleKeywords.json
Pride Power Up	傲慢威力提升	4	4	BattleKeywords.json
Marksman's Bullet	射手的弹药	4	4	BattleKeywords.json
Fairy Lure	诱饵精灵	4	4	BattleKeywords.json
Battle Ready	临战准备	4	4	BattleKeywords.json
Sibling Vengeance Mark	兄弟姐妹们的报复对象	4	4	BattleKeywords.json
Centipede Venom	百足剧毒	4	4	BattleKeywords.json
Hardened Shell-Barrier	硬化屏障	4	4	BattleKeywords.json
Ready to Loose	狙击姿势	4	4	BattleKeywords.json
Deep Wound	深度创伤	4	4	BattleKeywords.json
High-voltage Exoskeleton	高压外壳	4	4	BattleKeywords.json
Charged Sting	电荷针	4	4	BattleKeywords.json
Réflexion	反思	0	8	BattleKeywords.json
Inflict additional Sinking	沉沦追加	6	2	BattleKeywords_Mirror3.json
Final Power Up II	最终威力增幅 II	4	4	BattleKeywords_Mirror3.json
Base Power Up I	基础威力增幅 I	2	6	BattleKeywords_Mirror3.json
Base Power Up II	基础威力增幅 II	4	4	BattleKeywords_Mirror3.json
Keen VI	锐利VI	2	6	BattleKeywords_Mirror5.json
Resilient VI	强韧VI	2	6	BattleKeywords_Mirror5.json
Body Up VI	肉体强化VI	2	6	BattleKeywords_Mirror5.json
Growth VI	生长VI	2	6	BattleKeywords_Mirror5.json
Final Power Up III	最终威力增强III	4	4	BattleKeywords_Mirror5.json
Base Power Up III	基础威力增强III	4	4	BattleKeywords_Mirror5.json
Final Power Up IV	最终威力增强IV	4	4	BattleKeywords_Mirror5.json
Clash Power Up VI	拼点威力增强VI	2	6	BattleKeywords_Mirror5.json
Final Power Up VI	最终威力增强VI	2	6	BattleKeywords_Mirror5.json
Base Power Up VI	基础威力增强VI	2	6	BattleKeywords_Mirror5.json
Incandescent Indulgence	光辉的饱腹感	4	4	BattleKeywords_Mirror6.json
Plugged In	连接的插头	4	4	BattleKeywords_Refraction4.json
Refracted Mind	折射的理智	6	2	BattleKeywords_Refraction5.json
Refracted Charge	折射的充能	4	4	BattleKeywords_Refraction5.json
Dogged Defense	顽强防御	4	4	BattleKeywords_Refraction5.json
Perilous Contest	危险竞赛	4	4	BattleKeywords_Refraction5.json
Bloody Banquet	染血宴会	4	4	BattleKeywords_Refraction5.json
Power Roulette	威力轮盘赌	4	4	BattleKeywords_Refraction5.json
Glass Cannon	玻璃大炮	4	4	BattleKeywords_Refraction5.json
Incandescent Scale Dust	灼热的鳞粉	4	4	BattleKeywords_Refraction6.json
Acuate Scale Dust	锐利的鳞粉	4	4	BattleKeywords_Refraction6.json
Rusted Scale Dust	锈蚀的鳞粉	4	4	BattleKeywords_Refraction6.json
Bottomless Hunger	难以餍足	6	2	Bufs.json
Thumping of the Heart	能听到心跳声的地方	6	2	DungeonArea-a1c5p3.json
Waste Disposal	垃圾处理场	4	4	DungeonArea-a1c8p2.json
Defense Line 23-7 - 1300 Hours	第23-7 防线 13:00	0	8	DungeonArea1-1.json
Sealed Door	紧闭的大门	5	3	DungeonArea1-3.json
Church Corridor	地下教堂 走廊	4	4	DungeonArea1-3.json
Underground Church	地下教堂	2	6	DungeonArea1-3.json
Rearranged K Corp. Laboratory	重组的K公司研究所	4	4	DungeonArea1-4.json
Old Dopo Robe	陈旧的长袍	2	6	EGOgift_MirrorDungeon-EventTheme.json
Silver Watch Case	银色的表壳	4	4	EGOgift_MirrorDungeon-EventTheme.json
Faded Watch Case	褪色的表壳	4	4	EGOgift_MirrorDungeon-EventTheme.json
Warning Notice	警告函	2	6	EGOgift_MirrorDungeon-EventTheme.json
Chalice of Trickle-down	涓滴之杯	3	5	EGOgift_MirrorDungeon-EventTheme.json
Twigs	细枝	5	3	EGOgift_MirrorDungeon-EventTheme_2.json
Made-to-Order	定制	1	7	EGOgift_MirrorDungeon-StoryTheme.json
Hardblood Glaive	硬血长柄刀	2	6	EGOgift_MirrorDungeon-mowe-re.json
Canned Ice Cream	罐装冰淇淋	4	4	EGOgift_MirrorDungeon-mowe.json
Ashes to Ashes	尘归尘	4	4	EGOgift_MirrorDungeon.json
Wound Clerid	拟伤虫	4	4	EGOgift_MirrorDungeon.json
Grimy Iron Stake	染血铁钉	4	4	EGOgift_MirrorDungeon.json
Thunderbranch	雷击木	4	4	EGOgift_MirrorDungeon.json
Lowest Star	谷底之星	4	4	EGOgift_MirrorDungeon.json
Standard-duty Battery	标准负载电池	3	5	EGOgift_MirrorDungeon.json
Thorny Path	荆棘之路	3	5	EGOgift_MirrorDungeon.json
Stone Tomb	石冢	3	5	EGOgift_MirrorDungeon.json
Endorphin Kit	内啡肽试剂组	4	4	EGOgift_MirrorDungeon.json
Melted Paraffin	熔化的石蜡	4	4	EGOgift_MirrorDungeon.json
Pain of Stifled Rage	郁火	4	4	EGOgift_MirrorDungeon.json
Tangled Bundle	纠缠捆束	4	4	EGOgift_MirrorDungeon.json
Bio-venom Vial	生物剧毒药瓶	4	4	EGOgift_MirrorDungeon.json
Venomous Skin	剧毒外皮	4	4	EGOgift_MirrorDungeon.json
Sour Liquor Aroma	酸味的酒香	4	4	EGOgift_MirrorDungeon.json
Eldtree Snare	古木陷阱	4	4	EGOgift_MirrorDungeon.json
Devil's Share	魔鬼所享	4	4	EGOgift_MirrorDungeon.json
Emerald Elytra	绿色鞘翅	4	4	EGOgift_MirrorDungeon.json
UPS System	不间断电源装置	4	4	EGOgift_MirrorDungeon.json
Patrolling Flashlight	巡逻用手电筒	4	4	EGOgift_MirrorDungeon.json
Scalpel	手术用刀	5	3	EGOgift_MirrorDungeon.json
Burial Curse	作祟	3	5	EGOgift_MirrorDungeon.json
Dark Vestige	黯淡的残影	4	4	EGOgift_MirrorDungeon.json
Raincloud	乌云	1	7	EGOgift_MirrorDungeon_7.json
Desperate's Knot	绝望结	2	6	EGOgift_StoryDungeon-a1c5p3.json
Jin Gang Bolus	金刚丸	7	1	EGOgift_a1c8p2.json
Shaoxing Wine	绍兴酒	4	4	EGOgift_cultivation.json
Revived K Corp. Security	复活的K公司检查站安保人员	4	4	Enemies-a1c5p1.json
Heart of the Townsfolk	镇民之心	4	4	Enemies-a1c5p1.json
Urgent T Corp. Gangster	焦急的T公司黑帮成员	4	4	Enemies-a1c6p1.json
Veteran Edgar Family Butler	资深的埃德加家族管家	4	4	Enemies-a1c6p1.json
Coagulated Dream	凝结的梦	4	4	Enemies-a1c7p3.json
Gift Sack	礼物袋	4	4	Enemies-a1c951.json
Tree of Desires	欲望之树	2	6	Enemies-mirror4.json
Basin Sea Reaper	钵海收割者	4	4	Enemies-pilgrimage.json
Bongy Security	小凤安保人员	2	6	Enemies-x1p1c1.json
Downcast Veteran	变本加厉的残兵	4	4	Enemies.json
Guido the Persistent	执着的圭多	4	4	Enemies.json
Refracted Clover	折射的四叶草	5	3	Enemies_Refraction2.json
Takeoff Module - E.G.O Spinning [WAW] x1	跳跃成长模组 - E.G.O解析 [WAW]	0	8	Items.json
Mirror of the Beginning	起始之镜	4	4	MirrorDungeonName.json
The Unconfronting	未曾面对	3	5	MirrorDungeonTheme-1.json
The Heartbreaking	心意相悖	4	4	MirrorDungeonTheme-1.json
Miracle in District 20 BokGak	20区的奇迹 复刻	0	8	MirrorDungeonTheme-1.json
E.G.O Gifts Owned	所持E.G.O饰品	5	3	MirrorDungeonUI_2.json
Not enough Starlight.	星芒不足。	3	5	MirrorDungeonUI_2.json
To List	转到列表	7	1	MirrorDungeonUI_2.json
E.G.O Gift Tier Forecast	预期的E.G.O饰品等级	2	6	MirrorDungeonUI_4.json
Remaining Starlight Bonus	剩余的星芒奖励	4	4	MirrorDungeonUI_5.json
Remaining Starlight	剩余星芒	6	2	MirrorDungeonUI_6.json
Set Adversities	设置制约	3	5	MirrorDungeonUI_6.json
Adversity Bonus	制约加成	5	3	MirrorDungeonUI_6.json
Brush it Off	梳理发型	4	4	Passives-BossRaid.json
Savage Tigermark Support	猛虎标弹支援	4	4	Passives-BossRaid.json
Emptied Thought	放空思绪	2	6	Passives.json
Buy Time	赚取时间	4	4	Passives.json
Armadura de Sangre	血甲	1	7	Passives.json
Oracle Device [Caduceus]	神谕终端[双蛇杖]	0	8	Passives.json
Worker Bee	工蜂	4	4	Passives.json
To Where I Must Return	归处	0	8	Passives.json
Panic Recovery	恐慌恢复	4	4	Passives_Abnormality-a1c7p1.json
Festival of Wonders	梦幻的庆典	4	4	Passives_Abnormality-a1c7p2.json
Hunter's Mark	狩猎印记	4	4	Passives_Abnormality-a1c9p1.json
Returning Past	回现的过去	4	4	Passives_Abnormality-mr7-extreme.json
Misplaced Past	消逝的过去	4	4	Passives_Abnormality-mr7-extreme.json
Call of the Bloodkin	同胞的呼唤	6	2	Passives_Abnormality-pilgrimage.json
Taken by the Horns	无力化	1	7	Passives_Abnormality.json
Contaminating Leaf	污染的叶子	4	4	Passives_Abnormality.json
Keep It Fresh	保鲜	4	4	Passives_Abnormality.json
Overloaded HP Bullet	过载HP弹	4	4	Passives_Abnormality_Refraction.json
Apply Refracted Sinking	施加折射的沉沦	4	4	Passives_Abnormality_Refraction2.json
Blossoming Sins	盛放的罪孽	4	4	Passives_Abnormality_Refraction2.json
Rose on a Vine	绽于藤蔓的玫瑰	4	4	Passives_Abnormality_Refraction2.json
Thundering Wrath [震怒]	震怒	0	8	Passives_Abnormality_Refraction6.json
oice...!	叫我…	0	8	Passives_Enemy-a1c6p3.json
Hou...	整…	1	7	Passives_Enemy-a1c6p3.json
Jar-haunting Curse	宿于瓮中的诅咒	4	4	Passives_Enemy-a1c8p1.json
Overflowing Sorrow	满溢而出的哀伤	4	4	Passives_Enemy-mr7-extreme.json
Line 1 Boarding	进入1号线前	4	4	RailwayDungeonNode1BokGak.json
Please Deploy all Sinners.	存在未编入队伍的人格。	4	4	RailwayDungeonUI_1001.json
Select Buffs	选择BUFF	5	3	RailwayDungeonUI_2.json
Cruise Party	游轮宴会	4	4	StageNode-a1c5p2.json
Riddles	谜语	6	2	StageNode-a1c6p1.json
Matt	马特	2	6	StageNode-a1c6p2.json
Wish Canister	愿望罐	4	4	StageNode1-2.json
Bonfire	篝火	4	4	StageNode1-3.json
Best Employee	最优秀的员工	5	3	StageNode1-4.json
Urgent Call	紧急呼叫	4	4	StageNode1-4.json
Glorious Past	辉煌的过往	5	3	StageNode1-4.json
Heishou Pack Adept	黑兽 魁首	4	4	UnitKeyword.json
Before a Sealed Door	在紧闭的门扉前	3	4	AbEvents.json
The First Gate	第一关	3	4	ActionEvents.json
Red Tassel Choice	红色流苏 选项	4	3	ActionEvents_Mirror4.json
Starbuck's Ego	斯达巴克的自我	3	4	BattleKeywords-a1c5p3.json
Away With You	别妨碍我	4	3	BattleKeywords-a1c6p3.json
A Sliver of Anticipation	一丝期待	2	5	BattleKeywords-a1c8p2.json
HO! HO! HO!	嚯！嚯！嚯！	0	7	BattleKeywords-a1c951.json
Bladetrail [Afterimage]	剑痕[残像]	0	7	BattleKeywords-a1c9p2.json
I Got Praised!	受到表扬啦！	0	7	BattleKeywords-a1c9p3.json
Protecting Pest [Roaches]	防御害虫[蜚蠊]	0	7	BattleKeywords-a1c9p3.json
Tremor - Superposition	震颤-叠加	0	7	BattleKeywords-tkt.json
Microprecision Time Acceleration	超精密时间加速	3	4	BattleKeywords-tkt.json
Helpless Tears	无能为力之泪	3	4	BattleKeywords-walpu6.json
Desperado	亡命之徒	3	4	BattleKeywords-walpu8.json
Great Mountain	坚如泰山	5	2	BattleKeywords.json
Umbrella Splinters	雨伞碎片	3	4	BattleKeywords.json
Dhyāna	禅那	0	7	BattleKeywords.json
Damage Taken Down	受到伤害降低	4	3	BattleKeywords_Mirror3.json
Delicateness	易碎	3	4	BattleKeywords_Mirror7.json
Peccatulum Invidiae Class 2	嫉妒罪种 2型	4	3	BattleKeywords_Refraction4.json
Resilient Determination	坚定的意志	3	4	BattleKeywords_Refraction4.json
Insufficient Paid Lunacy	付费狂气不足	2	5	BattlePass.json
Stalwart Spirit	坚韧不拔	2	5	Bufs.json
Whale Guts	鲸的胃	3	4	DungeonArea-a1c5p3.json
Rendezvous Area Before the Heart	心脏前的集合点	0	7	DungeonArea-a1c5p3.json
Canteen	茶水间	5	2	DungeonArea1-1.json
Chapel	礼拜堂	2	5	DungeonArea1-3.json
Tango Marinade	探戈鸡酱料	4	3	EGOgift_MirrorDungeon-EventTheme.json
Harestride	卯足	4	3	EGOgift_MirrorDungeon-EventTheme_2.json
Non-disclosure Agreement	保密协议	3	4	EGOgift_MirrorDungeon.json
Tailor's Scissors	裁缝用剪刀	4	3	EGOgift_MirrorDungeon.json
Epicenter	震源	5	2	EGOgift_MirrorDungeon_2.json
Meat Tenderizer	松肉锤	3	4	EGOgift_MirrorDungeon_7.json
N Corp. Seal	N公司印章	3	4	EGOgift_StoryDungeon.json
Shell Sea Runner	壳海狂奔者	3	4	Enemies-pilgrimage.json
Bongybug	小凤虫	3	4	Enemies-x1p1c1.json
Pink Shoes Enchantee	粉红鞋魅惑之人	3	4	Enemies.json
Rustic-sounding Tingtanger	土里土气的豆豆帮成员	6	1	Enemies.json
Lobotomy E.G.O::Sloshing	脑叶公司E.G.O::荡漾	0	7	Enemies.json
Refracted Fairy Wine	折射的精灵酒	4	3	Enemies_Refraction2.json
The Unloving	无法去爱	3	4	MirrorDungeonTheme-1.json
The Evil Defining	定义为恶	3	4	MirrorDungeonTheme-1.json
The Surrendered Witnessing	不思观望	3	4	MirrorDungeonTheme-1.json
One Step Further	再进一步	2	5	MirrorDungeonUI_2.json
Challenge Mode	挑战模式	4	3	MirrorDungeonUI_2.json
Seize the Opportunity	及锋而试	3	4	MirrorDungeonUI_2.json
Higher Tier Gifts appear	出现饰品等级上升	4	3	MirrorDungeonUI_2.json
+1 E.G.O resource for all Affinities	所有E.G.O资源+1	0	7	MirrorDungeonUI_2.json
Enhance E.G.O Gift	强化E.G.O饰品	1	6	MirrorDungeonUI_3.json
Acquired E.G.O Gifts	已获取E.G.O饰品数量	6	1	MirrorDungeonUI_3.json
View Desc.	详细内容	1	6	MirrorDungeonUI_3.json
3 Gifts	3件	2	5	MirrorDungeonUI_4.json
Weekly Cap	每周限制量	6	1	MirrorDungeonUI_6.json
Current Progress	当前进度	1	6	MirrorDungeonUI_6.json
Seize ya Chance	及锋而试	3	4	Passives-a1c9116.json
Enduring Spirit	坚韧不拔	2	5	Passives.json
Walking the Line of Death	垂死挣扎	0	7	Passives.json
Spite-driven	意气用事	3	4	Passives.json
Bullets are Pricey	子弹很贵	3	4	Passives.json
Hour of the Hunt	狩猎时刻	1	6	Passives.json
Rough Sketch	草图	5	2	Passives.json
We've Got Your Back	后方支援	3	4	Passives.json
Undying Persistence	顽强的生命力	3	4	Passives.json
Desperate Struggle	拼死奋战	4	3	Passives.json
Open Alley	通路	2	5	Passives.json
Burning Embers	燃烧的火种	3	4	Passives_Abnormality-a1c5p3.json
Underwater Breathing	水下呼吸	3	4	Passives_Abnormality-a1c5p3.json
Heart of Vengeance	复仇心	1	6	Passives_Abnormality-a1c6p2.json
Parade of Happiness	幸福的游行	2	5	Passives_Abnormality-a1c7p2.json
For the Family...	为了家人…	3	4	Passives_Abnormality-a1c7p3.json
Scattering Breath	紊乱的呼吸	1	6	Passives_Abnormality-a1c951.json
Undertake Orders	执行命令	2	5	Passives_Abnormality-exme.json
NOT FOR DISPLAY	如果它出现了也是bug	4	3	Passives_Abnormality.json
Broken Umbrella	损坏的伞	4	3	Passives_Abnormality.json
Toward the Ideal	向着理想	3	4	Passives_Abnormality.json
Manufactured Respite	稍作休息	1	6	Passives_Abnormality.json
HP Ampule Injection	注射HP安瓿	3	4	Passives_Abnormality_Refraction.json
Paired Assault	勠力	1	6	Passives_Assist-a1c8p2.json
Diversion	注意力分散	6	1	Passives_Enemy-pilgrimage.json
Cannot Deploy	无法出战	4	3	RailwayDungeonUI_5.json
Insubordination	违抗命令	6	1	StageNode-a1c5p1.json
The Whaler	捕鲸人	1	6	StageNode-a1c5p2.json
Operation Spider Pyre	蜘蛛巢焚灭讨伐战	1	6	StageNode-a1c9p3.json
Temporal Entanglement	时间纠缠	3	4	StageNode-a1c9p3.json
The Trio	三人组	5	2	StageNode1-1.json
Towering Cars	汽车塔	1	6	StageNode1-2.json
Constellations	星座	2	5	StageNode1-4.json
An Age Without Technology	技术不复存在的时代	3	4	StageNode1-4.json
New Classification Codes	新的编号	3	4	StageNode91-14.json
Light of the City	都市之光	3	4	StageNode91-20.json
S.A.N.G.R.I.A.	万短至艺	4	3	StageNode91-25.json
Looking for a Drone	寻找无人机	3	3	AbEvents.json
<color=#ebcaa2>[{0}] got Staggered!</color>	<color=#ebcaa2>[{0}]陷入了混乱</color>	0	6	AbEventsResultLog.json
- Remove the first Stagger Threshold	- 移除自身的第一混乱阈值	0	6	AbEventsResultLog_Refraction6.json
Refracted Four-hundred Roses	折射的四百朵玫瑰	3	3	AbEvents_Mirror6.json
Coil Corroded	蛇手侵蚀者	3	3	AbnormalityGuides.json
Kromer the Attempted Protoplast	欲成原初的克罗默	3	3	AbnormalityGuides.json
S-08-04-01	S-08-04-01	3	3	AbnormalityGuides.json
Brazen Bull - Tearful	黄铜公牛 - 流泪	0	6	AbnormalityGuides.json
An Ampule to Use	使用再生安瓿。	3	3	ActionEvents.json
Factory Laborer	工厂的工人	3	3	ActionEvents_Mirror4.json
Recurring Faith and Promise	循环的信念与承诺	3	3	ActionEvents_Mirror7.json
Shade of Reflection [Rouge]	映射[红色]	0	6	BattleKeywords-BossRaid.json
Shade of Reflection [Bleu]	映射[蓝色]	0	6	BattleKeywords-BossRaid.json
Shade of Reflection [The Middle]	映射[中指]	0	6	BattleKeywords-BossRaid.json
Shade of Reflection [Ambuscade]	映射[突袭]	0	6	BattleKeywords-BossRaid.json
Shade of Reflection [Bearhunt]	映射[狩熊]	0	6	BattleKeywords-BossRaid.json
Fluorescence Shard	荧光灯碎片	2	4	BattleKeywords-a1c5p3.json
Undefiable Command	不可抗拒的命令	3	3	BattleKeywords-a1c5p3.json
Fettered Woe	未能释怀的怅惘	3	3	BattleKeywords-a1c6p3.json
Little Carmilla	小卡蜜拉	4	2	BattleKeywords-a1c7p3.json
Returning Bloodlust II	复还的血之冲动II	2	4	BattleKeywords-a1c7p3.json
Irresponsible Dream	不负责任的梦	3	3	BattleKeywords-a1c7p3.json
Heaping Obedience	积累的顺从	3	3	BattleKeywords-a1c8p3.json
Malattunement	未感应	3	3	BattleKeywords-a1c8p3.json
Perpetuating Gluttony	不息的暴食	2	4	BattleKeywords-a1c9114.json
Eye of Precognition - Overheat	预知眼 过热	0	6	BattleKeywords-a1c9p3.json
Shin (心) - The Red Gaze	心-猩红视线	0	6	BattleKeywords-a1c9p3.json
Of the Second Smoke War	第二次烟霾战争的	0	6	BattleKeywords-a1c9p3.json
Tiansha Star's Blade - Arayashiki [天殺星刀阿賴耶識]	天杀星刀-阿赖耶识	0	6	BattleKeywords-a1c9p3.json
Procuration [Hermes]	代行[赫尔墨斯]	0	6	BattleKeywords-a1c9p3.json
When hacking through the ribs with a hatchet...	用手斧将肋骨砍下时…	0	6	BattleKeywords-a1c9p3.json
When penetrating the lungs with a stiletto...	用锥将肺贯穿时…	0	6	BattleKeywords-a1c9p3.json
When caving in the back of the skull with a hammer...	应该用锤子将后脑敲碎时…	0	6	BattleKeywords-a1c9p3.json
When rending the body with a greatsword...	应该用大剑将躯干劈开时…	0	6	BattleKeywords-a1c9p3.json
When rending the body with a great sword...	应该用大剑将躯干劈开时…	0	6	BattleKeywords-a1c9p3.json
When boring a 20-inch hole with a lance...	应该用长枪刺穿一个20英寸的洞时…	0	6	BattleKeywords-a1c9p3.json
Crit DMG Up	暴击伤害强化	3	3	BattleKeywords-a1c9p3.json
Strider【Wu】	脚力【午】	0	6	BattleKeywords-cultivation.json
Galestruck	余波	2	4	BattleKeywords-cultivation.json
Recoiling	反冲力	2	4	BattleKeywords-cultivation.json
Dujeong Brigandine [Sal]	布面甲[肉]	0	6	BattleKeywords-exme.json
Tremor - Distribution	震颤-分配	0	6	BattleKeywords-tkt.json
Le Fauvisme - Masque de Loup	野兽派-狼面	0	6	BattleKeywords-twth.json
Only Ashes Remain	只余灰烬	2	4	BattleKeywords-walpu4.json
Imminent Decay	濒临崩坏	3	3	BattleKeywords-walpu4.json
Cold, Black Tears	漆黑冰冷之泪	0	6	BattleKeywords-walpu6.json
Hyped-up	亢奋	2	4	BattleKeywords-walpu8.json
Minus Coin Boost	减算硬币强化	3	3	BattleKeywords.json
Slash Resist Down	斩击抗性弱化	3	3	BattleKeywords.json
Final Augment	最终改造	3	3	BattleKeywords.json
Perilous Heart	岌岌可危的心灵	3	3	BattleKeywords.json
Faltering Heart	混乱不安的心灵	3	3	BattleKeywords.json
Corroding Heart	渐被侵蚀的心灵	3	3	BattleKeywords.json
Radiant Vanity	耀眼的虚荣	3	3	BattleKeywords.json
Borne Fruition	成熟的果实	3	3	BattleKeywords.json
Radiant Desire	耀眼的欲望	3	3	BattleKeywords.json
Overheal	过量恢复	3	3	BattleKeywords.json
Emergency Nutrient Supply	应急营养源	3	3	BattleKeywords.json
Sinking Fragility	沉沦易损	3	3	BattleKeywords.json
B.M.	管·标	2	4	BattleKeywords.json
Strategic R&R Mode	战略性休息福利模式	0	6	BattleKeywords.json
Blooming Thorn II	绽放荆棘II	2	4	BattleKeywords.json
Tianjiu Star's Blade	天究星刀	3	3	BattleKeywords.json
Gluttonous Thorn (貪食棘)	贪食棘	0	6	BattleKeywords.json
Uncompromising Imposition	贯彻	2	4	BattleKeywords.json
Higher Thunderer	大弦惊	3	3	BattleKeywords.json
Hardblood Cast	硬血铸造	3	3	BattleKeywords.json
Excision Coin	截除硬币	3	3	BattleKeywords.json
Inflict additional Tremor	震颤追加	4	2	BattleKeywords_Mirror3.json
Slash Boost	斩击强化	3	3	BattleKeywords_Mirror3.json
Pierce Boost	突刺强化	3	3	BattleKeywords_Mirror3.json
Blunt Boost	打击强化	3	3	BattleKeywords_Mirror3.json
Coin Power Up I	硬币威力增幅 I	2	4	BattleKeywords_Mirror3.json
Overload I	过载 I	2	4	BattleKeywords_Mirror3.json
Final Power Up III	最终威力增幅 III	4	2	BattleKeywords_Mirror3.json
Final Power Up IV	最终威力增幅 IV	4	2	BattleKeywords_Mirror3.json
Base Power Up III	基础威力增幅 III	4	2	BattleKeywords_Mirror3.json
Max HP Boost I	体力上限增强I	2	4	BattleKeywords_Mirror4.json
Amplify Body II	肉体增强II	2	4	BattleKeywords_Mirror4.json
Expand Body II	肉体扩展II	2	4	BattleKeywords_Mirror4.json
Final Power Boost III	最终威力增强III	2	4	BattleKeywords_Mirror4.json
Clash Attack Boost I	拼点攻击增强I	2	4	BattleKeywords_Mirror4.json
Final Power Boost IV	最终威力增强IV	2	4	BattleKeywords_Mirror4.json
Base Power Boost III	基础威力增强III	2	4	BattleKeywords_Mirror4.json
Offense Level Up I	攻击等级强化I	2	4	BattleKeywords_Mirror5.json
Growth II	生长II	2	4	BattleKeywords_Mirror5.json
Keen II	锐利II	2	4	BattleKeywords_Mirror5.json
Body Up II	肉体强化II	2	4	BattleKeywords_Mirror5.json
Clash Power Up II	拼点威力增强II	2	4	BattleKeywords_Mirror5.json
Brutality II	破坏力II	2	4	BattleKeywords_Mirror5.json
Keen VII	锐利VII	2	4	BattleKeywords_Mirror5.json
Resilient VII	强韧VII	2	4	BattleKeywords_Mirror5.json
Body Up VII	肉体强化VII	2	4	BattleKeywords_Mirror5.json
Growth VII	生长VII	2	4	BattleKeywords_Mirror5.json
Brutality V	破坏力V	2	4	BattleKeywords_Mirror5.json
Keen XII	锐利XII	2	4	BattleKeywords_Mirror6.json
Resilient XII	强韧XII	2	4	BattleKeywords_Mirror6.json
Body Up XII	肉体强化XII	2	4	BattleKeywords_Mirror6.json
Growth XII	生长XII	2	4	BattleKeywords_Mirror6.json
Clash Power Up VII	拼点威力增强VII	2	4	BattleKeywords_Mirror6.json
Final Power Up VII	最终威力增强VII	2	4	BattleKeywords_Mirror6.json
Base Power Up VII	基础威力增强VII	2	4	BattleKeywords_Mirror6.json
Keen XV	锐利XV	2	4	BattleKeywords_Mirror6.json
Resilient XV	强韧XV	2	4	BattleKeywords_Mirror6.json
Body Up XV	肉体强化XV	2	4	BattleKeywords_Mirror6.json
Growth XV	生长XV	2	4	BattleKeywords_Mirror6.json
Clash Power Up X	拼点威力增强X	2	4	BattleKeywords_Mirror6.json
Final Power Up X	最终威力增强X	2	4	BattleKeywords_Mirror6.json
Base Power Up X	基础威力增强X	2	4	BattleKeywords_Mirror6.json
Mark of Fire I	炎之烙印I	2	4	BattleKeywords_Mirror6.json
Inflation I	通货膨胀I	2	4	BattleKeywords_Mirror6.json
Ego Interference I	自我干涉I	2	4	BattleKeywords_Mirror6.json
Mental Psychosis I	精神错乱I	2	4	BattleKeywords_Mirror6.json
Nerve Acceleration I	神经加速I	2	4	BattleKeywords_Mirror6.json
SP Fatigue I	理智枯竭I	2	4	BattleKeywords_Mirror6.json
Splish Splash	拍拍	2	4	BattleKeywords_Mirror7.json
Drenched Sin	罪孽缠身	2	4	BattleKeywords_Refraction2.json
All-beholding Gaze	一览无余的视线	3	3	BattleKeywords_Refraction3.json
Gathering Lightning Cloud	雷云汇集	3	3	BattleKeywords_Refraction4.json
Growth Refraction I	生长折射 I	2	4	BattleKeywords_Refraction5.json
Lasting Determination	延续意志	3	3	BattleKeywords_Refraction5.json
Suppressed Might	被抑制的力量	3	3	BattleKeywords_Refraction6.json
Including the Special Banner	附带特别横幅	3	3	
Organization Compulsion	整理强迫	3	3	Bufs-a1c6p1.json
Misshapen Painting	凌乱的绘画	3	3	Bufs-a1c6p2.json
Resanguination	呈血	3	3	Bufs-a1c7p3.json
Constricting Desires	紧缚欲望	3	3	Bufs.json
Rotting Skin	腐化外皮	3	3	Bufs.json
Behead Heathcliffs	斩首希斯克利夫	3	3	Bufs.json
Ahab's Office	亚哈的办公室	3	3	DungeonArea-a1c5p3.json
Sinew Bridge	肌腱之桥	3	3	DungeonArea-a1c5p3.json
Control Team Containment	控制部管理收容区	3	3	DungeonArea1-1.json
Containment Hall 2	第二收容走廊	3	3	DungeonArea1-1.json
Smoke War Central Front	烟霾战争 中部战线	1	5	DungeonArea1-1.json
Defense Line 23-7 - 1100 Hours	第23-7 防线 11:00	0	6	DungeonArea1-1.json
Factory Entrance	工厂入口	2	4	DungeonArea1-2.json
Molding Chamber	注塑室	3	3	DungeonArea1-2.json
Backup Generators	备用发电站	3	3	DungeonArea1-2.json
Old Warehouse	旧仓库	3	3	DungeonArea1-3.json
Etched Clock Hands	蚀刻的指针	2	4	EGOgift_MirrorDungeon-EventTheme.json
Rusted Clock Hands	锈蚀的指针	2	4	EGOgift_MirrorDungeon-EventTheme.json
Snake Slough	蛇蜕	3	3	EGOgift_MirrorDungeon-EventTheme_2.json
False Halo	虚假的光相	3	3	EGOgift_MirrorDungeon-EventTheme_2.json
Unhatched Embers	未孵化的火种	3	3	EGOgift_MirrorDungeon-EventTheme_2.json
Operation Authorization Card	作战批准卡	3	3	EGOgift_MirrorDungeon-EventTheme_2.json
Wholeness	完全性	5	1	EGOgift_MirrorDungeon-StoryTheme.json
Town-protecting Harpoon	守镇鱼叉	3	3	EGOgift_MirrorDungeon-StoryTheme_2.json
Broken Violin	损坏的小提琴	3	3	EGOgift_MirrorDungeon-StoryTheme_2.json
Butler Style Binding Arts	管家式束缚法	3	3	EGOgift_MirrorDungeon-StoryTheme_2.json
Mask of the Parade	游行的面具	3	3	EGOgift_MirrorDungeon-StoryTheme_2.json
Discarded Dimensional Gauntlet	被遗落的次元护手	3	3	EGOgift_MirrorDungeon-mowe-re.json
Blue Starshard	蓝星碎片	3	3	EGOgift_MirrorDungeon-mowe-re.json
Hellterfly’s Dream	地狱蝶之梦	0	6	EGOgift_MirrorDungeon.json
Perversion	倒错症	3	3	EGOgift_MirrorDungeon.json
Rusty Commemorative Coin	锈蚀的纪念币	3	3	EGOgift_MirrorDungeon.json
Sticky Muck	黏性淤浆	3	3	EGOgift_MirrorDungeon.json
Blue Zippo Lighter	蓝色芝宝牌打火机	3	3	EGOgift_MirrorDungeon.json
Pinpoint Logic Circuit	单点打击逻辑电路	3	3	EGOgift_MirrorDungeon.json
Red Order	赤色指令	3	3	EGOgift_MirrorDungeon.json
Smokes and Wires	烟霾与铁丝网	3	3	EGOgift_MirrorDungeon.json
Oscillating Bracelet	震荡手环	3	3	EGOgift_MirrorDungeon.json
Rusted Cutting Knife	锈蚀的美工刀	3	3	EGOgift_MirrorDungeon.json
Portable Battery Socket	便携式电源插座	3	3	EGOgift_MirrorDungeon.json
Dust to Dust	土归土	3	3	EGOgift_MirrorDungeon.json
Midwinter Nightmare	仲冬夜之噩梦	3	3	EGOgift_MirrorDungeon.json
Curriculum Vitae	简历	3	3	EGOgift_MirrorDungeon.json
Wrist Guards	护腕	3	3	EGOgift_MirrorDungeon.json
Headless Portrait	无头肖像	3	3	EGOgift_MirrorDungeon.json
Charge-type Gloves	充能式手套	3	3	EGOgift_MirrorDungeon.json
Painkiller	止痛药	1	5	EGOgift_MirrorDungeon.json
Piece of Relationship	缘分残片	3	3	EGOgift_MirrorDungeon.json
Burning Intellect	炽热的智慧	3	3	EGOgift_MirrorDungeon.json
Rusted Muzzle	锈蚀的笼头	3	3	EGOgift_MirrorDungeon.json
Bell of Truth	真理之钟	3	3	EGOgift_MirrorDungeon.json
Broken Compass	破碎罗盘	3	3	EGOgift_MirrorDungeon.json
Ornamental Horseshoe	马蹄铁饰物	3	3	EGOgift_MirrorDungeon.json
Polarization	偏振光	3	3	EGOgift_MirrorDungeon.json
Arrested Hymn	被扣留的颂歌	3	3	EGOgift_MirrorDungeon.json
Smoking Gunpowder	有烟火药	3	3	EGOgift_MirrorDungeon.json
Deceptive Accord	虚饰的和平	3	3	EGOgift_MirrorDungeon.json
Moment of Sentencing	宣判之刻	3	3	EGOgift_MirrorDungeon.json
Carpenter's Nail	木工用长钉	3	3	EGOgift_MirrorDungeon.json
Torn Bandolier	撕裂的弹带	3	3	EGOgift_MirrorDungeon.json
Keenbranch	磨尖的树枝	3	3	EGOgift_MirrorDungeon.json
Compression Bandage	加压绷带	3	3	EGOgift_MirrorDungeon.json
Temporal Bridle	时间的枷锁	3	3	EGOgift_MirrorDungeon.json
Clasped Sculpture	紧握的雕像	3	3	EGOgift_MirrorDungeon.json
Faint Vestige	微茫的残影	3	3	EGOgift_MirrorDungeon.json
Short Cane Sword	拐杖短剑	3	3	EGOgift_MirrorDungeon.json
Cloudpattern Gourd Bottle	云纹鹤颈瓶	3	3	EGOgift_MirrorDungeon.json
Plume of Proof	见证的羽饰	3	3	EGOgift_MirrorDungeon.json
Torn Hems	磨破的衣袖	3	3	EGOgift_MirrorDungeon.json
Pocket Flashcards	口袋助记卡	3	3	EGOgift_MirrorDungeon.json
Omni-tool	万能工具	3	3	EGOgift_MirrorDungeon_7.json
Thermal Weapon	热丝武器	3	3	EGOgift_MirrorDungeon_7.json
Baleful Hwando	寄宿鬼气的环刀	3	3	EGOgift_MirrorDungeon_7.json
Tarnished Gauntlet	褪色的护手	3	3	EGOgift_MirrorDungeon_7.json
Noose	绞索	5	1	EGOgift_StoryDungeon-a1c5p3.json
Searing Brass	灼热的铜管	3	3	EGOgift_TwiningThreads.json
Interlinked Time	交织的时间	3	3	EGOgift_tktRe.json
Emergency Investigator Badge	紧急授予型搜查官徽章	3	3	EGOgift_tktRe.json
Entanglement Override Sequencer	强制纠缠定序器	3	3	EGOgift_tktRe.json
Harmonics	泛音	3	3	EGOgift_walpu8.json
Walking Bass	行进贝斯	3	3	EGOgift_walpu8.json
Pallid White Mermaid	苍白的白色人鱼	3	3	Enemies-a1c5p2.json
Pallid Blue Mermaid	苍白的蓝色人鱼	3	3	Enemies-a1c5p2.json
Pallid Entwined Mermaid	苍白的纠缠人鱼	3	3	Enemies-a1c5p2.json
Pallidified Thing-Shield	苍白之物-盾	3	3	Enemies-a1c5p2.json
Pallidified Thing-Club	苍白之物-棍	3	3	Enemies-a1c5p2.json
Pallidified Thing-Pirate	苍白之物-海盗	3	3	Enemies-a1c5p2.json
Pallidified Thing-Hook	苍白之物-钩	3	3	Enemies-a1c5p2.json
Scared T Corp. Gangster	胆怯的T公司黑帮成员	3	3	Enemies-a1c6p1.json
Disgraced Bloodbag	堕落的血袋	3	3	Enemies-a1c7p2.json
Despairing Bloodbag	绝望的血袋	3	3	Enemies-a1c7p2.json
Impaling Spear	贯穿之枪	3	3	Enemies-a1c7p3.json
The Thumb Nursefather - Valencina	拇指 父辈 - 瓦伦希娜	0	6	Enemies-a1c9p3.json
Nethersea Founder	深溟奠基者	3	3	Enemies-pilgrimage.json
Nethersea Spewer	深溟喷溅者	3	3	Enemies-pilgrimage.json
Left Stem	左侧枝干	3	3	Enemies.json
Right Stem	右侧枝干	3	3	Enemies.json
Recollected Wallowing Soldier	记忆中绝望的残兵	3	3	Enemies.json
Recollected Overtaken Soldier	记忆中被侵蚀的残兵	3	3	Enemies.json
Burning Clay Doll	燃烧的终末土偶	3	3	Enemies.json
Pink Shoes Possessee	粉红鞋所占之人	3	3	Enemies.json
Servile N Corp. Inquisitor	奉承的N公司异端审判官	3	3	Enemies.json
Compliant N Corp. Inquisitor	顺从的N公司异端审判官	3	3	Enemies.json
Obsessive N Corp. Inquisitor	执着的N公司异端审判官	3	3	Enemies.json
Joyous N Corp. Inquisitor	极度喜悦的N公司异端审判官	3	3	Enemies.json
Chicken Bucket	炸鸡桶	2	4	Enemies.json
K Corp. Filming Drone	K公司 摄像无人机	3	3	Enemies.json
Soon-to-bloom Flower	即将绽放的花	2	4	Enemies.json
K Corp. Class 3 Staff	K公司3级员工	0	6	Enemies_Refraction.json
Refracted T Corp. Class 3 Collector	折射的T公司3级征收人员	0	6	Enemies_Refraction2.json
Nominable Identity Ticket	3周年纪念人格自选券	3	3	Items-a1c9p1.json
[Sweeper Fuel Tank]	特大型液态燃料罐	0	6	Items.json
Radiating Malice	充满敌意的空间	3	3	MirrorDungeonNode1-1.json
Inordinately Warped Reflection	高度畸变的映射	3	3	MirrorDungeonNode1-1.json
The Outcast	无归属者	3	3	MirrorDungeonTheme-1.json
Into a Certain Library's Book	进入某座图书馆的某本藏书	0	6	MirrorDungeonTheme-1.json
Blessed Carnival	充满祝福的嘉年华	1	5	MirrorDungeonTheme-1.json
Can Equip	可装备	3	3	MirrorDungeonUI.json
Fighting Spirit	斗志昂扬	3	3	MirrorDungeonUI_2.json
Sinners heal HP	罪人体力恢复	5	1	MirrorDungeonUI_2.json
Starting Cost +50	初始经费+50	0	6	MirrorDungeonUI_2.json
Before Entry	进入前	3	3	MirrorDungeonUI_3.json
Cannot Fuse	无法合成	2	4	MirrorDungeonUI_3.json
Projection Rewards	投影度奖励	3	3	MirrorDungeonUI_5_InfinityFloor.json
Selected Adversities	选择制约	1	5	MirrorDungeonUI_6.json
Swordplay of the Homeland [Sal] - Shift Battleform	本国剑术[肉]-姿态变化	0	6	Passives-BossRaid.json
Tigermark Round Reload	虎标弹装填	3	3	Passives-BossRaid.json
Great Mountain	安若泰山	5	1	Passives.json
Stubbornness	固执己见	3	3	Passives.json
Joy of Execution	处刑的欢喜	3	3	Passives.json
Cornering	无处可逃	2	4	Passives.json
Dueling Request	决斗委托	2	4	Passives.json
Connect The Dots	连点成线	4	2	Passives.json
A S.B.	烟·休	3	3	Passives.json
One Family	一家人	2	4	Passives.json
Mutilated Tattoos	残缺纹身	3	3	Passives.json
Call of the Erlking	魔王的呼唤	3	3	Passives.json
A moment, please...	请稍等…	0	6	Passives.json
Snipe	远程狙杀	4	2	Passives.json
Bayonets	铳剑术	2	4	Passives.json
Congestion Cleaning Armour	拥堵清理用装甲	1	5	Passives.json
Eyes Bright Like Lamps	如灯之目	3	3	Passives.json
Mentorship	指导与鞭策	3	3	Passives.json
Exposed Pearl	裸露的珍珠	3	3	Passives_Abnormality-a1c5p3.json
Cracked Shell	破碎的贝壳	4	2	Passives_Abnormality-a1c5p3.json
Gathering Slime	聚集的黏液	3	3	Passives_Abnormality-a1c5p3.json
Contaminating Slime	污染黏液	3	3	Passives_Abnormality-a1c5p3.json
Injected Hatred and Animosity	被灌输的憎恶与仇恨	3	3	Passives_Abnormality-a1c5p3.json
Wicked Energy	凶邪之气	3	3	Passives_Abnormality-a1c8p2.json
Charge Forth	跃进	4	2	Passives_Abnormality-a1c8p3.json
Leading Lure	领先的诱饵	3	3	Passives_Abnormality-a1c9p1.json
Broken Stump	损毁的根系	3	3	Passives_Abnormality-a1c9p1.json
Evolving Lure	进化的诱饵	3	3	Passives_Abnormality-a1c9p1.json
Fairy Dust	精灵粉末	3	3	Passives_Abnormality-a1c9p1.json
Regenerate Dimensional Refraction Blade	修复次元折射刃	3	3	Passives_Abnormality-a1c9p1.json
Flaming Ember	燃烧的火种	2	4	Passives_Abnormality-a1c9p2.json
Establish Hypothesis	假说成立	3	3	Passives_Abnormality-a1c9p3.json
Throwing the Ohra Bond	套上捕绳	3	3	Passives_Abnormality-exme.json
Broken Exhaust Port	被破坏的排气口	3	3	Passives_Abnormality-mr7-extreme.json
Leaking Steam	蒸汽泄漏	3	3	Passives_Abnormality-mr7-extreme.json
Shared Sorrow	分担的哀伤	4	2	Passives_Abnormality-walpu6.json
Upgrade Factory at Work	强化工厂启动	3	3	Passives_Abnormality.json
Amplified Aggression	膨胀的攻击性	3	3	Passives_Abnormality.json
Molt	脱皮	4	2	Passives_Abnormality.json
Living Nerves	鲜活的神经	3	3	Passives_Abnormality.json
Broken Means	损坏的手段	3	3	Passives_Abnormality.json
Old and Abandoned	被舍弃的旧伞	3	3	Passives_Abnormality.json
Self Destruction	自我破坏	3	3	Passives_Abnormality.json
Lost Means	丢失的手段	3	3	Passives_Abnormality.json
Damaged Shade	受损的绿荫	3	3	Passives_Abnormality.json
Ravening Hunger	饥饿狂暴	3	3	Passives_Abnormality.json
Reminisced Augmentation	深入记忆的强化肉体	3	3	Passives_Abnormality_Refraction.json
Thou Shalt Hammer	汝当锤	3	3	Passives_Abnormality_Refraction1BokGak.json
Enticing Fairy Wine	诱人的精灵酒	3	3	Passives_Abnormality_Refraction2.json
Apply Refracted Rupture	施加折射的破裂	3	3	Passives_Abnormality_Refraction2.json
Time Reversion Retroaction	时间逆行反冲	3	3	Passives_Abnormality_Refraction2.json
Melee Combat	近身战	3	3	Passives_Abnormality_Refraction5.json
After Effect	后遗症	1	5	Passives_Abnormality_Refraction5.json
The Wicked Caitiffs	恶党	2	4	Passives_Enemy-a1c7p1.json
Training Dummy	训练用木人桩	4	2	Passives_Enemy-a1c8p1.json
Healing Ampule Injection	注射恢复安瓿	3	3	Passives_Enemy-mr7-extreme.json
Emergency Ampule Administration	紧急注射安瓿	3	3	Passives_Enemy-mr7-extreme.json
Mind Wave	精神波动	3	3	Passives_Enemy.json
Recoverable	可恢复	2	4	RailwayDungeonUI_2.json
Buffs List	BUFF列表	2	4	RailwayDungeonUI_2.json
The Ghost	幽魂	5	1	StageNode-a1c6p1.json
Obsidian Grass	黑草	2	4	StageNode-a1c6p2.json
Homeward Bound	归乡	2	4	StageNode-a1c8p1.json
Night Ambush	夜袭	2	4	StageNode-a1c8p1.json
Second Round of the Family Hierarch Evaluation	第二轮家主评审	0	6	StageNode-a1c8p2.json
Shurajō	修罗场	0	6	StageNode-a1c9p1.json
Suddenly, One Day	某一日，突然	0	6	StageNode-a1c9p3.json
A Warm Welcome	热烈欢迎	3	3	StageNode1-2.json
Gobsmack	瞠目结舌	1	5	StageNode1-2.json
Humming Along	哼唱	1	5	StageNode1-3.json
Holy Night	平安夜 2	5	1	StageNode1-3.json
Drones and Abnormalities	无人机与异想体	3	3	StageNode1-4.json
Data Collection	数据收集	2	4	StageNode91-14.json
Dulled Harpoon	钝鱼叉	3	3	StageNode91-14.json
Finals	最终测验	1	5	StageNode91-19.json
Hierarch Rescue Operation	家主解救作战	3	3	StageNode91-19.json
Renketsuen	连血缘	3	3	StageNode91-25.json
A Blade Fiend's Fathoms	剑鬼的心象	3	3	StageNode91-7.json
The Final Problem	最后一案	3	3	StageNode91-9.json
Royalty	王族	3	3	UnitKeyword-a1c9p3.json
Abraxas Chariot	阿布拉克萨斯战车	3	3	UnitKeyword-a1c9p3.json
The Oracle's Proxy	神谕代行者	3	3	UnitKeyword-pilgrimage.json
Right or Left	左转或右转	2	3	AbEvents-a1c5p3.json
T Corp. Collector	T公司征收员	3	2	AbEvents-tktRe.json
1.76 MHz	1.76兆赫	2	3	AbEvents-walpu8.json
Eternal Rest	永远的解放	3	2	AbEvents.json
The First Gate	第一道关口	3	2	AbEvents.json
PickingRowAndColumn	选择行与列	2	3	AbEvents.json
Mayors, the Yearning Flotsam	梅厄斯，羡望漂流	0	5	AbnormalityGuides-pilgrimage.json
Feral Mane Corroded	兽鬃侵蚀者	3	2	AbnormalityGuides.json
Poking at the Egg	触碰卵	2	3	ActionEvents.json
Explosive Gloom	爆发的忧郁	2	3	BattleKeywords-a1c6p2.json
Explosive Envy	爆发的嫉妒	2	3	BattleKeywords-a1c6p2.json
Butler's Mark	管家的标记	2	3	BattleKeywords-a1c6p3.json
Heart Toward the New Era	迈向新时代的心	0	5	BattleKeywords-a1c8p3.json
Happiness, Joy, Sorrow, Wrath	喜、乐、哀、怒	0	5	BattleKeywords-a1c8p3.json
Sublime Immortality	至高无上的不死	2	3	BattleKeywords-a1c8p3.json
Infinitely Bequeathing Will of Hongyuan	悠久传承的鸿园之意	0	5	BattleKeywords-a1c8p3.json
Stench of Times Past	过往的恶臭	2	3	BattleKeywords-a1c9p1.json
Untroubled Analysis	冷静分析	2	3	BattleKeywords-a1c9p1.json
The Prescript's Target - The Index	食指的指令对象	0	5	BattleKeywords-a1c9p2.json
Insecurity: Mask	自我防御-面具	0	5	BattleKeywords-a1c9p3.json
Check This Out, Kiddo!	仔细看好，闺女！	0	5	BattleKeywords-a1c9p3.json
The Middle Styled Augmentation Tattoos	中指式强化纹身	0	5	BattleKeywords-a1c9p3.json
Artwork: Tibia	作品名：提比娅	0	5	BattleKeywords-a1c9p3.json
"K-kill... kill me..."	“杀、杀…杀了我…”	0	5	BattleKeywords-a1c9p3.json
Tremor - Chain	震颤-锁链	0	5	BattleKeywords-tkt.json
Chanting - Arcana Slave	咏唱-阿卡纳光破斩	0	5	BattleKeywords-walpu6.json
Makeshift Surgery	紧急手术	2	3	BattleKeywords.json
Blunt Resist Down	打击抗性弱化	2	3	BattleKeywords.json
Lust DMG Up	色欲伤害强化	2	3	BattleKeywords.json
Blunt Protection	打击守护	2	3	BattleKeywords.json
Sloth Protection	怠惰守护	2	3	BattleKeywords.json
Dark Flame	黑焰	2	3	BattleKeywords.json
Gloom Power Up	忧郁威力提升	2	3	BattleKeywords.json
Linebreaker	踏破敌阵	3	2	BattleKeywords.json
Target Aim	瞄准目标	2	3	BattleKeywords.json
Escape Apparatus	逃脱装置	2	3	BattleKeywords.json
Slot Weight +	容量增加	0	5	BattleKeywords_Mirror3.json
Boost Speed	速度增加	3	2	BattleKeywords_Mirror3.json
Sanity Attack	精神攻击	2	3	BattleKeywords_Mirror3.json
Headstrong I	顽强I	2	3	BattleKeywords_Mirror5.json
Keen XIV	锐利XIV	3	2	BattleKeywords_Mirror6.json
Keen XIV	强韧XIV	3	2	BattleKeywords_Mirror6.json
Tremor Barrier	震颤阻绝	2	3	BattleKeywords_Mirror6.json
Vitality Boost	生命增幅	2	3	BattleKeywords_Mirror6.json
Exquisite Aesthetics	卓越的美感	2	3	BattleKeywords_Mirror7.json
Festival of Blood	血之庆典	2	3	BattleKeywords_Refraction5.json
Health Refraction	体力折射	1	4	BattleKeywords_Refraction5.json
{0}d left	剩余{0}天	0	5	BattlePass.json
Buy Pass Levels	购买通行证等级	1	4	BattlePass.json
Damage Taken Down	受到的伤害降低	4	1	Bufs_Mirror4.json
Remaining Activations	剩余次数	3	2	DanteAbilityUIText.json
Employee Lounge	员工休息室	2	3	DungeonArea1-1.json
Snowy Crossroads	雪原岔道	3	2	DungeonArea1-2.json
Machinery Room	机械室	4	1	DungeonArea1-3.json
Containment Area	隔离区	2	3	DungeonArea1-3.json
Trash Crab Brain Wine	废料蟹脑髓泡酒	3	2	EGOgift_MirrorDungeon-EventTheme.json
Cetacean Heart	鲸心	1	4	EGOgift_MirrorDungeon-StoryTheme_2.json
Token of Victory	胜利之证	3	2	EGOgift_MirrorDungeon-StoryTheme_2.json
E-Type Dimensional Dagger	E型次元短剑	2	3	EGOgift_MirrorDungeon-mowe.json
Crystallized Blood	血液结晶	3	2	EGOgift_MirrorDungeon-mowe.json
Blood, Sweat, and Tears	膏血	0	5	EGOgift_MirrorDungeon.json
Grey Coat	灰色大衣	2	3	EGOgift_MirrorDungeon.json
Illusory Hunt	异想狩猎	2	3	EGOgift_MirrorDungeon.json
A Certain Philosophy	某种哲学	2	3	EGOgift_MirrorDungeon_6.json
Flower in the Mirror	镜中花	2	3	EGOgift_MirrorDungeon_6.json
Moon in the Water	水中月	2	3	EGOgift_MirrorDungeon_6.json
Entangled Fate	纠缠的缘分	2	3	EGOgift_MirrorDungeon_7.json
Average Artwork	凡作	1	4	EGOgift_MirrorDungeon_7.json
Endless Hunger	无尽的饥饿	3	2	EGOgift_StoryDungeon-a1c7p3.json
Ashen Constellation's Blessing	灰色星座的加护	3	2	EGOgift_walpu6.json
Stern Soldato of the Thumb	严格的拇指士兵	0	5	Enemies-a1c8p3.json
The Ring Apprentice - Albina	环指 子辈 - 阿尔比娜	0	5	Enemies-a1c9p1.json
Deep Sea Slider	底海滑动者	2	3	Enemies-pilgrimage.json
Dawn of Green - Doubt - δ	绿色的黎明 - 疑问 - δ	0	5	Enemies-walpu2.json
Sword of a Forgotten Knight	遗忘骑士之剑	0	5	Enemies-walpu6.json
Bongyguard	小凤警卫队	2	3	Enemies-x1p1c1.json
Recollected Awry Soldier	记忆中扭曲的残兵	3	2	Enemies.json
Refracted Portrait	折射的肖像	3	2	Enemies_Refraction4.json
Gain {0} Cost	获得{0} 经费	0	5	MirrorDungeonBattleRewardCase.json
{1}% chance to gain a random E.G.O Gift	获得{0} 经费	0	5	
A Certain World	某个世界	1	4	MirrorDungeonTheme-1.json
Thunder and Lightning	电闪雷鸣	2	3	MirrorDungeonTheme-1.json
The Infinite Procession	无尽的游行	1	4	MirrorDungeonTheme-1.json
Yield My Flesh to Claim Their Bones BokGak	肉斩骨断 复刻	0	5	MirrorDungeonTheme-1.json
Physical Training	体力锻炼	3	2	MirrorDungeonUI_2.json
Namesake	名副其实	3	2	MirrorDungeonUI_2.json
Readiness	事前准备	4	1	MirrorDungeonUI_2.json
Cheaper Refresh Cost	刷新所需经费减少	2	3	MirrorDungeonUI_2.json
Sell E.G.O Gift	售卖E.G.O饰品	1	4	MirrorDungeonUI_3.json
Cannot Enhance	无法强化	2	3	MirrorDungeonUI_3.json
Before Entry	探索前	3	2	MirrorDungeonUI_4.json
Biting Wind	刺骨寒风	3	2	MirrorDungeonUI_4.json
Tier 3 + Tier 3 => Tier 3	3级 + 3级 => 3级	0	5	MirrorDungeonUI_4.json
Clear Canto VI	通过第6章	2	3	MirrorDungeonUI_5_InfinityFloor.json
Converted to Cost	兑换为经费	2	3	MirrorDungeonUI_6.json
Refraction Railway Theme Pack	折射轨道主题卡包	1	4	MirrorDungeonUI_6.json
Weekly Projection Cap	每周可获得的投影度	2	3	MirrorDungeonUI_6.json
Current Theme Pack-Exclusive	当前主题卡包限定	3	2	MirrorDungeonUI_7.json
Brutal Stab	剜出	1	4	Passives-ycgd.json
Brainwave Focus	脑波集束	2	3	Passives.json
Broken Spirit	万念俱灰	2	3	Passives.json
Hustle	推波助澜	3	2	Passives.json
Gambit	胜负手	4	1	Passives.json
Dimensional Demon Edge	次元魔刃	2	3	Passives.json
Collective Breathing	共同呼吸	2	3	Passives.json
Burning Passion	炽热激情	3	2	Passives.json
Speedy Delivery	高速派送	2	3	Passives.json
Duel Livestream	决斗直播	2	3	Passives.json
Le Fauvisme - Couleurs Sauvages	野兽派-野性色彩	0	5	Passives.json
Puncturing Harpoon	鱼叉贯穿	2	3	Passives_Abnormality-a1c5p3.json
The Parade Repeats for Eternity	游行会永远重复下去	0	5	Passives_Abnormality-a1c7p2.json
In Dreams	如在梦中	2	3	Passives_Abnormality-a1c7p3.json
I will ask again	再问你一次	1	4	Passives_Abnormality-a1c8p2.json
The Final Battle	最后一战	4	1	Passives_Abnormality-a1c9p3.json
Burden of Responsibility	责任之重	2	3	Passives_Abnormality-cultivation.json
Idolatry	偶像崇拜	3	2	Passives_Abnormality-mr7-extreme.json
'O Clock	准点	0	5	Passives_Abnormality-tkt-re.json
Remaining Time	残存的时间	4	1	Passives_Abnormality-tkt-re.json
Breaking Pieces	破裂的碎片	2	3	Passives_Abnormality.json
Empty Belly	空腹	1	4	Passives_Abnormality.json
Blue Resin	蓝色黏液	3	2	Passives_Abnormality_Refraction.json
Quickening of the Unborn	胎动	1	4	Passives_Abnormality_Refraction6.json
Severed and Torn until Even the Form is Undone [支離滅裂]	支离灭裂	0	5	Passives_Assist-a1c9p3.json
Dead End	瓮中之鳖	4	1	Passives_Enemy-a1c6p1.json
Spiked Bat	带刺的球棒	4	1	Passives_Enemy-a1c6p2.json
Styptics	止血剂	4	1	Passives_Enemy-a1c7p1.json
The Man-eating Bear	连人都吃的熊	2	3	Passives_Enemy-a1c7p1.json
Clear Target	明确的目标	1	4	Passives_Enemy-a1c8p1.json
The Last Breath	最后的气息	3	2	Passives_Enemy-exme.json
Tango Marinade	探戈酱料	4	1	Passives_Enemy-mr7-extreme.json
Disembark	终止行进	4	1	RailwayDungeonUI.json
- E.G.O : Threadspin Tier 4	- E.G.O：异想解析4阶段	0	5	RailwayDungeonUI_1001.json
Selected Buff	选择增益	1	4	RailwayDungeonUI_5.json
Expression of Love	传达爱的话语	4	1	StageNode-a1c6p3.json
The Bell Tolls	敲钟	3	2	StageNode-a1c8p1.json
A Ridiculous Idea	不切实际的想法	3	2	StageNode-a1c8p3.json
Dance Time	舞蹈时间	2	3	StageNode1-1.json
A Performance	一场表演	4	1	StageNode1-2.json
Bright Villains	聪明的恶人	2	3	StageNode1-4.json
Binding 3	纽带 3	4	1	StageNode1-4.json
Painting of Hell	地狱般的图景	3	2	StageNode91-10.json
Regular Health Check-up	健康体检	2	3	StageNode91-14.json
Sinking on Purpose	自愿的沉溺	2	3	StageNode91-14.json
The Final Check-up	最后的体检	2	3	StageNode91-14.json
Spinning Clock	转动的时钟	2	3	StageNode91-20.json
The Fabled Knight	童话中的骑士	2	3	StageNode91-20.json
Good Memories	美好的记忆	3	2	StageNode91-25.json
Lineage of Blades	执剑之契	2	3	StageNode91-7.json
To Yong-jin Building	前往龙进大楼	3	2	StageNode91-7.json
Left or Right	左转或右转	1	3	AbEvents-a1c5p3.json
Suspicious Red Cloth	奇怪的红布	2	2	AbEvents-cultivation.json
Punishing Bird	惩戒鸟	2	2	AbEvents-walpu8.json
Queen Bee Gift Options	蜂后 饰品 选项	2	2	AbEvents-walpu8.json
Exhilarating Edutainment Featuring Excess Violence!	寓教于揍的有趣游戏！	0	4	AbEvents.json
Who Judges the Judge	审判审判官之人	2	2	AbEvents.json
Rite of Suppuration	溃烂仪式	2	2	AbEvents.json
Rite of Confrontation	直面仪式	2	2	AbEvents.json
Rite of Penance	忏悔仪式	2	2	AbEvents.json
Rite of Conclusion	最终仪式	2	2	AbEvents.json
<color=#ebcaa2>Nothing happened.</color>	<color=#ebcaa2>什么都没有发生。</color>	0	4	AbEventsResultLog.json
Dongrang has been confronted	东朗被阻拦了	2	2	AbEventsResultLog.json
Physical Intervention Shield Activated	物理屏蔽力场已激活	2	2	AbEventsResultLog_walpu4.json
Take a general, sweeping look around the factory.	整体性地调查工厂。	0	4	AbEvents_Mirror4.json
Take a closer look at the factory owner and the employee.	仔细地调查厂长和员工。	0	4	AbEvents_Mirror4.json
Carnival of La Manchaland	拉·曼却领嘉年华游行	2	2	AbEvents_Mirror6.json
You know your stuff	你很懂行嘛	2	2	AbEvents_Ycgd.json
Bamboo-hatted Kim's Past 4	金笠的过去 4	2	2	AbEvents_exme.json
Ardor Blossom Moth Containment Breach	红焰蛾出逃	0	4	AbEvents_lcbcheckup-re.json
Eat it.	尝尝看。	2	2	AbEvents_lcbcheckup.json
Accept and investigate.	同意调查。	2	2	AbEvents_lcbcheckup.json
Post-Heishou Choice Development	黑兽选项后	2	2	AbEvents_night-clean-up-re.json
Oddly Familiar Boombox	似曾相识的音响	2	2	AbEvents_night-clean-up-re.json
Gallery of the Ring's School of Fauvism	野兽派环指画廊	0	4	AbEvents_twth.json
Hindley, The Reaved Lamenter	因被夺取而哭嚎的亨德利	0	4	AbnormalityGuides-a1c6p2.json
Peccatulum Pigritiae?	怠惰罪种?	0	4	AbnormalityGuides-a1c6p2.json
Peccatulum Morositatis?	忧郁罪种?	0	4	AbnormalityGuides-ycgd.json
Peccatulum Irae?	暴怒罪种?	0	4	AbnormalityGuides-ycgd.json
Baba Yaga-A	芭芭雅嘎-A	2	2	AbnormalityGuides.json
Baba Yaga-B	芭芭雅嘎-B	2	2	AbnormalityGuides.json
Feral Mane Corroded	野兽鬃毛的侵蚀者	3	1	AbnormalityGuides.json
Spiced-up Papa Bongy	香辣凤老爹	2	2	AbnormalityGuides.json
Human Offering	以人为祭	2	2	ActionEvents.json
The Chicken Strife	炸鸡对决	2	2	ActionEvents.json
Rusted Hilt Choice	锈蚀的刀柄 选项	2	2	ActionEvents_Mirror4.json
T Corp. Tax Collection	T公司税金征收	2	2	ActionEvents_Mirror4.json
The Timekilling Scene	时间杀人现场	2	2	ActionEvents_Mirror4.json
Bizarre Machine	奇妙的机器	2	2	ActionEvents_Mirror6.json
Worn Hilt Choice	陈旧的刀柄 选项	2	2	ActionEvents_Ycgd.json
Test of the Big Brother	大哥的试炼	0	4	BattleKeywords-BossRaid.json
Shade of Reflection [Tigerhunt]	映射[狩虎]	0	4	BattleKeywords-BossRaid.json
Shade of Reflection [Chachihu]	映射[插翅虎]	0	4	BattleKeywords-BossRaid.json
Shade of Reflection [Tiantui Star]	映射[天退星]	0	4	BattleKeywords-BossRaid.json
Uneven Breathing	粗重喘息	2	2	BattleKeywords-a1c5p3.json
Marked Prey	猎物标识	2	2	BattleKeywords-a1c6p2.json
Subject of Wrath	泄愤对象	2	2	BattleKeywords-a1c6p3.json
Excruciating Rage	充满痛苦的暴怒	2	2	BattleKeywords-a1c6p3.json
Courage to Approach	靠近的勇气	2	2	BattleKeywords-a1c6p3.json
Seized Wrath	紧握的暴怒	2	2	BattleKeywords-a1c6p3.json
Foolhardy Duel	鲁莽的决斗	2	2	BattleKeywords-a1c7p1.json
An Actual Bear	真正的熊	2	2	BattleKeywords-a1c7p1.json
Deep Laceration	深度裂伤	2	2	BattleKeywords-a1c7p1.json
Bloodwoven Thorn	血编荆棘	2	2	BattleKeywords-a1c7p2.json
Bloodmolded Thorn	血塑荆棘	2	2	BattleKeywords-a1c7p2.json
Imperfect Parade	不完善的游行	2	2	BattleKeywords-a1c7p2.json
Unstoppable Bliss	无法停止的欢喜	2	2	BattleKeywords-a1c7p2.json
Box of Curses	诅咒包裹	2	2	BattleKeywords-a1c7p3.json
Shimmering【Bloodfiend】	摇曳【血魔】	0	4	BattleKeywords-a1c7p3.json
Dreamy Hesitation	如在梦中的犹豫	2	2	BattleKeywords-a1c7p3.json
Polydipsic Rose	饥渴的玫瑰	2	2	BattleKeywords-a1c7p3.json
Rose Wedge	玫瑰之楔	2	2	BattleKeywords-a1c7p3.json
The Endless Wheel	不停旋转的摩天轮	2	2	BattleKeywords-a1c7p3.json
Returning Bloodlust III	复还的血之冲动III	2	2	BattleKeywords-a1c7p3.json
Congealing Blood	正在凝固的血	2	2	BattleKeywords-a1c7p3.json
Crippling Injury	严重的负伤	2	2	BattleKeywords-a1c7p3.json
My True Heart...	我的本心…	2	2	BattleKeywords-a1c8p2.json
Protective Stance	守护姿态	2	2	BattleKeywords-a1c8p2.json
Bloodthirst Suppressed	杀气抑制	2	2	BattleKeywords-a1c8p2.json
Concealed Bloodthirst	抑制杀气	2	2	BattleKeywords-a1c8p2.json
Eyeball Pinion	眼羽	2	2	BattleKeywords-a1c8p2.json
Inner Strength [底力]	底力	0	4	BattleKeywords-a1c8p3.json
Explosive Amusement	爆发游戏	2	2	BattleKeywords-a1c8p3.json
Imperfect Immortality	不完善的不死	2	2	BattleKeywords-a1c8p3.json
Supernatural, Strength, Chaos, and Spirits	怪力乱神	0	4	BattleKeywords-a1c8p3.json
The Will to Confront	希冀直面的意志	2	2	BattleKeywords-a1c8p3.json
Propagating Gloom	蔓延的忧郁	2	2	BattleKeywords-a1c9114.json
Gasping Breath	吐出的呼吸	2	2	BattleKeywords-a1c9114.json
Wounded Wound	伤中之伤	2	2	BattleKeywords-a1c9114.json
Lazy Sloth	慵懒的怠惰	2	2	BattleKeywords-a1c9114.json
The Middle's Vendetta Mark	中指的复仇对象	2	2	BattleKeywords-a1c9116.json
I'll Gift-wrap You	我要把你做成礼物！	2	2	BattleKeywords-a1c951.json
Subject of Observation	观察对象	2	2	BattleKeywords-a1c971.json
Automated Myofiber Activity	肌纤维的机械性收缩与舒张	2	2	BattleKeywords-a1c9p1.json
Hostage Situation	人质事件	2	2	BattleKeywords-a1c9p1.json
Rapid Growth	急速生长	2	2	BattleKeywords-a1c9p1.json
Artwork: Fascia	作品名：法西娅	0	4	BattleKeywords-a1c9p1.json
Impact-rattled Armor	剧烈振动的甲胄	2	2	BattleKeywords-a1c9p1.json
The Thumb Nursefather's Command	拇指父辈的命令	2	2	BattleKeywords-a1c9p1.json
Rekindled Exhilaration	复燃的喜悦	2	2	BattleKeywords-a1c9p1.json
Prescript: [Paper Slip] III	指令[纸条]III	0	4	BattleKeywords-a1c9p1.json
Prescript: [Paper Slip] IV	指令[纸条]IV	0	4	BattleKeywords-a1c9p1.json
Extreme Onus	强烈的压迫感	2	2	BattleKeywords-a1c9p2.json
Fourfold Afterimage Entanglement	四重残像纠缠	2	2	BattleKeywords-a1c9p2.json
Threefold Afterimage Entanglement	三重残像纠缠	2	2	BattleKeywords-a1c9p2.json
Twofold Afterimage Entanglement	二重残像纠缠	2	2	BattleKeywords-a1c9p2.json
Onefold Afterimage Entanglement	一重残像纠缠	2	2	BattleKeywords-a1c9p2.json
Shin (心) - Dihui Star	心-地慧星	0	4	BattleKeywords-a1c9p2.json
Mutilated Memory and Recollection	被千刀万剐的记忆与回忆	2	2	BattleKeywords-a1c9p2.json
Deep Breath - Red	深长吐息-红色	0	4	BattleKeywords-a1c9p3.json
Memories of that Day	那一日的记忆	2	2	BattleKeywords-a1c9p3.json
Dimensional Bag - Namir Workshop	次元包-纳米尔工坊	0	4	BattleKeywords-a1c9p3.json
Dimensional Bag - YuRia Atelier	次元包-尤里亚工坊	0	4	BattleKeywords-a1c9p3.json
Thermal Blades OFF	热丝 OFF	2	2	BattleKeywords-a1c9p3.json
Ingredient-shedding Wound	材料脱落的伤口	2	2	BattleKeywords-a1c9p3.json
Shin (心) - Valencina	心-瓦伦希娜	0	4	BattleKeywords-a1c9p3.json
Shattered World	破碎的世界	2	2	BattleKeywords-a1c9p3.json
Umbra Unsealed	本影 禁制解除	2	2	BattleKeywords-a1c9p3.json
Unsevered Memory	未曾割舍的记忆	2	2	BattleKeywords-a1c9p3.json
Unseverable Time	未曾割舍的时间	2	2	BattleKeywords-a1c9p3.json
Rien's Mask	里恩的假面	2	2	BattleKeywords-a1c9p3.json
K Corp. Ampule Used	使用K公司安瓿	2	2	BattleKeywords-a1c9p3.json
Faint Guilt	微弱的负罪感	2	2	BattleKeywords-cultivation.json
Berserking	狂化	2	2	BattleKeywords-cultivation.json
Spreading Snake Venom	扩散的蛇毒	2	2	BattleKeywords-cultivation.json
Pinning Nail	定格尖钉	2	2	BattleKeywords-exme.json
Prisoner Transport Order	押送命令	2	2	BattleKeywords-exme.json
Investigation Order	调查命令	2	2	BattleKeywords-exme.json
Bloodtinged Craving	血色的渴求	2	2	BattleKeywords-mowe.json
Sea Terror Assimilation	恐鱼同化	2	2	BattleKeywords-pilgrimage.json
Abyssal Vitality	深海的生命力	2	2	BattleKeywords-pilgrimage.json
Indelible Compassion	无法抹去的善意	2	2	BattleKeywords-pilgrimage.json
The Knight's Corpus	骑士骨血	2	2	BattleKeywords-pilgrimage.json
Misery and Calamity	苦厄灾难	2	2	BattleKeywords-pilgrimage.json
Emotional Connection	情感共享	2	2	BattleKeywords-pilgrimage.json
Violent Collections	强力征收执行	2	2	BattleKeywords-tkt-re.json
T Corp. Borrowed Time	T公司的时间租赁	2	2	BattleKeywords-tkt.json
Time Delay	时间泄露	2	2	BattleKeywords-tkt.json
Stolen Time	抢来的时间	2	2	BattleKeywords-tkt.json
Joint Time Expenditure	共同分担时间支出	2	2	BattleKeywords-tkt.json
Mental Fracture	精神裂痕	2	2	BattleKeywords-walpu4.json
Blessing of Despair	绝望的加护	2	2	BattleKeywords-walpu6.json
Crumbled Pride	崩溃的自尊	2	2	BattleKeywords-walpu6.json
Mark of Villainy	恶人标记	2	2	BattleKeywords-walpu6.json
Magical Arcana	魔法阿卡纳	2	2	BattleKeywords-walpu6.json
Love/Hate	爱/憎	0	4	BattleKeywords-walpu6.json
Magical Girl's Chant	魔法少女的咏唱	2	2	BattleKeywords-walpu6.json
Pheromone Mark	信息素标记	2	2	BattleKeywords-walpu8.json
Herd Relocation	群体迁移	2	2	BattleKeywords-walpu8.json
Leaking Marinade	漏出的酱料	2	2	BattleKeywords-x1p1c1.json
Golden Recipe Sauce	黄金秘传酱汁	2	2	BattleKeywords-x1p1c1.json
Ongoing Damage	持续损伤	2	2	BattleKeywords.json
Multiply Coin Boost	乘算硬币强化	2	2	BattleKeywords.json
Minus Coin Drop	减算硬币弱化	2	2	BattleKeywords.json
Multiply Coin Drop	乘算硬币弱化	2	2	BattleKeywords.json
Slash Resist Up	斩击抗性强化	2	2	BattleKeywords.json
Pierce Resist Up	突刺抗性强化	2	2	BattleKeywords.json
Blunt Resist Up	打击抗性强化	2	2	BattleKeywords.json
Pierce Resist Down	突刺抗性弱化	2	2	BattleKeywords.json
Slash DMG Down	斩击伤害弱化	2	2	BattleKeywords.json
Pierce DMG Down	突刺伤害弱化	2	2	BattleKeywords.json
Blunt DMG Down	打击伤害弱化	2	2	BattleKeywords.json
Wrath Resist Down	暴怒抗性弱化	2	2	BattleKeywords.json
Lust Resist Down	色欲抗性弱化	2	2	BattleKeywords.json
Sloth Resist Down	怠惰抗性弱化	2	2	BattleKeywords.json
Gluttony Resist Down	暴食抗性弱化	2	2	BattleKeywords.json
Gloom Resist Down	忧郁抗性弱化	2	2	BattleKeywords.json
Pride Resist Down	傲慢抗性弱化	2	2	BattleKeywords.json
Envy Resist Down	嫉妒抗性弱化	2	2	BattleKeywords.json
Wrath Resist Up	暴怒抗性强化	2	2	BattleKeywords.json
Lust Resist Up	色欲抗性强化	2	2	BattleKeywords.json
Sloth Resist Up	怠惰抗性强化	2	2	BattleKeywords.json
Gluttony Resist Up	暴食抗性强化	2	2	BattleKeywords.json
Gloom Resist Up	忧郁抗性强化	2	2	BattleKeywords.json
Pride Resist Up	傲慢抗性强化	2	2	BattleKeywords.json
Envy Resist Up	嫉妒抗性强化	2	2	BattleKeywords.json
Wrath DMG Down	暴怒伤害弱化	2	2	BattleKeywords.json
Lust DMG Down	色欲伤害弱化	2	2	BattleKeywords.json
Sloth DMG Down	怠惰伤害弱化	2	2	BattleKeywords.json
Gluttony DMG Down	暴食伤害弱化	2	2	BattleKeywords.json
Gloom DMG Down	忧郁伤害弱化	2	2	BattleKeywords.json
Pride DMG Down	傲慢伤害弱化	2	2	BattleKeywords.json
Envy DMG Down	嫉妒伤害弱化	2	2	BattleKeywords.json
Gloom DMG Up	忧郁伤害强化	2	2	BattleKeywords.json
Pride DMG Up	傲慢伤害强化	2	2	BattleKeywords.json
Weak-resist DMG Boost	脆弱攻击伤害强化	2	2	BattleKeywords.json
Spreading Flame	燎原	2	2	BattleKeywords.json
Gentle Sendoff	惜别	2	2	BattleKeywords.json
Gaze of the One Who Grips	执柄者的凝视	0	4	BattleKeywords.json
Pierce Protection	突刺守护	2	2	BattleKeywords.json
Wrath Protection	暴怒守护	2	2	BattleKeywords.json
Lust Protection	色欲守护	2	2	BattleKeywords.json
Gluttony Protection	暴食守护	2	2	BattleKeywords.json
Gloom Protection	忧郁守护	2	2	BattleKeywords.json
Pride Protection	傲慢守护	2	2	BattleKeywords.json
Envy Protection	嫉妒守护	2	2	BattleKeywords.json
Burn Resistance	烧伤抗性	2	2	BattleKeywords.json
Bleed Resistance	流血抗性	2	2	BattleKeywords.json
Momentary Cool	片刻冷静	2	2	BattleKeywords.json
Momentary Glory	刹那的荣光	2	2	BattleKeywords.json
Crab Rage	蟹·愤	2	2	BattleKeywords.json
Declared Duel - Don Quixote	决斗宣告-堂吉诃德	0	4	BattleKeywords.json
Heated Gas Harpoon	加热的燃气捕鲸叉	2	2	BattleKeywords.json
Overheated Gas Harpoon	过热的燃气捕鲸叉	2	2	BattleKeywords.json
Reverse Compulsion	反转强迫	2	2	BattleKeywords.json
Blooming Thorn III	绽放荆棘III	2	2	BattleKeywords.json
The First Magic Bullet	第一发魔弹	2	2	BattleKeywords.json
The Second Magic Bullet	第二发魔弹	2	2	BattleKeywords.json
The Third Magic Bullet	第三发魔弹	2	2	BattleKeywords.json
The Fourth Magic Bullet	第四发魔弹	2	2	BattleKeywords.json
The Fifth Magic Bullet	第五发魔弹	2	2	BattleKeywords.json
The Sixth Magic Bullet	第六发魔弹	2	2	BattleKeywords.json
The Seventh Magic Bullet	第七发魔弹	2	2	BattleKeywords.json
Target Spotted	锁定目标	2	2	BattleKeywords.json
Overwatch Assignment	后方支援分派	2	2	BattleKeywords.json
Cumulus Wall	云障	2	2	BattleKeywords.json
Shallow Exhale	急促喘息	2	2	BattleKeywords.json
Searing Birdcage	炙热鸟笼	2	2	BattleKeywords.json
Unfocused Volley	广域乱射	2	2	BattleKeywords.json
Mark of Decay	崩坏印记	2	2	BattleKeywords.json
Twisted Curse Talisman	纠缠不休的咒符	2	2	BattleKeywords.json
Razor Thorn	刃棘	2	2	BattleKeywords.json
Battlefield Retreat	战场撤退	2	2	BattleKeywords.json
Scorch Propellant Ammo	灼热推进弹	2	2	BattleKeywords.json
Near-light Superbattery	超亚光蓄能	2	2	BattleKeywords.json
Self Resonance Circuitry	自谐振电路	2	2	BattleKeywords.json
Leash-holder of All Heishou	全体黑兽之主	2	2	BattleKeywords.json
Man in Scabbard	鞘中人	2	2	BattleKeywords.json
Arrow - Shi	箭矢-死	0	4	BattleKeywords.json
Lodged Arrow	刺入之矢	2	2	BattleKeywords.json
Focused Performance	专注表演	2	2	BattleKeywords.json
La Mancha Parade	拉·曼却游行	2	2	BattleKeywords.json
Fatal Wound	致命创伤	2	2	BattleKeywords.json
Battleblood Instinct	血斗本能	2	2	BattleKeywords.json
Protector's Stance	护卫姿态	2	2	BattleKeywords.json
Sheut Fracture	影之龟裂	2	2	BattleKeywords.json
LCA Fracture Round	LCA龟裂弹	2	2	BattleKeywords.json
Resident Reg. Microchip	居民登记微芯片	2	2	BattleKeywords.json
Guardians of the Forest	森林的守望者	2	2	BattleKeywords.json
Wound-casing Mask	遮盖伤口的假面	2	2	BattleKeywords.json
Desire for Acknowledgement Sated	被满足的认可欲	2	2	BattleKeywords.json
Loyalty Pheromone	忠诚信息素	2	2	BattleKeywords.json
Spore Round [Base]	孢子弹[基础]	0	4	BattleKeywords.json
Spore Round [Buckshot]	孢子弹[霰弹]	0	4	BattleKeywords.json
Hornet [Rifle]	黄蜂[步枪]	0	4	BattleKeywords.json
Hornet [Shotgun]	黄蜂[霰弹枪]	0	4	BattleKeywords.json
Imperfections Addressed	缺陷补全	2	2	BattleKeywords.json
Scarlet Moth	朱红之蛾	2	2	BattleKeywords.json
String Severance [絕緣]	断缘	0	4	BattleKeywords.json
Shin (心) - Dihui Star [地慧星]	心-地慧星	0	4	BattleKeywords.json
The Middle - Vengeance Tattoo [<s>Great Sister</s>]	中指-仇怨纹身[<s>长姊</s>]	0	4	BattleKeywords.json
Avenging My Family	家人的复仇	2	2	BattleKeywords.json
Rising Fever	愈加炽热的兴致	2	2	BattleKeywords.json
Trussed [Hong Lu]	捕缚[鸿璐]	0	4	BattleKeywords.json
Drink to the Fallen	追悼酒	2	2	BattleKeywords.json
Sword of the Homeland - The True Essence	本国剑-传授真意	0	4	BattleKeywords.json
Maturing Textbook	逐渐完备的教材	2	2	BattleKeywords.json
Dawnherald	迎接黎明	2	2	BattleKeywords.json
From Dawnbreak to Sunset	自黎明至黄昏	2	2	BattleKeywords.json
Blazing Sunset	燃烧的黄昏	2	2	BattleKeywords.json
Loneliness at High Noon	孤独的正午	2	2	BattleKeywords.json
Overheated Coffin	过热的棺	2	2	BattleKeywords.json
Dimensional Castaway	次元漂流	2	2	BattleKeywords.json
Quadricolor Dimensions	四色次元	2	2	BattleKeywords.json
Inflict additional Burn	烧伤追加	2	2	BattleKeywords_Mirror3.json
Inflict additional Bleed	流血追加	2	2	BattleKeywords_Mirror3.json
Inflict additional Rupture	破裂追加	2	2	BattleKeywords_Mirror3.json
Siphon Damage	伤害汲取	2	2	BattleKeywords_Mirror3.json
Unopposed Attack Boost	单方面攻击强化	2	2	BattleKeywords_Mirror3.json
Damage Dealt Up	造成伤害强化	2	2	BattleKeywords_Mirror3.json
Coin Power Up II	硬币威力增幅 II	2	2	BattleKeywords_Mirror3.json
Overload II	过载 II	2	2	BattleKeywords_Mirror3.json
Body Corpulence	肉体肥大	2	2	BattleKeywords_Mirror4.json
Final Attack Boost	最终攻击增强	2	2	BattleKeywords_Mirror4.json
Base Attack Boost	基础攻击增强	2	2	BattleKeywords_Mirror4.json
Body Growth	肉体生长	2	2	BattleKeywords_Mirror4.json
Body Fortification	肉体补强	2	2	BattleKeywords_Mirror4.json
Final Combat Gear	最终战斗装备	2	2	BattleKeywords_Mirror4.json
Defense Gear	防御装备	2	2	BattleKeywords_Mirror4.json
Coin Attack Boost	硬币攻击增强	2	2	BattleKeywords_Mirror4.json
Peerless Might	强大无比	2	2	BattleKeywords_Mirror4.json
Take an Eye I	复仇I	2	2	BattleKeywords_Mirror4.json
Amplify Body III	肉体增强III	2	2	BattleKeywords_Mirror4.json
Expand Body III	肉体扩展III	2	2	BattleKeywords_Mirror4.json
Max HP Boost II	体力上限增强II	2	2	BattleKeywords_Mirror4.json
Amplify Body IV	肉体增强IV	2	2	BattleKeywords_Mirror4.json
Expand Body IV	肉体扩展IV	2	2	BattleKeywords_Mirror4.json
Coin Power Boost	硬币威力增强	2	2	BattleKeywords_Mirror4.json
Clash Attack Boost II	拼点攻击增强II	2	2	BattleKeywords_Mirror4.json
Offense Level Up II	攻击等级强化II	2	2	BattleKeywords_Mirror5.json
Resilient III	强韧III	2	2	BattleKeywords_Mirror5.json
Keen III	锐利III	2	2	BattleKeywords_Mirror5.json
Resilient IV	强韧IV	2	2	BattleKeywords_Mirror5.json
Growth III	生长III	2	2	BattleKeywords_Mirror5.json
Clash Power Boost	拼点威力增幅	2	2	BattleKeywords_Mirror5.json
Keen IV	锐利IV	2	2	BattleKeywords_Mirror5.json
Body Up III	肉体强化III	2	2	BattleKeywords_Mirror5.json
Growth IV	生长IV	2	2	BattleKeywords_Mirror5.json
Body Up IV	肉体强化IV	2	2	BattleKeywords_Mirror5.json
Clash Power Up III	拼点威力增强III	2	2	BattleKeywords_Mirror5.json
Brutality III	破坏力III	2	2	BattleKeywords_Mirror5.json
Clash Power Up IV	拼点威力增强IV	2	2	BattleKeywords_Mirror5.json
Base Power Up IV	基础威力增强IV	2	2	BattleKeywords_Mirror5.json
Brutality IV	破坏力IV	2	2	BattleKeywords_Mirror5.json
Keen VIII	锐利VIII	2	2	BattleKeywords_Mirror5.json
Resilient VIII	强韧VIII	2	2	BattleKeywords_Mirror5.json
Body Up VIII	肉体强化VIII	2	2	BattleKeywords_Mirror5.json
Growth VIII	生长VIII	2	2	BattleKeywords_Mirror5.json
Keen IX	锐利IX	2	2	BattleKeywords_Mirror5.json
Resilient IX	强韧IX	2	2	BattleKeywords_Mirror5.json
Body Up IX	肉体强化IX	2	2	BattleKeywords_Mirror5.json
Growth IX	生长IX	2	2	BattleKeywords_Mirror5.json
Brutality VI	破坏力VI	2	2	BattleKeywords_Mirror5.json
Mounting Adversities	追加的制约	2	2	BattleKeywords_Mirror6.json
Keen XIII	锐利XIII	2	2	BattleKeywords_Mirror6.json
Resilient XIII	强韧XIII	2	2	BattleKeywords_Mirror6.json
Body Up XIII	肉体强化XIII	2	2	BattleKeywords_Mirror6.json
Growth XIII	生长XIII	2	2	BattleKeywords_Mirror6.json
Clash Power Up VIII	拼点威力增强VIII	2	2	BattleKeywords_Mirror6.json
Final Power Up VIII	最终威力增强VIII	2	2	BattleKeywords_Mirror6.json
Base Power Up VIII	基础威力增强VIII	2	2	BattleKeywords_Mirror6.json
Body Up XIV	肉体强化XIV	2	2	BattleKeywords_Mirror6.json
Growth XIV	生长XIV	2	2	BattleKeywords_Mirror6.json
Clash Power Up IX	拼点威力增强IX	2	2	BattleKeywords_Mirror6.json
Final Power Up IX	最终威力增强IX	2	2	BattleKeywords_Mirror6.json
Base Power Up IX	基础威力增强IX	2	2	BattleKeywords_Mirror6.json
Keen XVI	锐利XVI	2	2	BattleKeywords_Mirror6.json
Resilient XVI	强韧XVI	2	2	BattleKeywords_Mirror6.json
Body Up XVI	肉体强化XVI	2	2	BattleKeywords_Mirror6.json
Growth XVI	生长XVI	2	2	BattleKeywords_Mirror6.json
Clash Power Up XI	拼点威力增强XI	2	2	BattleKeywords_Mirror6.json
Final Power Up XI	最终威力增强XI	2	2	BattleKeywords_Mirror6.json
Base Power Up XI	基础威力增强XI	2	2	BattleKeywords_Mirror6.json
Inflation II	通货膨胀II	2	2	BattleKeywords_Mirror6.json
Ego Interference II	自我干涉II	2	2	BattleKeywords_Mirror6.json
Mark of Fire II	炎之烙印II	2	2	BattleKeywords_Mirror6.json
Mental Psychosis II	精神错乱II	2	2	BattleKeywords_Mirror6.json
Nerve Acceleration II	神经加速II	2	2	BattleKeywords_Mirror6.json
SP Fatigue II	理智枯竭II	2	2	BattleKeywords_Mirror6.json
Hunger-Rage	饥饿-暴怒	2	2	BattleKeywords_Mirror6.json
Curio	探究对象	2	2	BattleKeywords_Mirror7.json
Glimpse of Precognition	瞬间的预知	2	2	BattleKeywords_Mirror7.json
Force Redistribution	战力的再分配	2	2	BattleKeywords_Mirror7.json
Psychological Elation	精神昂扬	2	2	BattleKeywords_Mirror7.json
Shield Generation	生成护盾	2	2	BattleKeywords_Mirror7.json
Fracture Proliferation	龟裂增殖	2	2	BattleKeywords_Mirror7.json
Beauty of the Physique	肉体美	2	2	BattleKeywords_Mirror7.json
Charm of the Beastly	野性美	2	2	BattleKeywords_Mirror7.json
Torn-out Butterfly	撕裂而出之蝶	2	2	BattleKeywords_Mirror7.json
Brambles of Eternity	永劫的荆棘	2	2	BattleKeywords_Refraction2.json
Bandages of the King in Binds	受缚之王的绷带	0	4	BattleKeywords_Refraction4.json
Moment of Audience	觐见之时	2	2	BattleKeywords_Refraction4.json
Poised Showdown	决战的呼吸法	2	2	BattleKeywords_Refraction4.json
Infliction Refraction	施加量折射	2	2	BattleKeywords_Refraction5.json
Gain Refraction	获得量折射	2	2	BattleKeywords_Refraction5.json
Refracted Burst	折射的爆发	2	2	BattleKeywords_Refraction5.json
Weakness Destroyed	弱点破坏	2	2	BattleKeywords_Refraction5.json
The Lone Gunman	孤独的射手	2	2	BattleKeywords_Refraction5.json
Lasting Battle Spirit	延续斗志	2	2	BattleKeywords_Refraction5.json
Resource Reaping	资源收获	2	2	BattleKeywords_Refraction5.json
Wrathful Counter	愤怒的反击	2	2	BattleKeywords_Refraction5.json
Fell Bullet Deluge	凶弹倾泻	2	2	BattleKeywords_Refraction5.json
HP Manipulation	体力扭曲	2	2	BattleKeywords_Refraction5.json
Refracted Slash	折射的斩击	2	2	BattleKeywords_Refraction5.json
Refracted Pierce	折射的突刺	2	2	BattleKeywords_Refraction5.json
Refracted Blunt	折射的打击	2	2	BattleKeywords_Refraction5.json
Growth Refraction II	生长折射 II	2	2	BattleKeywords_Refraction5.json
Resource Vaporization	资源挥发	2	2	BattleKeywords_Refraction5.json
Blossomed Blood	绽放之血	2	2	BattleKeywords_Refraction5.json
Refracted Rage	折射的愤怒	2	2	BattleKeywords_Refraction5.json
HP Refraction II	体力折射 II	2	2	BattleKeywords_Refraction5.json
Active Buffs	生效的增益	2	2	BattleKeywords_Refraction5.json
Active Trials	生效的苦难	2	2	BattleKeywords_Refraction5.json
Clash Power Refraction	拼点威力折射	2	2	BattleKeywords_Refraction5.json
Refracted Poise	折射的呼吸法	2	2	BattleKeywords_Refraction5.json
Refracted Envy	折射的嫉妒	1	3	BattleKeywords_Refraction5.json
Temporal Disjunction	时间背离	2	2	BattleKeywords_Refraction6.json
Capricious Mercy	变化无常的慈悲	2	2	BattleKeywords_Refraction6.json
Scaleclad	覆盖的鳞片	2	2	BattleKeywords_Refraction6.json
Until Season 8	到第8赛季开始前	2	2	BattlePass-a1c9.json
Pass Missions	通行证任务	2	2	BattlePass.json
Courage to Triumph Fear	战胜恐惧的勇气	2	2	Bufs.json
Fearsome Whistles	令人恐惧的哨音	2	2	Bufs.json
Poultry Apocalypse	鸡群的末日菜肴	3	1	Bufs.json
Meshed Possibilities	概率坍缩	2	2	Bufs.json
Opportunistic	机会主义	3	1	Bufs.json
Heal Selected	选择恢复	2	2	Bufs.json
Faded Promise	褪色的约定	2	2	Bufs.json
HP Refraction I	体力折射 I	1	3	Bufs_Refraction5.json
Refracted Determination	折射的斗志	3	1	Bufs_Refraction5.json
Journey to the Heart	通往心脏的道路	2	2	DungeonArea-a1c5p3.json
Pequod Town Entrance	裴廓德镇 出口	2	2	DungeonArea-a1c5p3.json
Execution Room	处置室	2	2	DungeonArea-a1c8p2.json
Control Team Lobby	控制部 大厅	3	1	DungeonArea1-1.json
Containment Hall 1	第一收容走廊	2	2	DungeonArea1-1.json
Containment Hall 4	第四收容走廊	2	2	DungeonArea1-1.json
Containment Hall 5	第五收容走廊	2	2	DungeonArea1-1.json
Critical Abnormality Block	重要异想体管理所	2	2	DungeonArea1-1.json
Defense Line 23-7 - 1536 Hours	第23-7 防线 15:36	0	4	DungeonArea1-1.json
Vault Storage	金库保管室	2	2	DungeonArea1-2.json
Quarry Entrance	采矿场入口	2	2	DungeonArea1-2.json
Quarry 1	第1采矿场	2	2	DungeonArea1-2.json
Quarry 2	第2采矿场	2	2	DungeonArea1-2.json
Quarry 3	第3采矿场	2	2	DungeonArea1-2.json
Quarry 4	第4采矿场	2	2	DungeonArea1-2.json
Explosives Bay	爆炸物隔间	2	2	DungeonArea1-2.json
Underground Factory Gate	地下工厂入口	2	2	DungeonArea1-2.json
Production Line 1	1号生产线	2	2	DungeonArea1-2.json
Production Line 2	2号生产线	2	2	DungeonArea1-2.json
Production Line 3	3号生产线	2	2	DungeonArea1-2.json
Assembly Line	装配产线	2	2	DungeonArea1-2.json
Maintenance Point	维护站点	2	2	DungeonArea1-2.json
Safety Testing	安全性检查设施	2	2	DungeonArea1-2.json
Final Processing	最终加工室	2	2	DungeonArea1-2.json
Quality Control	质控室	2	2	DungeonArea1-2.json
Ruined Village	已毁的村庄	2	2	DungeonArea1-2.json
Buried Hideout	被掩埋的藏身处	2	2	DungeonArea1-2.json
Forgotten Passage	被遗忘的通道	2	2	DungeonArea1-3.json
Corroded Entity Block	侵蚀体隔离所	2	2	DungeonArea1-3.json
Prison Area	监牢区域	3	1	DungeonArea1-3.json
Closed Prayer Room	封闭的祈祷室	3	1	DungeonArea1-3.json
Altar of Tears	眼泪祭坛	3	1	DungeonArea1-3.json
Altar Entrance	祭坛入口	2	2	DungeonArea1-3.json
Dry-to-the-Bone Breast	干巴柴涩鸡胸肉	2	2	EGOgift_MirrorDungeon-EventTheme.json
Prepaid Time Receipt	预支时间收据	2	2	EGOgift_MirrorDungeon-EventTheme.json
Bridle+	枷锁+	0	4	EGOgift_MirrorDungeon-EventTheme_2.json
Snuffed Lantern	熄灭的提灯	3	1	EGOgift_MirrorDungeon-EventTheme_2.json
Hardwood Liquor Cup	木质酒杯	2	2	EGOgift_MirrorDungeon-EventTheme_2.json
Swishing Fuel Tank	满满当当的燃料罐	2	2	EGOgift_MirrorDungeon-EventTheme_2.json
Ebony Brooch	黑檀胸针	2	2	EGOgift_MirrorDungeon-StoryTheme.json
Nagel und Hammer Scriptures	钉与锤之书	2	2	EGOgift_MirrorDungeon-StoryTheme.json
Blood-red Mane	血红鬃毛	2	2	EGOgift_MirrorDungeon-StoryTheme.json
La Manchaland All-day Pass	拉·曼却领自由通行券	2	2	EGOgift_MirrorDungeon-StoryTheme_2.json
Devouring Cube	吞噬一切的魔方	2	2	EGOgift_MirrorDungeon-StoryTheme_2.json
Portable Barrier Battery	便携式力场电池	2	2	EGOgift_MirrorDungeon-mowe.json
Phlebotomy Pack	采血包	2	2	EGOgift_MirrorDungeon.json
Coffee and Cranes	咖啡与纸鹤	2	2	EGOgift_MirrorDungeon.json
Eclipse of Scarlet Moths	朱红蛾群	2	2	EGOgift_MirrorDungeon.json
Lithograph	石版字符	2	2	EGOgift_MirrorDungeon.json
Phantom Pain	幻痛	2	2	EGOgift_MirrorDungeon.json
Little and To-be-Naughty Plushie	又小又可能很坏的玩偶	2	2	EGOgift_MirrorDungeon.json
Gathering Skulls	头骨收藏	2	2	EGOgift_MirrorDungeon.json
Child within a Flask	瓶中婴孩	2	2	EGOgift_MirrorDungeon.json
Golden Urn	金瓮	2	2	EGOgift_MirrorDungeon.json
Ancient Effigy	古代雕像	2	2	EGOgift_MirrorDungeon.json
Soothe the Dead	镇魂	1	3	EGOgift_MirrorDungeon.json
Ardent Flower	火光花	2	2	EGOgift_MirrorDungeon.json
Clockwork Spring	齿轮发条	2	2	EGOgift_MirrorDungeon.json
Rebate Token	返利礼券	2	2	EGOgift_MirrorDungeon.json
New Release Pamphlet	新品小册	2	2	EGOgift_MirrorDungeon.json
Twinkling Vestige	闪耀的残影	2	2	EGOgift_MirrorDungeon.json
Layered Bandages	重叠的创可贴	2	2	EGOgift_MirrorDungeon.json
Wobbling Keg	摇晃的酒桶	2	2	EGOgift_MirrorDungeon_2.json
Angel's Cut	天使所私	2	2	EGOgift_MirrorDungeon_2.json
Miniature Telepole	微型电线杆	2	2	EGOgift_MirrorDungeon_2.json
Tenacity Bolus	强韧丸	2	2	EGOgift_MirrorDungeon_6.json
Lightning Axe	电击斧	2	2	EGOgift_MirrorDungeon_6.json
Unbreakable Knot	死结	1	3	EGOgift_StoryDungeon-a1c5p3.json
Mask of a Devotee	信徒面具	2	2	EGOgift_StoryDungeon.json
Hemorrhagic Hand	流血的手	1	3	EGOgift_StoryDungeon.json
Worn Entry Card	陈旧的通行证	1	3	EGOgift_a1c8p2.json
Red Entry Card	红色通行证	1	3	EGOgift_a1c8p2.json
Still-warm Coffee	尚且温热的咖啡	2	2	EGOgift_walpu8.json
Moustachioed Twinhooks Pirate	留胡子的双钩海盗团成员	2	2	Enemies-a1c5p1.json
Bandana-wearing Twinhooks Pirate	戴头巾的双钩海盗团成员	2	2	Enemies-a1c5p1.json
Agile Twinhooks Pirate	敏捷的双钩海盗团成员	2	2	Enemies-a1c5p1.json
Tough Twinhooks Pirate	坚实的双钩海盗团成员	2	2	Enemies-a1c5p1.json
Revived K Corp. Class 1 Staff	复活的K公司1级员工	0	4	Enemies-a1c5p1.json
Sturdy Little Brother of the Middle	可靠的中指幼弟	0	4	Enemies-a1c5p2.json
Stern Little Brother of the Middle	严格的中指幼弟	0	4	Enemies-a1c5p2.json
Pallid and Blue Mermaid	苍白而泛青的人鱼	2	2	Enemies-a1c5p2.json
Swift Edgar Family Butler	灵敏的埃德加家族管家	2	2	Enemies-a1c6p1.json
Fast Edgar Family Butler	迅捷的埃德加家族管家	2	2	Enemies-a1c6p1.json
Shifty Edgar Family Butler	诡诈的埃德加家族管家	2	2	Enemies-a1c6p1.json
Trained Edgar Family Butler	熟练的埃德加家族管家	2	2	Enemies-a1c6p1.json
Hostile Wuthering Heights Butler	险恶的呼啸山庄管家	2	2	Enemies-a1c6p1.json
Trained Wuthering Heights Butler	受训的呼啸山庄管家	2	2	Enemies-a1c6p1.json
Bizarre Dead Rabbits Henchman	奇特的死兔帮成员	2	2	Enemies-a1c6p2.json
Veiled Dead Rabbits Henchman	蒙面的死兔帮成员	2	2	Enemies-a1c6p2.json
Combative Fanghunt Office Fixer	好斗的猎牙事务所收尾人	2	2	Enemies-a1c7p1.json
Prideful Fanghunt Office Fixer	心高气傲的猎牙事务所收尾人	2	2	Enemies-a1c7p1.json
Wicked Deathrite Monk	邪咒杀僧	2	2	Enemies-a1c8p2.json
The Middle Nursefather - Matthias	中指 父辈 - 马蒂亚斯	0	4	Enemies-a1c9p3.json
The Index Nursefather - Rien	食指 父辈 - 里恩	0	4	Enemies-a1c9p3.json
Wrath-drenched Rose	浸染暴怒的玫瑰	2	2	Enemies-mirror4.json
Lust-drenched Rose	浸染色欲的玫瑰	2	2	Enemies-mirror4.json
Sloth-drenched Rose	浸染怠惰的玫瑰	2	2	Enemies-mirror4.json
Gluttony-drenched Rose	浸染暴食的玫瑰	2	2	Enemies-mirror4.json
Gloom-drenched Rose	浸染忧郁的玫瑰	2	2	Enemies-mirror4.json
Pride-drenched Rose	浸染傲慢的玫瑰	2	2	Enemies-mirror4.json
Envy-drenched Rose	浸染嫉妒的玫瑰	2	2	Enemies-mirror4.json
Absorbing Tree	吸收之树	2	2	Enemies-mirror4.json
Little Brother Werner	幼弟 维尔纳	2	2	Enemies-sweep.json
T Corp. Class 2 Collection Staff	T公司 2级征收人员	0	4	Enemies-tkt.json
Dawn of Green - Doubt - γ	绿色的黎明 - 疑问 - γ	0	4	Enemies-walpu2.json
Determined Kurokumo Henchman	坚定的黑云会成员	2	2	Enemies-ycgd.json
Tense Kurokumo Henchman	紧张的黑云会成员	2	2	Enemies-ycgd.json
Adept Kurokumo Henchwoman	娴熟的黑云会成员	2	2	Enemies-ycgd.json
Tired Kurokumo Henchwoman	昏昏欲睡的黑云会成员	2	2	Enemies-ycgd.json
Kurokumo Clan Captain Jun	黑云会 副会长 俊	2	2	Enemies-ycgd.json
Fiery Veteran	暴躁的残兵	3	1	Enemies.json
Puzzled Veteran	惊讶的残兵	2	2	Enemies.json
Razor-sharp Veteran	锋利的残兵	2	2	Enemies.json
Hardened Veteran	变强的残兵	2	2	Enemies.json
Embittered Veteran	残忍的残兵	2	2	Enemies.json
Recollected Awry Soldier	记忆中歪曲的残兵	3	1	Enemies.json
Proceeding Inquisitor	向前逼近的异端审判官	2	2	Enemies.json
Four-legged Beast	四足野兽	2	2	Enemies.json
Slithering Inquisitor	蠢蠢欲动的异端审判官	2	2	Enemies.json
Rigid Casino Security	刻薄的赌场警卫	2	2	Enemies.json
Confident Casino Security	自信的赌场警卫	2	2	Enemies.json
Collected Casino Security	下定决心的赌场警卫	2	2	Enemies.json
Worshipping N Corp. Inquisitor	侍奉的N公司异端审判官	2	2	Enemies.json
Sadistic N Corp. Inquisitor	享受痛苦的N公司异端审判官	2	2	Enemies.json
Fearless N Corp. Inquisitor	无畏的N公司异端审判官	2	2	Enemies.json
Stone Seat	石头底座	2	2	Enemies.json
Lured Guido	受诱的圭多	2	2	Enemies.json
Lured Aida	受诱的艾达	2	2	Enemies.json
K Corp. Class 3 Excision Staff	K公司3级摘除人员	0	4	Enemies.json
Sharp Trash Crab	锋利废料蟹	2	2	Enemies91-4.json
Pointy Trash Crab	尖锐废料蟹	2	2	Enemies91-4.json
Hard Trash Crab	坚硬的废料蟹	2	2	Enemies91-4.json
Cannoneer Crab	余弹废料蟹	2	2	Enemies91-4.json
Bayonet Artillery Crab	炮刃废料蟹	2	2	Enemies91-4.json
Refracted Fairy Gentleman	折射的绅士精灵	2	2	Enemies_Refraction2.json
Refracted Peccatulum Invidiae	折射的嫉妒罪种	2	2	Enemies_Refraction4.json
The Refracted Barber	折射的理发师	2	2	Enemies_Refraction5.json
Refracted Dulcinea	折射的杜尔西内娅	2	2	Enemies_Refraction5.json
Refracted Distorted Hohenheim	折射的扭曲的霍恩海姆	2	2	Enemies_Refraction5.json
Refracted Yinglong	折射的应龙	2	2	Enemies_Refraction6.json
Hongyu, the Crimson Jade	红玉	0	4	Enemies_Refraction6.json
Rare Horseshoe with Bus-modifying Scrap	含有稀有马蹄铁的巴士改造废料	0	4	Items.json
Nominable S1 Identity Ticket	第1赛季人格自选券	2	2	Items.json
Definitely Not A Secret Scroll	假装不是秘籍的秘籍	0	4	Items.json
Threadskein	纺锤捆	3	1	Items.json
Uncanny Presentiment	不可思议的空间	2	2	MirrorDungeonNode1-1.json
Unknown Screams	无法辨别的尖啸	2	2	MirrorDungeonNode1-1.json
To be Crushed	当碎之物	3	1	MirrorDungeonTheme-1.json
Abnormal Seismic Zone	异常地震带	2	2	MirrorDungeonTheme-1.json
Impenetrable Path	无尽的死路	2	2	MirrorDungeonTheme-1.json
A Beautiful Voice	美妙的嗓音	2	2	MirrorDungeonTheme-1.json
The B.E.	凤·皇	2	2	MirrorDungeonTheme-1.json
A Midspring Night's Dream 2	仲春夜之梦2	0	4	MirrorDungeonTheme-1.json
E.G.O Gift GET!	获得E.G.O饰品！	0	4	MirrorDungeonUI.json
Daily Free Entry	每日免费进入	2	2	MirrorDungeonUI.json
Mirror Projection / Achievements	镜像投影 / 成就	0	4	MirrorDungeonUI.json
Hard Rewards	困难难度奖励	1	3	MirrorDungeonUI_2.json
Receive additional rewards	领取额外奖励	1	3	MirrorDungeonUI_2.json
Spotting Vulnerabilities	弱点洞察	1	3	MirrorDungeonUI_2.json
Spirit to Push Ahead	锐意进取	2	2	MirrorDungeonUI_2.json
Take a rest.	稍事歇息。	2	2	MirrorDungeonUI_2.json
To Window	返回玻璃窗	2	2	MirrorDungeonUI_2.json
Recommendations	推荐条件	3	1	MirrorDungeonUI_2.json
The Spoils of War	战利品	1	3	MirrorDungeonUI_2.json
Physical Training	体力训练	3	1	MirrorDungeonUI_2.json
Selected E.G.O Gifts	选择饰品	2	2	MirrorDungeonUI_3.json
Cannot Sell	无法售卖	2	2	MirrorDungeonUI_3.json
Enemy Level Up	敌方等级增加	2	2	MirrorDungeonUI_3.json
Select Encounter Reward Card	选择遭遇战奖励卡	1	3	MirrorDungeonUI_4.json
Tier 1 + Tier 3 => Tier 2	1级 + 3级 => 2级	0	4	MirrorDungeonUI_4.json
Tier 2 + Tier 2 => Tier 2	2级 + 2级 => 2级	0	4	MirrorDungeonUI_4.json
Rate Up	出现概率提升	2	2	MirrorDungeonUI_4.json
Starlight Refresh	星芒刷新	2	2	MirrorDungeonUI_4.json
Not Enough Starlight Bonus	星芒奖励不足	2	2	MirrorDungeonUI_5.json
Unclaimed Rewards	待领取奖励	3	1	MirrorDungeonUI_5.json
Cost gained	触发星之恩惠效果	1	3	
Long Battle	长线战斗	2	2	MirrorDungeonUI_5.json
Starlight Bonus Retention Units	星芒奖励保留对象	2	2	MirrorDungeonUI_5.json
Purchase Projection Rate	购买投影度	2	2	MirrorDungeonUI_5.json
Not Enough Cost	经费不足	2	2	MirrorDungeonUI_5.json
Starlight Retention Units	星芒保留单位	2	2	MirrorDungeonUI_6.json
Loadout Bonus	编队加成	2	2	MirrorDungeonUI_6.json
Starting Starlight Spent	初始星芒消耗	2	2	MirrorDungeonUI_6.json
Exploration Score	探索点数	2	2	MirrorDungeonUI_6.json
Spent in Dungeon	迷宫探索中的消耗量	2	2	MirrorDungeonUI_6.json
Refresh Cost Refunded	返还刷新经费	2	2	MirrorDungeonUI_7.json
ID Skill Search	人格技能观测	2	2	MirrorDungeonUI_7.json
No E.G.O Gifts Owned	没有所持的E.G.O饰品	2	2	MirrorDungeonUI_7.json
Current Theme Pack-Exclusive	当前卡包限定	3	1	MirrorDungeonUI_7.json
Martial Arts of Perseverance	饱经磨炼的武艺	2	2	Passives-BossRaid.json
Mismatched Memories	错位的记忆	2	2	Passives-BossRaid.json
Scattering Memories	散落的记忆	2	2	Passives-BossRaid.json
Chosen Prey	选定猎物	2	2	Passives-BossRaid.json
Lei Heng, The Pinky's Tiantui Star	小指 天退星雷横	0	4	Passives-BossRaid.json
Liquified Body	液态躯体	1	3	Passives-a1c9116.json
Keen Strike	锐利一击	2	2	Passives-ycgd.json
Self-charging	自行充能	2	2	Passives.json
Ressentiment	无名怨愤	2	2	Passives.json
Raring to Graze	准备吃草	2	2	Passives.json
Breach Defense	突破防线	1	3	Passives.json
Taciturn	默默行事	3	1	Passives.json
Highest Honor	无上荣光	2	2	Passives.json
Cantillation	诵经	1	3	Passives.json
Grasping Vulnerabilities	弱点洞悉	2	2	Passives.json
Mad Flame	狂炎	2	2	Passives.json
Filling Fluid	充盈的液体	2	2	Passives.json
Designated Protection	目标保护	2	2	Passives.json
Crab Driver	凿蟹机	1	3	Passives.json
Cleanup Mastery	清扫业务娴熟	2	2	Passives.json
Instinctive Read	直觉洞悉	2	2	Passives.json
Seven Association Tea Time	Seven协会的下午茶时间	2	2	Passives.json
Cleaning Up the Mess	收拾残局	2	2	Passives.json
Coerced Regret	被迫的悔恨	2	2	Passives.json
New Breathing Hole	开个气孔	1	3	Passives.json
The Lucky Cig	独头烟	2	2	Passives.json
Mentor's Counsel	导师的指导	2	2	Passives.json
Slumbering Bloodthirst	沉睡的杀气	2	2	Passives.json
The Marksman's Smoking Pipe	射手的烟斗	2	2	Passives.json
Request Work	委托工作	2	2	Passives.json
Om Nom Nom	嚼嚼嚼	2	2	Passives.json
Illumilantern	诱捕幻灯	2	2	Passives.json
Peering Through a Key	以钥窥视	2	2	Passives.json
Sinking Knowledge	沉淀的知识	2	2	Passives.json
Reviewed Knowledge	重复的知识	2	2	Passives.json
Sanguine Plum Blossoms	血绽如梅	2	2	Passives.json
Nightly Stroll	信步夜游	2	2	Passives.json
Dark Cloud Style	黑云剑法	2	2	Passives.json
Flame Spread	火焰传递	2	2	Passives.json
Spread Flame	传递火焰	2	2	Passives.json
Grave Attendance	严肃的公证	2	2	Passives.json
Butler Training	管家训练	2	2	Passives.json
Butler Style Response	管家式应对	2	2	Passives.json
Anticipatory Training	以备那日的训练	2	2	Passives.json
Endless Nightmares	无尽噩梦	2	2	Passives.json
White-hot Gladius	超高温罗马短剑	2	2	Passives.json
Clearing Household Chores	完成家务	2	2	Passives.json
Cleaning Command	指挥清扫	2	2	Passives.json
Loyal Supporter	忠诚的辅助	2	2	Passives.json
Assignment Evaluation	课题评估	2	2	Passives.json
Practices on Aesthetics	美学见习	2	2	Passives.json
Sanguine Pointillist	血点彩派	2	2	Passives.json
Electrocurrent Dismantling	电流解体	2	2	Passives.json
Auxiliary Dismantling Current	解体辅助电流	2	2	Passives.json
Charge Model L37	型号L37充能	2	2	Passives.json
Fire.IShallFire.	射吧，扣下扳机。	2	2	Passives.json
ISeeTheDyingButterfly.	注视垂死之蝶。	1	3	Passives.json
Shock-nullifying Greatsword	冲击抵消巨剑	2	2	Passives.json
Emergency Protection	紧急保护	1	3	Passives.json
How to Hunt Cheerfully	愉快的狩猎	2	2	Passives.json
Self-destructive Dedication	自我毁灭的献身	2	2	Passives.json
Hardblood Thorn	硬血荆棘	2	2	Passives.json
Tactical Fire Support	战术性射击支援	2	2	Passives.json
Precision Aim	精确瞄准	2	2	Passives.json
Fireproof	耐火	2	2	Passives.json
Gathering Dark Clouds	黑云迫近	2	2	Passives.json
Inner Ardor	碧血丹心	2	2	Passives.json
Liu Defensive Square	六协方阵	2	2	Passives.json
Featherstride Technique	轻功	2	2	Passives.json
Brainwave Charge-focusing Antlers	脑波充能集束犄角	2	2	Passives.json
Charged Pulverization Support	支援充能摧毁	2	2	Passives.json
Launching Maneuver [始動]	始动	0	4	Passives.json
Ammunition Tribute	子弹奉纳	2	2	Passives.json
Savage Tiger's Lunge	猛虎暴跃	2	2	Passives.json
The Heishou Lord	黑兽君主	2	2	Passives.json
Shi-no-Yumi	死之弓	2	2	Passives.json
Explosive Battering Ram	爆破角碎	2	2	Passives.json
Loyal Warrior	游侠	1	3	Passives.json
Jolly Antlers	圣诞饰角	2	2	Passives.json
Proselyte's Blade	苦行之刃	2	2	Passives.json
As the Prescript Orders...	正如指令所引导的…	2	2	Passives.json
Prescript Delivered on a Device	由终端所传达的指令	0	4	Passives.json
Dazzling Lamp	眩惑的目灯	2	2	Passives.json
E.G.O Gear Proficiency Manual	E.G.O装备精通手册	2	2	Passives.json
Imitation of a Life	仿造的一生	2	2	Passives.json
Spore Diffusion	孢子扩散	2	2	Passives.json
Unwithering Flower	不凋花	2	2	Passives.json
Transcend the Corpus	超越人体	2	2	Passives.json
A Maestro's Critique	大师的批评	2	2	Passives.json
Inspired by Critique	由批评启发的灵感	2	2	Passives.json
Welling Inspiration	充盈的灵感	2	2	Passives.json
Spacetime Afterimage Collapse	时空残像分裂	2	2	Passives.json
Afterimage Reverberation	残像回响	2	2	Passives.json
Duello Disperato	绝望的决斗	2	2	Passives.json
The All-Illuminating Light	照亮一切的灯光	2	2	Passives_Abnormality-a1c5p3.json
Darkness Deterred	被排斥的黑暗	2	2	Passives_Abnormality-a1c5p3.json
Sinking Darkness	沉沦的黑暗	2	2	Passives_Abnormality-a1c5p3.json
Solid Shell	坚硬的贝壳	2	2	Passives_Abnormality-a1c5p3.json
Expanding Oxygen	扩散的氧气	2	2	Passives_Abnormality-a1c5p3.json
Rolling Flotsam	被冲走的漂流物	2	2	Passives_Abnormality-a1c5p3.json
The Indomitable Harpooneer	不屈不挠的鱼叉手	2	2	Passives_Abnormality-a1c5p3.json
Engraved Hatred and Animosity	刻骨铭心的憎恶与仇恨	2	2	Passives_Abnormality-a1c5p3.json
Vying Spirit	傲气	2	2	Passives_Abnormality-a1c6p3.json
Wild Hunt of Desolation	破灭的狂猎	2	2	Passives_Abnormality-a1c6p3.json
For Every Heathcliff	为了所有的希斯克利夫	2	2	Passives_Abnormality-a1c6p3.json
Spiked Whip	荆棘之鞭	2	2	Passives_Abnormality-a1c7p3.json
Memories of the Journeys Past	过去的冒险记忆	0	4	Passives_Abnormality-a1c7p3.json
Watch this little girl...!	请注视吾吧…！	0	4	Passives_Abnormality-a1c8p3.json
Bestowed Mission	授予的命令	2	2	Passives_Abnormality-a1c9116.json
Wounded in Battle	负伤战斗	2	2	Passives_Abnormality-a1c9116.json
Entangling Roots	缠绕的根	2	2	Passives_Abnormality-a1c9p1.json
One Sole Root	唯一的根	2	2	Passives_Abnormality-a1c9p1.json
Superposed Afterimage	重叠的残像	2	2	Passives_Abnormality-a1c9p2.json
Terminated Persistence	断绝的生命力	2	2	Passives_Abnormality-a1c9p2.json
The Last Ember	最后的火种	2	2	Passives_Abnormality-a1c9p2.json
Interlocking Ardor Blossom	啮合的红焰	2	2	Passives_Abnormality-a1c9p2.json
All of My Corpus has been Given to Tibia	我全部的身体要素已给予提比娅	0	4	Passives_Abnormality-a1c9p3.json
Vengeance Tattoos [<s>Great Brother</s>]	仇怨纹身[<s>长兄</s>]	0	4	Passives_Abnormality-a1c9p3.json
My Daughter's Education	闺女的教育	2	2	Passives_Abnormality-a1c9p3.json
The Middle Styled Tattoos	中指式纹身	2	2	Passives_Abnormality-a1c9p3.json
The Emperor's Legion	皇帝的军团	2	2	Passives_Abnormality-a1c9p3.json
Vroom-vroom. Angry now	布隆布隆，生气了。	2	2	Passives_Abnormality-mr6.json
Vigorous Volaille	幸福的鸡	2	2	Passives_Abnormality-mr7-extreme.json
Gloomy Gallus	忧郁的鸡	2	2	Passives_Abnormality-mr7-extreme.json
Fragile Fowl	衰弱的鸡	2	2	Passives_Abnormality-mr7-extreme.json
Powerful Poussin	变强的鸡	2	2	Passives_Abnormality-mr7-extreme.json
Bongy Chicken Struts	小凤小凤到处走动	2	2	Passives_Abnormality-mr7-extreme.json
Bongy Chicken Beefs Up	小凤小凤力量爆棚	2	2	Passives_Abnormality-mr7-extreme.json
Splash Around	乱拍	3	1	Passives_Abnormality-mr7-extreme.json
Fate's Favored Child	命运的宠儿	2	2	Passives_Abnormality-pilgrimage.json
Phototaxic Procession	趋光队列	2	2	Passives_Abnormality-pilgrimage.json
Time Hyperacceleration	时间超加速	2	2	Passives_Abnormality-tkt-re.json
One Last Justice	仅存的正义	2	2	Passives_Abnormality-walpu6.json
Despair-piercing Sword	刺穿绝望之剑	2	2	Passives_Abnormality-walpu6.json
Wandering Ordeal	彷徨的考验	2	2	Passives_Abnormality-walpu8.json
Bulging Chicken	鼓鼓的鸡	2	2	Passives_Abnormality-x1p1c1.json
You Must Become Strong	你必须变强	2	2	Passives_Abnormality.json
Pulsating Arms	血脉搏动的手臂	2	2	Passives_Abnormality.json
Damaged Arms	受损的手臂	2	2	Passives_Abnormality.json
Regenerating Shell	修复躯壳	2	2	Passives_Abnormality.json
Frantic Eyes	狂乱的双眼	2	2	Passives_Abnormality.json
Shimmering Rage	荡漾的暴怒	2	2	Passives_Abnormality.json
Wriggling Instincts	蠢蠢欲动的本能	2	2	Passives_Abnormality.json
Overflowing Ecstasy	满溢而出的狂喜	2	2	Passives_Abnormality.json
Blooming Purity	绽放的纯粹	2	2	Passives_Abnormality.json
Flawless Flesh	无瑕的肉身	2	2	Passives_Abnormality.json
Boiling Blood	鲜血沸腾	3	1	Passives_Abnormality.json
Spreading Ember	蔓延的火种	2	2	Passives_Abnormality.json
나오면 안되는 텍스트 (번역 x)	不该出现的文本(翻译 x)	0	4	Passives_Abnormality.json
Momentary Satiation	片刻的饕足	2	2	Passives_Abnormality.json
Initiating Town Tour	小镇参观活动开始	2	2	Passives_Abnormality_Refraction.json
Hora de Fiesta	派对时间	2	2	Passives_Abnormality_Refraction1BokGak.json
Noble be Thy Sacrifice	高贵的牺牲在此	2	2	Passives_Abnormality_Refraction1BokGak.json
Vain Heart	虚荣的心	2	2	Passives_Abnormality_Refraction2.json
Apply Refracted Bleed	施加折射的流血	2	2	Passives_Abnormality_Refraction2.json
Deteriorated Persistence	衰退的生命力	2	2	Passives_Abnormality_Refraction2.json
Solid Exoskeleton	坚硬的甲壳	2	2	Passives_Abnormality_Refraction2.json
Mitosis	细胞分裂	2	2	Passives_Abnormality_Refraction2.json
Apply Refracted Burn	施加折射的烧伤	2	2	Passives_Abnormality_Refraction2.json
Refracted Burn and Bleed	折射的烧伤与流血	2	2	Passives_Abnormality_Refraction2.json
Overlapping Past	重叠的过去	2	2	Passives_Abnormality_Refraction2.json
Eternal Yoke	永远的枷锁	2	2	Passives_Abnormality_Refraction2.json
Broken Sign	损坏的告示牌	2	2	Passives_Abnormality_Refraction2.json
Scattered Flesh	四散的肉块	2	2	Passives_Abnormality_Refraction2.json
Singular Vine	汇为一体的藤蔓	2	2	Passives_Abnormality_Refraction2.json
Shimmering Lust	摇曳的色欲	2	2	Passives_Abnormality_Refraction2.json
Crushing Sloth	粉碎的怠惰	2	2	Passives_Abnormality_Refraction2.json
Growing Gluttony	滋生的暴食	2	2	Passives_Abnormality_Refraction2.json
Shimmering Gloom	摇曳的忧郁	2	2	Passives_Abnormality_Refraction2.json
Overinflated Pride	膨胀的傲慢	2	2	Passives_Abnormality_Refraction2.json
Glaring Envy	刺眼的嫉妒	2	2	Passives_Abnormality_Refraction2.json
Sin-drenched Brambles	罪孽缠身的荆棘	2	2	Passives_Abnormality_Refraction2.json
Gossypium Planting	种植棉花	2	2	Passives_Abnormality_Refraction3.json
Peering Gaze	追随的目光	2	2	Passives_Abnormality_Refraction4.json
Tarnished Body	污秽之躯	1	3	Passives_Abnormality_Refraction6.json
The Inner Self	内在的自我	2	2	Passives_Assist-Cultivation.json
Spirit of Fixers	收尾人精神	2	2	Passives_Assist-Cultivation.json
<s>The Middle</s>	<s>中指</s>	0	4	Passives_Assist-twth.json
In the name of Love and Justice~ Here comes Magical Girl!	以爱与正义之名~此时此地，闪亮登场！	0	4	Passives_Assist-walpu6.json
Cetacean Strand	与鲸相连	2	2	Passives_Enemy-a1c5p1.json
Spreading Flames	蔓延的污垢	2	2	Passives_Enemy-a1c5p2.json
Rat Hunt	猎鼠	2	2	Passives_Enemy-a1c6p1.json
Off-mark Curse	偏离的诅咒	2	2	Passives_Enemy-a1c8p1.json
Talisman Sorcerer	符术士	2	2	Passives_Enemy-a1c8p2.json
I See Your Weakness	弱点洞察	1	3	Passives_Enemy-cultivation.json
Floods of Sorrow	流淌的忧郁	2	2	Passives_Enemy-mr7-extreme.json
Abyssal Horror	深海的恐怖	2	2	Passives_Enemy-pilgrimage.json
Final Brushstroke	最后的笔触	2	2	Passives_Enemy-twth.json
Internal Combustion Engine	内燃机	2	2	Passives_Enemy-walpu5.json
First Stop: Contact	起点站 - 遭遇	0	4	RailwayDungeonNode1BokGak.json
Station #2: Restoration	第2站 - 复原	0	4	RailwayDungeonNode1BokGak.json
Station #3: Sinkage	第3站 - 沉沦	0	4	RailwayDungeonNode1BokGak.json
Station #4: Reunion	第4站 - 再会	0	4	RailwayDungeonNode1BokGak.json
Station #5: Insulation	第5站 - 绝缘	0	4	RailwayDungeonNode1BokGak.json
Station #6: Pickup	第6站 - 选拔	0	4	RailwayDungeonNode1BokGak.json
Station #7: Headlessness	第7站 - 无首	0	4	RailwayDungeonNode1BokGak.json
Station #8: Existence	第8站 - 存在	0	4	RailwayDungeonNode1BokGak.json
Station #9: Serum	第9站 - 血清	0	4	RailwayDungeonNode1BokGak.json
Station #10: Forked Tongue	第10站 - 岔舌	0	4	RailwayDungeonNode1BokGak.json
Station #11: Energization	第11站 - 导电	0	4	RailwayDungeonNode1BokGak.json
Station #12: Purity	第12站 - 纯粹	0	4	RailwayDungeonNode1BokGak.json
Last Stop: Non-self	终点站 - 无我	0	4	RailwayDungeonNode1BokGak.json
Clear Canto VIII	通过第8章	2	2	RailwayDungeonUI_1001.json
Special Rewards	特殊奖励	2	2	RailwayDungeonUI_2.json
Clear Selection	重置选择	2	2	RailwayDungeonUI_4.json
Abyssal Basement	深邃的地下室	2	2	StageNode-a1c6p2.json
Hearts Unbroken	同样的心	1	3	StageNode-a1c6p3.json
The Will to Change	谋求改变的意志	2	2	StageNode-a1c8p3.json
Temporary Truce	暂时休战	2	2	StageNode-a1c8p3.json
That Single Thread	鲜明的一根	3	1	StageNode-a1c9p2.json
Silent Night	平安夜	2	2	StageNode1-3.json
Age of Humanity	人类时代	3	1	StageNode1-4.json
Offer to Join	入职原因	2	2	StageNode1-4.json
Meaningless Wrath	无意义的愤怒	2	2	StageNode91-14.json
Directionless Sloth	迷失方向的怠惰	2	2	StageNode91-14.json
The Price of Curiosity	好奇心的代价	2	2	StageNode91-14.json
The Unknown Sea	陌生的大海	2	2	StageNode91-20.json
Small Tide	小浪	2	2	StageNode91-20.json
Three-way Agreement	三方协议	2	2	StageNode91-20.json
Operation Lighthouse Retrieval	灯塔夺回作战	2	2	StageNode91-20.json
A Tempting Offer	诱人的提案	2	2	StageNode91-5.json
A Touching Reunion	感人的重逢	2	2	StageNode91-5.json
To Find the Pair	寻找那两人	2	2	StageNode91-5.json
Mentor and Fellows	金笠与友人们	2	2	StageNode91-7.json
Stage 3 Peccatula	3阶罪种	2	2	StoryTheaterDanteNote_9.json
Court Circle - Sal	肉党	0	4	UnitKeyword-exem.json
Lake Entity	大湖生物	2	2	UnitKeyword.json
Check underneath the ship	检查船体底部	1	2	AbEvents-a1c5p3.json
Frozen Sinners	冻结的罪人	1	2	AbEvents-pilgrimage.json
Poking at the Egg	触摸那颗卵	2	1	AbEvents.json
{0} <color=#e30000>loses {1} HP</color>	{0}<color=#e30000>失去{1}体力</color>	0	3	AbEventsResultLog-a1c5p3.json
All allies <color=#80c9ff>heal {0} SP</color>	全体友方单位<color=#80c9ff>恢复{0}点理智值</color>	0	3	AbEventsResultLog-a1c5p3.json
<color=#ebcaa2>[{0}]</color> gains %{2} [{1}]/%	对<color=#ebcaa2>[{0}]</color>施加%{2} [{1}]/%	0	3	AbEventsResultLog-a1c6p3.json
<color=#ebcaa2>There’s a new path on the map!</color>	<color=#ebcaa2>地图中追加了新的道路！</color>	0	3	AbEventsResultLog.json
All allies gain %{1} {0}/% for this Encounter	本场战斗中全体友方单位获得%{0} {1}/%。	0	3	AbEventsResultLog_Refraction4.json
All allies gain {0} for the rest of the Encounter	本场战斗中的全体友方单位获得{0}	0	3	AbEventsResultLog_Refraction4.json
- When hit by Unbreakable Coins, take -20% damage	- 受到来自不可摧毁的硬币的伤害-20%	0	3	AbEventsResultLog_Refraction6.json
- On Hit with Unbreakable Coins, deal +20% damage	- 不可摧毁的硬币命中时，造成的伤害+20%	0	3	AbEventsResultLog_Refraction6.json
Refracted Sleeping Bag of a Bygone Day	折射的往昔的睡袋	0	3	AbEvents_Mirror6.json
Peccatulum Invidiae?	嫉妒罪种?	0	3	AbnormalityGuides_Refraction4.json
Office Hours for Jia Xichun	贾惜春同学的课程回顾	0	3	ActionEvents-cultivation.json
Iberians and the Ægirian	伊比利亚人与阿戈尔人	0	3	ActionEvents-pilgrimage.json
A Story of Lighthouse Keepers and The Profound Silence	灯塔看守人与大静谧的故事	0	3	ActionEvents-pilgrimage.json
Are You Happy?	你感到幸福吗？	0	3	ActionEvents.json
강화인간 선택지2	改造人选项2	0	3	ActionEvents.json
Picking a Row and Column	选择行与列	0	3	ActionEvents.json
Bamboo Hat & Dopo Robe Choice	斗笠，长袍 选项	0	3	ActionEvents_Mirror4.json
LCE Recovers The Ring's Artwork	回收环指作品的LCE组员们	0	3	ActionEvents_twth.json
The Golden Bough's Forced Arbitration	金枝的强制调律	0	3	BattleKeywords-a1c7p3.json
Deathrite 【Halt】	咒杀【勿动】	0	3	BattleKeywords-a1c8p2.json
Deathrite 【Impede】	咒杀【掣肘】	0	3	BattleKeywords-a1c8p2.json
E.G.O Corrosion - N Corp.	E.G.O侵蚀-N公司	0	3	BattleKeywords-a1c8p3.json
Hurting Pest [Roaches]	攻击害虫[蜚蠊]	0	3	BattleKeywords-a1c9p3.json
Tiansha Star's Bladewound [天殺星傷]	天杀星伤	0	3	BattleKeywords-a1c9p3.json
Shin (心) - A Certain Sinclair	心-某个辛克莱	0	3	BattleKeywords-a1c9p3.json
Sign - Manifestation of the Future	印记-未来显现	0	3	BattleKeywords-a1c9p3.json
Time Rescue Target	时间救援目标	1	2	BattleKeywords-tkt.json
The Living & The Departed	生蝶·亡蝶	0	3	BattleKeywords-walpu4.json
Faster!	再快点！	0	3	BattleKeywords.json
Declared Duel - Sinclair	决斗宣告-辛克莱	0	3	BattleKeywords.json
Le Fauvisme - Masque de Chien	野兽派-犬面	0	3	BattleKeywords.json
Base Combat Gear	基本战斗装备	2	1	BattleKeywords_Mirror4.json
Headstrong II	顽强 II	2	1	BattleKeywords_Mirror5.json
Status Infliction	增加异常状态	1	2	BattleKeywords_Mirror7.json
Refracted Wrath	折射的暴怒	1	2	BattleKeywords_Refraction5.json
Refracted Sloth	折射的怠惰	1	2	BattleKeywords_Refraction5.json
Refracted Gloom	折射的忧郁	1	2	BattleKeywords_Refraction5.json
Dragon's Spirit [龍氣]	龙气	0	3	BattleKeywords_Refraction6.json
Limbus Pass Rewards Available	可以领取边狱通行证奖励	1	2	BattlePass.json
Max Pass Level Reward Upgraded	通行证超额奖励增加	0	3	BattlePass.json
Pass Level-up	通行证等级提升	1	2	BattlePass.json
Pass Level Up	通行证等级提升	1	2	BattlePass.json
Time Relief Entitlement	时间救援目标	1	2	Bufs-tkt.json
Base Combat Gear	基础战斗装备	2	1	Bufs_Mirror4.json
Headstrong II	顽强II	2	1	Bufs_Mirror5.json
Resilient XIV	强韧XIV	1	2	Bufs_Mirror6.json
Inflict Status Effect	增加异常状态	1	2	Bufs_Mirror7.json
Golden Bough Resonance	金枝 共鸣	2	1	DanteAbilityUIText.json
Employee Waiting Room	员工等候室	2	1	DungeonArea1-1.json
Frozen Ruins	冰结废墟	2	1	DungeonArea1-2.json
Elite Training Quarters	精锐训练所	2	1	DungeonArea1-3.json
Blockade Zone	封锁区	2	1	DungeonArea1-3.json
Room of Echoing Screams	尖啸回响的房间	2	1	DungeonArea1-3.json
Church Door	教堂大门	2	1	DungeonArea1-3.json
Sacristy	圣器室	2	1	DungeonArea1-3.json
Altar of Penance	赎罪祭坛	2	1	DungeonArea1-3.json
Purificatory	涤罪所	2	1	DungeonArea1-3.json
The Judging Block	资格评判台	2	1	DungeonArea1-3.json
Path to Hallowed Ground	前往圣地之路	2	1	DungeonArea1-3.json
Contempt of the Gaze of Contempt	轻蔑的视线的轻蔑	0	3	EGOgift_MirrorDungeon-EventTheme_2.json
Combustion Gloves	点火手套	1	2	EGOgift_MirrorDungeon-EventTheme_2.json
Spiked Combat Boots	荆棘战斗靴	1	2	EGOgift_MirrorDungeon-EventTheme_2.json
Economy Class Discount Voucher	经济舱折扣券	1	2	EGOgift_MirrorDungeon-mowe.json
Nightvision Goggles	夜视镜	1	2	EGOgift_MirrorDungeon.json
Clear Mirror, Calm Water	明镜止水	0	3	EGOgift_MirrorDungeon.json
Lunar Memory	月之记忆	1	2	EGOgift_MirrorDungeon.json
Distant Star	彼方之星	2	1	EGOgift_MirrorDungeon.json
Once, A Blessing	曾经的祝福	0	3	EGOgift_MirrorDungeon.json
Crushed Memory	粉碎的记忆	1	2	EGOgift_MirrorDungeon.json
Imposed Weight	强压的重担	1	2	EGOgift_MirrorDungeon.json
One with the Blade	人剑合一	1	2	EGOgift_MirrorDungeon_7.json
Record Logs of That Day	那一日的记录	0	3	EGOgift_MirrorDungeon_7.json
Mermaid Oil	人鱼油	2	1	EGOgift_StoryDungeon-a1c5p3.json
Rusted Hook	生锈的铁钩	2	1	EGOgift_StoryDungeon-a1c5p3.json
A Broken Dream	破碎的梦	1	2	EGOgift_StoryDungeon-a1c7p3.json
A Hollow Dream	荒唐的梦	2	1	EGOgift_StoryDungeon-a1c7p3.json
Toy Fist	玩具拳头	1	2	EGOgift_StoryDungeon.json
Toy Foot	玩具腿	1	2	EGOgift_StoryDungeon.json
Toy Screw	玩具螺丝	1	2	EGOgift_StoryDungeon.json
Token of Innocence	纯粹之证	1	2	EGOgift_StoryDungeon.json
Token of Tears	泪水之证	1	2	EGOgift_StoryDungeon.json
Token of Atonement	赎罪之证	1	2	EGOgift_StoryDungeon.json
Small Ampule	小型安瓿	2	1	EGOgift_StoryDungeon.json
Flower Mound	花冢	1	2	EGOgift_a1c8p2.json
Brilliant Lamplight	闪耀的提灯	1	2	EGOgift_pilgrimage.json
Hacked K Corp. Regen Drone	被破解的K公司再生无人机	0	3	Enemies-a1c5p1.json
Bloodbag of the Painful Parade	痛苦的游行血袋	0	3	Enemies-a1c7p2.json
Bloodbag of the Rear Parade	紧随其后的游行血袋	0	3	Enemies-a1c7p2.json
Bloodfiend of the Happy Parade	幸福的游行血魔	0	3	Enemies-a1c7p2.json
Bloodfiend of the Joyful Parade	快乐的游行血魔	0	3	Enemies-a1c7p2.json
Memories of the Dreaming Adventure	梦中的冒险记忆	0	3	Enemies-a1c7p3.json
The Pinky Nursefather - Shiomi Yoru	小指 父辈 - 盐见夜	0	3	Enemies-a1c9p2.json
The Middle Apprentice - Kira	中指 子辈 - 绮罗	0	3	Enemies-a1c9p3.json
The Ring Nursefather - Callisto	环指 父辈 - 卡利斯托	0	3	Enemies-a1c9p3.json
Recollected Festered G Corp. H. Manager	记忆中溃烂的G公司部长	0	3	Enemies.json
Become Strong? Genuinely?	我变强了吗？当真？	0	3	Enemies.json
Grown Powerful! For Realsies?	变得更强了！真的？	0	3	Enemies.json
Clippity-cloppity? Tap Away!	嘎吱嘎吱？来吧！	0	3	Enemies.json
Kromer the Dreamer of Human Wholeness	梦为完人的克罗默	0	3	Enemies.json
Revived K Corp. Class 3 Staff	复活的K公司3级员工	0	3	Enemies.json
Resentful Tree	长有疙瘩的树	2	1	Enemies.json
Refracted Effloresced E.G.O::GasHarpoon	折射的绽放E.G.O::燃气捕鲸叉	0	3	Enemies_Refraction3.json
Takeoff Module - E.G.O Spinning [ZAYIN]	跳跃成长模组 - E.G.O解析 [ZAYIN]	0	3	Items.json
To be Cleaved	当斩之物	2	1	MirrorDungeonTheme-1.json
To be Pierced	当贯之物	2	1	MirrorDungeonTheme-1.json
Emotional Judgment	被情感评判者	2	1	MirrorDungeonTheme-1.json
La Manchaland Re-opening	重新开园的拉·曼却领	1	2	MirrorDungeonTheme-1.json
Blade and Artwork	刀与作品	1	2	MirrorDungeonTheme-1.json
Fairy Tale	精灵童话	2	1	MirrorDungeonTheme-1.json
Current Rewards	当前奖励	2	1	MirrorDungeonUI.json
Halt Exploration	终止探索	1	2	MirrorDungeonUI.json
Last Reached	最终探索区域	2	1	MirrorDungeonUI.json
Product Catalogue	商品列表	1	2	MirrorDungeonUI_2.json
Enter Hard Dungeon	进入困难难度	1	2	MirrorDungeonUI_2.json
Add a new Identity or E.G.O to the current team	为当前编队追加新的人格或E.G.O	0	3	MirrorDungeonUI_2.json
Claim the rewards?	是否领取奖励？	0	3	MirrorDungeonUI_2.json
Intense Training	极限锻炼	2	1	MirrorDungeonUI_2.json
No effects active.	当前没有效果激活。	2	1	MirrorDungeonUI_2.json
Triumphant Return	衣锦还乡	1	2	MirrorDungeonUI_2.json
Selectable E.G.O Gift +1	出现的饰品数量+1	0	3	MirrorDungeonUI_2.json
[Shops] Cheaper Skill Replacement Cost	技能替换所需经费减少	0	3	MirrorDungeonUI_2.json
Take -3% damage	受到的伤害-3%	0	3	MirrorDungeonUI_2.json
Exploring:	探索状态	0	3	MirrorDungeonUI_3.json
Team Participants	编队人数	1	2	MirrorDungeonUI_3.json
Cleared Floors	已通过层数	2	1	MirrorDungeonUI_3.json
Itinerant Rain	阵雨	1	2	MirrorDungeonUI_4.json
Tier 2 + Tier 3 => Tier 2	2级 + 3级 => 2级	0	3	MirrorDungeonUI_4.json
Selected Floor Theme	选择阶层主题	2	1	MirrorDungeonUI_4.json
Refresh Cost Refunded	[新品小册] 效果触发	2	1	
Featured E.G.O Gifts	出现E.G.O饰品列表	2	1	MirrorDungeonUI_4.json
Tier 1 + Tier 1 + Tier 1	1级 + 1级 + 1级	0	3	MirrorDungeonUI_4.json
Tier 1 + Tier 1 + Tier 2	1级 + 1级 + 2级	0	3	MirrorDungeonUI_4.json
Tier 1 + Tier 1 + Tier 3	1级 + 1级 + 3级	0	3	MirrorDungeonUI_4.json
Tier 1 + Tier 2 + Tier 2	1级 + 2级 + 2级	0	3	MirrorDungeonUI_4.json
Tier 1 + Tier 2 + Tier 3	1级 + 2级 + 3级	0	3	MirrorDungeonUI_4.json
Tier 1 + Tier 3 + Tier 3	1级 + 3级 + 3级	0	3	MirrorDungeonUI_4.json
Tier 2 + Tier 2 + Tier 2	2级 + 2级 + 2级	0	3	MirrorDungeonUI_4.json
Tier 2 + Tier 2 + Tier 3	2级 + 2级 + 3级	0	3	MirrorDungeonUI_4.json
Tier 2 + Tier 3 + Tier 3	2级 + 3级 + 3级	0	3	MirrorDungeonUI_4.json
Tier 3 + Tier 3 + Tier 3	3级 + 3级 + 3级	0	3	MirrorDungeonUI_4.json
Grace of Stars Selected	星之恩惠 选择完毕	2	1	MirrorDungeonUI_5.json
[{0}] Revived	触发星之恩惠效果	0	3	
Grace of Stars Passive	星之恩惠被动	1	2	MirrorDungeonUI_5.json
Grace of the Dreaming Star	梦中的星之恩惠	0	3	MirrorDungeonUI_5.json
Heal Sinners	治疗罪人	1	2	MirrorDungeonUI_5.json
For Fusion & Sale Gifts obtained	触发星之恩惠效果	0	3	
Fusion E.G.O Gift Tier	合成E.G.O饰品等级	2	1	MirrorDungeonUI_5.json
Until {0}	{0}为止	0	3	MirrorDungeonUI_5.json
Free Refresh	免费刷新	2	1	MirrorDungeonUI_7.json
Fusion Available	可合成	1	2	MirrorDungeonUI_7.json
Tiantui Star's Blade - Overheat	天退星刀 过热	0	3	Passives-BossRaid.json
Stawchnesh	觉乌	1	2	Passives-x1p1c1.json
Pwuckinesh	觉乌	1	2	Passives-x1p1c1.json
Respiration	喘息未定	2	1	Passives.json
Radio Comms	无线通讯	1	2	Passives.json
Divide in Two	一刀两断	1	2	Passives.json
Military Mindset	军人精神	1	2	Passives.json
Maneuver Training	机动训练	1	2	Passives.json
The Mistress's Voice...!	夫人在叫我…！	0	3	Passives.json
Blood Barrier	鲜血屏障	2	1	Passives.json
Deep Cleaning	掸去积尘	2	1	Passives.json
One Step Ahead	快人一步	2	1	Passives.json
Heishou Mutation [Mao]	黑兽化[卯]	0	3	Passives.json
Purge Enforcer of the Famiglie	家族肃清者	0	3	Passives.json
Backed Against a River	背水之阵	1	2	Passives.json
The Orthodox Blade [整劍]	整剑	0	3	Passives.json
Singular Focus of the Mind	精神一到	0	3	Passives.json
Tranquility [靜念]	静念	0	3	Passives.json
Magnum Opus: Tibia	一生之作：提比娅	0	3	Passives.json
Please, Do Stop Running and Be Seated	四处走动的观众，请坐在椅子上欣赏	0	3	Passives.json
Fascia, My Precious Artwork	我珍贵的作品，法西娅	0	3	Passives.json
Sealed Sword [Lævateinn]	封印之剑[莱瓦汀]	0	3	Passives.json
Parenting	孩子的教育	2	1	Passives.json
Scouring Hunterband [推刷巾]	推刷巾	0	3	Passives.json
The Shame of Famiglia Bognatelli	伯纳特利家族之耻	0	3	Passives.json
Self-loathing	自我厌恶	2	1	Passives_Abnormality-a1c6p2.json
A Place for Me	我的地盘	1	2	Passives_Abnormality-a1c6p2.json
Fathomless Wrath	莫名的暴怒	1	2	Passives_Abnormality-a1c6p2.json
Infernal Hound	地狱猎犬	2	1	Passives_Abnormality-a1c6p3.json
Long-awaited Moment	等待已久的那一刻	2	1	Passives_Abnormality-a1c6p3.json
Erupting Wrath	暴怒爆发	2	1	Passives_Abnormality-a1c6p3.json
I Don't Need Ugly Things!!	我不需要不美丽之物！！	0	3	Passives_Abnormality-a1c7p1.json
Blood... Blood... Blood...!	血…血…血…！	0	3	Passives_Abnormality-a1c7p1.json
The Parade's Lady	游行的主角	1	2	Passives_Abnormality-a1c7p2.json
Shattering, Scattering Hardblood	破碎四散的硬血	0	3	Passives_Abnormality-a1c7p3.json
Failed Ambush	奇袭失败	1	2	Passives_Abnormality-a1c8p2.json
Deathrite [Halt (勿動)]	咒杀【勿动】	0	3	Passives_Abnormality-a1c8p2.json
Deathrite [Impede (掣肘)]	咒杀【掣肘】	0	3	Passives_Abnormality-a1c8p2.json
I still await your answer.	我还没有听到你的答案。	0	3	Passives_Abnormality-a1c8p2.json
Lights Out	灯泡放电	2	1	Passives_Abnormality-a1c951.json
Iron Maiden - Defibrillation	铁处女-除颤	0	3	Passives_Abnormality-a1c9p1.json
Allow Me to Briefly Enjoy My Pupil's Exhibition	让我来欣赏一下徒弟的作品吧	0	3	Passives_Abnormality-a1c9p3.json
Visitors Must Respect the Rules of the Gallery	画廊有其独有的欣赏规则	0	3	Passives_Abnormality-a1c9p3.json
Am I doing this right, Papa?!	这样做就可以了吧，老爸！	0	3	Passives_Abnormality-a1c9p3.json
Rien, The Index Nursefather	食指父辈 里恩	0	3	Passives_Abnormality-a1c9p3.json
Rien, the Father [Imitation]	父辈 里恩[仿造品]	0	3	Passives_Abnormality-a1c9p3.json
Oracle Device [Caduceus] - Full Unlock	神谕终端[双蛇杖]-完全解放	0	3	Passives_Abnormality-a1c9p3.json
Plastered Training	烂醉修行	2	1	Passives_Abnormality-cultivation.json
Tracking Traces	痕迹追踪	1	2	Passives_Abnormality-exme.json
The Seventh Kindred	七代眷属	1	2	Passives_Abnormality-mowe.json
I am yet to hear your answer.	我还没有听到你的答案。	0	3	Passives_Abnormality-mr6.json
Rufo, a Docent of The Ring's School of Fauvism	环指 野兽派讲解员 卢佛	0	3	Passives_Abnormality-twth.json
DON'T LET THE KIDS READ THIS	如果它出现了也是bug	0	3	Passives_Abnormality.json
Severed Arm	被切断的手臂	2	1	Passives_Abnormality.json
Connected Hurt	连结的痛楚	1	2	Passives_Abnormality_Refraction3.json
Want to be Free	渴望自由	1	2	Passives_Abnormality_Refraction4.json
Sharp Thorn	锋利的荆棘	1	2	Passives_Abnormality_Refraction5.json
Dragon's Scale	龙鳞	1	2	Passives_Abnormality_Refraction6.json
The Last Resort	最后的手段	1	2	Passives_Assist-a1c9p3.json
Deep Contemplation	深深思索	2	1	Passives_Assist-a1c9p3.json
Blood Barrier	血幕	2	1	Passives_Assist-a1c9p3.json
Halberd and Bastard Sword	长柄斧与手半剑	1	2	Passives_Assist-a1c9p3.json
Wading Through a Dream, the Self Nowhere to be Found [無我夢中]	无我梦中	0	3	Passives_Assist-a1c9p3.json
Swiftblade	快剑	1	2	Passives_Assist-exme.json
Thanks so much, everyone!	大家，太谢谢你们了！	0	3	Passives_Assist-walpu6.json
Connected Pain	连结的痛楚	1	2	Passives_Enemy-a1c5p1.json
Ain't That a Prick?	那儿不痛吗？	0	3	Passives_Enemy-a1c5p1.json
Huzzah, Men!	好耶！	0	3	Passives_Enemy-a1c5p1.json
Useless Fools...	没用的东西…	1	2	Passives_Enemy-a1c6p2.json
Focusing on Target	逐渐明确的目标	1	2	Passives_Enemy-a1c8p1.json
Honing in on Target	逐渐明确的目标	1	2	Passives_Enemy-a1c8p1.json
Plastered Training	酩酊修行	2	1	Passives_Enemy-a1c8p1.json
Golden Time I	黄金时间 I	1	2	Passives_Enemy-tkt.json
Time Recoil I	时间反冲 I	1	2	Passives_Enemy-tkt.json
Puffy Brume	烟气缭绕	1	2	Passives_Enemy-walpu5.json
Big Boss	老大哥	2	1	Passives_Enemy.json
Solid Exterior	坚固外壳	1	2	Passives_Enemy.json
Strangling Curse Talisman	捆缚的咒符	2	1	Passives_Enemy.json
Terminus: The Garden	终点站：庭院	0	3	RailwayDungeonNode1002.json
Station #4: Interlude	第4站：幕间	0	3	RailwayDungeonNode3.json
Station #8: Interlude	第8站：幕间	0	3	RailwayDungeonNode3.json
Station {0}	第{0}站	0	3	RailwayDungeonUI.json
Final Turn Count	总计清剿回合数	2	1	RailwayDungeonUI.json
Operation Period	运行期间	1	2	RailwayDungeonUI.json
Continue Travels	继续行进	1	2	RailwayDungeonUI.json
Total Clear Turn Count	累计通关回合数	1	2	RailwayDungeonUI.json
No selected Buffs.	当前没有已选择的BUFF。	2	1	RailwayDungeonUI_1002.json
Revivable	可复活	2	1	RailwayDungeonUI_2.json
Selected Buffs List	BUFF选择列表	1	2	RailwayDungeonUI_2.json
No selected Buffs.	没有可选择的BUFF。	2	1	RailwayDungeonUI_2.json
Save Team	保存编队	1	2	RailwayDungeonUI_3.json
Total Participants	<size=200%>参战人数</size>	1	2	RailwayDungeonUI_4.json
No effects active.	没有生效中的效果。	2	1	RailwayDungeonUI_6.json
No effect applied	无生效的效果	1	2	RailwayDungeonUI_6.json
Cannot be Edited	无法编辑	2	1	SeasonTitle-a1c7.json
Zàng Huā Yín	Zàng Huā Yín	0	3	SeasonTitle.json
COLLAB ONLY	联动限定	1	2	SeasonTitle.json
The Lake and the Butterfly	湖与蝴蝶	0	3	StageNode-a1c5p2.json
Ticking Sounds	钟表之音	2	1	StageNode-a1c6p3.json
Actions of a Thief	小偷的行径	1	2	StageNode-a1c8p3.json
Happiness, Wrath, Sorrow, and Joy	喜怒哀乐	0	3	StageNode-a1c8p3.json
A Flawless Plan	完美的战术	1	2	StageNode1-2.json
Class 1 2	1级 2	2	1	StageNode1-4.json
Binding 2	纽带 2	2	1	StageNode1-4.json
Thirty Days of Classes	三十日课程	2	1	StageNode91-19.json
Chicken Attack	袭鸡	1	2	StageNode91-3.json
Hen Havoc	袭鸡 2	2	1	StageNode91-3.json
A Chicken in Hand	鸡在掌握	1	2	StageNode91-3.json
An Unexpected Journey	意想不到的旅程	2	1	StageNode91-5.json
District 20 Backstreets	20区 后巷	2	1	StageNode91-7.json
Upgrading Identities	人格强化	1	2	StoryTheaterDanteNote_3.json
Stage 2 Peccatula	2阶罪种	1	2	StoryTheaterDanteNote_6.json
A Wing's Decisive Weapon	翼的决战兵器	2	1	UnitKeyword-a1c9p3.json
LCE?	LCE？	0	3	UnitKeyword.json
To the Arteries	前往动脉	1	1	AbEvents-a1c5p3.json
Supply Crate 1	补给品 1	1	1	AbEvents-a1c5p3.json
Supply Crate 2	补给品 2	1	1	AbEvents-a1c5p3.json
Ahab 2	亚哈 2	1	1	AbEvents-a1c5p3.json
Ahab 3	亚哈 3	1	1	AbEvents-a1c5p3.json
Punish the You branch Heishou.	处罚黑兽 - 酉。	0	2	AbEvents-cultivation.json
Someone fenced Heishou Pack - Wu Branch gear	赃物：黑兽 - 午的装备	0	2	AbEvents-cultivation.json
The Last Knight and Rocinante	最后的骑士与罗辛南特	0	2	AbEvents-pilgrimage.json
The Glorious Past of Iberia	伊比利亚昔日的辉煌荣光	0	2	AbEvents-pilgrimage.json
Singing Machine Gift Option 2 - Harmony Guitar	歌唱机 饰品 选项2 - 和声吉他	0	2	AbEvents-walpu8.json
Singing Machine Gift Option 2 - Self-playing Bass	歌唱机 饰品 选项2 - 自动演奏贝斯	0	2	AbEvents-walpu8.json
A Rotting Corpse’s Memento	腐尸所遗留之物	0	2	AbEvents.json
{0} <color=#fe4b48>loses {1} SP</color>	{0} <color=#fe4b48>失去{1}点理智值</color>	0	2	AbEventsResultLog-a1c5p3.json
{0} gains %{2} {1}/% and %{4} {3}/% for the encounter.	本关卡中，{0} 获得%{2} {1}/%，%{4} {3}/%。	0	2	AbEventsResultLog-a1c5p3.json
1 {0} <color=#e30000>loses {1} HP</color>	{0}之一<color=#e30000>失去{1}体力</color>	0	2	AbEventsResultLog-a1c5p3.json
{0} gains %{2} [{1}]/% and %{4} [{3}]/%	{0}获得%{2} [{1}]/%，%{4} [{3}]/%	0	2	AbEventsResultLog-a1c5p3.json
{0} <color=#80c9ff>fully heals SP</color>	{0}<color=#80c9ff>恢复至理智值上限</color>	0	2	AbEventsResultLog-a1c5p3.json
{0} gains %{2} [{1}]/%	{0} 获得%{2} [{1}]/%	0	2	AbEventsResultLog-a1c5p3.json
<color=#ebcaa2>[{0}]</color> gains %{2} [{1}]/%	<color=#ebcaa2>[{0}]</color>获得%{2} [{1}]/%	0	2	AbEventsResultLog-a1c6p3.json
<color=#ebcaa2>[{0}]</color> gains %{2} [{1}]/% next turn	在下回合对<color=#ebcaa2>[{0}]</color>施加%{2} [{1}]/%	0	2	AbEventsResultLog-a1c6p3.json
<color=#ebcaa2>[{0}]</color> takes {1} SP damage	<color=#ebcaa2>[{0}]</color>受到{1}点理智值伤害	0	2	AbEventsResultLog-a1c6p3.json
[{0}] gains %{3} {2}/% for {1} turn(s)	[{0}]在{1}回合内获得%{3} {2}/%	0	2	AbEventsResultLog-a1c6p3.json
<color=#ebcaa2>{0}</color> gains % [{2} {1}]/%	<color=#ebcaa2>{0}</color>获得%[{2} {1}]/%	0	2	AbEventsResultLog-pilgrimage.json
<color=#ebcaa2>The Golden Apple formed a new body!</color>	<color=#ebcaa2>金苹果生成了新的躯干！</color>	0	2	AbEventsResultLog.json
<color=#ebcaa2>[{0}] gains %{2} [{1}]/%</color>	<color=#ebcaa2>[{0}] 增加%{2} [{1}] /%</color>	0	2	AbEventsResultLog.json
<color=#ebcaa2>All Sinners</color> lose %{0}/%.	<color=#ebcaa2>全体罪人</color>失去 %{0}/%。	0	2	AbEventsResultLog_Refraction3.json
Gain {0} E.G.O resources for all affinities	获得所有E.G.O资源各{0}个	0	2	AbEventsResultLog_Refraction4.json
Gain {0} E.G.O resource for all Affinities	获得所有E.G.O资源各{0}个	0	2	AbEventsResultLog_Refraction6.json
Black Ledger Choice - Save the Civilians.	黑色账簿选项 - 拯救居民。	0	2	AbEvents_Mirror4.json
Ragged Bamboo Hat Choice - That's not what matters	破损的斗笠 判定 - 重要的另有其事	0	2	AbEvents_Mirror4.json
I gues so	似乎如此	1	1	AbEvents_Ycgd.json
Bamboo-hatted Kim's Past 5	金笠的过去 5	1	1	AbEvents_exme.json
We're the 'samples'.	我们就是样本。	0	2	AbEvents_lcbcheckup.json
Carefully look around.	仔细地观察周围。	1	1	AbEvents_lcbcheckup.json
A W Corp. Cleanup Agent is battling a group of Bloodbags.	一位W公司清扫人员正在与一群血袋战斗	0	2	AbEvents_mowe-re.json
Quiet Corridor of the Middle	寂静的中指走廊	0	2	AbEvents_twth.json
Peccatulum Gulae?	暴食罪种?	0	2	AbnormalityGuides-a1c6p2.json
Peccatulum Irae Type 3	暴怒罪种 3型	1	1	AbnormalityGuides-a1c6p3.json
Muddled Heishou of the Corpse Palanquin	混觉辒辌黑兽	0	2	AbnormalityGuides-a1c8p3.json
Class 3 Peccatulum Pigritiae	怠惰罪种 3型	1	1	AbnormalityGuides-a1c9114.json
Class 3 Peccatulum Morositatis	忧郁罪种 3型	1	1	AbnormalityGuides-a1c9114.json
Passenger Bloodbag	乘客血袋	1	1	AbnormalityGuides-mowe.json
W Corp. Bloodbag	W公司血袋	1	1	AbnormalityGuides-mowe.json
Prosthetic Bloodbag	义体血袋	1	1	AbnormalityGuides-mowe.json
Lobotomy E.G.O::Sunshower - Dongbaek	脑叶公司E.G.O::狐雨 - 冬柏	0	2	AbnormalityGuides.json
Checking the Boat	检查船只	1	1	ActionEvents-a1c5p3.json
Supply Crates	回收补给	1	1	ActionEvents-a1c5p3.json
Lobotomy Corporation Central Command	脑叶公司 中央本部	1	1	ActionEvents-walpu6.json
Lobotomy Corporation Storage	脑叶公司 仓库	1	1	ActionEvents-walpu6.json
Choice Event for resting	去往休息的选项	1	1	ActionEvents-walpu8.json
Suspiciously Sparkly Vending Machine	可疑的闪光自动贩卖机	1	1	ActionEvents.json
An Old Room with a Clockwork Mechanism	一间放着机械发条装置的破旧房间	0	2	ActionEvents.json
A Vessel of Zeal	狂信之物	1	1	ActionEvents.json
Exhibit of Human Parts	人体部位展览	1	1	ActionEvents.json
Test of Worthiness	资格试炼	1	1	ActionEvents.json
Mirror Room	镜之屋	1	1	ActionEvents.json
ApproachingTheFlower	靠近花树	1	1	ActionEvents.json
Black Ledger Choice #2	黑色账簿 选项2	0	2	ActionEvents_Mirror4.json
Fractured & Broken Blade Choice	破碎的刀刃，损坏的刀刃 选项	0	2	ActionEvents_Mirror4.json
Poultry Memory	群之鸡忆	1	1	ActionEvents_Mirror7.json
A merchant passenger	一位正在卖东西的乘客	1	1	ActionEvents_mowe-re.json
May She... Wake in Torment!	愿她…在苦痛中醒来！	0	2	BattleKeywords-a1c6p3.json
Declared Duel - Camille	决斗宣告-卡米尔	0	2	BattleKeywords-a1c7p1.json
Blood-shooting!!	血猎！！	0	2	BattleKeywords-a1c7p1.json
HOW RIGHTEOUS!!	正义至极！！	0	2	BattleKeywords-a1c7p1.json
Declared Duel - Meursault	决斗宣告-默尔索	0	2	BattleKeywords-a1c7p1.json
Focused Attack - Meursault	集中攻击-默尔索	0	2	BattleKeywords-a1c7p1.json
I will take responsibility, through my bloody tears.	含着血泪，我会承担起责任。	0	2	BattleKeywords-a1c7p1.json
Bloodfeast Consumed (shared)	共用消耗血宴总数	0	2	BattleKeywords-a1c7p3.json
Time to abandon my dream...	是时候放弃我的梦了…	0	2	BattleKeywords-a1c7p3.json
... For my Family, as their Father...	作为父亲，为了家人…	0	2	BattleKeywords-a1c7p3.json
WHICH TREATS THE BUS, THE COMPANIONS, AND THE ADVENTURES	与同伴们在巴士上一同经历了诸多冒险，	0	2	BattleKeywords-a1c7p3.json
OF HOW SANCHO, OUR DON QUIXOTE, REFUSED TO END THE DREAM	梦永不迎来终焉的桑丘，也是我们的堂吉诃德的故事	0	2	BattleKeywords-a1c7p3.json
Deathrite 【Wane】	咒杀【衰亡】	0	2	BattleKeywords-a1c8p2.json
Deathrite 【Enfeeble】	咒杀【弱化】	0	2	BattleKeywords-a1c8p2.json
Tremor - Scorch	震颤-灼热	0	2	BattleKeywords-a1c8p3.json
Reload - Tactical	再次装填-余弹维持	0	2	BattleKeywords-a1c8p3.json
Beastly Instinct - Low Morale	猛兽本能-士气低落	0	2	BattleKeywords-a1c8p3.json
Beastly Instinct - Panic	猛兽本能-陷入恐慌	0	2	BattleKeywords-a1c8p3.json
My Heart, My Own Thoughts...	我的本心与想法…	0	2	BattleKeywords-a1c8p3.json
Volatile E.G.O Attunement - Contempt	不稳定E.G.O感应-轻蔑	0	2	BattleKeywords-a1c8p3.json
Volatile E.G.O Attunement - Fell Bullet	不稳定E.G.O感应-凶弹	0	2	BattleKeywords-a1c8p3.json
Deathrite【Haste】	咒杀【迅捷】	0	2	BattleKeywords-a1c9116.json
Strider【Mao】	脚力【卯】	0	2	BattleKeywords-a1c9116.json
The Audacity...!	竟敢…！	0	2	BattleKeywords-a1c9p1.json
Shin (心) - Sora	心-空	0	2	BattleKeywords-a1c9p2.json
Shin(心) - The Yellow Harpoon	心-蜜黄标枪	0	2	BattleKeywords-a1c9p2.json
Nested Harpoon [Beesting]	穿刺标枪[蜂针]	0	2	BattleKeywords-a1c9p2.json
Nested Harpoon [Waspsting]	穿刺标枪[胡蜂针]	0	2	BattleKeywords-a1c9p2.json
Apic Flashburst Blade Art - Hwando	闪蜂光剑术-环刀	0	2	BattleKeywords-a1c9p2.json
Twisted and Disjointed Memory and Recollection	相互纠缠、扭曲的记忆与回忆	0	2	BattleKeywords-a1c9p2.json
Malkuth's Reign - Imperfect Manifestation	Malkuth的统治-不完全显现	0	2	BattleKeywords-a1c9p2.json
Shin (心) - Procuration	心-代行	0	2	BattleKeywords-a1c9p2.json
White Breath - Safeguard the Mind	白色吐息-精神守护	0	2	BattleKeywords-a1c9p3.json
Red Breath - Strengthen the Body	红色吐息-身体强化	0	2	BattleKeywords-a1c9p3.json
Red Breath - Protect	红色吐息-守护	0	2	BattleKeywords-a1c9p3.json
Purple Breath - Hysteria	紫色吐息-歇斯底里	0	2	BattleKeywords-a1c9p3.json
Red Breath - Push the Body's Limit	红色吐息-疾驰的身体	0	2	BattleKeywords-a1c9p3.json
Shin (心) - Moses	心-摩西	0	2	BattleKeywords-a1c9p3.json
Dimensional Bag - Allas Workshop	次元包-阿拉斯工坊	0	2	BattleKeywords-a1c9p3.json
Dimensional Bag - Nester Workshop	次元包-涅斯托尔工坊	0	2	BattleKeywords-a1c9p3.json
Dimensional Bag - Screw Atelier	次元包-螺丝工作室	0	2	BattleKeywords-a1c9p3.json
Shin (心) - Ezra	心-以斯拉	0	2	BattleKeywords-a1c9p3.json
The Middle - Vengeance Tattoo [<s>Great Brother</s>]	中指-仇怨纹身[<s>长兄</s>]	0	2	BattleKeywords-a1c9p3.json
Corpus Ingredient (Bones)	活体材料(骨)	0	2	BattleKeywords-a1c9p3.json
Corpus Ingredient (Blood)	活体材料(血)	0	2	BattleKeywords-a1c9p3.json
The Exhibition is Complete!	展览完成	0	2	BattleKeywords-a1c9p3.json
Blinding Blood [盲血]	盲血	0	2	BattleKeywords-a1c9p3.json
Backward Flow - Bitterness	逆行-憎恶	0	2	BattleKeywords-a1c9p3.json
Forward Flow - Compassion	顺行-怜悯	0	2	BattleKeywords-a1c9p3.json
Paroxysm - Afterimage Entanglement	暴走-残像纠缠	0	2	BattleKeywords-a1c9p3.json
Dawn's First Crow (雞鳴)	鸡鸣	0	2	BattleKeywords-a1c9p3.json
The Sun's Descent (日入)	日入	0	2	BattleKeywords-a1c9p3.json
Sever the Thread [切絲]	切丝	0	2	BattleKeywords-a1c9p3.json
Prescript: [Device] - Warning	指令[终端]-警告	0	2	BattleKeywords-a1c9p3.json
Karmic Consequence [Fortuna]	业[福尔图娜]	0	2	BattleKeywords-a1c9p3.json
Shin (心) - Rien	心-里恩	0	2	BattleKeywords-a1c9p3.json
Ketsuen [けつえん]	血缘[けつえん]	0	2	BattleKeywords-a1c9p3.json
Renketsuen [れんけつえん]	连血缘[れんけつえん]	0	2	BattleKeywords-a1c9p3.json
Swig (眞)	小酌（真）	0	2	BattleKeywords-cultivation.json
Bloodpour (血注)	血注	0	2	BattleKeywords-cultivation.json
Thrashing to Hatch Ⅰ	为破卵而出的挣扎Ⅰ	0	2	BattleKeywords-cultivation.json
Thrashing to Hatch ⅠⅠ	为破卵而出的挣扎Ⅱ	0	2	BattleKeywords-cultivation.json
Thrashing to Hatch ⅠⅠⅠ	为破卵而出的挣扎Ⅲ	0	2	BattleKeywords-cultivation.json
Thrashing to Hatch ⅠⅤ	为破卵而出的挣扎Ⅳ	0	2	BattleKeywords-cultivation.json
Thrashing to Hatch Ⅴ	为破卵而出的挣扎Ⅴ	0	2	BattleKeywords-cultivation.json
Brand - No [奴]	烙印[奴]	0	2	BattleKeywords-exme.json
Candy?	糖果？	0	2	BattleKeywords-fools.json
Tick-Tock?!	滴答滴答？！	0	2	BattleKeywords-fools.json
Little Handy - Wilderness Survival Module	小帮手-野外维生单元	0	2	BattleKeywords-pilgrimage.json
Little Handy - Housekeeping Assistant Module	小帮手-家政辅助模块	0	2	BattleKeywords-pilgrimage.json
Little Handy - Incremental Motion Firmware	小帮手-运动增量固件	0	2	BattleKeywords-pilgrimage.json
Little Handy - Mini Decontamination Kit	小帮手-迷你去污套组	0	2	BattleKeywords-pilgrimage.json
Little Handy - External Upgrade Module	小帮手-外置强力升级	0	2	BattleKeywords-pilgrimage.json
T Corp. Special Investigator Badge	T公司特别搜查官徽章	0	2	BattleKeywords-tkt.json
Le Fauvisme - Masque de Loup Ensanglanté	野兽派-染血狼面	0	2	BattleKeywords-twth.json
<s>The Middle</s> - Grudge	<s>中指</s>-仇怨	0	2	BattleKeywords-twth.json
<s>The Middle Styled</s> Augmentation Tattoos	<s>中指式</s>强化纹身	0	2	BattleKeywords-twth.json
!!!OUDATED EFFECT!!!	过期状态	0	2	BattleKeywords-walpu4.json
Meat Gear: Coercion	血肉齿轮-强迫	0	2	BattleKeywords-walpu5.json
What use... am I...?	我…已无用处了…吗？	0	2	BattleKeywords-walpu6.json
I used too much power	好像用力过猛了	0	2	BattleKeywords-walpu6.json
Love/Justice	爱/正义	0	2	BattleKeywords-walpu6.json
Here Comes Magical Girl!	魔法少女登场！	0	2	BattleKeywords-walpu6.json
Regressive Transformation - Reversed	反转-逆位	0	2	BattleKeywords-walpu6.json
AoE Attack	群体攻击	1	1	BattleKeywords.json
Baba Yaga’s Coming!	迫近的芭芭雅嘎	0	2	BattleKeywords.json
Borrowed Time of the Fathoms	心象中的时间租赁	0	2	BattleKeywords.json
Aim True!	再准点！	0	2	BattleKeywords.json
Get 'Em!	拿下他！	0	2	BattleKeywords.json
Declared Duel - Outis	决斗宣告-奥提斯	0	2	BattleKeywords.json
Sword of the Homeland - Rending	本国剑-传授洗法	0	2	BattleKeywords.json
Sword of the Homeland - Penetrating	本国剑-传授刺法	0	2	BattleKeywords.json
Tremor - Decay	震颤-崩坏	0	2	BattleKeywords.json
Tremor - Fracture	震颤-裂痕	0	2	BattleKeywords.json
Before the King in Binds	缚王御前	0	2	BattleKeywords.json
Tremor - Reverb	震颤-回响	0	2	BattleKeywords.json
Tremor - Everlasting	震颤-永恒	0	2	BattleKeywords.json
Courier Trunk - Rodion	派送箱-罗佳	0	2	BattleKeywords.json
Tremor - Clockwinding	震颤-上弦	0	2	BattleKeywords.json
Courier Trunk - Sinclair	派送箱-辛克莱	0	2	BattleKeywords.json
Ammo - Atelier Logic	弹药-逻辑工作室	0	2	BattleKeywords.json
Concentration【Sniper】	集中精神【狙击】	0	2	BattleKeywords.json
Nebulizer β	雾化吸入器β	0	2	BattleKeywords.json
Nebulizer α	雾化吸入器α	0	2	BattleKeywords.json
Nerve Strike - Don Quixote	点穴-堂吉诃德	0	2	BattleKeywords.json
Book of Vengeance [Sinclair]	复仇账簿[辛克莱]	0	2	BattleKeywords.json
Deathrite【Venom】	咒杀【剧毒】	0	2	BattleKeywords.json
Deathrite 【Fissure】	咒杀【破】	0	2	BattleKeywords.json
Life from Death [死中求活]	死中求活	0	2	BattleKeywords.json
Your Will Guides My Blade.	斩随意动。	0	2	BattleKeywords.json
Heishou Bolus Contamination [黑獣丸染]	黑兽丸染	0	2	BattleKeywords.json
One Who Walks The Way of the Hegemon	践行霸道之人	0	2	BattleKeywords.json
You're Ridiculous, Big Brother.	多么可憎啊，兄长。	0	2	BattleKeywords.json
No Matter How Many Must Bleed...	纵使令千万人血流成河…	0	2	BattleKeywords.json
Tremor - Hemorrhage	震颤-大出血	0	2	BattleKeywords.json
Hand - Pine Crane Suit	组札-松上鹤	0	2	BattleKeywords.json
Hand - Susuki Grass Suit	组札-芒上月	0	2	BattleKeywords.json
Hand - Blue Sakura Suit	组札-青染樱	0	2	BattleKeywords.json
Bright【光】	光札	0	2	BattleKeywords.json
Burgeoning of Horns [發角]	生角	0	2	BattleKeywords.json
The Udjat [Vanguard]	瓦吉特之眼[先锋]	0	2	BattleKeywords.json
Shin (心) - Fate	心-命运	0	2	BattleKeywords.json
Reload [Germination]	再次装填[孢子补充]	0	2	BattleKeywords.json
Bullet - Solitude	弹药-孤独	0	2	BattleKeywords.json
Somatic Frisson-inspiring Melody [Empowered]	以人体奏响的旋律[强化]	0	2	BattleKeywords.json
The Self Unbound - Flow State	拘束解除-创作沉浸	0	2	BattleKeywords.json
Book of Vengeance [Heathcliff]	复仇账簿[希斯克利夫]	0	2	BattleKeywords.json
Book of Vengeance [The House of Spiders]	复仇账簿[蜘蛛巢]	0	2	BattleKeywords.json
Sword of the Homeland - Striking	本国剑-传授击法	0	2	BattleKeywords.json
Shin (心) - Disgrace	心-不光彩	0	2	BattleKeywords.json
Nerve Strike - Hong Lu	点穴-鸿璐	0	2	BattleKeywords.json
Witnessed - Eastern Cinq	公证-东部Cinq协会	0	2	BattleKeywords.json
Affinity Res Up (Exc. Wrath)	罪孽抗性强化(除暴怒外)	0	2	BattleKeywords_Mirror3.json
Affinity Res Up (Exc. Lust)	罪孽抗性强化(除色欲外)	0	2	BattleKeywords_Mirror3.json
Affinity Res Up (Exc. Sloth)	罪孽抗性强化(除怠惰外)	0	2	BattleKeywords_Mirror3.json
Affinity Res Up (Exc. Glut.)	罪孽抗性强化(除暴食外)	0	2	BattleKeywords_Mirror3.json
Affinity Res Up (Exc. Gloom)	罪孽抗性强化(除忧郁外)	0	2	BattleKeywords_Mirror3.json
Affinity Res Up (Exc. Pride)	罪孽抗性强化(除傲慢外)	0	2	BattleKeywords_Mirror3.json
Affinity Res Up (Exc. Envy)	罪孽抗性强化(除嫉妒外)	0	2	BattleKeywords_Mirror3.json
O compatriots of my dear child	我孩子的同伴们啊	0	2	BattleKeywords_Mirror6.json
Dream her dream together in my stead	代替我，与那孩子一同追寻梦想吧	0	2	BattleKeywords_Mirror6.json
Shin (心) - ???	心-???	0	2	BattleKeywords_Mirror7.json
Moderate Risk	中等风险	1	1	BattleKeywords_Refraction5.json
Refracted Lust	折射的色欲	1	1	BattleKeywords_Refraction5.json
Refracted Gluttony	折射的暴食	1	1	BattleKeywords_Refraction5.json
Refracted Pride	折射的傲慢	1	1	BattleKeywords_Refraction5.json
Hostile Refraction	攻击性折射	1	1	BattleKeywords_Refraction5.json
Defensive Refraction	防御折射	1	1	BattleKeywords_Refraction5.json
Damage Refraction	伤害折射	1	1	BattleKeywords_Refraction5.json
In the Past (Deactivated)	过去状态（已禁用）	0	2	BattleKeywords_Refraction6.json
In the Present (Deactivated)	现在状态（已禁用）	0	2	BattleKeywords_Refraction6.json
In the Future (Deactivated)	未来状态（已禁用）	0	2	BattleKeywords_Refraction6.json
Dragon's Blood [龍血]	龙血	0	2	BattleKeywords_Refraction6.json
{0} days {1} hours left	剩余{0}天{1}小时	0	2	BattlePass.json
Cannot Purchase Pass Level	无法购买通行证等级	1	1	BattlePass.json
{0}h left	剩余{0}小时	0	2	BattlePass.json
Progress Updated	通行证经验上升	1	1	BattlePass.json
You don’t have enough paid Lunacy.	付费狂气不足。	0	2	BattlePass.json
Max Level Reached	已达到最高等级	1	1	BattlePass.json
<font="BebasKai SDF">LIMBUS PASS</font> Package	边狱通行证组合包	0	2	BattlePass.json
Until Season 6 Update	到第6赛季开始前	1	1	BattlePass.json
Various rewards included in the Limbus Pass	可以领取边狱通行证奖励	0	2	BattlePass.json
Immediately gain 10 Pass Levels upon purchase	购买后立即提升10通行证等级	0	2	BattlePass.json
... for my Family, as their Father...	作为父亲，为了家人…	0	2	Bufs-a1c7p3.json
Accept the Pain!	接受痛苦吧！	0	2	Bufs.json
Perfect Shell	完整外壳	1	1	Bufs.json
Unvented Anger	难以言表的愤怒	1	1	Bufs.json
Piece of a Broken Bond	破碎纽带的残片	0	2	Bufs.json
Unknown Wound	未知的伤口	1	1	Bufs.json
Wrath Boost	暴怒强化	1	1	Bufs.json
Lust Boost	色欲强化	1	1	Bufs.json
Sloth Boost	怠惰强化	1	1	Bufs.json
Gluttony Boost	暴食强化	1	1	Bufs.json
Gloom Boost	忧郁强化	1	1	Bufs.json
Pride Boost	傲慢强化	1	1	Bufs.json
Envy Boost	嫉妒强化	1	1	Bufs.json
Burn Boost	烧伤强化	1	1	Bufs.json
Bleed Boost	流血强化	1	1	Bufs.json
Tremor Boost	震颤强化	1	1	Bufs.json
Rupture Boost	破裂强化	1	1	Bufs.json
Sinking Boost	沉沦强化	1	1	Bufs.json
Poise Boost	呼吸法强化	1	1	Bufs.json
Charge Boost	充能强化	1	1	Bufs.json
Blunt Power Down	打击威力降低	1	1	Bufs.json
Pierce Power Down	突刺威力降低	1	1	Bufs.json
Slash Power Down	斩击威力降低	1	1	Bufs.json
Wrath Power Down	暴怒威力降低	1	1	Bufs.json
Lust Power Down	色欲威力降低	1	1	Bufs.json
Gluttony Power Down	暴食威力降低	1	1	Bufs.json
Sloth Power Down	怠惰威力降低	1	1	Bufs.json
Gloom Power Down	忧郁威力降低	1	1	Bufs.json
Pride Power Down	傲慢威力降低	1	1	Bufs.json
Envy Power Down	嫉妒威力降低	1	1	Bufs.json
Assistant Librarian of History	历史层助理司书	1	1	Bufs.json
Unending Bereavement	无尽的丧失感	1	1	Bufs.json
Pouring Wrath	宣泄的暴怒	1	1	Bufs.json
Targeting Settings	目标设置	1	1	Bufs_Refraction5.json
Observe Battlefield	确认战斗状况	1	1	DanteAbilityUIText_a1c9p3.json
Battlefield Status	当前战斗状况	1	1	DanteAbilityUIText_a1c9p3.json
Ground Level Laboratory - Entrance n	地上实验室 第n入口	0	2	DungeonArea-a1c8p2.json
Quarantine Office	检疫室	1	1	DungeonArea-a1c8p2.json
Laboratory 4	第4实验室	1	1	DungeonArea-a1c8p2.json
Research Wing	研究楼	1	1	DungeonArea-a1c8p2.json
Experimentation Zone	实验区域	1	1	DungeonArea-a1c8p2.json
Laboratory 1	第1实验室	1	1	DungeonArea-a1c8p2.json
Closed Laboratory	被封锁的实验室	1	1	DungeonArea-a1c8p2.json
Laboratory 2	第2实验室	1	1	DungeonArea-a1c8p2.json
Containment Hall 3	第三收容走廊	1	1	DungeonArea1-1.json
Reserve Passageway	简易通道	1	1	DungeonArea1-1.json
Key Foothold	重要据点	1	1	DungeonArea1-1.json
Peccatula Enclosure	罪种收容设施	1	1	DungeonArea1-2.json
Paint Shop	涂装室	1	1	DungeonArea1-2.json
Drawbridge	吊桥	1	1	DungeonArea1-2.json
Ice Castle Where Neighbors Lie	邻里沉眠的冰霜城堡	0	2	DungeonArea1-2.json
Gate Entrance	关卡入口	1	1	DungeonArea1-3.json
Bridge of Suppuration	破碎之桥	1	1	DungeonArea1-3.json
N Corp's White Room	N公司的纯白房间	1	1	DungeonArea1-4.json
Hot ‘n Juicy Drumstick	火热多汁琵琶腿	0	2	EGOgift_MirrorDungeon-EventTheme.json
Contaminated Needle & Thread	脏污的针与线	0	2	EGOgift_MirrorDungeon-EventTheme.json
Sharp Needle & Thread	锐利的针与线	0	2	EGOgift_MirrorDungeon-EventTheme.json
Oil-gunked Spanner	沾染油污的扳手	1	1	EGOgift_MirrorDungeon-EventTheme.json
Twinkling Scrap	闪光废料	1	1	EGOgift_MirrorDungeon-EventTheme.json
Pom-pom Hat	毛球帽	1	1	EGOgift_MirrorDungeon-EventTheme.json
Huge Gift Sack	巨大的礼物袋	1	1	EGOgift_MirrorDungeon-EventTheme.json
Sad Plushie	悲伤的毛绒玩偶	1	1	EGOgift_MirrorDungeon-EventTheme.json
Pocket Watch : Type L	怀表：Type L	0	2	EGOgift_MirrorDungeon-EventTheme.json
Pocket Watch : Type E	怀表：Type E	0	2	EGOgift_MirrorDungeon-EventTheme.json
Pocket Watch : Type Y	怀表：Type Y	0	2	EGOgift_MirrorDungeon-EventTheme.json
Pocket Watch : Type P	怀表：Type P	0	2	EGOgift_MirrorDungeon-EventTheme.json
Snake Slough+	蛇蜕+	0	2	EGOgift_MirrorDungeon-EventTheme_2.json
False Halo+	虚假的光相+	0	2	EGOgift_MirrorDungeon-EventTheme_2.json
Metronome+	节拍器+	0	2	EGOgift_MirrorDungeon-EventTheme_2.json
Bridle++	枷锁++	0	2	EGOgift_MirrorDungeon-EventTheme_2.json
Contempt of the Gaze of Contempt+	轻蔑的视线的轻蔑+	0	2	EGOgift_MirrorDungeon-EventTheme_2.json
Unhatched Embers+	未孵化的火种+	0	2	EGOgift_MirrorDungeon-EventTheme_2.json
Vestiges of the King	王的残渣	1	1	EGOgift_MirrorDungeon-EventTheme_2.json
Snuffed Candlestick	熄灭的烛台	1	1	EGOgift_MirrorDungeon-EventTheme_2.json
Shadow Monster	影子怪物	1	1	EGOgift_MirrorDungeon-EventTheme_2.json
Packaging Box	包装盒	1	1	EGOgift_MirrorDungeon-EventTheme_2.json
Packaging Ribbon	包装缎带	1	1	EGOgift_MirrorDungeon-EventTheme_2.json
Jolly Plushie	快乐的毛绒玩偶	1	1	EGOgift_MirrorDungeon-EventTheme_2.json
Implicit Contract Renewal	默示契约更新	1	1	EGOgift_MirrorDungeon-EventTheme_2.json
Darkflame Smoking Pipe	黑焰烟斗	1	1	EGOgift_MirrorDungeon-EventTheme_2.json
Swift Command	迅捷指挥	1	1	EGOgift_MirrorDungeon-EventTheme_2.json
Gear Shrapnel	齿轮碎片	1	1	EGOgift_MirrorDungeon-EventTheme_2.json
CQC Manual	近身格斗术教材	1	1	EGOgift_MirrorDungeon-EventTheme_2.json
Re-ignition Plug	重燃火花塞	1	1	EGOgift_MirrorDungeon-EventTheme_2.json
Enhancer Mk.4	强化剂Mk.4	1	1	EGOgift_MirrorDungeon-EventTheme_2.json
Regular Operational Gear	常规作战用装备	1	1	EGOgift_MirrorDungeon-EventTheme_2.json
High-risk Operational Gear	高危作战用装备	1	1	EGOgift_MirrorDungeon-EventTheme_2.json
Swarmcloud	丛云	1	1	EGOgift_MirrorDungeon-EventTheme_2.json
Strange Glyph Talisman	异文符咒	1	1	EGOgift_MirrorDungeon-EventTheme_2.json
Strange Glyph Inscriptions	镌刻的异文	1	1	EGOgift_MirrorDungeon-EventTheme_2.json
Shadow Bamboo Hat	影织斗笠	1	1	EGOgift_MirrorDungeon-EventTheme_2.json
Everlasting Chains of Bond	永恒的缘分锁链	1	1	EGOgift_MirrorDungeon-EventTheme_2.json
Glyph of Glass Shards	漆字琉璃钿	1	1	EGOgift_MirrorDungeon-EventTheme_2.json
Contained Maggots	封装蛆虫	1	1	EGOgift_MirrorDungeon-StoryTheme.json
Haunted Shoes	鬼附鞋	1	1	EGOgift_MirrorDungeon-StoryTheme.json
Frozen Cries	冰封的哀嚎	1	1	EGOgift_MirrorDungeon-StoryTheme.json
Hoarfrost Footprint	霜冻足迹	1	1	EGOgift_MirrorDungeon-StoryTheme.json
Spicebush Branch	山茶花枝	1	1	EGOgift_MirrorDungeon-StoryTheme.json
Broken Glasses	破碎的眼镜	1	1	EGOgift_MirrorDungeon-StoryTheme.json
Unmailed Letter	未寄出的信	1	1	EGOgift_MirrorDungeon-StoryTheme.json
Harpoon Prosthetic Leg	捕鲸枪义腿	1	1	EGOgift_MirrorDungeon-StoryTheme.json
Guiding Gas Lamp	照亮前方的汽灯	1	1	EGOgift_MirrorDungeon-StoryTheme.json
Chief Butler's Secret Arts	首席管家的秘籍	1	1	EGOgift_MirrorDungeon-StoryTheme.json
Handheld Mirror	手镜	1	1	EGOgift_MirrorDungeon-StoryTheme.json
Town-protecting Harpoon+	守镇鱼叉+	0	2	EGOgift_MirrorDungeon-StoryTheme_2.json
Broken Violin+	损坏的小提琴+	0	2	EGOgift_MirrorDungeon-StoryTheme_2.json
Manor-shaped Music Box	宅邸模型八音盒	1	1	EGOgift_MirrorDungeon-StoryTheme_2.json
Butler Style Binding Arts+	管家式束缚法+	0	2	EGOgift_MirrorDungeon-StoryTheme_2.json
Refraction Glass Pod	折射玻璃管	1	1	EGOgift_MirrorDungeon-StoryTheme_2.json
WB Flask	全血烧瓶	1	1	EGOgift_MirrorDungeon-mowe-re.json
Sanguine Fragrance Descends	血香降临	1	1	EGOgift_MirrorDungeon-mowe-re.json
Discarded Dimensional Gauntlet+	被遗落的次元护手+	0	2	EGOgift_MirrorDungeon-mowe-re.json
Blue Starshard+	蓝星碎片+	0	2	EGOgift_MirrorDungeon-mowe-re.json
Biogenerative Battery	生物发电电池	1	1	EGOgift_MirrorDungeon-mowe.json
Cardiovascular Reactive Module	心脏反应模块	1	1	EGOgift_MirrorDungeon-mowe.json
Prosthetic Joint Servos	义体关节伺服电机	1	1	EGOgift_MirrorDungeon-mowe.json
Automated Joints	自动式关节	1	1	EGOgift_MirrorDungeon-mowe.json
Overcharged Battery	过度充能电池	1	1	EGOgift_MirrorDungeon-mowe.json
Perpetual Generator Servos	永动伺服电机	1	1	EGOgift_MirrorDungeon-mowe.json
Hearts-powered Jewel	心动力宝石	1	1	EGOgift_MirrorDungeon-mowe.json
Hellterfly’s Dream+	地狱蝶之梦+	0	2	EGOgift_MirrorDungeon.json
Ashes to Ashes+	尘归尘+	0	2	EGOgift_MirrorDungeon.json
Wound Clerid+	拟伤虫+	0	2	EGOgift_MirrorDungeon.json
Fiery Down+	炽热的羽毛+	0	2	EGOgift_MirrorDungeon.json
Bloody Gadget+	鲜血装饰+	0	2	EGOgift_MirrorDungeon.json
Today’s Expression	此刻的神色	0	2	EGOgift_MirrorDungeon.json
Talisman Bundle+	成捆的符咒+	0	2	EGOgift_MirrorDungeon.json
Blood, Sweat, and Tears+	膏血+	0	2	EGOgift_MirrorDungeon.json
Green Spirit+	绿光果实+	0	2	EGOgift_MirrorDungeon.json
Crown of Roses+	玫瑰王冠+	0	2	EGOgift_MirrorDungeon.json
White Gossypium+	白棉花+	0	2	EGOgift_MirrorDungeon.json
Thunderbranch+	雷击木+	0	2	EGOgift_MirrorDungeon.json
Late-bloomer’s Tattoo	刺青：大器晚成	0	2	EGOgift_MirrorDungeon.json
Lowest Star+	谷底之星+	0	2	EGOgift_MirrorDungeon.json
Nixie Divergence+	辉光变动仪+	0	2	EGOgift_MirrorDungeon.json
Voodoo Doll+	巫毒娃娃+	0	2	EGOgift_MirrorDungeon.json
Carmilla+	卡蜜拉+	0	2	EGOgift_MirrorDungeon.json
Tomorrow’s Fortune	明日的运势	0	2	EGOgift_MirrorDungeon.json
Red Order+	赤色指令+	0	2	EGOgift_MirrorDungeon.json
Smokes and Wires+	烟霾与铁丝网+	0	2	EGOgift_MirrorDungeon.json
Employee Card+	员工证+	0	2	EGOgift_MirrorDungeon.json
Oscillating Bracelet+	震荡手环+	0	2	EGOgift_MirrorDungeon.json
Glimpse of Flames+	炎鳞+	0	2	EGOgift_MirrorDungeon.json
Barbed Lasso+	荆棘套索+	0	2	EGOgift_MirrorDungeon.json
Rusted Cutting Knife+	锈蚀的美工刀+	0	2	EGOgift_MirrorDungeon.json
Thorny Path+	荆棘之路+	0	2	EGOgift_MirrorDungeon.json
Red-stained Gossypium+	红染棉花+	0	2	EGOgift_MirrorDungeon.json
Stone Tomb+	石冢+	0	2	EGOgift_MirrorDungeon.json
Portable Battery Socket+	便携式电源插座+	0	2	EGOgift_MirrorDungeon.json
Dust to Dust+	土归土+	0	2	EGOgift_MirrorDungeon.json
Melted Spring	融化的时钟发条	1	1	EGOgift_MirrorDungeon.json
Downpour+	暴雨+	0	2	EGOgift_MirrorDungeon.json
Disk Fragment	星象盘碎片	1	1	EGOgift_MirrorDungeon.json
Thrill+	快感+	0	2	EGOgift_MirrorDungeon.json
Skeletal Crumbs	遗骸碎片	1	1	EGOgift_MirrorDungeon.json
Curriculum Vitae+	简历+	0	2	EGOgift_MirrorDungeon.json
Pendant of Nostalgia+	追忆吊坠+	0	2	EGOgift_MirrorDungeon.json
Broken Revolver	损坏的左轮手枪	1	1	EGOgift_MirrorDungeon.json
Artistic Sense+	美感+	0	2	EGOgift_MirrorDungeon.json
Nebulizer+	雾化吸入器+	0	2	EGOgift_MirrorDungeon.json
Special Contract	特别合约	1	1	EGOgift_MirrorDungeon.json
Wrist Guards+	护腕+	0	2	EGOgift_MirrorDungeon.json
Clear Mirror, Calm Water+	明镜止水+	0	2	EGOgift_MirrorDungeon.json
Charred Disk	烧焦的圆盘	1	1	EGOgift_MirrorDungeon.json
Lightning Rod+	避雷针+	0	2	EGOgift_MirrorDungeon.json
Endorphin Kit+	内啡肽试剂组+	0	2	EGOgift_MirrorDungeon.json
Headless Portrait+	无头肖像+	0	2	EGOgift_MirrorDungeon.json
Charge-type Gloves+	充能式手套+	0	2	EGOgift_MirrorDungeon.json
First-aid Kit	便携式急救包	1	1	EGOgift_MirrorDungeon.json
Voracious Hammer	贪婪之锤	1	1	EGOgift_MirrorDungeon.json
Milepost of Survival	生存的里程标	1	1	EGOgift_MirrorDungeon.json
Piece of Relationship+	缘分残片+	0	2	EGOgift_MirrorDungeon.json
Burning Intellect+	炽热的智慧+	0	2	EGOgift_MirrorDungeon.json
Rusted Muzzle+	锈蚀的笼头+	0	2	EGOgift_MirrorDungeon.json
Bloody Mist	血雾	1	1	EGOgift_MirrorDungeon.json
Bell of Truth+	真理之钟+	0	2	EGOgift_MirrorDungeon.json
Coupled Oscillation	震颤耦合	1	1	EGOgift_MirrorDungeon.json
Fluorescent Lamp+	荧光灯+	0	2	EGOgift_MirrorDungeon.json
Enrapturing Trance	恍惚镜	1	1	EGOgift_MirrorDungeon.json
Broken Compass+	破碎罗盘+	0	2	EGOgift_MirrorDungeon.json
Black Sheet Music	黑色乐谱	1	1	EGOgift_MirrorDungeon.json
Ornamental Horseshoe+	马蹄铁饰物+	0	2	EGOgift_MirrorDungeon.json
Lucky Pouch	福袋	1	1	EGOgift_MirrorDungeon.json
Material Interference Force Field+	物理屏蔽力场+	0	2	EGOgift_MirrorDungeon.json
T-1 Perpetual Motion Machine	第一类永动机	1	1	EGOgift_MirrorDungeon.json
Melted Paraffin+	熔化的石蜡+	0	2	EGOgift_MirrorDungeon.json
Polarization+	偏振光+	0	2	EGOgift_MirrorDungeon.json
Pain of Stifled Rage+	郁火+	0	2	EGOgift_MirrorDungeon.json
Fragment of Hellfire	业火残片	1	1	EGOgift_MirrorDungeon.json
Arrested Hymn+	被扣留的颂歌+	0	2	EGOgift_MirrorDungeon.json
Tangled Bundle+	纠缠捆束+	0	2	EGOgift_MirrorDungeon.json
Awe+	敬畏+	0	2	EGOgift_MirrorDungeon.json
Fragment of Allurement	魅惑残片	1	1	EGOgift_MirrorDungeon.json
Bio-venom Vial+	生物剧毒药瓶+	0	2	EGOgift_MirrorDungeon.json
Venomous Skin+	剧毒外皮+	0	2	EGOgift_MirrorDungeon.json
Sour Liquor Aroma+	酸味的酒香+	0	2	EGOgift_MirrorDungeon.json
Mirror Tactile Synaesthesia	镜触觉通感	1	1	EGOgift_MirrorDungeon.json
Fragment of Inertia	惰性残片	1	1	EGOgift_MirrorDungeon.json
Bone Stake	骨桩	1	1	EGOgift_MirrorDungeon.json
Ragged Umbrella+	破损的雨伞+	0	2	EGOgift_MirrorDungeon.json
Deathseeker	寻死者	1	1	EGOgift_MirrorDungeon.json
Fragment of Desire	欲望残片	1	1	EGOgift_MirrorDungeon.json
Eldtree Snare+	古木陷阱+	0	2	EGOgift_MirrorDungeon.json
Rags+	破布+	0	2	EGOgift_MirrorDungeon.json
Grandeur+	庄严+	0	2	EGOgift_MirrorDungeon.json
Fragment of Decay	蚕食残片	1	1	EGOgift_MirrorDungeon.json
Devil's Share+	魔鬼所享+	0	2	EGOgift_MirrorDungeon.json
Emerald Elytra+	绿色鞘翅+	0	2	EGOgift_MirrorDungeon.json
Old Wooden Doll+	陈旧的木雕人偶+	0	2	EGOgift_MirrorDungeon.json
Fragment of Conceit	骄慢残片	1	1	EGOgift_MirrorDungeon.json
UPS System+	不间断电源装置+	0	2	EGOgift_MirrorDungeon.json
Uncapped Defibrilator+	解除限制的除颤仪+	0	2	EGOgift_MirrorDungeon.json
Patrolling Flashlight+	巡逻用手电筒+	0	2	EGOgift_MirrorDungeon.json
Imitative Generator	仿造发电机	1	1	EGOgift_MirrorDungeon.json
Fragment of Friction	摩擦残片	1	1	EGOgift_MirrorDungeon.json
Scalpel+	手术用刀+	0	2	EGOgift_MirrorDungeon.json
Deceptive Accord+	虚饰的和平+	0	2	EGOgift_MirrorDungeon.json
Tailor's Scissors+	裁缝用剪刀+	0	2	EGOgift_MirrorDungeon.json
Resolution+	决意+	0	2	EGOgift_MirrorDungeon.json
Moment of Sentencing+	宣判之刻+	0	2	EGOgift_MirrorDungeon.json
Sundered Memory	切开的记忆	1	1	EGOgift_MirrorDungeon.json
Carpenter's Nail+	木工用长钉+	0	2	EGOgift_MirrorDungeon.json
Once, A Blessing+	曾经的祝福+	0	2	EGOgift_MirrorDungeon.json
Torn Bandolier+	撕裂的弹带+	0	2	EGOgift_MirrorDungeon.json
Keenbranch+	磨尖的树枝+	0	2	EGOgift_MirrorDungeon.json
Punctured Memory	洞穿的记忆	1	1	EGOgift_MirrorDungeon.json
Burial Curse+	作祟+	0	2	EGOgift_MirrorDungeon.json
Compression Bandage+	加压绷带+	0	2	EGOgift_MirrorDungeon.json
Temporal Bridle+	时间的枷锁+	0	2	EGOgift_MirrorDungeon.json
Clasped Sculpture+	紧握的雕像+	0	2	EGOgift_MirrorDungeon.json
Reverberation+	残响+	0	2	EGOgift_MirrorDungeon.json
Smoking Gunpowder+	有烟火药+	0	2	EGOgift_MirrorDungeon.json
Decamillennial Stewpot	万年炖锅	1	1	EGOgift_MirrorDungeon.json
Secret Cookbook	烹饪秘诀书	1	1	EGOgift_MirrorDungeon.json
Millarca	蜜拉卡	1	1	EGOgift_MirrorDungeon.json
Interlocked Cogs	啮合的齿轮	1	1	EGOgift_MirrorDungeon.json
Thorny Rope Cuffs	荆棘捕绳	1	1	EGOgift_MirrorDungeon.json
Tangled Bones	碎裂的骨片	1	1	EGOgift_MirrorDungeon.json
T-1B Octagonal Bolt	1B型八角螺栓	1	1	EGOgift_MirrorDungeon.json
Special Catalogue	特别目录	1	1	EGOgift_MirrorDungeon.json
Pre-order Discount	预约优惠券	1	1	EGOgift_MirrorDungeon.json
Renewed Merch	翻新的商品	1	1	EGOgift_MirrorDungeon.json
Trial Plan Guide	试用计划指南	1	1	EGOgift_MirrorDungeon.json
Prestige Card	贵宾卡	1	1	EGOgift_MirrorDungeon.json
Brilliant Vestige	辉煌的残影	1	1	EGOgift_MirrorDungeon.json
Lunar Vestige	月之残影	1	1	EGOgift_MirrorDungeon.json
Overused Whetstone	磨损的砥石	1	1	EGOgift_MirrorDungeon.json
Short Cane Sword+	拐杖短剑+	0	2	EGOgift_MirrorDungeon.json
Cloudpattern Gourd Bottle+	云纹鹤颈瓶+	0	2	EGOgift_MirrorDungeon.json
Broken Greatsword	破碎的巨剑	1	1	EGOgift_MirrorDungeon.json
High-tensility Shoes	高弹性钢鞋	1	1	EGOgift_MirrorDungeon.json
Plume of Proof+	见证的羽饰+	0	2	EGOgift_MirrorDungeon.json
Torn Hems+	磨破的衣袖+	0	2	EGOgift_MirrorDungeon.json
Dueling Manual Book 3	决斗教材第三卷	1	1	EGOgift_MirrorDungeon.json
Dimensional Recycle Bin	次元分类回收箱	1	1	EGOgift_MirrorDungeon.json
Pocket Flashcards+	口袋助记卡+	0	2	EGOgift_MirrorDungeon.json
Dimensional Perception Modifier	次元知觉变体	1	1	EGOgift_MirrorDungeon.json
Decamillennial Hearthflame	万年炉火	1	1	EGOgift_MirrorDungeon_2.json
Purloined Flame	盗来的火焰	1	1	EGOgift_MirrorDungeon_2.json
Hemorrhagic Shock	失血性休克	1	1	EGOgift_MirrorDungeon_2.json
Gemstone Oscillator	宝石振子	1	1	EGOgift_MirrorDungeon_2.json
Omnivibro-octovecti-bell	无振八方钟	1	1	EGOgift_MirrorDungeon_2.json
Shard of Apocalypse	终末的碎片	1	1	EGOgift_MirrorDungeon_2.json
Eerie Effigy	奇怪的石像	1	1	EGOgift_MirrorDungeon_2.json
Cantabile	如歌	1	1	EGOgift_MirrorDungeon_2.json
Faded Overcoat	褪色的外套	1	1	EGOgift_MirrorDungeon_2.json
Surging Globe	浪景球	1	1	EGOgift_MirrorDungeon_2.json
Impending Wave	袭来的浪潮	1	1	EGOgift_MirrorDungeon_2.json
Cask Spirits	桶装烈酒	1	1	EGOgift_MirrorDungeon_2.json
Insulator	绝缘子	1	1	EGOgift_MirrorDungeon_2.json
T-5 Perpetual Motion Machine	第五类永动机	1	1	EGOgift_MirrorDungeon_2.json
Sorrowful Exhale	悲闷的吐息	1	1	EGOgift_MirrorDungeon_6.json
Shatterbound Cannon	注定破碎的火炮	1	1	EGOgift_MirrorDungeon_6.json
Coveting Thorn	贪欲之棘	1	1	EGOgift_MirrorDungeon_6.json
Meat Tenderizer+	松肉锤+	0	2	EGOgift_MirrorDungeon_7.json
Chance & Choice	概率与选择	0	2	EGOgift_MirrorDungeon_7.json
Miniature Ferris Wheel	微型摩天轮	1	1	EGOgift_MirrorDungeon_7.json
Searing Hammer	灼热之锤	1	1	EGOgift_MirrorDungeon_7.json
Red Necktie	红领带	1	1	EGOgift_MirrorDungeon_7.json
Someone's Device	某人的终端	1	1	EGOgift_MirrorDungeon_7.json
Providence of the Prescript	指令的庇护	1	1	EGOgift_MirrorDungeon_7.json
Omni-tool+	万能工具+	0	2	EGOgift_MirrorDungeon_7.json
Stolen Fixer Magazine	被盗的收尾人杂志	1	1	EGOgift_MirrorDungeon_7.json
Pure-white Canvas	空白画布	1	1	EGOgift_MirrorDungeon_7.json
The Spider's Thread+	蜘蛛网+	0	2	EGOgift_MirrorDungeon_7.json
Someone's Azure Blade	某人的青刀	1	1	EGOgift_MirrorDungeon_7.json
Imperfect Eye of Precognition	不完善的预知眼	1	1	EGOgift_MirrorDungeon_7.json
The Abandoned Oracle	遗落的神谕	1	1	EGOgift_MirrorDungeon_7.json
A Maestro's Ring-Turned-Artwork	化为作品的大师指环	1	1	EGOgift_MirrorDungeon_7.json
Mid-range K Corp. Ampule	量产型K公司安瓿	1	1	EGOgift_MirrorDungeon_7.json
Burning Fate	燃烧的命运	1	1	EGOgift_MirrorDungeon_7.json
Carousel Figurine	旋转木马模型	1	1	EGOgift_MirrorDungeon_7.json
Another Round!	再来一杯！	0	2	EGOgift_MirrorDungeon_7.json
Spiderweb Entangled in Red	赤红纠缠的蜘蛛巢	1	1	EGOgift_MirrorDungeon_7.json
Baekja Water Dropper	白瓷砚滴	1	1	EGOgift_MirrorDungeon_7.json
Flagroot Cane Sword	菖蒲剑	1	1	EGOgift_MirrorDungeon_7.json
Crushed Wooden Manacle	粉碎的木制刑具	1	1	EGOgift_MirrorDungeon_7.json
Unadorned Sword-guard	无纹的刀镡	1	1	EGOgift_MirrorDungeon_7.json
Wing-shaped Waxen Candle	翼形蜡烛	1	1	EGOgift_MirrorDungeon_7.json
Tributary Cigar	奉纳的雪茄	1	1	EGOgift_MirrorDungeon_7.json
Reverse Knot	反向结	1	1	EGOgift_StoryDungeon-a1c5p3.json
Melted LCCB Employee Badge	融化的LCCB员工证	1	1	EGOgift_StoryDungeon-a1c5p3.json
Crossed Knot	十字结	1	1	EGOgift_StoryDungeon-a1c5p3.json
Compulsive's Knot	强迫结	1	1	EGOgift_StoryDungeon-a1c5p3.json
Standard Issue Mag	补给弹匣	1	1	EGOgift_StoryDungeon-a1c5p3.json
La Manchaland Standard Pass	拉·曼却领常规通行券	1	1	EGOgift_StoryDungeon-a1c7p3.json
Self-flagellation Whip	告解之鞭	1	1	EGOgift_StoryDungeon-a1c7p3.json
A Little Dream	小小的梦	1	1	EGOgift_StoryDungeon-a1c7p3.json
The Dream Begins Anew	再一次做的梦	1	1	EGOgift_StoryDungeon-a1c7p3.json
Shoddy Dressing	破旧绷带	1	1	EGOgift_StoryDungeon.json
Festered Fragment	腐烂碎片	1	1	EGOgift_StoryDungeon.json
Etched Doomsday	终末浮雕	1	1	EGOgift_StoryDungeon.json
Rainbow Mainspring	彩色发条	1	1	EGOgift_StoryDungeon.json
Rusty Mainspring	生锈发条	1	1	EGOgift_StoryDungeon.json
Emergency Surgical Kit	紧急手术套件	1	1	EGOgift_StoryDungeon.json
Writhing Ribbon	蠢蠢欲动的丝带	1	1	EGOgift_StoryDungeon.json
Torch Stack	一堆火把	1	1	EGOgift_StoryDungeon.json
Sparkling Skull	发光颅骨	1	1	EGOgift_StoryDungeon.json
Sniggering Tongue	窃笑的舌头	1	1	EGOgift_StoryDungeon.json
Green Skin	绿色外皮	1	1	EGOgift_StoryDungeon.json
Topfhelm	钢盔	1	1	EGOgift_StoryDungeon.json
Piece of Crumbled Egg	破碎之卵的残片	1	1	EGOgift_StoryDungeon.json
Cold Illusion	冰冷的幻想	1	1	EGOgift_StoryDungeon.json
Sharp Illusion	尖锐的幻想	1	1	EGOgift_StoryDungeon.json
Fragrant Illusion	芬芳的幻想	1	1	EGOgift_StoryDungeon.json
Trace of Stars	星迹	1	1	EGOgift_StoryDungeon.json
Pungent Bud	香气刺鼻的花蕾	1	1	EGOgift_StoryDungeon.json
Hot Tears	热烈的泪水	1	1	EGOgift_StoryDungeon.json
Cooled Tear	冰冷的泪水	1	1	EGOgift_StoryDungeon.json
Memories of Fragments	碎片的记忆	1	1	EGOgift_StoryDungeon.json
Piece of Reversing Memories	追忆流转的残片	1	1	EGOgift_StoryDungeon.json
Universal Skeleton	万物的骨架	1	1	EGOgift_TwiningThreads.json
The Middle Styled Knuckle-dusters	中指式指虎	1	1	EGOgift_TwiningThreads.json
Unoccupied Birdcage	空荡的鸟笼	1	1	EGOgift_TwiningThreads.json
Searing Brass+	灼热的铜管+	0	2	EGOgift_TwiningThreads.json
Universal Instinct	万物的本能	1	1	EGOgift_TwiningThreads.json
Heavenly King's Heartmending Pill	天王补心丹	1	1	EGOgift_a1c8p2.json
Tranquil Lotus Bolus	静莲丸	1	1	EGOgift_a1c8p2.json
Sanguine Blossom Bolus	血花丸	1	1	EGOgift_a1c8p2.json
Accursed Codex	被诅咒的古代文书	1	1	EGOgift_a1c8p2.json
Madness-inscribed Codex	寄宿疯狂的古代文书	1	1	EGOgift_a1c8p2.json
Heartrender Talisman	破心符	1	1	EGOgift_a1c8p2.json
Bloodsevering Blade	绝血刀	1	1	EGOgift_a1c8p2.json
Faded Poster	褪色的海报	1	1	EGOgift_a1c8p2.json
Deep Claw Marks	深深的爪痕	1	1	EGOgift_a1c8p2.json
Blackiron Barding	黑铁马胄	1	1	EGOgift_cultivation.json
Shaoxing Wine+	绍兴酒+	0	2	EGOgift_cultivation.json
The Family's Resentment	家人的怨恨	1	1	EGOgift_cultivation.json
For the Capo	为了指挥官	1	1	EGOgift_cultivation.json
Rules of the Middle	中指规矩	1	1	EGOgift_cultivation.json
Kkomi's Mini-Gift	可米的小小礼物	1	1	EGOgift_cultivation.json
Someone's Dropped Employee Card	某人遗落的员工证	1	1	EGOgift_lcbcheckup-re.json
Boombox of Dramatic Entrances	登场专用音响	1	1	EGOgift_night-clean-up-re.json
Shadowlurking	暗中行动	1	1	EGOgift_night-clean-up-re.json
Sea Terror Notes	恐鱼研究记录	1	1	EGOgift_pilgrimage.json
Goldforged Compass	黄金罗盘	1	1	EGOgift_pilgrimage.json
Silver Key Bundle	银色的钥匙串	1	1	EGOgift_pilgrimage.json
Sea Terror Jerky	恐鱼干	1	1	EGOgift_pilgrimage.json
Aged Sheet Music	古旧乐谱残章	1	1	EGOgift_pilgrimage.json
Metal Construct	金属构造体	1	1	EGOgift_pilgrimage.json
Moonmirror Wine Cup	宿月酒盏	1	1	EGOgift_pilgrimage.json
Classical-design Letter Opener	造型古典的拆信刀	1	1	EGOgift_pilgrimage.json
Interlinked Time+	交织的时间+	0	2	EGOgift_tktRe.json
Emergency Investigator Badge+	紧急授予型搜查官徽章+	0	2	EGOgift_tktRe.json
Entanglement Override Sequencer+	强制纠缠定序器+	0	2	EGOgift_tktRe.json
Microprecision Time Accelerator	超精密时间加速装置	1	1	EGOgift_tktRe.json
Filial Love	孝心	1	1	EGOgift_walpu4.json
Misaligned Transistor	错位的晶体管	1	1	EGOgift_walpu4.json
Mental Corruption Boosting Gas	精神污染加速气体	1	1	EGOgift_walpu4.json
Leaked Enkephalin	泄露的脑啡肽	1	1	EGOgift_walpu4.json
The Unchosen	未被选中之人	1	1	EGOgift_walpu6.json
Magical Girl's Lovely Gift	魔法少女的爱之礼物	1	1	EGOgift_walpu6.json
Value Disposal	价值处置	1	1	EGOgift_walpu6.json
Staticky Two-way Radio	夹杂着噪音的对讲机	1	1	EGOgift_walpu8.json
Beak-shaped Necklace	喙形项链	1	1	EGOgift_walpu8.json
Harmonics+	泛音+	0	2	EGOgift_walpu8.json
Walking Bass+	行进贝斯+	0	2	EGOgift_walpu8.json
Pink Bouquet	粉红花束	1	1	EGOgift_walpu8.json
Royal Jelly Perfume	蜂王浆香水	1	1	EGOgift_walpu8.json
Whale of the Porous Hand Mermaid	穴掌鲸人鱼	0	2	Enemies-a1c5p1.json
Whale of the Porous Hand Soldier Mermaid	穴掌鲸 士兵人鱼	0	2	Enemies-a1c5p1.json
Twinhook Pirates First Mate Smee	双钩海盗团大副 斯米	0	2	Enemies-a1c5p1.json
Terrified K Corp. Checkpoint Security	惊恐的K公司检查站安保人员	0	2	Enemies-a1c5p1.json
Stiffened K Corp. Checkpoint Security	僵直的K公司检查站安保人员	0	2	Enemies-a1c5p1.json
Threatened K Corp. Class 1 Staff	受到威胁的K公司1级员工	0	2	Enemies-a1c5p1.json
Unnerved K Corp. Class 1 Staff	焦虑的K公司1级员工	0	2	Enemies-a1c5p1.json
Revived K Corp. Class 3 Empowered Staff	复活的K公司3级员工 - 强化	0	2	Enemies-a1c5p1.json
Whale of the Thousand Strands Mermaid	千缕鲸人鱼	0	2	Enemies-a1c5p2.json
Hefty Dead Rabbits Henchman	健硕的死兔帮成员	1	1	Enemies-a1c6p1.json
Slow Dead Rabbits Henchman	迟缓的死兔帮成员	1	1	Enemies-a1c6p1.json
Fierce Dead Rabbits Henchman	凶猛的死兔帮成员	1	1	Enemies-a1c6p1.json
Sharp Dead Rabbits Henchman	敏锐的死兔帮成员	1	1	Enemies-a1c6p1.json
Enamored Researcher of the Ring?	忘我的环指研究员？	0	2	Enemies-a1c6p2.json
Mad Researcher of the Ring?	发狂的环指研究员？	0	2	Enemies-a1c6p2.json
Pointillist Researcher of the Ring?	点彩派环指研究员？	0	2	Enemies-a1c6p2.json
Peccatulum Irae??	暴怒罪种??	0	2	Enemies-a1c6p3.json
Well-dressed Bloodbag	穿着得体的血袋	1	1	Enemies-a1c7p1.json
Embellished Bloodbag	打扮过的血袋	1	1	Enemies-a1c7p1.json
Insane Fashionista Bloodfiend	疯狂的时尚血魔	1	1	Enemies-a1c7p1.json
Mad Fashionista Bloodfiend	失去理智的时尚血魔	1	1	Enemies-a1c7p1.json
No-good Bandit	坏盗贼	1	1	Enemies-a1c7p1.json
Big, Scary Bear	可怕的巨熊	0	2	Enemies-a1c7p1.json
Eerie Bloodbag	阴森森的血袋	1	1	Enemies-a1c7p2.json
Sinister Bloodbag	可怖的血袋	1	1	Enemies-a1c7p2.json
Budding Bloodbag	发芽的血袋	1	1	Enemies-a1c7p3.json
Budding Zwei Fixer	发芽的Zwei收尾人	1	1	Enemies-a1c7p3.json
Budding Bloodfiend	盛开的血魔	1	1	Enemies-a1c7p3.json
Blossomed Bloodfiend	绽放的血魔	1	1	Enemies-a1c7p3.json
Bloomed Bloodfiend	盛放的血魔	1	1	Enemies-a1c7p3.json
Peccatulum Luxuriae?	色欲罪种?	0	2	Enemies-a1c7p3.json
Peccatulum Superbiae?	傲慢罪种?	0	2	Enemies-a1c7p3.json
Budding Cinq West Fixer	发芽的Cinq西部收尾人	1	1	Enemies-a1c7p3.json
Budding Zwei West Fixer	发芽的Zwei西部收尾人	1	1	Enemies-a1c7p3.json
The Wheel of La Manchaland	大摩天轮	0	2	Enemies-a1c7p3.json
Dreamshard	梦之碎片	1	1	Enemies-a1c7p3.json
Hardblood Fragment	硬血碎片	1	1	Enemies-a1c7p3.json
Talisman Jar Monster	贴着符咒的瓮怪物	1	1	Enemies-a1c8p1.json
Nailed Jar Monster	被钉住的瓮怪物	1	1	Enemies-a1c8p1.json
Entangled Jar Monster	被束缚的瓮怪物	1	1	Enemies-a1c8p1.json
Furtive Podao Assailant	隐秘的朴刀袭击者	1	1	Enemies-a1c8p1.json
Swift Podao Assailant	敏捷的朴刀袭击者	1	1	Enemies-a1c8p1.json
Large Podao Assailant	魁梧的朴刀袭击者	1	1	Enemies-a1c8p1.json
Bandaged Wooden Dummy	裹着绷带的木人桩	1	1	Enemies-a1c8p1.json
Spiked Wooden Dummy	带刺的木人桩	1	1	Enemies-a1c8p1.json
Swift Ambushing Stranger	敏捷突袭的怪人	1	1	Enemies-a1c8p1.json
Swift Pursuing Stranger	敏捷追击的怪人	1	1	Enemies-a1c8p1.json
Impaled Failure	被穿刺的失败品	1	1	Enemies-a1c8p2.json
Blooming Failure	盛开的失败品	1	1	Enemies-a1c8p2.json
Entangled Failure	纠缠的失败品	1	1	Enemies-a1c8p2.json
Evil-possessed Deathrite Monk	饱含邪气的咒杀僧	1	1	Enemies-a1c8p2.json
Swift Shi Family Mercenary	灵敏的史家私兵	1	1	Enemies-a1c8p2.json
Veteran Shi Family Mercenary	干练的史家私兵	1	1	Enemies-a1c8p2.json
Heavy Shi Family Mercenary	稳重的史家私兵	1	1	Enemies-a1c8p2.json
Shi Hua... something?	史华？	0	2	Enemies-a1c8p2.json
Muddled Heishou of the Corpse Palanquin [混覺轀輬黑獸]	混觉辒辌黑兽	0	2	Enemies-a1c8p3.json
Heavenly Elder	天之长辈	1	1	Enemies-a1c8p3.json
Earthly Elder	地之长辈	1	1	Enemies-a1c8p3.json
Brain Elder	脑之长辈	1	1	Enemies-a1c8p3.json
Manager Gnome	科长小矮人	1	1	Enemies-a1c951.json
Peccatulum Pigritiae??	怠惰罪种??	0	2	Enemies-a1c971.json
Peccatulum Morositatis??	忧郁罪种??	0	2	Enemies-a1c971.json
The Ring Corporist Automanikin - Researcher	环指人体派自动人偶 - 研究员	0	2	Enemies-a1c9p1.json
The Ring Corporist Automanikin - Combatant	环指人体派自动人偶 - 战斗员	0	2	Enemies-a1c9p1.json
The Ring Corporist Automanikin - Roseate Desire Corrosion	环指人体派自动人偶 - 粉红欲望 侵蚀	0	2	Enemies-a1c9p1.json
The Pinky Apprentice - Ren	小指 子辈 - 莲	0	2	Enemies-a1c9p1.json
The Index Apprentice - Sora	食指 子辈 - 空	0	2	Enemies-a1c9p2.json
Flash Phenomenon - Im Gyeong-eop	闪光现象 - 林庆业	0	2	Enemies-exme.json
Hateful Blade Lineage Salsu	心怀怨恨的剑契组杀手	1	1	Enemies-exme.json
Resentful Blade Lineage Salsu	寄宿怨恨的剑契组杀手	1	1	Enemies-exme.json
Imagined Im Gyeong-eop	心象中的林庆业	1	1	Enemies-exme.json
Craving Bloodbag Passenger	渴求的血袋乘客	1	1	Enemies-mowe.json
Violent Bloodbag Passenger	发狂的血袋乘客	1	1	Enemies-mowe.json
Aggressive Bloodbag Passenger	好斗的血袋乘客	1	1	Enemies-mowe.json
Merciless Bloodbag Cleanup Agent	无情的血袋清扫人员	1	1	Enemies-mowe.json
Feral Bloodbag Cleanup Agent	凶猛的血袋清扫人员	1	1	Enemies-mowe.json
Hungering Bloodbag Cleanup Agent	饥饿的血袋清扫人员	1	1	Enemies-mowe.json
Bloodbag Prosthetic Fixer	血袋义体收尾人	1	1	Enemies-mowe.json
Deceitful Tri-axe Office Fixer	卑鄙的三斧事务所收尾人	1	1	Enemies-sweep.json
Tough-looking Stranger	表情坚毅的怪人	1	1	Enemies-sweep.json
Awkward Tri-axe Office Fixer	左右为难的三斧事务所收尾人	1	1	Enemies-sweep.json
Sharp-looking Stranger	表情犀利的怪人	1	1	Enemies-sweep.json
The City's Sweeper A	都市的清道夫A	1	1	Enemies-sweep.json
The City's Sweeper B	都市的清道夫B	1	1	Enemies-sweep.json
The City's Sweeper C	都市的清道夫C	1	1	Enemies-sweep.json
The City's Sweeper D	都市的清道夫D	1	1	Enemies-sweep.json
Aggressive Yurodivy	过激的圣愚活动成员	1	1	Enemies-tkt.json
Quick-witted Yurodivy	敏捷的圣愚活动成员	1	1	Enemies-tkt.json
District 20 Yurodiviye Captain	20区 圣愚 队长	1	1	Enemies-tkt.json
Unfolded Time Rippers	展开的时间杀人魔们	1	1	Enemies-tkt.json
Prescript-chasing Proselyte of the Index	追随指令的食指苦行者	0	2	Enemies-twth.json
Prescript-conforming Proselyte of the Index	遵从指令的食指苦行者	0	2	Enemies-twth.json
Impulsive Fauvist Student of the Ring	冲动的环指野兽派学徒	0	2	Enemies-twth.json
Instinctive Fauvist Student of the Ring	依照本能的环指野兽派学徒	0	2	Enemies-twth.json
Feral Fauvist Student of the Ring	充满野性的环指野兽派学徒	0	2	Enemies-twth.json
Spontaneous Fauvist Student of the Ring	即兴的环指野兽派学徒	0	2	Enemies-twth.json
Dawn of Green - Doubt - α	绿色的黎明 - 疑问 - α	0	2	Enemies-walpu2.json
Dawn of Green - Doubt - β	绿色的黎明 - 疑问 - β	0	2	Enemies-walpu2.json
Threatening Gear Worshipper	危险的齿轮信徒	1	1	Enemies-walpu5.json
Nimble Gear Worshipper	敏捷的齿轮信徒	1	1	Enemies-walpu5.json
Da Boingy Empworoar	凤凤皇地	1	1	Enemies-x1p1c1.json
False Bongy	假小凤	1	1	Enemies-x1p1c1.json
Distorting Bamboo-hatted Kim	正在扭曲的金笠	1	1	Enemies-ycgd.json
Scruffy Veteran	褴褛的残兵	1	1	Enemies.json
Slumber-broken Neighbor	长梦初醒的邻居	1	1	Enemies.json
Rearisen Neighbor	重新站起的邻居	1	1	Enemies.json
Freezing Miner Slave	冻结的奴隶矿工	1	1	Enemies.json
Shivering Miner Slave	寒冷的奴隶矿工	1	1	Enemies.json
Everything There of an Inquisitor	无所不有的异端审判官	0	2	Enemies.json
Crawling Inquisitor	爬行的异端审判官	1	1	Enemies.json
Calm K Corp. Checkpoint Security	沉着的K公司检查站安保人员	0	2	Enemies.json
Reliable K Corp. Checkpoint Security	可靠的K公司检查站安保人员	0	2	Enemies.json
Wriggling Beast	蠢蠢欲动的野兽	1	1	Enemies.json
Dongbaek E.G.O::Spicebush	冬柏E.G.O::山茶花	0	2	Enemies.json
Crude Sawblade Bot	粗制的锯刃无人机	1	1	Enemies.json
Crude Wrecking Ball Bot	粗制的破坏球无人机	1	1	Enemies.json
Complete Sawblade Bot	完整的锯刃无人机	1	1	Enemies.json
Complete Wrecking Ball Bot	完整的破坏球无人机	1	1	Enemies.json
Solid Combined Bot	坚固的复合机械	1	1	Enemies.json
Confident Rosespanner Workshop Fixer	自信的玫瑰扳手工坊收尾人	1	1	Enemies.json
Prideful Rosespanner Workshop Fixer	高傲的玫瑰扳手工坊收尾人	1	1	Enemies.json
Shaking Rosespanner Workshop Fixer	颤抖的玫瑰扳手工坊收尾人	1	1	Enemies.json
Rosespanner Workshop Rep Niko	玫瑰扳手工坊代表 尼柯	1	1	Enemies.json
Lobotomy E.G.O::Red Sheet - Marile	脑叶公司E.G.O::朱符 - 马里勒	0	2	Enemies.json
Reawakened Lobotomy E.G.O::Red Sheet	复活的脑叶公司E.G.O::朱符	0	2	Enemies.json
K Corp. Arrest Drone	K公司 拘捕无人机	1	1	Enemies.json
Fully Bloomed Flower	盛开的花朵	1	1	Enemies.json
Tree of Vanity	虚荣之树	1	1	Enemies.json
Fruit of Vanity	虚荣之果	1	1	Enemies.json
Lured Festered G Corp. H. Manager	受诱且溃烂的G公司部长	0	2	Enemies.json
Refracted Alleyway Watchdog	折射的巷头恶犬	1	1	Enemies_Refraction.json
Refracted Headless Ichthys	折射的断首鱼	1	1	Enemies_Refraction.json
Refracted Drifting Fox	折射的流浪狐狸	1	1	Enemies_Refraction2.json
Refracted Old Umbrella	折射的旧伞	1	1	Enemies_Refraction2.json
Refracted Shock Centipede	折射的电击蜈蚣	1	1	Enemies_Refraction2.json
Refracted Fairy-Long-Legs	折射的长腿精灵	1	1	Enemies_Refraction2.json
Refracted Faelantern	折射的精灵提灯	1	1	Enemies_Refraction2.json
Refracted Wayward Passenger	折射的迷失的乘客	1	1	Enemies_Refraction2.json
Left Blade	左刃	1	1	Enemies_Refraction2.json
Right Blade	右刃	1	1	Enemies_Refraction2.json
Refracted Steam Transport Machine	折射的蒸汽运输机	1	1	Enemies_Refraction2.json
Refracted Sign of Roses	折射的玫瑰告示牌	1	1	Enemies_Refraction2.json
Refracted Hemorrhaging Dimension	折射的血流成河的次元	1	1	Enemies_Refraction2.json
Refracted Poisonous Dimension	折射的剧毒沸腾的次元	1	1	Enemies_Refraction2.json
Refracted Tremoring Dimension	折射的震颤不止的次元	1	1	Enemies_Refraction2.json
Refracted Electrifying Dimension	折射的电流涌动的次元	1	1	Enemies_Refraction2.json
Refracted Wrath-drenched Rose	折射的浸染暴怒的玫瑰	1	1	Enemies_Refraction2.json
Refracted Lust-drenched Rose	折射的浸染色欲的玫瑰	1	1	Enemies_Refraction2.json
Refracted Sloth-drenched Rose	折射的浸染怠惰的玫瑰	1	1	Enemies_Refraction2.json
Refracted Gluttony-drenched Rose	折射的浸染暴食的玫瑰	1	1	Enemies_Refraction2.json
Refracted Gloom-drenched Rose	折射的浸染忧郁的玫瑰	1	1	Enemies_Refraction2.json
Refracted Pride-drenched Rose	折射的浸染傲慢的玫瑰	1	1	Enemies_Refraction2.json
Refracted Envy-drenched Rose	折射的浸染嫉妒的玫瑰	1	1	Enemies_Refraction2.json
Refracted Ardor Blossom Moth	折射的红焰蛾	1	1	Enemies_Refraction3.json
Refracted Drenched Gossypium	折射的浸染棉花	1	1	Enemies_Refraction3.json
Refracted Spiral of Contempt	折射的轻蔑螺旋	1	1	Enemies_Refraction3.json
Refracted Skin Prophet	折射的人皮预言者	1	1	Enemies_Refraction3.json
Refracted Candle	折射的蜡烛	1	1	Enemies_Refraction3.json
Refracted Ambling Pearl	折射的陆行珍珠	1	1	Enemies_Refraction3.json
Refracted Green Slime	折射的绿色黏液	1	1	Enemies_Refraction3.json
Refracted Dream-Devouring Siltcurrent	折射的噬梦的浊流	1	1	Enemies_Refraction3.json
Refracted Flotsam	折射的漂流物	1	1	Enemies_Refraction3.json
Refracted Ahab	折射的亚哈	1	1	Enemies_Refraction3.json
Refracted Queequeg	折射的魁魁格	1	1	Enemies_Refraction3.json
Refracted Starbuck	折射的斯达巴克	1	1	Enemies_Refraction3.json
Refracted Blinded Pequod Town Villager	折射的被蒙住双眼的裴廓德镇居民	0	2	Enemies_Refraction3.json
Refracted Gagged Pequod Town Villager	折射的被堵上嘴的裴廓德镇居民	0	2	Enemies_Refraction3.json
Refracted Moustachioed Twinhooks Pirate	折射的留胡子的双钩海盗团成员	1	1	Enemies_Refraction3.json
Refracted Bandana-wearing Twinhooks Pirate	折射的戴头巾的双钩海盗团成员	1	1	Enemies_Refraction3.json
Refracted Agile Twinhooks Pirate	折射的敏捷的双钩海盗团成员	1	1	Enemies_Refraction3.json
Refracted Tough Twinhooks Pirate	折射的坚实的双钩海盗团成员	1	1	Enemies_Refraction3.json
Refracted Pallidified Thing-Shield	折射的苍白之物-盾	1	1	Enemies_Refraction3.json
Refracted Pallidified Thing-Club	折射的苍白之物-棍棒	1	1	Enemies_Refraction3.json
Refracted Pallidified Thing-Pirate	折射的苍白之物-海盗	1	1	Enemies_Refraction3.json
Refracted Pallidified Thing-Hook	折射的苍白之物-钩	1	1	Enemies_Refraction3.json
Refracted Pallid White Mermaid	折射的苍白的白色人鱼	1	1	Enemies_Refraction3.json
Refracted Pallid Blue Mermaid	折射的苍白的蓝色人鱼	1	1	Enemies_Refraction3.json
Refracted Pallid Entwined Mermaid	折射的苍白的纠缠人鱼	1	1	Enemies_Refraction3.json
Refracted Grasp	折射的掌	1	1	Enemies_Refraction3.json
Refracted Dreaming Electric Sheep	折射的梦中的电子羊	1	1	Enemies_Refraction4.json
Refracted Generator	折射的发电机	1	1	Enemies_Refraction4.json
Refracted Nelly	折射的耐莉	1	1	Enemies_Refraction4.json
Refracted Veteran Edgar Family Butler	折射的资深的埃德加家族管家	0	2	Enemies_Refraction4.json
Refracted Josephine	折射的约瑟芬	1	1	Enemies_Refraction4.json
Refracted Determined Kurokumo Henchman	折射的坚定的黑云会成员	1	1	Enemies_Refraction4.json
Refracted Tense Kurokumo Henchman	折射的紧张的黑云会成员	1	1	Enemies_Refraction4.json
Refracted Adept Kurokumo Henchwoman	折射的娴熟的黑云会成员	1	1	Enemies_Refraction4.json
Refracted Tired Kurokumo Henchwoman	折射的昏昏欲睡的黑云会成员	1	1	Enemies_Refraction4.json
Refracted Hurting Teddy Bear	折射的痛苦泰迪	1	1	Enemies_Refraction5.json
Refracted Rose Hunter	折射的玫瑰猎人	1	1	Enemies_Refraction5.json
Refracted Barbed Lasso	折射的荆棘套索	1	1	Enemies_Refraction5.json
The Refracted Priest	折射的神父	1	1	Enemies_Refraction5.json
Refracted Despairing Bloodbag	折射的绝望的血袋	1	1	Enemies_Refraction5.json
Refracted Disgraced Bloodbag	折射的堕落的血袋	1	1	Enemies_Refraction5.json
Refracted Downcast Veteran	折射的变本加厉的残兵	1	1	Enemies_Refraction5.json
Refracted Flower-burying Pin	折射的葬花针	1	1	Enemies_Refraction6.json
The Refracted Index Nursefather - Rien	折射的食指 父辈 - 里恩	0	2	Enemies_Refraction6.json
[Season 7] Nominable Egoshard Crate	[第7赛季]自我碎片自选箱	0	2	Items-a1c9p1.json
Identity Takeoff Ticket - ver.3	人格跳跃成长券 - ver.3	0	2	Items-a1c9p1.json
Nominable S3 Identity Ticket	第3赛季人格自选券	1	1	Items-a1c9p1.json
Spinchains	解析锁链	1	1	Items-egoFifth.json
Kkomi's Gift	可米的礼物	1	1	Items-fools.json
Sinnerlings' Chicken-scratch Farewells	字迹稚嫩的寄语	1	1	Items-x1p1c1.json
[Season 3] Nominable Egoshard Crate	[第3赛季]自我碎片自选箱	0	2	Items.json
Nominable S2 Identity Ticket	第2赛季人格自选券	1	1	Items.json
Identity Takeoff Ticket - ver.2	人格跳跃成长券 - ver.2	0	2	Items.json
Starlight of Immortality	永生的星芒	1	1	Items.json
Takeoff Module - E.G.O Spinning [TETH]	跳跃成长模组 - E.G.O解析 [TETH]	0	2	Items.json
White Chrysanthemum	白色雏菊	1	1	MirrorDungeonAbName.json
Indistinguishable Space	无法确定的空间	1	1	MirrorDungeonNode1-1.json
The Forgotten	被遗忘者们	1	1	MirrorDungeonTheme-1.json
Flat-broke Gamblers	身无分文的赌徒	1	1	MirrorDungeonTheme-1.json
Automated Factory	自动工厂	1	1	MirrorDungeonTheme-1.json
Tearful Things	落泪者们	1	1	MirrorDungeonTheme-1.json
Lake World	湖的世界	1	1	MirrorDungeonTheme-1.json
Crawling Abyss	伏行深渊	1	1	MirrorDungeonTheme-1.json
Dregs of the Manor	宅邸的副产物	1	1	MirrorDungeonTheme-1.json
Repressed Wrath	压抑的暴怒	1	1	MirrorDungeonTheme-1.json
Unbound Wrath	解放的暴怒	1	1	MirrorDungeonTheme-1.json
Emotional Repression	受情感压迫者	1	1	MirrorDungeonTheme-1.json
Addicting Lust	沉迷的色欲	1	1	MirrorDungeonTheme-1.json
Tangling Lust	束缚的色欲	1	1	MirrorDungeonTheme-1.json
Emotional Seduction	因情感困惑者	1	1	MirrorDungeonTheme-1.json
Treadwheel Sloth	空转的怠惰	1	1	MirrorDungeonTheme-1.json
Inert Sloth	停滞的怠惰	1	1	MirrorDungeonTheme-1.json
Emotional Indolence	待情感懒惰者	1	1	MirrorDungeonTheme-1.json
Devoured Gluttony	吞噬的暴食	1	1	MirrorDungeonTheme-1.json
Excessive Gluttony	漫溢的暴食	1	1	MirrorDungeonTheme-1.json
Emotional Craving	对情感饥渴者	1	1	MirrorDungeonTheme-1.json
Degraded Gloom	堕落的忧郁	1	1	MirrorDungeonTheme-1.json
Sunk Gloom	沉溺的忧郁	1	1	MirrorDungeonTheme-1.json
Emotional Flood	于情感沉溺者	1	1	MirrorDungeonTheme-1.json
Vain Pride	虚张声势的傲慢	1	1	MirrorDungeonTheme-1.json
Tyrannical Pride	自以为是的傲慢	1	1	MirrorDungeonTheme-1.json
Emotional Subservience	向情感屈从者	1	1	MirrorDungeonTheme-1.json
Insignificant Envy	寒微的嫉妒	1	1	MirrorDungeonTheme-1.json
Pitiful Envy	凄惨的嫉妒	1	1	MirrorDungeonTheme-1.json
Burning Haze	燃烧的摇曳	1	1	MirrorDungeonTheme-1.json
Season of the Flame	盛火时节	1	1	MirrorDungeonTheme-1.json
Trickled Sanguine Blood	渗出的赤血	1	1	MirrorDungeonTheme-1.json
Dizzying Waves	缭乱的波动	1	1	MirrorDungeonTheme-1.json
Crushing External Force	破坏性外力	1	1	MirrorDungeonTheme-1.json
Sinking Pang	沉于苦痛	1	1	MirrorDungeonTheme-1.json
Poised Breathing	循环呼吸	1	1	MirrorDungeonTheme-1.json
Rising Power Supply	动力渐盈	1	1	MirrorDungeonTheme-1.json
Four Houses and Greed	四大家族与欲念	1	1	MirrorDungeonTheme-1.json
Efflorescing Greenery	绽放的绿林	1	1	MirrorDungeonTheme-1.json
Bridle of Infinity	永劫的枷锁	1	1	MirrorDungeonTheme-1.json
S.E.A. C.R	去·海·边·激·蟹	1	1	MirrorDungeonTheme-1.json
Who Couldn't be Bloodfiends	无法成为血魔的人们	1	1	MirrorDungeonTheme-1.json
Charm, Wander, Doubt	魅惑、彷徨、猜疑	0	2	MirrorDungeonTheme-1.json
Bearers of Weight	身负重担者们	1	1	MirrorDungeonTheme-1.json
Identity Acquired	已获得人格	1	1	MirrorDungeonUI.json
Identity Upgraded	人格升级完毕	1	1	MirrorDungeonUI.json
Will you continue exploration?	要继续探索吗？	0	2	MirrorDungeonUI.json
Daily Pass EXP Bonus	额外通行证经验	1	1	MirrorDungeonUI.json
Enter Mirror World	进入镜像世界	1	1	MirrorDungeonUI.json
Weekly Pass EXP Bonus	周常通行证经验加成	1	1	MirrorDungeonUI.json
Resume Simulation	继续模拟	1	1	MirrorDungeonUI.json
Halt Simulation	终止模拟	1	1	MirrorDungeonUI.json
◆ No Enkephalin Cost	◆ 不会消耗脑啡肽	0	2	MirrorDungeonUI.json
Enhancements Used	可进行人格升级的次数	1	1	MirrorDungeonUI.json
Exploration Complete	探索完成	1	1	MirrorDungeonUI.json
Total Progress	总进度	1	1	MirrorDungeonUI.json
Enter Normal Dungeon	进入普通难度	1	1	MirrorDungeonUI_2.json
stage's Starter Buffs first.	您需要先对上一阶段的增益	1	1	
Don't purchase.	不进行购买。	1	1	MirrorDungeonUI_2.json
Move to Shop	跳转到商店	1	1	MirrorDungeonUI_2.json
Choose the expensive tonic.	选择昂贵的滋养强壮剂。	1	1	MirrorDungeonUI_2.json
Choose the energy drinks.	选择能量饮料。	1	1	MirrorDungeonUI_2.json
Heal Sinner	<size=90%>治疗罪人</size>	1	1	MirrorDungeonUI_2.json
Pay a moderate price.	付一笔合适的费用。	1	1	MirrorDungeonUI_2.json
Pay a large sum.	付一大笔费用。	1	1	MirrorDungeonUI_2.json
Pay a tremendous price.	付一笔极其昂贵的费用。	1	1	MirrorDungeonUI_2.json
Select Event Effect	选择事件效果	1	1	MirrorDungeonUI_2.json
Half a Step More	再进半步	1	1	MirrorDungeonUI_2.json
Focusing Vulnerabilities	弱点专注	1	1	MirrorDungeonUI_2.json
Glimpse of Earnestness	窥见决心	1	1	MirrorDungeonUI_2.json
Autogenic	自体再生	1	1	MirrorDungeonUI_2.json
Just One Pocket	多带一袋	1	1	MirrorDungeonUI_2.json
Fortuitous Find	偶然所得	1	1	MirrorDungeonUI_2.json
Distinct Pocket	再带一袋	1	1	MirrorDungeonUI_2.json
Solid Defense	固若金汤	1	1	MirrorDungeonUI_2.json
Quick Legs	快步前行	1	1	MirrorDungeonUI_2.json
Fleet-footed	飞毛腿	1	1	MirrorDungeonUI_2.json
Grazing Attack	小小擦伤	1	1	MirrorDungeonUI_2.json
Thick Rumbling Hum	震音作响的空间	1	1	MirrorDungeonUI_2.json
Dense Quietness	一片寂静的空间	1	1	MirrorDungeonUI_2.json
E.G.O Gift Info	E.G.O饰品信息	1	1	MirrorDungeonUI_2.json
Choose the Sinner that looks tired.	选择看上去疲倦的罪人。	0	2	MirrorDungeonUI_2.json
Give Up Rewards	放弃奖励	1	1	MirrorDungeonUI_2.json
Cancel All Selected	取消全部所选	1	1	MirrorDungeonUI_2.json
Refuse Gift	拒绝饰品	1	1	MirrorDungeonUI_2.json
Continue without choosing an E.G.O Gift?	确定不选择E.G.O饰品，直接继续吗？	0	2	MirrorDungeonUI_2.json
A Journey's Start	旅程伊始	1	1	MirrorDungeonUI_2.json
Fruits of Labor	劳动果实	1	1	MirrorDungeonUI_2.json
Worthy Prize	丰硕成果	1	1	MirrorDungeonUI_2.json
More the Better	多多益善	1	1	MirrorDungeonUI_2.json
Established Trust	稳固信任	1	1	MirrorDungeonUI_2.json
Fame and Feats	丰功伟绩	1	1	MirrorDungeonUI_2.json
Tier 3 Gift Appearance	出现3级饰品	1	1	MirrorDungeonUI_2.json
Gain +50 Starting Cost	获得50点初始经费	0	2	MirrorDungeonUI_2.json
Introduce 3 new Gifts	追加出现3款饰品	1	1	MirrorDungeonUI_2.json
Cheaper Enhancement Cost	强化所需经费减少	1	1	MirrorDungeonUI_2.json
Gain more Cost from selling Gifts	售卖饰品可获得的经费增加	0	2	MirrorDungeonUI_2.json
Cheaper Gift Purchase Cost	购买饰品所需经费减少	1	1	MirrorDungeonUI_2.json
E.G.O Gift Selection +1	可选择E.G.O饰品数量+1	0	2	MirrorDungeonUI_2.json
Starting Cost +250	初始经费+250	0	2	MirrorDungeonUI_2.json
Enhance Gifts	<size=90%>强化饰品</size>	1	1	MirrorDungeonUI_3.json
Fuse Gifts	<size=90%>合成饰品</size>	1	1	MirrorDungeonUI_3.json
Sell Gifts	<size=90%>售卖饰品</size>	1	1	MirrorDungeonUI_3.json
Cannot Refresh	无法刷新	1	1	MirrorDungeonUI_3.json
Cleared Nodes	已通过节点数	1	1	MirrorDungeonUI_3.json
Starlight Nodes	星芒节点数	1	1	MirrorDungeonUI_3.json
Pass XP Reward	通行证经验值奖励	1	1	MirrorDungeonUI_3.json
No E.G.O Gifts owned.	暂未持有E.G.O饰品。	1	1	MirrorDungeonUI_3.json
Wish of Stars	星星的愿望	1	1	MirrorDungeonUI_3.json
Quick Edit	快速编辑	1	1	MirrorDungeonUI_3.json
Featured Boss	出现头目	1	1	MirrorDungeonUI_4.json
Enter Simulation	进入模拟难度	1	1	MirrorDungeonUI_4.json
Enter Ritornello	进入Ritornello难度	1	1	MirrorDungeonUI_4.json
Path of Stars	星之归路	1	1	MirrorDungeonUI_4.json
Eye of the Storm	暴风眼	1	1	MirrorDungeonUI_4.json
Cascade of Levin	雷瀑	1	1	MirrorDungeonUI_4.json
Gathering Storm	聚集的风暴	1	1	MirrorDungeonUI_4.json
Tornado	龙卷风	1	1	MirrorDungeonUI_4.json
Faint Evenfall	朦胧暮色	1	1	MirrorDungeonUI_4.json
Black Polar Night	漆黑极夜	1	1	MirrorDungeonUI_4.json
Still Dawn	寂静黎明	1	1	MirrorDungeonUI_4.json
Wintry Daybreak	冰冷拂晓	1	1	MirrorDungeonUI_4.json
Nightless City	不夜城	1	1	MirrorDungeonUI_4.json
Sheepback Clouds	羊云	1	1	MirrorDungeonUI_4.json
Grand Sea of Clouds	浩浩云海	1	1	MirrorDungeonUI_4.json
Katabatic Wind	山风	1	1	MirrorDungeonUI_4.json
Fierce Gust	汹汹疾风	1	1	MirrorDungeonUI_4.json
Updraft	上升气流	1	1	MirrorDungeonUI_4.json
Night Rain	夜雨	1	1	MirrorDungeonUI_4.json
Feast of Lightning	落雷飨宴	1	1	MirrorDungeonUI_4.json
Impending Thunder	紧随的雷鸣	1	1	MirrorDungeonUI_4.json
Hazy Mist	浓厚迷雾	1	1	MirrorDungeonUI_4.json
Endless Current	无尽的对流	1	1	MirrorDungeonUI_4.json
Event Horizon	事件视界	1	1	MirrorDungeonUI_4.json
Milky Way	银河	1	1	MirrorDungeonUI_4.json
Impending Comet	逼近的彗星	1	1	MirrorDungeonUI_4.json
Number of Floor Theme Choices +1	[阶层主题]	0	2	
Combining Gifts with different Keywords	不同关键词的情况	0	2	MirrorDungeonUI_4.json
Tier 1 + Tier 1 => Tier 1	1级 + 1级 => 1级	0	2	MirrorDungeonUI_4.json
Tier 1 + Tier 1 => <color=#f8c200>Tier 2</color>	1级 + 1级 => <color=#f8c200>2级</color>	0	2	MirrorDungeonUI_4.json
Tier 1 + Tier 2 => Tier 1	1级 + 2级 => 1级	0	2	MirrorDungeonUI_4.json
Tier 1 + Tier 2 => <color=#f8c200>Tier 2</color>	1级 + 2级 => <color=#f8c200>2级</color>	0	2	MirrorDungeonUI_4.json
Tier 1 + Tier 1 + Tier 3 => Tier 2	1级 + 1级 + 3级 => 2级	0	2	MirrorDungeonUI_4.json
Tier 1 + Tier 2 + Tier 2 => Tier 2	1级 + 2级 + 2级 => 2级	0	2	MirrorDungeonUI_4.json
Tier 1 + Tier 3 + Tier 3 => Tier 3	1级 + 3级 + 3级 => 3级	0	2	MirrorDungeonUI_4.json
Tier 2 + Tier 2 + Tier 2 => Tier 3	2级 + 2级 + 2级 => 3级	0	2	MirrorDungeonUI_4.json
Tier 2 + Tier 2 + Tier 3 => Tier 3	2级 + 2级 + 3级 => 3级	0	2	MirrorDungeonUI_4.json
Tier 2 + Tier 2 + Tier 2 => Tier 3	2级 + 2级 + 3级 => 3级	0	2	MirrorDungeonUI_4.json
Tier 3 + Tier 3 + Tier 3 => Tier 4	3级 + 3级 + 3级 => 4级	0	2	MirrorDungeonUI_4.json
Fusion Guide	合成指南	1	1	MirrorDungeonUI_4.json
By Tier	按等级排序	1	1	MirrorDungeonUI_4.json
By Keyword	按关键词排序	1	1	MirrorDungeonUI_4.json
Enhancement Cost Refunded	[返利礼券] 效果触发	1	1	
Select a Keyword.	请选择关键词。	1	1	MirrorDungeonUI_4.json
Fusion - Keyword Selection	合成 - 关键词选择	0	2	MirrorDungeonUI_4.json
Ingredient E.G.O Gift Tiers	作为合成材料的E.G.O饰品等级	1	1	MirrorDungeonUI_4.json
Encounter Reward Cards Guide	遭遇战奖励卡指南	1	1	MirrorDungeonUI_4.json
Mirror Dungeon Simulation	镜像迷宫 模拟	1	1	MirrorDungeonUI_4.json
Mirror Dungeon Ritornello	镜像迷宫 Ritornello	1	1	MirrorDungeonUI_4.json
Clear Effect Selection	重置效果选项	1	1	MirrorDungeonUI_5.json
Activated Effects	已生效的效果	1	1	MirrorDungeonUI_5.json
Trial Gained	苦难追加	1	1	MirrorDungeonUI_5.json
No Active Effects	未持有任何效果	1	1	MirrorDungeonUI_5.json
Grace of Star Clusters	群星之恩惠	1	1	MirrorDungeonUI_5.json
Revive Selected Sinner	复活所选罪人	1	1	MirrorDungeonUI_5.json
Revive All Sinners	复活全体罪人	1	1	MirrorDungeonUI_5.json
None Selected	未选中	1	1	MirrorDungeonUI_5.json
Moderately heal every Sinner.	全体罪人少量恢复。	1	1	MirrorDungeonUI_5.json
Revive a single Sinner.	复活一名罪人。	1	1	MirrorDungeonUI_5.json
Point Tally	点数统计	1	1	MirrorDungeonUI_5.json
10- Points	10点以下	1	1	MirrorDungeonUI_5.json
On Next Floor?	下一阶层	0	2	
Star of the Beginning	起始之星	1	1	MirrorDungeonUI_5.json
Cumulating Starcloud	层积星云	1	1	MirrorDungeonUI_5.json
Interstellar Travel	星际旅行	1	1	MirrorDungeonUI_5.json
Star-shower	倾落的流星雨	1	1	MirrorDungeonUI_5.json
Binary Star-shop	双星商店	1	1	MirrorDungeonUI_5.json
Moon Star-shop	卫星商店	1	1	MirrorDungeonUI_5.json
Favor of the Nebulae	星云的宠爱	1	1	MirrorDungeonUI_5.json
Starlight Guidance	星芒的引导	1	1	MirrorDungeonUI_5.json
Chance Comet	偶然的彗星	1	1	MirrorDungeonUI_5.json
Perfected Possibility	全面的可能性	1	1	MirrorDungeonUI_5.json
9- Points	9点以下	1	1	MirrorDungeonUI_5.json
10 ~ 14 Points	10~14点	0	2	MirrorDungeonUI_5.json
Exceeded purchasable Pass Level	超过可购买的通行证等级	1	1	MirrorDungeonUI_5.json
Pass Level maxed out	达到最大通行证等级	1	1	MirrorDungeonUI_5.json
Parallel Superposition Engaged	平行叠加模式已激活	1	1	MirrorDungeonUI_5_InfinityFloor.json
Cannot spend Starlight.	无法消耗星芒。	1	1	MirrorDungeonUI_6.json
Will be updated at a later date	将在后续更新中开放。	0	2	MirrorDungeonUI_6.json
Random Keyword Chance.	随机关键词概率。	1	1	MirrorDungeonUI_6.json
Under Construction	施工中	1	1	MirrorDungeonUI_6.json
Hard Pack Floors Cleared	已清剿的困难阶层数	1	1	MirrorDungeonUI_6.json
Parallel Superposition Floors Cleared	已清剿的平行叠加阶层数	1	1	MirrorDungeonUI_6.json
Refraction Railway Packs Cleared	已清剿的折射轨道主题卡包数	1	1	MirrorDungeonUI_6.json
Grace of the Immortal Star	永生之星的恩惠	0	2	MirrorDungeonUI_6.json
Convert Starlight to Cost	将星芒兑换为经费	1	1	MirrorDungeonUI_6.json
Loadout Bonus Mult.	编队加成倍率	1	1	MirrorDungeonUI_6.json
Pre-dungeon Reserve	已拥有量	1	1	MirrorDungeonUI_6.json
Net Amount	总拥有量	1	1	MirrorDungeonUI_6.json
Grace of Stars Purchased	购买星之恩惠	1	1	MirrorDungeonUI_6.json
Exploration Score Details	探索点数详情	1	1	MirrorDungeonUI_6.json
Loadout Starlight Bonus Mult.	编队星芒加成倍率	1	1	MirrorDungeonUI_6.json
Sum Expenditure	总消耗量	1	1	MirrorDungeonUI_6.json
Adversity Rewards	制约奖励	1	1	MirrorDungeonUI_6.json
Mirror of Immortality Projection	永生之镜 投影	1	1	MirrorDungeonUI_6.json
Adversity Bonus Mult.	制约加成倍率	1	1	MirrorDungeonUI_6.json
Weekly Cap Reached	达到每周上限	1	1	MirrorDungeonUI_6.json
Selected Trials	选择苦难	1	1	MirrorDungeonUI_6.json
Cumulative Adversity Score	累计制约点数	1	1	MirrorDungeonUI_6.json
Current Area	当前探索区域	1	1	MirrorDungeonUI_6.json
Auto-Restore MD Deployment Order	自动恢复镜像迷宫编队顺序	1	1	MirrorDungeonUI_6.json
Adversity - EXTREME	制约-极限模式	0	2	MirrorDungeonUI_6_Achievement.json
E.G.O Gift Refresh	E.G.O饰品刷新	1	1	MirrorDungeonUI_7.json
Skills Owned	当前持有技能	1	1	MirrorDungeonUI_7.json
Grace of the Star of Names and Spiders	名与蛛的星之恩惠	0	2	MirrorDungeonUI_7.json
Select All Graces	选择全部恩惠	1	1	MirrorDungeonUI_7.json
Enhance All	全部强化	1	1	MirrorDungeonUI_7.json
Heal again.	额外恢复。	1	1	MirrorDungeonUI_7.json
Featured Floors	出现阶层	1	1	MirrorDungeonUI_7.json
No Theme Packs unlocked.	没有已解锁的主题卡包。	1	1	MirrorDungeonUI_7.json
No Theme Packs selected.	没有已选择的主题卡包。	1	1	MirrorDungeonUI_7.json
Too Grave a Sin	那罪孽太深重了	1	1	Passives-BossRaid.json
Familial Love	亲情	1	1	Passives-BossRaid.json
Location-type Distortion: Photo Lab	场所型扭曲：显影室	0	2	Passives-BossRaid.json
Swordplay of the Homeland [Sal] - Great Hwando	本国剑术[肉]-大环刀	0	2	Passives-BossRaid.json
Dujeong Brigandine [Sal] - Iron Bulwark	布面甲[肉]-铁壁	0	2	Passives-BossRaid.json
Swordplay of the Homeland [Sal] - Rend Flesh from Flesh	本国剑术[肉]-斩肉[Sal]于箭[Sal]	0	2	Passives-BossRaid.json
Dujeong Brigandine [Sal] - Great Mountain	布面甲[肉]-泰山	0	2	Passives-BossRaid.json
The Thumb's Officer, Capo IIII	拇指干部 指挥官IIII	0	2	Passives-BossRaid.json
Measured Clashes	迎合交锋	1	1	Passives-a1c9116.json
Suppressed Movements	抑制行动	1	1	Passives-a1c9116.json
Strider [Mao]	脚力[卯]	0	2	Passives-a1c9116.json
Vigor [Mao]	气势[卯]	0	2	Passives-a1c9116.json
Dominator [Mao]	压制[卯]	0	2	Passives-a1c9116.json
Corpse Cleanup	清理尸体	1	1	Passives-a1c9116.json
Infowmashun Weway	心息团递	1	1	Passives-x1p1c1.json
Infowmashun Newtwawiwashun	心息灰总	1	1	Passives-x1p1c1.json
Anawytic Ewe	分西	1	1	Passives-x1p1c1.json
Keen Obsewashun	观擦	1	1	Passives-x1p1c1.json
Wicheous Retwibyushun	正一层界	1	1	Passives-x1p1c1.json
Indiscwiminate Awt	万班歇艺	1	1	Passives-x1p1c1.json
Hustlwe	吹波护澜	1	1	Passives-x1p1c1.json
Backap	掩付	1	1	Passives-x1p1c1.json
Entewtainment	玩是护恭	1	1	Passives-x1p1c1.json
Fwivowous Jokes	胡心寄言	1	1	Passives-x1p1c1.json
Reshenshimen	胡名怨愤	1	1	Passives-x1p1c1.json
Spite-dwiven	意系用似	1	1	Passives-x1p1c1.json
Las-ditch Stwuggle	坠后一波	1	1	Passives-x1p1c1.json
Detewminashun to Suwiwe	生村决意	1	1	Passives-x1p1c1.json
Spwit Ewil	短饿	1	1	Passives-x1p1c1.json
Gamblwr	土徒	1	1	Passives-x1p1c1.json
Gwudge	护仇决意	1	1	Passives-x1p1c1.json
Executewor	鼠决	1	1	Passives-x1p1c1.json
Miwitawy Minset	勋人星神	1	1	Passives-x1p1c1.json
Fowced Suwival	求死户得	1	1	Passives-x1p1c1.json
Jean Cod G-0	稀因编码G-0	1	1	Passives-x1p1c1.json
Deep Slash	深斩	1	1	Passives-ycgd.json
Information Relay	信息传递	1	1	Passives.json
Righteous Retribution	正义惩戒	1	1	Passives.json
Quick Recharge	快速充能	1	1	Passives.json
Indiscriminate Art	万般皆艺	1	1	Passives.json
C. I. H.	刀·断	1	1	Passives.json
Last-ditch Struggle	最后一搏	1	1	Passives.json
Eye for Weakness	弱点识破	1	1	Passives.json
Split Evil	断恶	1	1	Passives.json
Forced Survival	求死不得	1	1	Passives.json
Emergency Rations	应急食粮	1	1	Passives.json
Information Neutralization	信息汇总	1	1	Passives.json
Ice Breaker	破局者	1	1	Passives.json
Muscle in Charge	行动队长	1	1	Passives.json
Friction Point	砺火燃薪	1	1	Passives.json
Frivolous Jokes	无心戏言	1	1	Passives.json
Syndicate Payback	帮派清算	1	1	Passives.json
Self-neglect	不顾己身	1	1	Passives.json
Determination to Survive	生存决意	1	1	Passives.json
By the Manual	照章办事	1	1	Passives.json
Dark Cloud Swordsmanship	黑云剑术	1	1	Passives.json
Bloodied Hands	血染双手	1	1	Passives.json
Jugar con Enemigos	戏敌为乐	1	1	Passives.json
Double Tap	补刀	1	1	Passives.json
Gene Code G-0	基因编码G-0	1	1	Passives.json
Rushing Heart	疾驰之心	1	1	Passives.json
Gene Code G-3	基因编码G-3	1	1	Passives.json
Obsessive Hammer	执念之锤	1	1	Passives.json
Rising Faith	信仰的满足	1	1	Passives.json
Relay Intelligence	情报共享	1	1	Passives.json
Artistic Flavor	艺术风味	1	1	Passives.json
Packed Pies	打包肉派	1	1	Passives.json
Culinary Aid	协助烹饪	1	1	Passives.json
Hammer of Zealotry	盲目之锤	1	1	Passives.json
Resonant Spanner	共振扳手	1	1	Passives.json
Chronic Fatigue	慢性疲劳	1	1	Passives.json
Leave by Suggestion	劝告休假	1	1	Passives.json
Rain of Tears	泪雨	1	1	Passives.json
Sawblade Fired Up	启动锯刃	1	1	Passives.json
Sawblade Maintenance	保养锯刃	1	1	Passives.json
Pungent Spring Breeze	刺鼻春风	1	1	Passives.json
Corrosive Slime	黏液腐蚀	1	1	Passives.json
Regeneration Ampule Activation	激活再生安瓿	1	1	Passives.json
High-grade Ampule	高浓度安瓿	1	1	Passives.json
Unfixing Talismans	符咒剥离	1	1	Passives.json
Wishing Talisman	祈愿符	1	1	Passives.json
Activate rrR-#4 Suit Pressurization	rrR-#4装甲增压运作	0	2	Passives.json
Defensive Breathing	守势呼吸	1	1	Passives.json
A Noble Duel	崇高决斗	1	1	Passives.json
Crushin' Crabs	粉碎螃蟹	1	1	Passives.json
Unstable Power Output	不稳定功率	1	1	Passives.json
Modified Power Output	功率改造	1	1	Passives.json
Combat Shield	战斗盾牌	1	1	Passives.json
Protection Request Received	受理保护委托	1	1	Passives.json
Dimensional Refraction Edge - Type: Blade Mk7	次元折射刃- Type: Blade Mk7	0	2	Passives.json
Train Cleanup Manual	传递列车清扫手册	1	1	Passives.json
Before the Tea Cools...	在茶冷掉之前…	1	1	Passives.json
In Times Like These...	越战越勇…	1	1	Passives.json
Drinking Boast	英勇事迹	1	1	Passives.json
Incandescent Enlightenment	开悟之光	1	1	Passives.json
Missionary of Knowledge	传道使命	1	1	Passives.json
Mass-produced Bionic Gear	量产型活体装备	1	1	Passives.json
Cleanup Demonstration	清扫示范培训	1	1	Passives.json
Favoritism	偏袒	1	1	Passives.json
The First Mate's Harpoon	大副的鱼叉	1	1	Passives.json
The First Mate's Acumen	大副的本领	1	1	Passives.json
Lingering Bladepoint	缠绵剑锋	1	1	Passives.json
Passionate Cheer	热烈鼓舞	1	1	Passives.json
Verify Obligation Fulfillment	确认义务履行	1	1	Passives.json
Stigma Workshop Weaponry / Passion	烙印工造/激情	0	2	Passives.json
Flaring Brand	炽热之刃	1	1	Passives.json
N.O.	镇·支	1	1	Passives.json
The A.I.	助·感	1	1	Passives.json
In the Culprit's Shoes	如果我是犯人的话…？	1	1	Passives.json
T Corp. Martial Arts	T公司式格斗术	1	1	Passives.json
Study Hall	自习指示	1	1	Passives.json
Diligent Learning	勤勉学习	1	1	Passives.json
Charging Module Installation	充能模块安装	1	1	Passives.json
Endless Lamentation	无尽悲叹	1	1	Passives.json
Spiderhead/Skullface	蜘蛛头/骷髅头	0	2	Passives.json
E.G.O Assimilation	E.G.O 同化	1	1	Passives.json
Eat and Sleep	吃完就快睡	1	1	Passives.json
Hand of Salvation	救赎之手	1	1	Passives.json
Outstanding Courier	优秀派送员	1	1	Passives.json
Begin Protection Mission	开始保护任务	1	1	Passives.json
Contract Target Protection	保护委托对象	1	1	Passives.json
WRONG COSTUME!!!	不是那件！！！	0	2	Passives.json
Don Quixote Hardblood Arts 6: Whip	堂吉诃德派硬血6式鞭	0	2	Passives.json
Speedy Courier	高速派送员	1	1	Passives.json
Suppressing Fire	压制射击	1	1	Passives.json
Spotter	观察手	1	1	Passives.json
Flame Moth	火蛾	1	1	Passives.json
Residual Heat	余热	1	1	Passives.json
Cloud Workshop Blade	云工坊之刃	1	1	Passives.json
I'm the only survivor...	只有我活下来了…	1	1	Passives.json
Partial Heishou Mutation Training	部分黑兽化修炼	1	1	Passives.json
A Husk of Hares	成群之兔	1	1	Passives.json
Heishou Mutation [Si]	黑兽化[巳]	0	2	Passives.json
Intravascular Venom	血中游毒	1	1	Passives.json
Volatilized Memory	挥发的回忆	1	1	Passives.json
Magical Girl of Love / Queen of Hatred	爱之魔法少女/憎恶皇后	0	2	Passives.json
Magical Power Charging Support	魔力充能支援	1	1	Passives.json
Magical Girl of Justice / Knight of Despair	正义之魔法少女/绝望骑士	0	2	Passives.json
For All Those Who Despair...	为所有绝望之人…	0	2	Passives.json
Let's Get Battle-drunk	沉醉于战斗中吧	1	1	Passives.json
Adept Vanguard	魁首先锋	1	1	Passives.json
@#$'s Hand I Let Slip	未能握住的@#$之手	0	2	Passives.json
Grasp that Forbids Falling	为不被打倒而紧握之掌	1	1	Passives.json
It flows and cries	那在流动、彻响	1	1	Passives.json
Aiming for the Bullseye	一箭入魂	1	1	Passives.json
Defence-Oriented Charge	防御性充能	1	1	Passives.json
'Bloodied, Masked, and as Blood Commands'	“披上鲜血、戴上面具，听从血液的驱使吧”	0	2	Passives.json
Flood the Chalice	杯中满溢	1	1	Passives.json
Stacking the Deck	抽洗控牌	1	1	Passives.json
Painless Mercy	无痛的慈悲	1	1	Passives.json
Aim for the Gap	乘隙瞄准	1	1	Passives.json
Bloody Storm of Blades	互搏血斗	1	1	Passives.json
Flame Rooster's Death Defiance [炎鳥不死戰]	炎鸟不死战	0	2	Passives.json
Flesh-Rending Horn Growth	破肉而生之角	1	1	Passives.json
Carol of Dying Comrades	于颂歌声中，死去的同伴们	1	1	Passives.json
The Scepter of Horus - Replica	荷鲁斯之杖-仿制	0	2	Passives.json
Eagle Eye	苍鹰之眼	1	1	Passives.json
Prescript Delivered on Paper Slips	由纸条所传达的指令	0	2	Passives.json
The Middle Never Forgets, Y'know?	中指可是永不遗忘的	0	2	Passives.json
Grace of God	神的加护	1	1	Passives.json
A Void that Cannot be Filled	无法填满的空虚	0	2	Passives.json
Spring's Genesis	春之诞	1	1	Passives.json
Alternating Discharge Support	交流放电支援	1	1	Passives.json
Take the Lead. I'll Provide You Support.	带路吧。我会支援你的。	0	2	Passives.json
Armor of Protection and Repression	保护与抑制用甲胄	0	2	Passives.json
Iron Maiden - Spikes	铁处女-棘	0	2	Passives.json
Impastoed Scar	反复叠涂的疤痕	1	1	Passives.json
Vengeance Tattoo Resonance	仇怨纹身共鸣	1	1	Passives.json
Thanks... Kiddo.	闺女…谢了。	1	1	Passives.json
Spiteful Pursuit	受执念驱使的追击	1	1	Passives.json
Saikai [再会] - The Thumb	再会-拇指	0	2	Passives.json
In One-on-one Duels...	如果是一对一决斗…	1	1	Passives.json
Weaklings, Not Worth Shit	一帮废物	0	2	Passives.json
Morgenfeuer [Stigma Workshop]	晨炎[烙印工坊]	0	2	Passives.json
Stigma Workshop Prosthesis	烙印工坊的义体	1	1	Passives.json
Heatproof Coat	隔热大衣	1	1	Passives.json
Feuerfalter [Stigma Workshop]	炎蝶[烙印工坊]	0	2	Passives.json
The Lone Fixer	孤独的收尾人	1	1	Passives.json
VelocityAndCoordinatesAndVelocity	速度YU坐标YU速度	1	1	Passives.json
LetManOutrunEvenTheRayOfLight	人啊，逃DE比光GENG快吧	1	1	Passives.json
A Duel Witnessed	受公证的决斗	1	1	Passives.json
Clouded Mind	浑浊的精神	1	1	Passives_Abnormality-a1c5p3.json
Muddled Orders	模糊命令	1	1	Passives_Abnormality-a1c5p3.json
Coldhearted Decision	冷酷的决断	1	1	Passives_Abnormality-a1c5p3.json
Pip's Sin and Innocence	比普的罪与清白	1	1	Passives_Abnormality-a1c5p3.json
Starbuck's Fears	斯达巴克的恐惧	1	1	Passives_Abnormality-a1c5p3.json
Queequeg's Atonement	魁魁格的忏悔	1	1	Passives_Abnormality-a1c5p3.json
Price of Nobility	崇高的代价	1	1	Passives_Abnormality-a1c5p3.json
Endless Insecurity	无尽的自卑感	1	1	Passives_Abnormality-a1c6p2.json
Directed Wrath	被指引的暴怒	1	1	Passives_Abnormality-a1c6p2.json
Sin Nullification	罪孽抵抗	1	1	Passives_Abnormality-a1c6p3.json
Proliferating Flame	火焰转移	1	1	Passives_Abnormality-a1c6p3.json
Chaotic Hunt	纠缠的狩猎	1	1	Passives_Abnormality-a1c6p3.json
Humanity Abandoned	抛弃的人性	1	1	Passives_Abnormality-a1c6p3.json
Release From Binds	捆缚解除	1	1	Passives_Abnormality-a1c6p3.json
Spreading Emotions	蔓延的情感	1	1	Passives_Abnormality-a1c6p3.json
Amalgamated Resentment	凝聚的怨恨	1	1	Passives_Abnormality-a1c6p3.json
Continuing Revenge	无尽的复仇	1	1	Passives_Abnormality-a1c6p3.json
A Distant Identity	另一个人格	1	1	Passives_Abnormality-a1c6p3.json
Cold Body	冰冷的躯体	1	1	Passives_Abnormality-a1c6p3.json
A Shaky Ego	摇摇欲坠的自我	1	1	Passives_Abnormality-a1c6p3.json
Misery-severing Hand	斩断不幸之手	1	1	Passives_Abnormality-a1c6p3.json
Moment of Vengeance	复仇之时	1	1	Passives_Abnormality-a1c6p3.json
Casual Opportunity	从容的机会	1	1	Passives_Abnormality-a1c7p1.json
Leisurely Breathing	轻松地调整呼吸	1	1	Passives_Abnormality-a1c7p1.json
Hardblood Scissor	硬血剪刀	1	1	Passives_Abnormality-a1c7p1.json
Bloodsteeped Scissors	带血的剪刀	1	1	Passives_Abnormality-a1c7p1.json
Eternal Parade of Happiness	永远的幸福游行	1	1	Passives_Abnormality-a1c7p2.json
This isn't how it ends	不能就这样结束	0	2	Passives_Abnormality-a1c7p2.json
A Close Match	惊险的比试	1	1	Passives_Abnormality-a1c7p2.json
Unctio Extrema	终油圣礼	1	1	Passives_Abnormality-a1c7p3.json
Sacramentum Paenitentiae	忏悔圣礼	1	1	Passives_Abnormality-a1c7p3.json
The Once-loved Ones	曾所爱之人	1	1	Passives_Abnormality-a1c7p3.json
Please Don't be Sick	愿不再疼痛	1	1	Passives_Abnormality-a1c7p3.json
A Single Strangling Flower	束缚的一朵	1	1	Passives_Abnormality-a1c7p3.json
Bramble Steed	藤蔓缠绕的马	1	1	Passives_Abnormality-a1c7p3.json
Interlocking Brambles	纠缠的棘蔓	1	1	Passives_Abnormality-a1c7p3.json
An Unfamiliar Banquet	陌生的晚宴	1	1	Passives_Abnormality-a1c7p3.json
Reminders of Determination	咬紧牙关的意志	1	1	Passives_Abnormality-a1c7p3.json
Hardblood Wedge Gaol	硬血楔禁锢	1	1	Passives_Abnormality-a1c7p3.json
Internal Blood Crystallization	从内部开始结晶的血	1	1	Passives_Abnormality-a1c7p3.json
Total Blood Coagulation	所有凝固的血	1	1	Passives_Abnormality-a1c7p3.json
The adventure ends here.	冒险在此结束。	1	1	Passives_Abnormality-a1c7p3.json
Jia Qiu's Test	贾丘的试炼	1	1	Passives_Abnormality-a1c8p2.json
Effloresced E.G.O::Érlì	绽放E.G.O::而立	0	2	Passives_Abnormality-a1c8p2.json
Infinite Song of Erudition	弦歌不辍	1	1	Passives_Abnormality-a1c8p2.json
Unleashed Curse	被解放的诅咒	1	1	Passives_Abnormality-a1c8p2.json
Returning the Pain	偿还痛苦	1	1	Passives_Abnormality-a1c8p2.json
Rupture by Feathers	羽之破裂伤	1	1	Passives_Abnormality-a1c8p2.json
Deploy Lightning Shield	电击刀 护盾展开	1	1	Passives_Abnormality-a1c8p2.json
That's how you use your human resources	这便是人尽其用	0	2	Passives_Abnormality-a1c8p2.json
E.G.O Temporary Max Attunement	E.G.O瞬间感应度 最大化	1	1	Passives_Abnormality-a1c8p3.json
Better avert your gazes	可不能只盯上我啊	1	1	Passives_Abnormality-a1c8p3.json
Knowledge of Immortality	不老不死的知识	1	1	Passives_Abnormality-a1c8p3.json
Santata's Guffaw	桑塔塔的笑声	1	1	Passives_Abnormality-a1c951.json
Armor of Protection & Repression	保护与抑制用甲胄	0	2	Passives_Abnormality-a1c9p1.json
Corpus Spent as Material	已作为材料使用的肉体	1	1	Passives_Abnormality-a1c9p1.json
Training to Inherit the Name of a Star	为承星名之修行	0	2	Passives_Abnormality-a1c9p1.json
Unsheathing Dihui Star's Blade	地慧星刀 拔刀	1	1	Passives_Abnormality-a1c9p2.json
Supply Resources	支援补给	1	1	Passives_Abnormality-a1c9p2.json
Annihilation Form	抹杀姿态	1	1	Passives_Abnormality-a1c9p2.json
Corpus-centric Art	以人体为中心的艺术	1	1	Passives_Abnormality-a1c9p3.json
Ingredient Harvest	收获材料	1	1	Passives_Abnormality-a1c9p3.json
Escape from the Art	从艺术中生还	1	1	Passives_Abnormality-a1c9p3.json
Flammable Material	可燃性素材	1	1	Passives_Abnormality-a1c9p3.json
With this Artwork, I will Prove Myself before the Maestro	我会在大师面前，用作品证明自己	0	2	Passives_Abnormality-a1c9p3.json
Vengeance Tattoos Max Output... Unseal Lævateinn!	仇怨纹身最大输出…莱瓦汀封印解除！	0	2	Passives_Abnormality-a1c9p3.json
Praise is the Wind in Her Sail	给她个好脸就上天	0	2	Passives_Abnormality-a1c9p3.json
I'm pretty sure the Middle never forgets	我说过，中指绝对会如数奉还	0	2	Passives_Abnormality-a1c9p3.json
Crumbling Form	摇摇欲坠的姿势	1	1	Passives_Abnormality-a1c9p3.json
Lucio, you useless little shit!	卢西奥，你这没用的废物	0	2	Passives_Abnormality-a1c9p3.json
Ingredient Selection	材料选定	1	1	Passives_Abnormality-a1c9p3.json
Afterimage of the Future	未来的残像	1	1	Passives_Abnormality-a1c9p3.json
From Dawn till Dusk	自夜明直至黄昏	1	1	Passives_Abnormality-a1c9p3.json
The Emperor's Subjects	皇帝的臣民	1	1	Passives_Abnormality-a1c9p3.json
The Emperor's Mantle	皇帝的披风	1	1	Passives_Abnormality-a1c9p3.json
The Emperor's Blood	皇帝之血	1	1	Passives_Abnormality-a1c9p3.json
The Unwrapped Present	撕开的包装纸	1	1	Passives_Abnormality-a1c9p3.json
The Emperor's Wrath	皇帝的震怒	1	1	Passives_Abnormality-a1c9p3.json
I'll scrape every filthy scale off your skin...	将肮脏的鳞片踏至一片不留…	0	2	Passives_Abnormality-cultivation.json
Sparring Complete	切磋结束	1	1	Passives_Abnormality-cultivation.json
Reversed Circuitry	电路反转	1	1	Passives_Abnormality-cultivation.json
Slightly Relieved Burdens	负荷稍降	1	1	Passives_Abnormality-cultivation.json
Rule by Fear	恐怖统治	1	1	Passives_Abnormality-cultivation.json
Twisted Determination	扭曲的意志	1	1	Passives_Abnormality-cultivation.json
Arranged Information	整理完毕的情报	1	1	Passives_Abnormality-exme.json
Firm Nailing	坚固钉击	1	1	Passives_Abnormality-exme.json
From Memory to Record	从记忆到记录	1	1	Passives_Abnormality-exme.json
Nightmare of La Manchaland	拉·曼却领的噩梦	1	1	Passives_Abnormality-mowe-re.json
Sanguivore - Coagulation	血食-硬化	0	2	Passives_Abnormality-mowe-re.json
Prosthesis Model - L37	义体型号- L37	0	2	Passives_Abnormality-mowe-re.json
Must Retain Blood	血液不可耗尽	1	1	Passives_Abnormality-mowe.json
The Prince's Frenzy	王子的反抗	1	1	Passives_Abnormality-mowe.json
Rough Bloodsucking	贪婪吸血	1	1	Passives_Abnormality-mowe.json
Power Leakage	漏电	1	1	Passives_Abnormality-mowe.json
Blood to Brain	血液供脑	1	1	Passives_Abnormality-mowe.json
A Young Kindred	年幼的眷属	1	1	Passives_Abnormality-mowe.json
Burst Bloodbag	爆裂的血袋	1	1	Passives_Abnormality-mowe.json
I'm Stuffed	我吃不下了	1	1	Passives_Abnormality-mr6.json
Got Candy?	有糖果吗？	0	2	Passives_Abnormality-mr6.json
Let the Blood Festival Flow	血祭开幕	0	2	Passives_Abnormality-mr7-extreme.json
Let the Fire Festival Ignite	火祭开幕	0	2	Passives_Abnormality-mr7-extreme.json
Let the Star Festival Fall	星祭开幕	0	2	Passives_Abnormality-mr7-extreme.json
SplishSplashSplish	拍拍拍	1	1	Passives_Abnormality-mr7-extreme.json
Authority Unbroken	维持威信	1	1	Passives_Abnormality-mr7.json
Overlook of All-life	俯视苍生	1	1	Passives_Abnormality-pilgrimage.json
Adversary of the Tides	猎潮者	1	1	Passives_Abnormality-pilgrimage.json
Rage Against the Waves	大潮的愤怒	1	1	Passives_Abnormality-pilgrimage.json
Galloping Rocinante	疾行的罗辛南特	1	1	Passives_Abnormality-pilgrimage.json
The Knight's Delusion	骑士的妄念	1	1	Passives_Abnormality-pilgrimage.json
Ego of Responsibility	责任的自我	1	1	Passives_Abnormality-pilgrimage.json
Adrift Compassion	漂流的善意	1	1	Passives_Abnormality-pilgrimage.json
Coaxing Kins	劝诱同族	1	1	Passives_Abnormality-pilgrimage.json
Cell Membrane	细胞膜	1	1	Passives_Abnormality-pilgrimage.json
Rescued Time	救援的时间	1	1	Passives_Abnormality-tkt.json
Accelerated Regeneration	加速再生修复	1	1	Passives_Abnormality-tkt.json
Everyone's Time	所有人的时间	1	1	Passives_Abnormality-tkt.json
Equal Expense	公平的支出	1	1	Passives_Abnormality-tkt.json
For the Time Community	为了时间共同体	1	1	Passives_Abnormality-tkt.json
Casque de Fauve - Empreinte Vitale	寄宿着人生的兽面	0	2	Passives_Abnormality-twth.json
Le Fauvisme - Masque de Loup : Résurgence de la Sauvagerie	野兽派-狼面：觉醒的野性	0	2	Passives_Abnormality-twth.json
Le Fauvisme - Maximum Paint Tolerance Dose	野兽派-颜料注入极限值	0	2	Passives_Abnormality-twth.json
Remnant of Art	艺术的痕迹	1	1	Passives_Abnormality-twth.json
BLACK Damage	侵蚀伤害	1	1	Passives_Abnormality-walpu4.json
River of Helpless Tears	流下无力之泪	1	1	Passives_Abnormality-walpu6.json
Tailored for the Palate	直击味蕾	1	1	Passives_Abnormality-walpu8.json
The Secret of Taste	味道的秘密	1	1	Passives_Abnormality-walpu8.json
Lasting Ordeal	接连不断的考验	1	1	Passives_Abnormality-walpu8.json
Fragile Orange Bubble	脆弱的橙子气泡	1	1	Passives_Abnormality-walpu8.json
Food Production	食品生产	1	1	Passives_Abnormality-walpu8.json
Dignity of the B.E.	凤·皇的威严	1	1	Passives_Abnormality-x1p1c1.json
It was All... for the Kids.	都是为了孩子们	0	2	Passives_Abnormality-x1p1c1.json
NOT FOR DISPLAY1	如果它出现了就是bug1	1	1	Passives_Abnormality.json
NOT FOR DISPLAY2	如果它出现了就是bug2	1	1	Passives_Abnormality.json
Cracked Gold	碎裂的黄金	1	1	Passives_Abnormality.json
Frail Core	中枢毁坏	1	1	Passives_Abnormality.json
Rotting Apple	腐烂的苹果	1	1	Passives_Abnormality.json
Wavering Desires	摇晃的欲望	1	1	Passives_Abnormality.json
Ensnaring Desires	束缚的欲望	1	1	Passives_Abnormality.json
Shuddering Terror	深入肌肤的恐惧	1	1	Passives_Abnormality.json
You Must Accept the Pain!	接受痛苦吧！	0	2	Passives_Abnormality.json
Bliss of Execution	处刑的欢愉	1	1	Passives_Abnormality.json
Inconsolable Sorrow	无法自拔的悲伤	1	1	Passives_Abnormality.json
Downed by the Horns	完全无力化	1	1	Passives_Abnormality.json
Motioning Nerves	活动的神经	1	1	Passives_Abnormality.json
Perilous Mind	岌岌可危的精神	1	1	Passives_Abnormality.json
Walled Heart	封闭的心	1	1	Passives_Abnormality.json
Flowering Mind	盛开的内心	1	1	Passives_Abnormality.json
Cost of Blooming	开花的代价	1	1	Passives_Abnormality.json
Growing Flower	茁壮成长的花	1	1	Passives_Abnormality.json
Self Salvation	自我救赎	1	1	Passives_Abnormality.json
Price of Neglect	背道而驰的代价	1	1	Passives_Abnormality.json
Inefficient Judgement	低效的判断	1	1	Passives_Abnormality.json
Exhausting Endeavor	体力耗尽	1	1	Passives_Abnormality.json
Exposed Base	露出的根系	1	1	Passives_Abnormality.json
Spare Lure	额外的饵料	1	1	Passives_Abnormality.json
Discovered Weakness	暴露的弱点	1	1	Passives_Abnormality.json
Connected Weakness	相连的弱点	1	1	Passives_Abnormality.json
Torn Arm	被撕裂的手臂	1	1	Passives_Abnormality.json
Invitation to a Meal	就餐邀请	1	1	Passives_Abnormality.json
The Queen's Defenders	女王护卫	1	1	Passives_Abnormality.json
Ferocious Acidic Crust	凶恶的酸性甲壳	1	1	Passives_Abnormality91-4.json
Stolen Rupturing Shell	偷来的破裂外壳	1	1	Passives_Abnormality91-4.json
Looming Presence	巨物尊容	1	1	Passives_Abnormality91-4.json
Gloomy Noises	忧郁之声	1	1	Passives_Abnormality_Refraction.json
Septic Weakness	溃烂的弱点	1	1	Passives_Abnormality_Refraction.json
Damage Detected!	检测到破损！	0	2	Passives_Abnormality_Refraction.json
Refracted Burn and Rupture	折射的烧伤与破裂	1	1	Passives_Abnormality_Refraction2.json
Apply Refracted Tremor	施加折射的震颤	1	1	Passives_Abnormality_Refraction2.json
One-sided Desire	单方面的欲望	1	1	Passives_Abnormality_Refraction2.json
Yellow Rose 2	黄色玫瑰2	1	1	Passives_Abnormality_Refraction2.json
Yellow Rose 4	黄色玫瑰4	1	1	Passives_Abnormality_Refraction2.json
Green Rose 2	绿色玫瑰2	1	1	Passives_Abnormality_Refraction2.json
Green Rose 4	绿色玫瑰4	1	1	Passives_Abnormality_Refraction2.json
Blue Rose 3	蓝色玫瑰3	1	1	Passives_Abnormality_Refraction2.json
Blue Rose 5	蓝色玫瑰5	1	1	Passives_Abnormality_Refraction2.json
Azure Rose 3	靛色玫瑰3	1	1	Passives_Abnormality_Refraction2.json
Azure Rose 5	靛色玫瑰5	1	1	Passives_Abnormality_Refraction2.json
Purple Rose 3	紫色玫瑰3	1	1	Passives_Abnormality_Refraction2.json
Purple Rose 5	紫色玫瑰5	1	1	Passives_Abnormality_Refraction2.json
Binding Roots	纠缠的根	1	1	Passives_Abnormality_Refraction3.json
Flowering Gossypium	盛开的棉花	1	1	Passives_Abnormality_Refraction3.json
Contempt and Gaze	轻蔑与视线	1	1	Passives_Abnormality_Refraction3.json
Crushing Grasp	粉碎之掌	1	1	Passives_Abnormality_Refraction3.json
Compounded Contempt	附加的轻蔑	1	1	Passives_Abnormality_Refraction3.json
Penetrated Gaze	贯穿的视线	1	1	Passives_Abnormality_Refraction3.json
Portrait Afterimage Sighting	目击肖像残影	1	1	Passives_Abnormality_Refraction4.json
Throwing Out the Interloper	赶走不速之客	1	1	Passives_Abnormality_Refraction4.json
Interloper Hunt	狩猎不速之客	1	1	Passives_Abnormality_Refraction4.json
A Familiar Connector	熟悉的插头	1	1	Passives_Abnormality_Refraction4.json
Overcurrent	过流	1	1	Passives_Abnormality_Refraction4.json
Detached Anti-Ovine Grounding Plug	断开的对羊接地插头	1	1	Passives_Abnormality_Refraction4.json
Safety Plug	安全插头	1	1	Passives_Abnormality_Refraction4.json
Prelude of the Banquet	宴会开幕	1	1	Passives_Abnormality_Refraction4.json
Closing of the Banquet	宴会闭幕	1	1	Passives_Abnormality_Refraction4.json
Snapping Bandages	崩裂的绷带	1	1	Passives_Abnormality_Refraction4.json
Retainer of the King in Binds	受缚之王的仆从	0	2	Passives_Abnormality_Refraction4.json
Refracted Struggle	折射的挣扎	1	1	Passives_Abnormality_Refraction4.json
Summon Targets	召唤靶子	1	1	Passives_Abnormality_Refraction5.json
Oxygen Supply	氧气供给	1	1	Passives_Abnormality_Refraction5.json
Oxygen-saturated	氧气饱和状态	1	1	Passives_Abnormality_Refraction5.json
Shattered Ribcage	肋骨破坏	1	1	Passives_Abnormality_Refraction5.json
Ribcage Regeneration	肋骨再生	1	1	Passives_Abnormality_Refraction5.json
Excruciating Suffering	断绝痛苦	1	1	Passives_Abnormality_Refraction5.json
Indulgent Petals	沉溺的花瓣	1	1	Passives_Abnormality_Refraction5.json
Bloodthirsty Stench	残酷的血香	1	1	Passives_Abnormality_Refraction5.json
Refracted Sin	折射的罪孽	1	1	Passives_Abnormality_Refraction5.json
Endless Thirst	无尽的饥渴	1	1	Passives_Abnormality_Refraction5.json
Endless Yearning	无尽的渴望	1	1	Passives_Abnormality_Refraction5.json
Increased Refraction Rate	折射率提升	1	1	Passives_Abnormality_Refraction5.json
Designated Execution	指定射杀	1	1	Passives_Abnormality_Refraction5.json
First Strike Wins	先手必胜	1	1	Passives_Abnormality_Refraction5.json
Time of Forging	锻造的岁月	1	1	Passives_Abnormality_Refraction6.json
Erosion of Kalpas	永劫的侵蚀	1	1	Passives_Abnormality_Refraction6.json
Moment of Entangled Lives	罗生之时	1	1	Passives_Abnormality_Refraction6.json
Life Hanging on a Wedge [一櫼之命]	一楔之命	0	2	Passives_Abnormality_Refraction6.json
The Unreachable Heavens	不可升入之天	1	1	Passives_Abnormality_Refraction6.json
Broken Scale	损坏的鳞	1	1	Passives_Abnormality_Refraction6.json
Broken Skull	受损的头	1	1	Passives_Abnormality_Refraction6.json
Dragon's Vein [龍脈]	龙脉	0	2	Passives_Abnormality_Refraction6.json
The Dragon's Bleeding Vein	流溢的龙脉	1	1	Passives_Abnormality_Refraction6.json
Lofty Energy	孤高的精气	1	1	Passives_Abnormality_Refraction6.json
Refracted Egress	折射的出口	1	1	Passives_Abnormality_Refraction6.json
Return to Origin [物歸原主]	物归原主	0	2	Passives_Abnormality_Refraction6.json
No More Playtime	已然结束的游戏	1	1	Passives_Abnormality_Refraction6.json
Attachment Plushie	依恋的玩偶	1	1	Passives_Abnormality_Refraction6.json
Widening Knowledge	拓展的知识	1	1	Passives_Assist-Cultivation.json
How to Survive	生存之法	1	1	Passives_Assist-Cultivation.json
Apathetic Response	无感情地回应	1	1	Passives_Assist-Cultivation.json
POW Torture Technique	战俘拷问技术	1	1	Passives_Assist-Cultivation.json
The Reassuring Heart	安抚他人的心	1	1	Passives_Assist-Cultivation.json
God of Gamblers	赌神	1	1	Passives_Assist-Cultivation.json
Aiding Stab	援助刺击	1	1	Passives_Assist-a1c8p2.json
Siphoning Fulfillment	呼吸协调	1	1	Passives_Assist-a1c8p2.json
The Yellow Harpoon (named by: Ezra)	蜜黄标枪(命名者：以斯拉)	0	2	Passives_Assist-a1c9p2.json
E.G.O Resonance Boost	E.G.O共鸣度 增加	1	1	Passives_Assist-a1c9p3.json
Dimensional Bag [Ezra]	次元包[以斯拉]	0	2	Passives_Assist-a1c9p3.json
Dismantle Prosthesis	义体解体	1	1	Passives_Assist-a1c9p3.json
Withstand the Smoke	烟霾耐性	1	1	Passives_Assist-a1c9p3.json
In the end, I'm... just like the others?	我也…最终还是和其他人一样吗？	0	2	Passives_Assist-walpu6.json
Ba Jiao Banana Bolus	芭蕉丹丸	1	1	Passives_Assist.json
Easy Breathing	轻松喘息	1	1	Passives_Enemy-a1c5p1.json
Two Sides Of a Coin	硬币的两面	0	2	Passives_Enemy-a1c5p1.json
Ineffable Shape	难以言表的形状	1	1	Passives_Enemy-a1c5p2.json
Crashing Filth	袭来的否定	1	1	Passives_Enemy-a1c5p2.json
Healing Resentment	治愈心结	1	1	Passives_Enemy-a1c5p2.json
Cumulating Organic Material	堆积有机物	1	1	Passives_Enemy-a1c5p2.json
Disintegrating Inorganic Material	分解无机材料	1	1	Passives_Enemy-a1c5p2.json
Intertwined Organic Material	纠缠的有机物	1	1	Passives_Enemy-a1c5p2.json
Scattered Inorganic Material	被破坏的无机材料	1	1	Passives_Enemy-a1c5p2.json
Organic Breathing	有机呼吸	1	1	Passives_Enemy-a1c5p2.json
Organic Hardening	有机硬化	1	1	Passives_Enemy-a1c5p2.json
Little Vengeance	些许仇怨	1	1	Passives_Enemy-a1c5p2.json
Suppressed Pallidification	被抑制的苍白化	1	1	Passives_Enemy-a1c5p3.json
Crashing Pallidification	崩溃的苍白化	1	1	Passives_Enemy-a1c5p3.json
I'll Clean You Up...	好好收拾干净…	1	1	Passives_Enemy-a1c6p1.json
Lenient Rule Fulfillment	散漫的执行	1	1	Passives_Enemy-a1c6p2.json
Natural Style	本色	1	1	Passives_Enemy-a1c6p2.json
Threa...	威…	1	1	Passives_Enemy-a1c6p3.json
Opp... tta	机…了	1	1	Passives_Enemy-a1c6p3.json
Tou...	砰…	1	1	Passives_Enemy-a1c6p3.json
Dir...	被指…	1	1	Passives_Enemy-a1c6p3.json
Pred...	捕…	1	1	Passives_Enemy-a1c6p3.json
Aggressive Hunting Techniques	激进的狩猎技巧	1	1	Passives_Enemy-a1c7p1.json
Anti-Bloodfiend Hammer	对血魔专用锤	1	1	Passives_Enemy-a1c7p1.json
Weakling Mark	弱者印记	1	1	Passives_Enemy-a1c7p1.json
Clumsy Bloodsucking	生疏的吸血	1	1	Passives_Enemy-a1c7p2.json
Festive Mood	庆典的氛围	1	1	Passives_Enemy-a1c7p2.json
Festive Sounds	庆典的声音	1	1	Passives_Enemy-a1c7p2.json
Easy Money	轻松的任务	1	1	Passives_Enemy-a1c8p1.json
Upgradable Training Dummy	升级的训练用木人桩	1	1	Passives_Enemy-a1c8p1.json
Remember the Basics	巩固基本功	1	1	Passives_Enemy-a1c8p1.json
Cursed Spirit Jar	咒鬼之瓮	1	1	Passives_Enemy-a1c8p1.json
Rival Candidate	对家主候选人的牵制	1	1	Passives_Enemy-a1c8p2.json
Charge Circuitry Activation	充能回路发动	1	1	Passives_Enemy-a1c8p2.json
Severe Overload	残酷的过载	1	1	Passives_Enemy-a1c8p2.json
Proliferating Misfortune	转移不祥	1	1	Passives_Enemy-a1c8p2.json
Skilled Talisman Sorcerer	杰出的符术士	1	1	Passives_Enemy-a1c8p2.json
Soul Siphon Technique	吸魂疗法	1	1	Passives_Enemy-a1c8p2.json
Regola Infranta	混乱的纪律	1	1	Passives_Enemy-a1c8p3.json
Tasty Flesh	鲜美血肉	1	1	Passives_Enemy-a1c8p3.json
Mine-omes	是我的那份诺姆	1	1	Passives_Enemy-a1c951.json
The Ring Nursefather's Artwork	环指父辈的作品	1	1	Passives_Enemy-a1c9p1.json
Bonebound Knot	束缚骨骼的结	1	1	Passives_Enemy-a1c9p1.json
I Spy an Opportunity	时机洞察	1	1	Passives_Enemy-cultivation.json
Snake Deathvenom	极蛇毒	1	1	Passives_Enemy-cultivation.json
Fruits of Education	教学的成果	1	1	Passives_Enemy-cultivation.json
A Breath Taken Together	共同呼吸过的气息	1	1	Passives_Enemy-exme.json
Dipped Blade	浸染之剑	1	1	Passives_Enemy-pilgrimage.json
Abyssal Worship	深海崇拜	1	1	Passives_Enemy-pilgrimage.json
Survival Reflexes	生存反射	1	1	Passives_Enemy-pilgrimage.json
In-depth Cognition	深度认知	1	1	Passives_Enemy-pilgrimage.json
Propagatory Instinct	扩张本能	1	1	Passives_Enemy-pilgrimage.json
Debris Removal	残骸清除	1	1	Passives_Enemy-pilgrimage.json
Collective Achievement	大家的成果	1	1	Passives_Enemy-tkt.json
Emergency Time Loan	时间紧急贷款	1	1	Passives_Enemy-tkt.json
Ready to Borrow Time	准备时间租赁	1	1	Passives_Enemy-tkt.json
Golden Time II	黄金时间 II	1	1	Passives_Enemy-tkt.json
Time Recoil II	时间反冲 II	1	1	Passives_Enemy-tkt.json
Alacritous Expression	敏捷表现	1	1	Passives_Enemy-twth.json
Internal Combustion Engine Malfunction	内燃机故障	1	1	Passives_Enemy-walpu5.json
Hollowed Chicken	空空的鸡	1	1	Passives_Enemy-x1p1c1.json
Verminous Body	虫的肉体	1	1	Passives_Enemy.json
Nutritive Reinforcements	补充养分	1	1	Passives_Enemy.json
Injured Augmentation	负伤的强化肉体	1	1	Passives_Enemy.json
Corroded Augmentation	被侵蚀的强化肉体	1	1	Passives_Enemy.json
Se Acabó la Fiesta	派对结束	0	2	Passives_Enemy.json
Hammer of the One Who Grips	执柄者之锤	0	2	Passives_Enemy.json
Mechanical Mentality	机械精神	1	1	Passives_Enemy.json
Damageable Disuniter	破裂功能受损	1	1	Passives_Enemy.json
Damageable Thumper	震颤功能受损	1	1	Passives_Enemy.json
Overheating Attack Function	攻击功能过热	1	1	Passives_Enemy.json
Breakable Disuniter	破裂功能完全受损	1	1	Passives_Enemy.json
Breakable Thumper	震颤功能完全受损	1	1	Passives_Enemy.json
Spanner Up	扳手启动	1	1	Passives_Enemy.json
Guess I'm the Last	就剩我了吗	1	1	Passives_Enemy.json
Entangling Curse Talisman	绞缠的咒符	1	1	Passives_Enemy.json
Multiplying Curse Talisman	增殖的咒符	1	1	Passives_Enemy.json
Encroaching Curse Talisman	侵蚀的咒符	1	1	Passives_Enemy.json
Terror Device	恐怖装置	1	1	Passives_Enemy.json
Emergency Ampule Overdose	紧急安瓿过量	1	1	Passives_Enemy.json
The Red Aura	猩红气场	1	1	Passives_fools.json
Fully heal selected Identity	所选人格的体力完全恢复	1	1	RailwayDungeonBuff.json
Cycle #1: Curse-Servitude-Rainfall	第1巡回：诅咒-奴役-落雨	0	2	RailwayDungeonNode1002.json
Cycle #2: Curse-Odd Stench-Exploitation-Servitude	第2巡回：诅咒-异味-榨取-奴役	0	2	RailwayDungeonNode1002.json
Cycle #3: Curse-Arrears-Odd Stench-Rainfall	第3巡回：诅咒-滞纳-异味-落雨	0	2	RailwayDungeonNode1002.json
Cycle #4: Curse-Lure-Odd Stench-Arrears-Cycle	第4巡回：诅咒-引诱-异味-滞纳-巡回	0	2	RailwayDungeonNode1002.json
Station #4: Arrears	第4站：滞纳	0	2	RailwayDungeonNode2.json
Station #7: Odd Stench	第7站：异味	0	2	RailwayDungeonNode2.json
Section #1 : Banquet/Well Basin/Twisted	第1区段：宴会-井底-歪曲	0	2	RailwayDungeonNode4.json
Station #4 : Interlude	第4站：幕间休息	0	2	RailwayDungeonNode4.json
Section #2 : Chiseling/Cloudbrume/Boneflesh	第2区段：锤钉-云雾-骨肉	0	2	RailwayDungeonNode4.json
Station #8 : Interlude	第8站：幕间休息	0	2	RailwayDungeonNode4.json
Section #3 : Forgery/Dreaming	第3区段：赝作-梦想	0	2	RailwayDungeonNode4.json
Station #11 : Interlude	第11站：幕间休息	0	2	RailwayDungeonNode4.json
Section #4 : Adamantine Wall/Feast	第4区段：难关-盛宴	0	2	RailwayDungeonNode4.json
Section #1 : Attachment/Hunt/Fountainhead/Misting	第1区段：依恋-狩猎-源头-喷雾	0	2	RailwayDungeonNode5.json
Section #2 : Ironstrike/Rampage/Oblivion	第2区段：击锤-狂奔-忘却	0	2	RailwayDungeonNode5.json
Section #3 : Motherhood/Treason/Blood Sin/Yearning	第3区段：母性-反叛-血罪-渴望	0	2	RailwayDungeonNode5.json
Section #1 : Weighing of Robes	第1区段：悬衣	0	2	RailwayDungeonNode6.json
Section #2 : Tarnishing	第2区段：染污	0	2	RailwayDungeonNode6.json
Section #3 : Heart of Innocence - Face of Things	第3区段：童心-现象	0	2	RailwayDungeonNode6.json
Section #4 : Tangled Knots - Drowning Desire - Blind Folly	第4区段：盘错-沉溺-蒙昧	0	2	RailwayDungeonNode6.json
Section #5 : Advent	第5区段：到来	0	2	RailwayDungeonNode6.json
Station Data	站点信息	1	1	RailwayDungeonUI.json
No rewards to claim.	没有可领取的奖励。	1	1	RailwayDungeonUI.json
Refraction Railway - Clear Station {0}	折射轨道 - 清剿第{0}站后	0	2	RailwayDungeonUI.json
Line Diagram	线路运行图	1	1	RailwayDungeonUI.json
Line Info	线路情报	1	1	RailwayDungeonUI.json
Line Closure	行程结束	1	1	RailwayDungeonUI.json
Final Cycle Count	累计清剿巡回数	1	1	RailwayDungeonUI.json
Record Date	记录日期	1	1	RailwayDungeonUI.json
Completed Cycle Count	已完成巡回数	1	1	RailwayDungeonUI_1002.json
Clear the Terminus	通过终点站时	1	1	RailwayDungeonUI_1002.json
Clear Refraction Railway Line 2 BokGak	通过折射轨道2号线 复刻	0	2	RailwayDungeonUI_1002.json
Clear Refraction Railway Line 1 BokGak	通过折射轨道1号线 复刻	0	2	RailwayDungeonUI_1002.json
Clear Refraction Railway Line 6	通过折射轨道6号线	0	2	RailwayDungeonUI_1002.json
No Recoverable ID	没有可以恢复的人格	1	1	RailwayDungeonUI_2.json
No Revivable ID	没有可以复活的人格	1	1	RailwayDungeonUI_2.json
No active Buffs.	尚未持有任何BUFF。	1	1	RailwayDungeonUI_2.json
Buff Status	BUFF现状	1	1	RailwayDungeonUI_2.json
Fixed Choice	固定选择	1	1	RailwayDungeonUI_2.json
Select Ally Buff	选择友方BUFF	1	1	RailwayDungeonUI_2.json
Select Enemy Buff	选择敌方BUFF	1	1	RailwayDungeonUI_2.json
Select Identity to Revive	选择需要复活的人格	1	1	RailwayDungeonUI_2.json
Return to state immediately before entering this stage?	是否回到进入目前关卡前的时刻？	0	2	RailwayDungeonUI_2.json
Fixed Enemy Buffs	固定敌方BUFF	1	1	RailwayDungeonUI_2.json
Pass Station	途经站	1	1	RailwayDungeonUI_2.json
HP and SP have been restored.	体力与理智值已恢复。	0	2	RailwayDungeonUI_3.json
- Identities : Uptie Tier 4, Level 45	- 人格：同步 4阶段，45级	0	2	RailwayDungeonUI_4.json
Remaining Resources	剩余E.G.O资源	1	1	RailwayDungeonUI_5.json
Clear Canto VII	通过第7章	1	1	RailwayDungeonUI_5.json
{0} Resistance + 0.25	{0}抗性+0.25	0	2	RailwayDungeonUI_6.json
COLLABORATION - LIMITED	联动限定	0	2	SeasonTitle.json
The Club 2	会所 2	1	1	StageNode-a1c5p1.json
The Club 3	会所 3	1	1	StageNode-a1c5p1.json
The First Mate 2	大副 2	1	1	StageNode-a1c5p1.json
Shipping Containers 2	集装箱 2	1	1	StageNode-a1c5p1.json
Mr. Pilot 2	皮利托 2	1	1	StageNode-a1c5p1.json
Pirates 2	海盗 2	1	1	StageNode-a1c5p1.json
The Waves 2	浪潮 2	1	1	StageNode-a1c5p1.json
Cruise Party 2	游轮宴会 2	1	1	StageNode-a1c5p2.json
Cruise Party 3	游轮宴会 3	1	1	StageNode-a1c5p2.json
Cruise Party 4	游轮宴会 4	1	1	StageNode-a1c5p2.json
The Big Brother 2	幼兄 2	1	1	StageNode-a1c5p2.json
The Pallid Whale 2	白鲸 2	1	1	StageNode-a1c5p2.json
There's no TIME 2	没时间了 2	1	1	StageNode-a1c6p1.json
A Warm Reception	热情欢迎	1	1	StageNode-a1c6p1.json
The Corridor 2	走廊 2	1	1	StageNode-a1c6p1.json
The Corridor 3	走廊 3	1	1	StageNode-a1c6p1.json
The Dead Rabbits 2	死兔帮 2	1	1	StageNode-a1c6p1.json
The Diary 2	日记本 2	1	1	StageNode-a1c6p1.json
Abyssal Basement 2	深邃的地下室 2	1	1	StageNode-a1c6p2.json
Imitations 2	赝品 2	1	1	StageNode-a1c6p2.json
Imitations 3	赝品 3	1	1	StageNode-a1c6p2.json
Nostalgic Face	令人怀念的面容	1	1	StageNode-a1c6p2.json
Imitations 4	赝品 4	1	1	StageNode-a1c6p2.json
The Wild Hunt 2	狂猎 2	1	1	StageNode-a1c6p3.json
The Wild Hunt 3	狂猎 3	1	1	StageNode-a1c6p3.json
The Tale of a Great Fixer Who Once Reached for The Dream	伟大的收尾人追求梦想的故事	0	2	StageNode-a1c7p3.json
Disruption 2	妨碍2	1	1	StageNode-a1c8p1.json
Declaration of Participation	宣言参加	1	1	StageNode-a1c8p1.json
Night Ambush 2	夜袭2	1	1	StageNode-a1c8p1.json
Momentary Power Vacuum	刹那的空位	1	1	StageNode-a1c8p3.json
Justice of Others	他人的正义	1	1	StageNode-a1c8p3.json
The Second Battlefield	再临战场	1	1	StageNode-a1c8p3.json
Those Who Do Not Decide	不做判断之人	0	2	StageNode-a1c8p3.json
Ambush in the Dark	暗中袭击	1	1	StageNode-a1c9p1.json
Paradox of the Spiral	螺旋悖论	1	1	StageNode-a1c9p1.json
A Distinct Objective	推断目标	1	1	StageNode-a1c9p1.json
Sanguine Artistry	鲜红艺术	1	1	StageNode-a1c9p1.json
Children 2	孩子 2	1	1	StageNode-a1c9p2.json
New Hires 2	新员工 2	1	1	StageNode-a1c9p2.json
Shock Centipede 2	电击蜈蚣 2	1	1	StageNode-a1c9p2.json
The Contract 2	契约 2	1	1	StageNode-a1c9p2.json
The Contract 3	契约 3	1	1	StageNode-a1c9p2.json
A Beautiful Hue of Teal	美丽的青光	0	2	StageNode-a1c9p2.json
The Bus Deck	巴士平层	1	1	StageNode1-1.json
Branch D-02	D-02支部	1	1	StageNode1-1.json
Let That S.Y.N.C. In	折·脖 2	1	1	StageNode1-2.json
An Overstayed Welcome	热烈欢迎 2	1	1	StageNode1-2.json
Branch J-03	J-03支部	1	1	StageNode1-2.json
Verboten	禁忌 2	1	1	StageNode1-3.json
The Deal They Struck	他们达成的交易	1	1	StageNode1-3.json
Inquisitors 2	异端审判官 2	1	1	StageNode1-3.json
Inquisitors 3	异端审判官 3	1	1	StageNode1-3.json
Scheiterhaufen	篝火 2	1	1	StageNode1-3.json
Branch K-02	K-02支部	1	1	StageNode1-3.json
Talent and Genius	人才与天才	1	1	StageNode1-4.json
Drones and Abnormalities 2	无人机与异想体 2	1	1	StageNode1-4.json
Drones and Abnormalities 3	无人机与异想体 3	1	1	StageNode1-4.json
Terrorist Organization 2	恐怖组织 2	1	1	StageNode1-4.json
Decay Ampules 2	崩解安瓿 2	1	1	StageNode1-4.json
Decay Ampules 3	崩解安瓿 3	1	1	StageNode1-4.json
Best Employee 2	最优秀的员工 2	1	1	StageNode1-4.json
Best Employee 3	最优秀的员工 3	1	1	StageNode1-4.json
Traitor 2	叛徒 2	1	1	StageNode1-4.json
Traitor 3	叛徒 3	1	1	StageNode1-4.json
Traitor 4	叛徒 4	1	1	StageNode1-4.json
Traitor 5	叛徒 5	1	1	StageNode1-4.json
A Red Line	一条红线	1	1	StageNode1-4.json
Seized 2	抢夺 2	1	1	StageNode1-4.json
Bright Villains 2	聪明的恶人 2	1	1	StageNode1-4.json
Urgent Call 2	紧急呼叫 2	1	1	StageNode1-4.json
Urgent Call 3	紧急呼叫 3	1	1	StageNode1-4.json
Glorious Past 2	辉煌的过往 2	1	1	StageNode1-4.json
Glorious Past 3	辉煌的过往 3	1	1	StageNode1-4.json
Offer to Join 2	入职原因 2	1	1	StageNode1-4.json
Nothing 2	没什么 2	1	1	StageNode1-4.json
Reminisced League of Nine	记忆中的九人会	1	1	StageNode1-4.json
Disappearing Passengers	消失的乘客	1	1	StageNode91-10.json
Painting of Hell 2	地狱般的图景 2	1	1	StageNode91-10.json
Next Car 2	下一节车厢 2	1	1	StageNode91-10.json
The One Who Lords	主宰者	1	1	StageNode91-10.json
Unexpected Foe	意外之敌	1	1	StageNode91-16.json
The Family Hierarch's Proof	家主的证明	1	1	StageNode91-19.json
Twelve Teachers	十二位老师	1	1	StageNode91-19.json
Another Student	另一名学生	1	1	StageNode91-19.json
Hierarch Rescue Operation 2	家主解救作战 2	1	1	StageNode91-19.json
Hierarch Rescue Operation 3	家主解救作战 3	1	1	StageNode91-19.json
Village of the Dead Lighthouse	死寂灯塔之村	0	2	StageNode91-20.json
Relics and the Sign	遗物与印记	1	1	StageNode91-25.json
Search for the Inflection Point	寻找反曲点	0	2	StageNode91-27.json
Pursuit 2	追踪 2	1	1	StageNode91-27.json
Iron Chicken Chef	铁血鸡厨	1	1	StageNode91-3.json
Master Chicken Chef	大师鸡厨	1	1	StageNode91-3.json
A Restaurateur’s Mild Fathoms	老板的原味心道	0	2	StageNode91-3.json
Mudflat Scrapyard	废料海滩	1	1	StageNode91-4.json
The Boatwrights	船夫	1	1	StageNode91-4.json
Makeshift Bus Mods	废料巴士改造	1	1	StageNode91-4.json
Time to Collect Scrap...	废料收集时间……	1	1	StageNode91-4.json
Troubled Waters	尴尬时间	1	1	StageNode91-4.json
The Last Scrap	最后的废料	1	1	StageNode91-4.json
King Trash Crab Hunt	帝王废料蟹狩猎	1	1	StageNode91-4.json
Monstrous Gifts	怪物们的礼物	1	1	StageNode91-5.json
For Whom the Gnomes Pack	礼物为谁而做	0	2	StageNode91-5.json
The Gift-giving Giant	礼物派送巨人	1	1	StageNode91-5.json
A Journey's End	旅程的终点	1	1	StageNode91-5.json
To Yong-jin Building 2	前往龙进大楼 2	1	1	StageNode91-7.json
Mentor and Fellows 2	金笠与友人们 2	1	1	StageNode91-7.json
Origin of Sin	罪之根源	1	1	StageNode91-7.json
A Scandal in Time	时间税丑闻	1	1	StageNode91-9.json
Timekilling Puzzle	时间杀人之谜	1	1	StageNode91-9.json
The White-scarved League	白围巾联盟	1	1	StageNode91-9.json
The Rewinding Clock	倒转的时钟	1	1	StageNode91-9.json
A Trail Gone Cold	丢失的痕迹	1	1	StageNode91-9.json
The Dying Detective	临终的侦探	1	1	StageNode91-9.json
The Yurodiviye Mystery	圣愚之谜	1	1	StageNode91-9.json
Twisted Time	歪曲的时间	1	1	StageNode91-9.json
Uncategorized	目前难以分类	1	1	StoryTheaterDanteNote_5.json
PDA Device	PDA终端	1	1	StoryTheaterDanteNote_7.json
Abnormality Corrosion	异想侵蚀	1	1	UnitKeyword-a1c7p3.json
Lord of all Roaches	全体蜚蠊之王	1	1	UnitKeyword-a1c9p3.json
Emperor of Pests	害虫的皇帝	1	1	UnitKeyword-a1c9p3.json
For Crunchy Frying	用于炸至酥脆	1	1	UnitKeyword-x1p1c1.json
For Sweet Stewing	用于香甜炖菜	1	1	UnitKeyword-x1p1c1.json
For Tangy Braising	用于酸甜焖煮	1	1	UnitKeyword-x1p1c1.json
Soldato III	士兵III	1	1	UnitKeyword.json
Iberians and the Ægir - #3	伊比利亚人与阿戈尔人 #3	0	1	AbEvents-pilgrimage.json
A Story of Lighthouse Keepers and The Profound Silence - #3	灯塔看守人与大静谧的故事 #3	0	1	AbEvents-pilgrimage.json
백설선택지1	白雪选项1	0	1	AbEvents.json
백설선택지2	白雪选项2	0	1	AbEvents.json
{0} gains %{2} {1}/% for the encounter.	本关卡中，{0} 获得%{2} {1}/%。	0	1	AbEventsResultLog-a1c5p3.json
All Identities gain %{1} {0}/% and %{3} {2}/%.	所有人格获得%{1} {0}/%，%{3} {2}/%。	0	1	AbEventsResultLog-a1c5p3.json
{0} gains %{2} {1}/%	{0}获得%{2} {1}/%。	0	1	AbEventsResultLog-a1c5p3.json
{0} <color=#fe4b48>loses {1} SP</color>	{0}<color=#fe4b48>失去{1}点理智值</color>	0	1	AbEventsResultLog-a1c5p3.json
{0} %loses {2} {1}/%	{0} %失去{2} {1}/%	0	1	AbEventsResultLog-a1c5p3.json
All allies gain %{1} [{0}]/%	全体友方单位获得%{1} [{0}]/%	0	1	AbEventsResultLog-a1c5p3.json
<color=#ebcaa2>[{0}]</color> gains %{2} [{1}]/% next turn	<color=#ebcaa2>[{0}]</color>在下回合获得%{2} [{1}]/%	0	1	AbEventsResultLog-a1c6p3.json
<color=#ebcaa2>[{0}]</color> heals {1} HP and {2} SP	<color=#ebcaa2>[{0}]</color>恢复{1}点体力与点{2}理智值	0	1	AbEventsResultLog-a1c6p3.json
<color=#ebcaa2>[{0}]</color> heals {1} HP to Core and Part	<color=#ebcaa2>[{0}]</color> 的本体和部位恢复{1}点体力	0	1	AbEventsResultLog-a1c6p3.json
<color=#ebcaa2>All Sinners</color> heal {0} SP	<color=#ebcaa2>全体友方单位</color> 恢复{0}点理智值	0	1	AbEventsResultLog-a1c6p3.json
<color=#ebcaa2>[{0}]</color> heals {1} SP	<color=#ebcaa2>罪人[{0}]</color>恢复{1}点理智值	0	1	AbEventsResultLog-a1c6p3.json
[{0}] <color=#80c9ff>fully heals SP</color>	[{0}]的<color=#80c9ff>理智值恢复至上限</color>	0	1	AbEventsResultLog-a1c6p3.json
[{0}]'s {1} changes to {2}	[{0}]的{1}变为{2}	0	1	AbEventsResultLog-a1c6p3.json
<color=#ebcaa2>[{0}]</color> gains %{2} [{1}]/% every turn	<color=#ebcaa2>[{0}]</color>每回合对自身施加%{2} [{1}]/%	0	1	AbEventsResultLog-a1c7p3.json
<color=#ebcaa2>Fairy is Staggered!</color>	<color=#ebcaa2>精灵部位陷入混乱</color>	0	1	AbEventsResultLog-a1c9p1.json
<color=#ebcaa2>Fairy permanently gains {1} {0}</color>	<color=#ebcaa2>精灵部位对自身永久施加 {1} {0} </color>	0	1	AbEventsResultLog-a1c9p1.json
<color=#ebcaa2>{0}</color> gains %[{1}]/%	<color=#ebcaa2>{0}</color>获得%[{1}]/%	0	1	AbEventsResultLog-pilgrimage.json
Apply %[{2} {1}]/% on <color=#ebcaa2>{0}</color>	对<color=#ebcaa2>{0}</color>施加%[{2} {1}]/%	0	1	AbEventsResultLog-pilgrimage.json
All of [{0}]’s parts gain %{3} {2} for {1} turn(s)/%.	[{0}]的所有部位</color>获得%持续{1}回合的{3}{2}/%。</color>	0	1	AbEventsResultLog.json
<color=#ebcaa2>Abnormality Suppressed!</color>	<color=#ebcaa2>异想体镇压完成</color>	0	1	AbEventsResultLog.json
<color=#ebcaa2>Investigating the factory…</color>	<color=#ebcaa2>我们决定调查工厂。</color>	0	1	AbEventsResultLog.json
<color=#ebcaa2>Pressed “Yes”.</color>	<color=#ebcaa2>按下了“是”的按钮。</color>	0	1	AbEventsResultLog.json
<color=#ebcaa2>Pressed “No”.</color>	<color=#ebcaa2>按下了“不是”的按钮。</color>	0	1	AbEventsResultLog.json
<color=#ebcaa2>All enemies become %[{0}]/%.</color>	<color=#ebcaa2>全体敌方单位进入%[{0}]/%状态</color>	0	1	AbEventsResultLog.json
<color=#ff8000>Combat Encounter!</color>	<color=#ff8000>触发遭遇战！</color>	0	1	AbEventsResultLog.json
<color=#ebcaa2>Got an E.G.O Gift!</color>	<color=#ebcaa2>获得E.G.O饰品！</color>	0	1	AbEventsResultLog.json
<color=#ebcaa2>Combat Encounter!</color>	<color=#ebcaa2>触发遭遇战！</color>	0	1	AbEventsResultLog.json
<color=#ebcaa2>Enemy waves reduced by {0}!</color>	<color=#ebcaa2>敌人的波次减少{0}波！</color>	0	1	AbEventsResultLog.json
<color=#ebcaa2>[{0}]’s Karma was resolved.</color>	<color=#ebcaa2>解除[{0}]的业报</color>	0	1	AbEventsResultLog.json
Karma strikes every Sinner randomly!	对全体人格随机施加业报。	0	1	AbEventsResultLog.json
<color=#ebcaa2>[{0}] loses %{2} [{1}]/%</color>	<color=#ebcaa2>[{0}] 减少%{2} [{1}] /%</color>	0	1	AbEventsResultLog.json
[{0}] gains <color=#00ff9c>{2} {1}</color> next turn	下回合对罪人[{0}]施加<color=#00ff9c>{2} {1}</color>	0	1	AbEventsResultLog.json
<color=#ebcaa2>[{0}] loses %{2} [{1}]/%</color>	<color=#ebcaa2>[{0}] 减少%{2} [{1}]/%</color>	0	1	AbEventsResultLog_Refraction2.json
[{0}] gains <color=#00ff9c>{2} {1}</color> next turn	下回合对[{0}]施加<color=#00ff9c>{2} {1}</color>	0	1	AbEventsResultLog_Refraction2.json
<color=#ebcaa2>{0} is Staggered</color>	<color=#ebcaa2>[{0}]陷入混乱</color>	0	1	AbEventsResultLog_Refraction2.json
<color=#ebcaa2>Fairy is Staggered!</color>	<color=#ebcaa2>精灵陷入混乱</color>	0	1	AbEventsResultLog_Refraction2.json
All characters deal {0}% damage	所有角色造成的伤害{0}%	0	1	AbEventsResultLog_Refraction2.json
All characters take {0}% damage	所有角色受到的伤害{0}%	0	1	AbEventsResultLog_Refraction2.json
<color=#ebcaa2>{0}</color> loses %{2} {1}/%	<color=#ebcaa2>{0}</color> 减少 %{2} {1}/%	0	1	AbEventsResultLog_Refraction3.json
All allies gain {0} for the rest of the Encounter.	本场战斗中的全体友方单位获得{0}。	0	1	AbEventsResultLog_Refraction4.json
Halve all allies' {0} Potency and Count	全体友方单位的{0}强度与层数减半	0	1	AbEventsResultLog_Refraction4.json
<color=#ebcaa2>{0} gains {1} Shield</color>	<color=#ebcaa2>{0} 获得 {1} 护盾</color>	0	1	AbEventsResultLog_Refraction5.json
<color=#ebcaa2>All allies fully heal HP and SP</color>	<color=#ebcaa2>全体友方单位恢复全部理智值与体力</color>	0	1	AbEventsResultLog_Refraction6.json
All allies <color=#00ff9c>heal 30 HP</color>	全体友方单位<color=#00ff9c>恢复30点体力</color>	0	1	AbEventsResultLog_walpu4.json
All allies <color=#80c9ff>heal 30 SP</color>	全体友方单位<color=#80c9ff>恢复30点理智值</color>	0	1	AbEventsResultLog_walpu4.json
All allies <color=#00ff9c>heal 3 HP every turn</color>	全体友方单位<color=#00ff9c>每回合恢复3点体力</color>	0	1	AbEventsResultLog_walpu4.json
All allies <color=#80c9ff>heal 3 SP every turn</color>	全体友方单位<color=#80c9ff>每回合恢复3点理智值</color>	0	1	AbEventsResultLog_walpu4.json
Rusted Hilt - To wield a blade is to Slash with it	锈蚀的刀柄 判定 - 剑术乃斩击	0	1	AbEvents_Mirror4.json
Fractured Blade Choice - Draw of the Sword	破碎的刀刃 选项 - 拔剑	0	1	AbEvents_Mirror4.json
Broken Blade Choice - Let the sword hang to the side	损坏的刀刃 选项 - 垂剑	0	1	AbEvents_Mirror4.json
Red Tassel Choice - Small fries	红色流苏 选项 - 殃及池鱼	0	1	AbEvents_Mirror4.json
Old Dopo Cloak - What's right is right	陈旧的长袍 选项 - 是则是	0	1	AbEvents_Mirror4.json
Rusted Hilt - To wield a blade is to Slash with it	锈蚀的刀柄选项 - 剑术乃斩击	0	1	AbEvents_Ycgd.json
Fractured Blade Choice - Draw of the Sword	破碎的刀刃选项 - 拔剑	0	1	AbEvents_Ycgd.json
Broken Blade Choice - Let the sword hang to the side	损坏的刀刃选项 - 垂剑	0	1	AbEvents_Ycgd.json
Red Tassel Choice - Small fries	红色流苏选项 - 殃及池鱼	0	1	AbEvents_Ycgd.json
Old Dopo Cloak - What's right is right	陈旧的长袍选项 - 是则是	0	1	AbEvents_Ycgd.json
LCE Recovers The Ring's Artwork - Corporist Piece	回收环指作品的LCE组员们 - 人体派作品	0	1	AbEvents_twth.json
LCE Recovers The Ring's Artwork - Fauvist Piece	回收环指作品的LCE组员们 - 野兽派作品	0	1	AbEvents_twth.json
Peccatulum Luxuriae??	色欲罪种??	0	1	AbnormalityGuides-a1c7p3.json
Peccatulum Superbiae??	傲慢罪种??	0	1	AbnormalityGuides-a1c7p3.json
Mayors, the Yearning Flotsam's first Choice Event	梅厄斯，羡望漂流 首个选项事件	0	1	ActionEvents-pilgrimage.json
Mayors, the Yearning Flotsam's second Choice Event	梅厄斯，羡望漂流 第二个选项事件	0	1	ActionEvents-pilgrimage.json
Iberians and the Ægirian - #2	伊比利亚人与阿戈尔人 #2	0	1	ActionEvents-pilgrimage.json
A Story of Lighthouse Keepers and The Profound Silence - #2	灯塔看守人与大静谧的故事 #2	0	1	ActionEvents-pilgrimage.json
An Inquisitor Locked in a Fight Against Sea Terrors	与海嗣激战正酣的审判官	0	1	ActionEvents-pilgrimage.json
Education & Machine Console	培训与机械装置	0	1	ActionEvents-walpu4.json
One Sin SP Healing E.G.O Gift Giveaway	一罪百善理智值恢复E.G.O饰品获取	0	1	ActionEvents-walpu4.json
Heal HP, SP, or gain Cost	恢复体力、恢复理智值或获得经费	0	1	ActionEvents-walpu4.json
Miracle in District 20 Hard Event 1	20区的奇迹困难事件1	0	1	ActionEvents-walpu4.json
Miracle in District 20 Hard Event 2	20区的奇迹困难事件2	0	1	ActionEvents-walpu4.json
The Knight of Despair Containment Unit	绝望骑士 收容单元	0	1	ActionEvents-walpu6.json
The Queen of Hatred Containment Unit	憎恶皇后 收容单元	0	1	ActionEvents-walpu6.json
Alriune Choice Event (#1)	爱娜温 选项(#1)	0	1	ActionEvents-walpu8.json
Alriune Choice Event (#2)	爱娜温 选项(#2)	0	1	ActionEvents-walpu8.json
Alriune Choice Event (#3)	爱娜温 选项(#3)	0	1	ActionEvents-walpu8.json
An Encounter with the Unbearable	与无法忍受的存在相遇	0	1	ActionEvents.json
Are You Happy? 2	你感到幸福吗？2	0	1	ActionEvents.json
A Room Full of Crates	装满箱子的房间	0	1	ActionEvents.json
[Hel. P. Me. He. Lp.]	[救。救。我。救。救。]	0	1	ActionEvents.json
아즈텍원판 선택지1	阿兹特克历法石选项1	0	1	ActionEvents.json
아즈텍원판 선택지3	阿兹特克历法石选项3	0	1	ActionEvents.json
아즈텍원판 선택지5	阿兹特克历法石选项5	0	1	ActionEvents.json
강화인간 선택지1	改造人选项1	0	1	ActionEvents.json
강화인간 선택지2-그렇다	改造人选项2-是	0	1	ActionEvents.json
강화인간 선택지2-아니다	改造人选项2-不是	0	1	ActionEvents.json
분홍신 선택지1	粉红鞋选项1	0	1	ActionEvents.json
Vending Machine and Oceanic Waves	传来潮声的自动贩卖机	0	1	ActionEvents.json
강화앰플교환삽입소	强化安瓿交换注射所	0	1	ActionEvents.json
Hell's Chicken Dungeon Renewal - Starting Point Choice	地狱鸡迷宫更新 - 起点选项	0	1	ActionEvents.json
T Corp. Time Prepayment Apparatus	T公司 时间预付机	0	1	ActionEvents_Mirror7.json
Audio Logs of That Day	那一日的语音记录	0	1	ActionEvents_Mirror7.json
Recurring Faith and Promise 2	循环的信念与承诺2	0	1	ActionEvents_Mirror7.json
Recurring Faith and Promise 3	循环的信念与承诺3	0	1	ActionEvents_Mirror7.json
'Yield My Flesh to Claim Their Bones' Renewal Hard Fusion	肉斩骨断迷宫更新 困难合成	0	1	ActionEvents_Ycgd.json
Story Dungeon Starting Choice Event	剧情迷宫起始选项事件	0	1	ActionEvents_exme.json
Hardblood weapon found while resting	休息时发现的硬血武器	0	1	ActionEvents_mowe-re.json
Timekilling Time Dungeon Renewal Starting Point	时间杀人时间迷宫 更新起点	0	1	ActionEvents_tkt.json
Timekilling Time Dungeon Renewal Fusion	时间杀人时间迷宫 更新合成	0	1	ActionEvents_tkt.json
Every skill consists of at least 1 Coin.	每个技能都至少包含1枚硬币。	0	1	BattleHint.json
Sinners with low Sanity will be corroded by E.G.O.	理智值到达下限的罪人会被E.G.O侵蚀。	0	1	BattleHint.json
Speed determines the formation of units in combat.	速度值决定了敌我双方的角色在战斗中的站位。	0	1	BattleHint.json
Cancelling E.G.O before using it will return its resources.	在E.G.O使用之前将其取消会返还其消耗的E.G.O资源。	0	1	BattleHint.json
Every Identity has a Combat Passive and a Support Passive.	所有人格都拥有一个战斗被动技能和一个支援被动技能。	0	1	BattleHint.json
Identities participating in combat use Combat Passives.	参与战斗的人格可以使用战斗被动技能。	0	1	BattleHint.json
E.G.O skills are placed at the bottom of a Sinner’s column.	E.G.O技能将会固定生成在仪表盘最下方的行动槽。	0	1	BattleHint.json
Clashes occur when two Attack Skills target each other.	使用攻击技能对峙时，将会进行拼点。	0	1	BattleHint.json
- Until Season 8 Update	- 到第8赛季开始前	0	1	BattlePass-a1c9.json
Paid {0} Free {1}	付费{0} 免费{1}	0	1	BattlePass.json
Level up the Pass using [Paid Lunacy]?	要消耗[付费狂气]来提升通行证等级吗？	0	1	BattlePass.json
<color=#f8c200>Max Pass Level</color> reached.	已达到<color=#f8c200>最高等级</color>。	0	1	BattlePass.json
{0}m left	剩余{0}分	0	1	BattlePass.json
Eligible for Max Pass Level rewards	可以领取战斗通行证超额奖励	0	1	BattlePass.json
Spend {0} Paid Lunacy to purchase Pass Levels?	要消耗 {0} 付费狂气来购买通行证等级吗？	0	1	BattlePass.json
※ Purchasing Battle Pass Levels costs 300 Paid Lunacy.	※购买通行证等级需要花费300付费狂气。	0	1	BattlePass.json
{0} Update	{0} 更新	0	1	BattlePass.json
+ [LIMBUS PASS] Activation	+ [边狱通行证] 赠品	0	1	BattlePass.json
Spend {0} Paid Lunacy to purchase this Package?	要消耗 {0} 付费狂气来购买这个组合包吗？	0	1	BattlePass.json
Select Pass/Package	选择通行证/组合包	0	1	BattlePass.json
※ Purchasing a Pass Level costs {0} Paid Lunacy.	※购买 1 通行证等级需要花费{0}付费狂气。	0	1	BattlePass.json
~ Until Season 4 Update	~ 到第4赛季开始前	0	1	BattlePass.json
{0} Owned	持有{0}	0	1	BattlePass.json
10% Discount	10%折扣	0	1	BattlePass.json
- Until Season 7 Update	- 到第7赛季开始前	0	1	BattlePass.json
Season 6: Zàng Huā Yín	第6赛季：葬花吟	0	1	BattlePass_Banner-a1c8.json
Clear any stage {0} time(s)	清剿{0}次任意关卡	0	1	BattlePass_Mission.json
Defeat {0} enemies	击败{0}个敌人	0	1	BattlePass_Mission.json
Suppress {0} Abnormalities	镇压{0}个异想体	0	1	BattlePass_Mission.json
Have {1} in battle {0} time(s)	派遣{1}进行{0}场战斗	0	1	BattlePass_Mission.json
Enter the Mirror Dungeon {0} time(s)	进入镜像迷宫{0}次	0	1	BattlePass_Mission.json
Clear Mirror Dungeons {0} time(s)	清剿镜像迷宫{0}次	0	1	BattlePass_Mission.json
Reach Battle Pass Level {0}	战斗通行证等级达到{0}	0	1	BattlePass_Mission.json
Use Ryōshū’s 4th Match Flame {0} time(s)	使用{0}次良秀的“第四根火柴之焰”E.G.O	0	1	BattlePass_Mission.json
Have Gregor as the Announcer {0} time(s)	让格里高尔进行{0}次播报	0	1	BattlePass_Mission.json
{0} daily log-ins	每日登录{0}次	0	1	BattlePass_Mission.json
{0} total daily log-ins	累计登录达到{0}天	0	1	BattlePass_Mission.json
Clear EXP Luxcavation {0} time(s)	清剿经验采光{0}次	0	1	BattlePass_Mission.json
Clear Thread Luxcavation {0} time(s)	清剿纺锤采光{0}次	0	1	BattlePass_Mission.json
Assemble {0} Enkephalin Module(s)	制作脑啡肽模块{0}次	0	1	BattlePass_Mission.json
Try prioritizing enemies with low HP first.	推荐优先击杀体力较低的敌方单位。	0	1	BattleResultHint-a1c9p3.json
Nursefathers are difficult enemies for the Sinners.	父辈是罪人难以应对的敌人。	0	1	BattleResultHint-a1c9p3.json
Reduce The Thumb Apprentice's HP to below half.	需要将拇指子辈的体力减少至一半以下。	0	1	BattleResultHint-a1c9p3.json
N Corp. Staff reinforcements occur only in N Corp.	后续人员补充只会在N公司发生。	0	1	BattleResultHint-exme.json
Atrophied (Low Morale)	畏缩(士气低落)	0	1	Bufs.json
Overwhelmed (Low Morale)	无措(士气低落)	0	1	Bufs.json
Kromer’s Whistles	克罗默的哨音	0	1	Bufs.json
Mirror of Mirrors - F2	镜中之镜 - 第二层	0	1	Bufs.json
Mirror of Mirrors - F3	镜中之镜 - 第三层	0	1	Bufs.json
Mirror of Mirrors - F4	镜中之镜 - 第四层	0	1	Bufs.json
Mirror of Mirrors - F5	镜中之镜 - 第五层	0	1	Bufs.json
Mirror of Mirrors Hard - F2	镜中之镜困难 - 第二层	0	1	Bufs.json
Mirror of Mirrors Hard - F3	镜中之镜困难 - 第三层	0	1	Bufs.json
Mirror of Mirrors Hard - F4	镜中之镜困难 - 第四层	0	1	Bufs.json
Mirror of Mirrors Hard - F5	镜中之镜困难 - 第五层	0	1	Bufs.json
Mirror of Mirrors Hard - F1	镜中之镜困难 - 第一层	0	1	Bufs.json
Select Sapling of Light Ability	选择光之树苗能力	0	1	DanteAbilityUIText.json
Select the ability to use.	选择要使用的能力。	0	1	DanteAbilityUIText.json
Cannot use this Sapling of Light ability.	无法使用此光之树苗能力。	0	1	DanteAbilityUIText.json
Already used this Sapling of Light ability today.	今天已经使用过该光之树苗能力。	0	1	DanteAbilityUIText.json
No remaining activations for today.	今天的使用次数已用尽。	0	1	DanteAbilityUIText.json
{0}: Select Sinner	{0}：选择罪人	0	1	DanteAbilityUIText_a1c9p3.json
Will you apply {0} on <color=#f8c200>[{1}]</color>?	要对<color=#f8c200>[{1}]</color>使用{0}吗？	0	1	DanteAbilityUIText_a1c9p3.json
Gate #1	第一关口	0	1	DungeonArea1-3.json
Gate #2	第二关口	0	1	DungeonArea1-3.json
Meditator’s Pulpit	冥想讲坛	0	1	DungeonArea1-3.json
Gate #3	第三关口	0	1	DungeonArea1-3.json
League of Nine Littérateurs Lab - Spring	春天的九人会实验室	0	1	DungeonArea1-4.json
League of Nine Littérateurs Lab - Autumn	秋天的九人会实验室	0	1	DungeonArea1-4.json
League of Nine Littérateurs Lab - Summer	夏天的九人会实验室	0	1	DungeonArea1-4.json
League of Nine Littérateurs Lab - Winter	冬天的九人会实验室	0	1	DungeonArea1-4.json
Snake Slough++	蛇蜕++	0	1	EGOgift_MirrorDungeon-EventTheme_2.json
False Halo++	虚假的光相++	0	1	EGOgift_MirrorDungeon-EventTheme_2.json
Metronome++	节拍器++	0	1	EGOgift_MirrorDungeon-EventTheme_2.json
Contempt of the Gaze of Contempt++	轻蔑的视线的轻蔑++	0	1	EGOgift_MirrorDungeon-EventTheme_2.json
Unhatched Embers++	未孵化的火种++	0	1	EGOgift_MirrorDungeon-EventTheme_2.json
Anti-Ovine Grounding Plug+	对羊接地插头+	0	1	EGOgift_MirrorDungeon-EventTheme_2.json
Enh. Tattoos - The Middle	强化纹身-中指	0	1	EGOgift_MirrorDungeon-EventTheme_2.json
Town-protecting Harpoon++	守镇鱼叉++	0	1	EGOgift_MirrorDungeon-StoryTheme_2.json
Broken Violin++	损坏的小提琴++	0	1	EGOgift_MirrorDungeon-StoryTheme_2.json
Butler Style Binding Arts++	管家式束缚法++	0	1	EGOgift_MirrorDungeon-StoryTheme_2.json
Mask of the Parade+	游行的面具+	0	1	EGOgift_MirrorDungeon-StoryTheme_2.json
W Corp. Standard Issue Cap	W公司制式帽子	0	1	EGOgift_MirrorDungeon-mowe-re.json
Cleanup Agent Gear Set C	C型清扫人员装备套组	0	1	EGOgift_MirrorDungeon-mowe-re.json
Bloody Flesh, Fleshy Blood	由血而成之肉，由肉而成之血	0	1	EGOgift_MirrorDungeon-mowe-re.json
Discarded Dimensional Gauntlet++	被遗落的次元护手++	0	1	EGOgift_MirrorDungeon-mowe-re.json
Blue Starshard++	蓝星碎片++	0	1	EGOgift_MirrorDungeon-mowe-re.json
Hellterfly’s Dream++	地狱蝶之梦++	0	1	EGOgift_MirrorDungeon.json
Ashes to Ashes++	尘归尘++	0	1	EGOgift_MirrorDungeon.json
Wound Clerid++	拟伤虫++	0	1	EGOgift_MirrorDungeon.json
Fiery Down++	炽热的羽毛++	0	1	EGOgift_MirrorDungeon.json
Bloody Gadget++	鲜血装饰++	0	1	EGOgift_MirrorDungeon.json
Talisman Bundle++	成捆的符咒++	0	1	EGOgift_MirrorDungeon.json
Blood, Sweat, and Tears++	膏血++	0	1	EGOgift_MirrorDungeon.json
Green Spirit++	绿光果实++	0	1	EGOgift_MirrorDungeon.json
Crown of Roses++	玫瑰王冠++	0	1	EGOgift_MirrorDungeon.json
White Gossypium++	白棉花++	0	1	EGOgift_MirrorDungeon.json
Thunderbranch++	雷击木++	0	1	EGOgift_MirrorDungeon.json
Lowest Star++	谷底之星++	0	1	EGOgift_MirrorDungeon.json
Nixie Divergence++	辉光变动仪++	0	1	EGOgift_MirrorDungeon.json
Voodoo Doll++	巫毒娃娃++	0	1	EGOgift_MirrorDungeon.json
Carmilla++	卡蜜拉++	0	1	EGOgift_MirrorDungeon.json
Red Order++	赤色指令++	0	1	EGOgift_MirrorDungeon.json
Smokes and Wires++	烟霾与铁丝网++	0	1	EGOgift_MirrorDungeon.json
Employee Card++	员工证++	0	1	EGOgift_MirrorDungeon.json
Oscillating Bracelet++	震荡手环++	0	1	EGOgift_MirrorDungeon.json
Glimpse of Flames++	炎鳞++	0	1	EGOgift_MirrorDungeon.json
Barbed Lasso++	荆棘套索++	0	1	EGOgift_MirrorDungeon.json
Rusted Cutting Knife++	锈蚀的美工刀++	0	1	EGOgift_MirrorDungeon.json
Thorny Path++	荆棘之路++	0	1	EGOgift_MirrorDungeon.json
Red-stained Gossypium++	红染棉花++	0	1	EGOgift_MirrorDungeon.json
Stone Tomb++	石冢++	0	1	EGOgift_MirrorDungeon.json
Portable Battery Socket++	便携式电源插座++	0	1	EGOgift_MirrorDungeon.json
Dust to Dust++	土归土++	0	1	EGOgift_MirrorDungeon.json
Downpour++	暴雨++	0	1	EGOgift_MirrorDungeon.json
Thrill++	快感++	0	1	EGOgift_MirrorDungeon.json
Curriculum Vitae++	简历++	0	1	EGOgift_MirrorDungeon.json
Pendant of Nostalgia++	追忆吊坠++	0	1	EGOgift_MirrorDungeon.json
Artistic Sense++	美感++	0	1	EGOgift_MirrorDungeon.json
Nebulizer++	雾化吸入器++	0	1	EGOgift_MirrorDungeon.json
Wrist Guards++	护腕++	0	1	EGOgift_MirrorDungeon.json
Clear Mirror, Calm Water++	明镜止水++	0	1	EGOgift_MirrorDungeon.json
Lightning Rod++	避雷针++	0	1	EGOgift_MirrorDungeon.json
Endorphin Kit++	内啡肽试剂组++	0	1	EGOgift_MirrorDungeon.json
Headless Portrait++	无头肖像++	0	1	EGOgift_MirrorDungeon.json
Charge-type Gloves++	充能式手套++	0	1	EGOgift_MirrorDungeon.json
Piece of Relationship++	缘分残片++	0	1	EGOgift_MirrorDungeon.json
Burning Intellect++	炽热的智慧++	0	1	EGOgift_MirrorDungeon.json
Rusted Muzzle++	锈蚀的笼头++	0	1	EGOgift_MirrorDungeon.json
Bell of Truth++	真理之钟++	0	1	EGOgift_MirrorDungeon.json
Fluorescent Lamp++	荧光灯++	0	1	EGOgift_MirrorDungeon.json
Broken Compass++	破碎罗盘++	0	1	EGOgift_MirrorDungeon.json
Ornamental Horseshoe++	马蹄铁饰物++	0	1	EGOgift_MirrorDungeon.json
Material Interference Force Field++	物理屏蔽力场++	0	1	EGOgift_MirrorDungeon.json
Melted Paraffin++	熔化的石蜡++	0	1	EGOgift_MirrorDungeon.json
Polarization++	偏振光++	0	1	EGOgift_MirrorDungeon.json
Pain of Stifled Rage++	郁火++	0	1	EGOgift_MirrorDungeon.json
Arrested Hymn++	被扣留的颂歌++	0	1	EGOgift_MirrorDungeon.json
Tangled Bundle++	纠缠捆束++	0	1	EGOgift_MirrorDungeon.json
Awe++	敬畏++	0	1	EGOgift_MirrorDungeon.json
Bio-venom Vial++	生物剧毒药瓶++	0	1	EGOgift_MirrorDungeon.json
Venomous Skin++	剧毒外皮++	0	1	EGOgift_MirrorDungeon.json
Sour Liquor Aroma++	酸味的酒香++	0	1	EGOgift_MirrorDungeon.json
Ragged Umbrella++	破损的雨伞++	0	1	EGOgift_MirrorDungeon.json
Eldtree Snare++	古木陷阱++	0	1	EGOgift_MirrorDungeon.json
Rags++	破布++	0	1	EGOgift_MirrorDungeon.json
Grandeur++	庄严++	0	1	EGOgift_MirrorDungeon.json
Devil's Share++	魔鬼所享++	0	1	EGOgift_MirrorDungeon.json
Emerald Elytra++	绿色鞘翅++	0	1	EGOgift_MirrorDungeon.json
Old Wooden Doll++	陈旧的木雕人偶++	0	1	EGOgift_MirrorDungeon.json
UPS System++	不间断电源装置++	0	1	EGOgift_MirrorDungeon.json
Uncapped Defibrilator++	解除限制的除颤仪++	0	1	EGOgift_MirrorDungeon.json
Patrolling Flashlight++	巡逻用手电筒++	0	1	EGOgift_MirrorDungeon.json
Scalpel++	手术用刀++	0	1	EGOgift_MirrorDungeon.json
Deceptive Accord++	虚饰的和平++	0	1	EGOgift_MirrorDungeon.json
Tailor's Scissors++	裁缝用剪刀++	0	1	EGOgift_MirrorDungeon.json
Resolution++	决意++	0	1	EGOgift_MirrorDungeon.json
Moment of Sentencing++	宣判之刻++	0	1	EGOgift_MirrorDungeon.json
Carpenter's Nail++	木工用长钉++	0	1	EGOgift_MirrorDungeon.json
Once, A Blessing++	曾经的祝福++	0	1	EGOgift_MirrorDungeon.json
Torn Bandolier++	撕裂的弹带++	0	1	EGOgift_MirrorDungeon.json
Keenbranch++	磨尖的树枝++	0	1	EGOgift_MirrorDungeon.json
Burial Curse++	作祟++	0	1	EGOgift_MirrorDungeon.json
Compression Bandage++	加压绷带++	0	1	EGOgift_MirrorDungeon.json
Temporal Bridle++	时间的枷锁++	0	1	EGOgift_MirrorDungeon.json
Clasped Sculpture++	紧握的雕像++	0	1	EGOgift_MirrorDungeon.json
Reverberation++	残响++	0	1	EGOgift_MirrorDungeon.json
Smoking Gunpowder++	有烟火药++	0	1	EGOgift_MirrorDungeon.json
Recollection of a Certain Day	某日的记忆	0	1	EGOgift_MirrorDungeon.json
Layered Bandages+	重叠的创可贴+	0	1	EGOgift_MirrorDungeon.json
Short Cane Sword++	拐杖短剑++	0	1	EGOgift_MirrorDungeon.json
Cloudpattern Gourd Bottle++	云纹鹤颈瓶++	0	1	EGOgift_MirrorDungeon.json
Plume of Proof++	见证的羽饰++	0	1	EGOgift_MirrorDungeon.json
Torn Hems++	磨破的衣袖++	0	1	EGOgift_MirrorDungeon.json
Pocket Flashcards++	口袋助记卡++	0	1	EGOgift_MirrorDungeon.json
For You Who Love the City	献给热爱都市的你	0	1	EGOgift_MirrorDungeon_7.json
Meat Tenderizer++	松肉锤++	0	1	EGOgift_MirrorDungeon_7.json
The End of all Evil	万恶之终结	0	1	EGOgift_MirrorDungeon_7.json
Uniform - Liu Assoc.	制式服装-六协会	0	1	EGOgift_MirrorDungeon_7.json
Omni-tool++	万能工具++	0	1	EGOgift_MirrorDungeon_7.json
The Spider's Thread++	蜘蛛网++	0	1	EGOgift_MirrorDungeon_7.json
The Book of Vengeance: Annex	复仇账簿：附录	0	1	EGOgift_MirrorDungeon_7.json
Clappity Clap!	拍手啪啪！	0	1	EGOgift_MirrorDungeon_7.json
N Corp. Service des Clous Briefcase	N公司定格小队的包	0	1	EGOgift_MirrorDungeon_7.json
The Book of the Homeland Swordplay [本國劍譜]	本国剑谱	0	1	EGOgift_MirrorDungeon_7.json
Bloodied Mask of a Devotee	染血信徒面具	0	1	EGOgift_StoryDungeon.json
Old Warehouse’s Key	破旧仓库的钥匙	0	1	EGOgift_StoryDungeon.json
Ritualist’s Right	仪式资格	0	1	EGOgift_StoryDungeon.json
Piece of a Torn Spring	破碎之春的残片	0	1	EGOgift_StoryDungeon.json
Piece of a Torn Summer	破碎之夏的残片	0	1	EGOgift_StoryDungeon.json
Piece of a Torn Autumn	破碎之秋的残片	0	1	EGOgift_StoryDungeon.json
Piece of a Torn Winter	破碎之冬的残片	0	1	EGOgift_StoryDungeon.json
Artwork: Pulsation	作品：跃动	0	1	EGOgift_TwiningThreads.json
Artwork: Ferity	作品：野性	0	1	EGOgift_TwiningThreads.json
Artwork: Evolving Pulsation	杰作：正在进化的跃动	0	1	EGOgift_TwiningThreads.json
Artwork: Taxidermied Ferity	杰作：制成标本的野性	0	1	EGOgift_TwiningThreads.json
Searing Brass++	灼热的铜管++	0	1	EGOgift_TwiningThreads.json
The Memory of Kong Family Annihilation	孔灭日的记忆	0	1	EGOgift_a1c8p2.json
Red Cloth that Closes the Heart	蒙蔽心扉的红布	0	1	EGOgift_cultivation.json
Virtue - Zhi (智)	品德 - 智	0	1	EGOgift_cultivation.json
Virtue - Yong (勇)	品德 - 勇	0	1	EGOgift_cultivation.json
Virtue - Ren (仁)	品德 - 仁	0	1	EGOgift_cultivation.json
Cultivation: Cut, File, Carve, Polish	切磋琢磨	0	1	EGOgift_cultivation.json
Shaoxing Wine++	绍兴酒++	0	1	EGOgift_cultivation.json
Trial Extraction : A.B.S	试验提取：红艳煞	0	1	EGOgift_lcbcheckup-re.json
Trial Extraction : Lantern	试验提取：提灯	0	1	EGOgift_lcbcheckup-re.json
Modified Extraction : AEDD	变形提取：AEDD	0	1	EGOgift_lcbcheckup-re.json
Spicebush, Glasses, and Mailed Letter	山茶花、眼镜和送达的信	0	1	EGOgift_lcbcheckup-re.json
A Small, Lovely Violin	小巧而精致的小提琴	0	1	EGOgift_lcbcheckup-re.json
ENTER: The B.B.	幼·兄登场	0	1	EGOgift_night-clean-up-re.json
Heishou Bolus - Mao	黑兽丸 - 卯	0	1	EGOgift_night-clean-up-re.json
Interlinked Time++	交织的时间++	0	1	EGOgift_tktRe.json
Emergency Investigator Badge++	紧急授予型搜查官徽章++	0	1	EGOgift_tktRe.json
Entanglement Override Sequencer++	强制纠缠定序器++	0	1	EGOgift_tktRe.json
Spent Use, Forming Hate	可用之处已尽，郁积的憎恶	0	1	EGOgift_walpu6.json
Harmonics++	泛音++	0	1	EGOgift_walpu8.json
Walking Bass++	行进贝斯++	0	1	EGOgift_walpu8.json
Stubborn Öufi Fixer	顽固的Öufi协会收尾人	0	1	Enemies-a1c6p2.json
Precise Öufi Fixer	严谨的Öufi协会收尾人	0	1	Enemies-a1c6p2.json
Josephine of the Wild Hunt	狂猎 约瑟芬	0	1	Enemies-a1c6p3.json
Hindley of the Wild Hunt	狂猎 亨德利	0	1	Enemies-a1c6p3.json
Linton of the Wild Hunt	狂猎 林顿	0	1	Enemies-a1c6p3.json
The Reaved Lamenter of the Wild Hunt	狂猎 因被夺取而哭嚎的亨德利	0	1	Enemies-a1c6p3.json
Left Hand of Every Catherine	所有凯瑟琳 左手	0	1	Enemies-a1c6p3.json
Right Hand of Every Catherine	所有凯瑟琳 右手	0	1	Enemies-a1c6p3.json
Cinq West Section 3 Camille	Cinq协会西部3科 卡米尔	0	1	Enemies-a1c7p1.json
"Ghost" Bloodfiend of Failed Penitence	扮演不知悔改的幽灵的血魔	0	1	Enemies-a1c7p2.json
"Ghost" Bloodfiend of Prayers	扮演祈祷的幽灵的血魔	0	1	Enemies-a1c7p2.json
Monster from the Gorged and Devoured Jar of Loneliness	互相吞食的蛊毒瓮怪物	0	1	Enemies-a1c8p1.json
Swift N Corp. E.G.O::Sticking	敏捷的N公司E.G.O::黏稠	0	1	Enemies-a1c8p3.json
Nimble N Corp. E.G.O::Sticking	灵敏的N公司E.G.O::黏稠	0	1	Enemies-a1c8p3.json
Rigid Soldato of the Thumb	穿戴整齐的拇指士兵	0	1	Enemies-a1c8p3.json
N Corp. E.G.O::Contempt, Awe Jia Huan	N公司 E.G.O::轻蔑，敬畏 贾环	0	1	Enemies-a1c8p3.json
N Corp. E.G.O::Fell Bullet Gubo	N公司 E.G.O::凶弹 仇甫	0	1	Enemies-a1c8p3.json
Censored Lobotomy Corp. L3 Agent	被审查的脑叶公司3级员工	0	1	Enemies-a1c971.json
Censored Lobotomy Corp. L3 Agent	被审查的脑叶公司2级员工	0	1	Enemies-a1c971.json
The Pinky Nursefather - ???	小指 父辈 - ???	0	1	Enemies-a1c9p3.json
True Night Drifter of the Drunken Palm	真-醉手夜客	0	1	Enemies-cultivation.json
Heishou Pack - Si : Veilstriker	黑兽 - 巳：隐袭	0	1	Enemies-cultivation.json
Heishou Pack - Si : Shadestriker	黑兽 - 巳：阴袭	0	1	Enemies-cultivation.json
Heishou Pack - Si : Depthstriker	黑兽 - 巳：潜袭	0	1	Enemies-cultivation.json
Ch'unokkun - Incapacitate	推奴人 - 压制	0	1	Enemies-exme.json
Ch'unokkun - Bind	推奴人 - 捕缚	0	1	Enemies-exme.json
Icy N Corp. Class 2 Staff	冷漠的N公司2级员工	0	1	Enemies-exme.json
Reticent N Corp. Class 2 Staff	静默的N公司2级员工	0	1	Enemies-exme.json
Kkomi and Vergilius?	可米与维吉里乌斯？	0	1	Enemies-fools.json
Swift Cultist of the Deep	敏捷的深海教徒	0	1	Enemies-pilgrimage.json
Steadfast Cultist of the Deep	倔强的深海教徒	0	1	Enemies-pilgrimage.json
Heishou Pack - Mao: Featherstriker	黑兽 - 卯：迅击	0	1	Enemies-sweep.json
Heishou Pack - Mao: Umbrastriker	黑兽 - 卯：暗袭	0	1	Enemies-sweep.json
T Corp. Class 3 Collector - Neutralize	T公司 3级征收人员 - 射杀	0	1	Enemies-tkt.json
T Corp. Class 3 Collector - Suppress	T公司 3级征收人员 - 压制	0	1	Enemies-tkt.json
Quiet K Corp. Checkpoint Security	沉默的K公司检查站安保人员	0	1	Enemies.json
Stern K Corp. Checkpoint Security	正经的K公司检查站安保人员	0	1	Enemies.json
Confused K Corp. Checkpoint Security	混乱的K公司检查站安保人员	0	1	Enemies.json
Swamped K Corp. Checkpoint Security	头晕眼花的K公司检查站安保人员	0	1	Enemies.json
Hazed K Corp. Checkpoint Security	窘迫的K公司检查站安保人员	0	1	Enemies.json
Stunned K Corp. Checkpoint Security	眼前一黑的K公司检查站安保人员	0	1	Enemies.json
Reawakened Lobotomy E.G.O::Sloshing	复活的脑叶公司E.G.O::荡漾	0	1	Enemies.json
Imagined T Corp. Class 3 Collector	心象中的T公司3级征收人员	0	1	Enemies.json
Reawakened Lobotomy E.G.O::Red Sheet - Marile	复活的脑叶公司E.G.O::朱符 - 马里勒	0	1	Enemies.json
Shaking K Corp. Checkpoint Security	颤抖的K公司检查站安保人员	0	1	Enemies.json
Timid K Corp. Checkpoint Security	警惕的K公司检查站安保人员	0	1	Enemies.json
K Corp. Class 3 Empowered Staff	K公司3级员工-强化	0	1	Enemies_Refraction.json
Refracted So That No One Will Cry	折射的因而无人哭泣	0	1	Enemies_Refraction2.json
Refracted Whale of the Porous Hand Mermaid	折射的穴掌鲸人鱼	0	1	Enemies_Refraction3.json
Refracted Whale of the Porous Hand Soldier Mermaid	折射的穴掌鲸 士兵人鱼	0	1	Enemies_Refraction3.json
Refracted Twinhook Pirates First Mate Smee	折射的双钩海盗团大副 斯米	0	1	Enemies_Refraction3.json
Refracted Pallid and Blue Mermaid	折射的苍白而泛青的人鱼	0	1	Enemies_Refraction3.json
Refracted Whale of the Thousand Strands Mermaid	折射的千缕鲸人鱼	0	1	Enemies_Refraction3.json
Refracted Portrait of a Certain Day	折射的某日的肖像	0	1	Enemies_Refraction4.json
Refracted Enamored Researcher of the Ring?	折射的忘我的环指研究员？	0	1	Enemies_Refraction4.json
Refracted Mad Researcher of the Ring?	折射的发狂的环指研究员？	0	1	Enemies_Refraction4.json
Refracted Pointillist Researcher of the Ring?	折射的点彩派环指研究员？	0	1	Enemies_Refraction4.json
Refracted Hindley, The Reaved Lamenter	折射的因被夺取而哭嚎的亨德利	0	1	Enemies_Refraction4.json
Refracted Swift Edgar Family Butler	折射的灵敏的埃德加家族管家	0	1	Enemies_Refraction4.json
Refracted Fast Edgar Family Butler	折射的迅捷的埃德加家族管家	0	1	Enemies_Refraction4.json
Refracted Shifty Edgar Family Butler	折射的诡诈的埃德加家族管家	0	1	Enemies_Refraction4.json
Refracted Trained Edgar Family Butler	折射的熟练的埃德加家族管家	0	1	Enemies_Refraction4.json
Refracted Hostile Wuthering Heights Butler	折射的险恶的呼啸山庄管家	0	1	Enemies_Refraction4.json
Refracted Trained Wuthering Heights Butler	折射的受训的呼啸山庄管家	0	1	Enemies_Refraction4.json
The Refracted King in Binds	折射的受缚之王	0	1	Enemies_Refraction4.json
Refracted Kurokumo Clan Captain Jun	折射的黑云会 副会长 俊	0	1	Enemies_Refraction4.json
Refracted Peccatulum Invidiae?	折射的嫉妒罪种?	0	1	Enemies_Refraction4.json
Refracted Der Fluchschütze	折射的凶弹射手	0	1	Enemies_Refraction5.json
Refracted Old G Corp. Head Manager	折射的旧G公司部长	0	1	Enemies_Refraction5.json
Refracted Bloodbag of the Painful Parade	折射的痛苦的游行血袋	0	1	Enemies_Refraction5.json
Refracted Bloodbag of the Rear Parade	折射的紧随其后的游行血袋	0	1	Enemies_Refraction5.json
Refracted Bloodfiend of the Happy Parade	折射的幸福的游行血魔	0	1	Enemies_Refraction5.json
Refracted Bloodfiend of the Joyful Parade	折射的快乐的游行血魔	0	1	Enemies_Refraction5.json
Refracted Combative Fanghunt Office Fixer	折射的好斗的猎牙事务所收尾人	0	1	Enemies_Refraction5.json
Refracted Prideful Fanghunt Office Fixer	折射的心高气傲的猎牙事务所收尾人	0	1	Enemies_Refraction5.json
Refracted Peccatulum Pigritiae??	折射的怠惰罪种??	0	1	Enemies_Refraction5.json
Refracted Peccatulum Morositatis??	折射的忧郁罪种??	0	1	Enemies_Refraction5.json
Refracted Peccatulum Irae??	折射的暴怒罪种??	0	1	Enemies_Refraction5.json
Refracted Butterfly of Entangled Lives::The Pupa	折射的罗生蝶::蛹	0	1	Enemies_Refraction6.json
Refracted Illusory Butterfly of Entangled Lives::The Past	折射的罗生蝶幻影::过去	0	1	Enemies_Refraction6.json
Refracted Illusory Butterfly of Entangled Lives::The Future	折射的罗生蝶幻影::未来	0	1	Enemies_Refraction6.json
Refracted Butterfly of Entangled Lives::Imago	折射的罗生蝶::蝶	0	1	Enemies_Refraction6.json
Refracted Will You Play?	折射的玩吗？	0	1	Enemies_Refraction6.json
Refracted Hongyu, the Crimson Jade [紅玉]	折射的红玉	0	1	Enemies_Refraction6.json
The Refracted Pinky Nursefather - Shiomi Yoru	折射的小指 父辈 - 盐见夜	0	1	Enemies_Refraction6.json
The Refracted Ring Nursefather - Callisto	折射的环指 父辈 - 卡利斯托	0	1	Enemies_Refraction6.json
The Refracted Ring Apprentice - Albina	折射的环指 子辈 - 阿尔比娜	0	1	Enemies_Refraction6.json
[Season 4] 3★ Guarantee Decaextraction Ticket	[第4赛季]3★人格必得十连提取券	0	1	Items-a1c6.json
[Season 4] Egoshard Crate	[第4赛季]自我碎片箱	0	1	Items-a1c6.json
[Season 4] Nominable Egoshard Crate	[第4赛季]自我碎片自选箱	0	1	Items-a1c6.json
[Season 4] Yi Sang’s Egoshard	[第4赛季]自我碎片-李箱	0	1	Items-a1c6.json
[Season 4] Faust’s Egoshard	[第4赛季]自我碎片-浮士德	0	1	Items-a1c6.json
[Season 4] Don Quixote’s Egoshard	[第4赛季]自我碎片-堂吉诃德	0	1	Items-a1c6.json
[Season 4] Ryōshū’s Egoshard	[第4赛季]自我碎片-良秀	0	1	Items-a1c6.json
[Season 4] Meursault’s Egoshard	[第4赛季]自我碎片-默尔索	0	1	Items-a1c6.json
[Season 4] Hong Lu’s Egoshard	[第4赛季]自我碎片-鸿璐	0	1	Items-a1c6.json
[Season 4] Heathcliff’s Egoshard	[第4赛季]自我碎片-希斯克利夫	0	1	Items-a1c6.json
[Season 4] Ishmael’s Egoshard	[第4赛季]自我碎片-以实玛利	0	1	Items-a1c6.json
[Season 4] Rodion's Egoshard	[第4赛季]自我碎片-罗佳	0	1	Items-a1c6.json
[Season 4] Sinclair’s Egoshard	[第4赛季]自我碎片-辛克莱	0	1	Items-a1c6.json
[Season 4] Outis’s Egoshard	[第4赛季]自我碎片-奥提斯	0	1	Items-a1c6.json
[Season 4] Gregor’s Egoshard	[第4赛季]自我碎片-格里高尔	0	1	Items-a1c6.json
Season 4 [Selected Sinner]’s Egoshard	第4赛季 [选择的罪人] 自我碎片	0	1	Items-a1c6.json
[Season 5] 3★ Guarantee Decaextraction Ticket	[第5赛季]3★人格必得十连提取券	0	1	Items-a1c7p1.json
[Season 5] Egoshard Crate	[第5赛季]自我碎片箱	0	1	Items-a1c7p1.json
[Season 5] Nominable Egoshard Crate	[第5赛季]自我碎片自选箱	0	1	Items-a1c7p1.json
[Season 5] Yi Sang’s Egoshard	[第5赛季]自我碎片-李箱	0	1	Items-a1c7p1.json
[Season 5] Faust’s Egoshard	[第5赛季]自我碎片-浮士德	0	1	Items-a1c7p1.json
[Season 5] Don Quixote’s Egoshard	[第5赛季]自我碎片-堂吉诃德	0	1	Items-a1c7p1.json
[Season 5] Ryōshū’s Egoshard	[第5赛季]自我碎片-良秀	0	1	Items-a1c7p1.json
[Season 5] Meursault’s Egoshard	[第5赛季]自我碎片-默尔索	0	1	Items-a1c7p1.json
[Season 5] Hong Lu’s Egoshard	[第5赛季]自我碎片-鸿璐	0	1	Items-a1c7p1.json
[Season 5] Heathcliff’s Egoshard	[第5赛季]自我碎片-希斯克利夫	0	1	Items-a1c7p1.json
[Season 5] Ishmael’s Egoshard	[第5赛季]自我碎片-以实玛利	0	1	Items-a1c7p1.json
[Season 5] Rodion's Egoshard	[第5赛季]自我碎片-罗佳	0	1	Items-a1c7p1.json
[Season 5] Sinclair’s Egoshard	[第5赛季]自我碎片-辛克莱	0	1	Items-a1c7p1.json
[Season 5] Outis’s Egoshard	[第5赛季]自我碎片-奥提斯	0	1	Items-a1c7p1.json
[Season 5] Gregor’s Egoshard	[第5赛季]自我碎片-格里高尔	0	1	Items-a1c7p1.json
Season 5 Uptie & Threadspinning only Shard (Universal)	第5赛季同步&异想解析专用碎片（通用）	0	1	Items-a1c7p1.json
Season 5 [Selected Sinner]’s Egoshard	第5赛季 [选择的罪人] 自我碎片	0	1	Items-a1c7p1.json
[Season 6] 3★ Guarantee Decaextraction Ticket	[第6赛季]3★人格必得十连提取券	0	1	Items-a1c8p1.json
[Season 6] Egoshard Crate	[第6赛季]自我碎片箱	0	1	Items-a1c8p1.json
[Season 6] Nominable Egoshard Crate	[第6赛季]自我碎片自选箱	0	1	Items-a1c8p1.json
[Season 6] Yi Sang’s Egoshard	[第6赛季]自我碎片-李箱	0	1	Items-a1c8p1.json
[Season 6] Faust’s Egoshard	[第6赛季]自我碎片-浮士德	0	1	Items-a1c8p1.json
[Season 6] Don Quixote’s Egoshard	[第6赛季]自我碎片-堂吉诃德	0	1	Items-a1c8p1.json
[Season 6] Ryōshū’s Egoshard	[第6赛季]自我碎片-良秀	0	1	Items-a1c8p1.json
[Season 6] Meursault’s Egoshard	[第6赛季]自我碎片-默尔索	0	1	Items-a1c8p1.json
[Season 6] Hong Lu’s Egoshard	[第6赛季]自我碎片-鸿璐	0	1	Items-a1c8p1.json
[Season 6] Heathcliff’s Egoshard	[第6赛季]自我碎片-希斯克利夫	0	1	Items-a1c8p1.json
[Season 6] Ishmael’s Egoshard	[第6赛季]自我碎片-以实玛利	0	1	Items-a1c8p1.json
[Season 6] Rodion's Egoshard	[第6赛季]自我碎片-罗佳	0	1	Items-a1c8p1.json
[Season 6] Sinclair’s Egoshard	[第6赛季]自我碎片-辛克莱	0	1	Items-a1c8p1.json
[Season 6] Outis’s Egoshard	[第6赛季]自我碎片-奥提斯	0	1	Items-a1c8p1.json
[Season 6] Gregor’s Egoshard	[第6赛季]自我碎片-格里高尔	0	1	Items-a1c8p1.json
Season 6 Uptie & Threadspinning only Shard (Universal)	第6赛季同步&异想解析专用碎片（通用）	0	1	Items-a1c8p1.json
Season 6 [Selected Sinner]’s Egoshard	第6赛季 [选择的罪人] 自我碎片	0	1	Items-a1c8p1.json
[Season 7] 3★ Guarantee Decaextraction Ticket	[第7赛季]3★人格必得十连提取券	0	1	Items-a1c9p1.json
[Season 7] Egoshard Crate	[第7赛季]自我碎片箱	0	1	Items-a1c9p1.json
[Season 7] Yi Sang’s Egoshard	[第7赛季]自我碎片-李箱	0	1	Items-a1c9p1.json
[Season 7] Faust’s Egoshard	[第7赛季]自我碎片-浮士德	0	1	Items-a1c9p1.json
[Season 7] Don Quixote’s Egoshard	[第7赛季]自我碎片-堂吉诃德	0	1	Items-a1c9p1.json
[Season 7] Ryōshū’s Egoshard	[第7赛季]自我碎片-良秀	0	1	Items-a1c9p1.json
[Season 7] Meursault’s Egoshard	[第7赛季]自我碎片-默尔索	0	1	Items-a1c9p1.json
[Season 7] Hong Lu’s Egoshard	[第7赛季]自我碎片-鸿璐	0	1	Items-a1c9p1.json
[Season 7] Heathcliff’s Egoshard	[第7赛季]自我碎片-希斯克利夫	0	1	Items-a1c9p1.json
[Season 7] Ishmael’s Egoshard	[第7赛季]自我碎片-以实玛利	0	1	Items-a1c9p1.json
[Season 7] Rodion's Egoshard	[第7赛季]自我碎片-罗佳	0	1	Items-a1c9p1.json
[Season 7] Sinclair’s Egoshard	[第7赛季]自我碎片-辛克莱	0	1	Items-a1c9p1.json
[Season 7] Outis’s Egoshard	[第7赛季]自我碎片-奥提斯	0	1	Items-a1c9p1.json
[Season 7] Gregor’s Egoshard	[第7赛季]自我碎片-格里高尔	0	1	Items-a1c9p1.json
Season 7 Uptie & Threadspinning only Shard (Universal)	第7赛季同步&异想解析专用碎片（通用）	0	1	Items-a1c9p1.json
Season 7 [Selected Sinner]’s Egoshard	第7赛季 [选择的罪人] 自我碎片	0	1	Items-a1c9p1.json
[Season 1] 3★ Guarantee Decaextraction Ticket	[第1赛季]3★人格必得十连提取券	0	1	Items.json
[Season 2] 3★ Guarantee Decaextraction Ticket	[第2赛季]3★人格必得十连提取券	0	1	Items.json
[Season 3] 3★ Guarantee Decaextraction Ticket	[第3赛季]3★人格必得十连提取券	0	1	Items.json
[Season 1] Egoshard Crate	[第1赛季]自我碎片箱	0	1	Items.json
[Season 1] Nominable Egoshard Crate	[第1赛季]自我碎片自选箱	0	1	Items.json
[Season 2] Egoshard Crate	[第2赛季]自我碎片箱	0	1	Items.json
[Season 2] Nominable Egoshard Crate	[第2赛季]自我碎片自选箱	0	1	Items.json
[Season 3] Egoshard Crate	[第3赛季]自我碎片箱	0	1	Items.json
[Season 1] Yi Sang’s Egoshard	[第1赛季]自我碎片-李箱	0	1	Items.json
[Season 1] Faust’s Egoshard	[第1赛季]自我碎片-浮士德	0	1	Items.json
[Season 1] Don Quixote’s Egoshard	[第1赛季]自我碎片-堂吉诃德	0	1	Items.json
[Season 1] Ryōshū’s Egoshard	[第1赛季]自我碎片-良秀	0	1	Items.json
[Season 1] Meursault’s Egoshard	[第1赛季]自我碎片-默尔索	0	1	Items.json
[Season 1] Hong Lu’s Egoshard	[第1赛季]自我碎片-鸿璐	0	1	Items.json
[Season 1] Heathcliff’s Egoshard	[第1赛季]自我碎片-希斯克利夫	0	1	Items.json
[Season 1] Ishmael’s Egoshard	[第1赛季]自我碎片-以实玛利	0	1	Items.json
[Season 1] Rodion’s Egoshard	[第1赛季]自我碎片-罗佳	0	1	Items.json
[Season 1] Sinclair’s Egoshard	[第1赛季]自我碎片-辛克莱	0	1	Items.json
[Season 1] Outis’s Egoshard	[第1赛季]自我碎片-奥提斯	0	1	Items.json
[Season 1] Gregor’s Egoshard	[第1赛季]自我碎片-格里高尔	0	1	Items.json
Season 1 [Selected Sinner]’s Egoshard	第1赛季 [选择的罪人] 自我碎片	0	1	Items.json
[Season 2] Yi Sang’s Egoshard	[第2赛季]自我碎片-李箱	0	1	Items.json
[Season 2] Faust’s Egoshard	[第2赛季]自我碎片-浮士德	0	1	Items.json
[Season 2] Don Quixote’s Egoshard	[第2赛季]自我碎片-堂吉诃德	0	1	Items.json
[Season 2] Ryōshū’s Egoshard	[第2赛季]自我碎片-良秀	0	1	Items.json
[Season 2] Meursault’s Egoshard	[第2赛季]自我碎片-默尔索	0	1	Items.json
[Season 2] Hong Lu’s Egoshard	[第2赛季]自我碎片-鸿璐	0	1	Items.json
[Season 2] Heathcliff’s Egoshard	[第2赛季]自我碎片-希斯克利夫	0	1	Items.json
[Season 2] Ishmael’s Egoshard	[第2赛季]自我碎片-以实玛利	0	1	Items.json
[Season 2] Rodion’s Egoshard	[第2赛季]自我碎片-罗佳	0	1	Items.json
[Season 2] Sinclair’s Egoshard	[第2赛季]自我碎片-辛克莱	0	1	Items.json
[Season 2] Outis’s Egoshard	[第2赛季]自我碎片-奥提斯	0	1	Items.json
[Season 2] Gregor’s Egoshard	[第2赛季]自我碎片-格里高尔	0	1	Items.json
[Season 3] Yi Sang’s Egoshard	[第3赛季]自我碎片-李箱	0	1	Items.json
[Season 3] Faust’s Egoshard	[第3赛季]自我碎片-浮士德	0	1	Items.json
[Season 3] Don Quixote’s Egoshard	[第3赛季]自我碎片-堂吉诃德	0	1	Items.json
[Season 3] Ryōshū’s Egoshard	[第3赛季]自我碎片-良秀	0	1	Items.json
[Season 3] Meursault’s Egoshard	[第3赛季]自我碎片-默尔索	0	1	Items.json
[Season 3] Hong Lu’s Egoshard	[第3赛季]自我碎片-鸿璐	0	1	Items.json
[Season 3] Heathcliff’s Egoshard	[第3赛季]自我碎片-希斯克利夫	0	1	Items.json
[Season 3] Ishmael’s Egoshard	[第3赛季]自我碎片-以实玛利	0	1	Items.json
[Season 3] Rodion’s Egoshard	[第3赛季]自我碎片-罗佳	0	1	Items.json
[Season 3] Sinclair’s Egoshard	[第3赛季]自我碎片-辛克莱	0	1	Items.json
[Season 3] Outis’s Egoshard	[第3赛季]自我碎片-奥提斯	0	1	Items.json
[Season 3] Gregor’s Egoshard	[第3赛季]自我碎片-格里高尔	0	1	Items.json
Season 2 [Selected Sinner]’s Egoshard	第2赛季 [选择的罪人] 自我碎片	0	1	Items.json
Nominable S1 Battle Pass E.G.O Ticket	第1赛季通行证E.G.O自选券	0	1	Items.json
Season 4 Uptie & Threadspinning only Shard (Universal)	第4赛季同步&异想解析专用碎片（通用）	0	1	Items.json
Starlight of Names and Spiders	名与蛛的星芒	0	1	Items.json
Nominable Announcer Ticket [Yisang Exchange]	播报员自选券[理想兑换]	0	1	Items.json
Gain a random Tier {0} E.G.O Gift	随机获得一件{0}级E.G.O饰品	0	1	MirrorDungeonBattleRewardCase.json
E.G.O Resource +{1} for {0} different Affinities	随机{0}种E.G.O资源各+{1}	0	1	MirrorDungeonBattleRewardCase.json
E.G.O Resource +{1} for {0} of the least-owned Affinities	最少的{0}种E.G.O资源各+{1}	0	1	MirrorDungeonBattleRewardCase.json
Mirror of Mirrors - Normal	镜中之镜 - 普通	0	1	MirrorDungeonName.json
Mirror of Mirrors - Hard	镜中之镜 - 困难	0	1	MirrorDungeonName.json
Mirror of the Lake - Normal	湖之镜 - 普通	0	1	MirrorDungeonName.json
Mirror of the Lake - Hard	湖之镜 - 困难	0	1	MirrorDungeonName.json
Mirror of the Wuthering - Simulation	呼啸之镜 - 模拟	0	1	MirrorDungeonName.json
Mirror of the Wuthering - Ritornello	呼啸之镜 - Ritornello	0	1	MirrorDungeonName.json
Mirror of the Dreaming [NORMAL]	梦中之镜[普通]	0	1	MirrorDungeonName.json
Mirror of the Dreaming [HARD]	梦中之镜[困难]	0	1	MirrorDungeonName.json
Mirror of Immortality [NORMAL]	永生之镜 [NORMAL]	0	1	MirrorDungeonName.json
Mirror of Immortality [HARD]	永生之镜 [HARD]	0	1	MirrorDungeonName.json
Mirror of Names and Spiders [NORMAL]	名与蛛之镜 [NORMAL]	0	1	MirrorDungeonName.json
Mirror of Names and Spiders [HARD]	名与蛛之镜 [HARD]	0	1	MirrorDungeonName.json
Faith & Erosion	信仰与侵蚀	0	1	MirrorDungeonTheme-1.json
Nest, Workshop, and Technology	巢、工坊、技术	0	1	MirrorDungeonTheme-1.json
Slicers & Dicers	斩切者们	0	1	MirrorDungeonTheme-1.json
Piercers & Penetrators	穿刺者们	0	1	MirrorDungeonTheme-1.json
Crushers & Breakers	粉碎者们	0	1	MirrorDungeonTheme-1.json
Mountain of Corpses, Sea of Blood	尸山血海	0	1	MirrorDungeonTheme-1.json
Line 4 - Section #3	4号线 - 第3区段	0	1	MirrorDungeonTheme-1.json
Line 4 - Section #4	4号线 - 第4区段	0	1	MirrorDungeonTheme-1.json
Line 3 - Terminus	3号线 - 终点站	0	1	MirrorDungeonTheme-1.json
Line 1 : MADNESS	1号线 : 疯狂	0	1	MirrorDungeonTheme-1.json
Complete & Total Extermination	即刻处刑时间	0	1	MirrorDungeonTheme-1.json
The Master of La Manchaland	拉·曼却领之主	0	1	MirrorDungeonTheme-1.json
Choose Identity to Level Up	选择进行升级的人格	0	1	MirrorDungeonUI.json
Will you enhance the selected Identity?	要升级选中的人格吗？	0	1	MirrorDungeonUI.json
Identity Powered Up!	人格已强化！	0	1	MirrorDungeonUI.json
Terminate the ongoing simulation?	要终止正在进行的模拟吗？	0	1	MirrorDungeonUI.json
{0} Simulation Progress	{0} 模拟进度	0	1	MirrorDungeonUI.json
◆ No Rewards	◆ 不会获得奖励	0	1	MirrorDungeonUI.json
{0} Simulation	{0}的模拟	0	1	MirrorDungeonUI.json
Are you sure you wish to proceed?	未装备E.G.O。	0	1	
◆ No Enkephalin Module Cost	◆ 不会消耗脑啡肽模块	0	1	MirrorDungeonUI.json
Level Up #{0}	已达到阶段{0}	0	1	MirrorDungeonUI.json
! Simulating… !	！模拟中	0	1	MirrorDungeonUI.json
Data was lost due to a server error.	由于服务器错误，数据丢失。	0	1	MirrorDungeonUI.json
The selected Sinner heals {0}% HP and {1} SP	所选罪人恢复{0}%体力和{1}点理智值	0	1	MirrorDungeonUI_2.json
All Sinners heal {0}% HP and {1} SP	全体罪人恢复{0}%体力和{1}点理智值	0	1	MirrorDungeonUI_2.json
Pick up a mirror shard amid the crumbs.	拾起在碎屑中发现的镜子碎片。	0	1	MirrorDungeonUI_2.json
Replace {0}'s Skill	替换{0}的技能	0	1	MirrorDungeonUI_2.json
Clear Mirror of Mirrors on Normal to unlock	通过镜中之镜普通难度时解锁	0	1	MirrorDungeonUI_2.json
Mirror Dungeon {0}	镜像迷宫 {0}	0	1	MirrorDungeonUI_2.json
Spend your 「Weekly Bonuses」 to claim the bonus rewards?	要消耗“每周加成”以领取额外奖励吗？	0	1	MirrorDungeonUI_2.json
End expedition without claiming rewards?	要在不领取奖励的情况下结束探索吗？	0	1	MirrorDungeonUI_2.json
The selected Sinner heals {0}% HP	所选罪人恢复{0}%的体力	0	1	MirrorDungeonUI_2.json
All Sinners heal {0}% HP	全体罪人恢复{0}%的体力	0	1	MirrorDungeonUI_2.json
Place the crumb on the table.	将碎屑放到桌面上。	0	1	MirrorDungeonUI_2.json
Clear Main Story 4-54 and Mirror of the Beginning to unlock	通过主线4-54和起始之镜时解锁	0	1	MirrorDungeonUI_2.json
Pick up a mirror shard amid the crumbs.	捡起在碎屑中看到的镜子碎片。	0	1	MirrorDungeonUI_2.json
Place the most tired Sinner in the chair.	让最疲劳的罪人在椅子上休息。	0	1	MirrorDungeonUI_2.json
All Sinners take a seat to rest.	让全体罪人坐在椅子上休息。	0	1	MirrorDungeonUI_2.json
The bizarre and curious things draw your attention.	一些神奇而怪诞的事物吸引了你的注意力。	0	1	MirrorDungeonUI_2.json
You hear something drop with a clang.	你听到什么东西掉落的声音。	0	1	MirrorDungeonUI_2.json
Anything else to buy?	要再买点什么吗？	0	1	MirrorDungeonUI_2.json
Exploring Floor {0}	正在探索第{0}层	0	1	MirrorDungeonUI_2.json
Who should take the rest?	座位并不宽敞。	0	1	
Leave the shop?	要离开商店吗？	0	1	MirrorDungeonUI_2.json
Leave the rest stop?	要离开休息点吗？	0	1	MirrorDungeonUI_2.json
Spend the Cost to deploy the selected Identities and E.G.O?	是否确认花费经费以编入所选人格与E.G.O？	0	1	MirrorDungeonUI_2.json
Activate Challenge Mode?	要激活挑战模式吗？	0	1	MirrorDungeonUI_2.json
- Identity Levels 45	- 人格等级 45	0	1	MirrorDungeonUI_2.json
- E.G.O Threadspin Tier 3	- E.G.O异想解析 3阶段	0	1	MirrorDungeonUI_2.json
- Identity Uptie Tier 3	- 人格同步 3阶段	0	1	MirrorDungeonUI_2.json
- All Starter Buffs Active	- 开局增益全部激活	0	1	MirrorDungeonUI_2.json
Higher Tier Burn Gifts appear	出现烧伤类饰品的概率提高	0	1	MirrorDungeonUI_2.json
Higher Tier Bleed Gifts appear	出现流血类饰品的概率提高	0	1	MirrorDungeonUI_2.json
Higher Tier Tremor Gifts appear	出现震颤类饰品的概率提高	0	1	MirrorDungeonUI_2.json
Higher Tier Rupture Gifts appear	出现破裂类饰品的概率提高	0	1	MirrorDungeonUI_2.json
Higher Tier Sinking Gifts appear	出现沉沦类饰品的概率提高	0	1	MirrorDungeonUI_2.json
Higher Tier Poise Gifts appear	出现呼吸法类饰品的概率提高	0	1	MirrorDungeonUI_2.json
Higher Tier Charge Gifts appear	出现充能类饰品的概率提高	0	1	MirrorDungeonUI_2.json
Higher Tier Random Gifts appear	出现随机饰品的概率提高	0	1	MirrorDungeonUI_2.json
Tier 4+ Gifts appear & Higher Tier Gifts appear	出现4级以上饰品&出现饰品等级提高	0	1	MirrorDungeonUI_2.json
Selectable Burn E.G.O Gift +1	出现的烧伤类饰品数量+1	0	1	MirrorDungeonUI_2.json
Selectable Bleed E.G.O Gift +1	出现的流血类饰品数量+1	0	1	MirrorDungeonUI_2.json
Selectable Tremor E.G.O Gift +1	出现的震颤类饰品数量+1	0	1	MirrorDungeonUI_2.json
Selectable Rupture E.G.O Gift +1	出现的破裂类饰品数量+1	0	1	MirrorDungeonUI_2.json
Selectable Sinking E.G.O Gift +1	出现的沉沦类饰品数量+1	0	1	MirrorDungeonUI_2.json
Selectable Poise E.G.O Gift +1	出现的呼吸法类饰品数量+1	0	1	MirrorDungeonUI_2.json
Selectable Charge E.G.O Gift +1	出现的充能类饰品数量+1	0	1	MirrorDungeonUI_2.json
Selectable Random E.G.O Gift +1	出现的随机饰品数量+1	0	1	MirrorDungeonUI_2.json
Introduce 2 new Burn Gifts	追加出现2款烧伤类饰品	0	1	MirrorDungeonUI_2.json
Introduce 2 new Bleed Gifts	追加出现2款流血类饰品	0	1	MirrorDungeonUI_2.json
Introduce 2 new Tremor Gifts	追加出现2款震颤类饰品	0	1	MirrorDungeonUI_2.json
Introduce 2 new Rupture Gifts	追加出现2款破裂类饰品	0	1	MirrorDungeonUI_2.json
Introduce 2 new Sinking Gifts	追加出现2款沉沦类饰品	0	1	MirrorDungeonUI_2.json
Introduce 2 new Poise Gifts	追加出现2款呼吸法类饰品	0	1	MirrorDungeonUI_2.json
Introduce 2 new Charge Gifts	追加出现2款充能类饰品	0	1	MirrorDungeonUI_2.json
Gain more Cost from Combat Encounters	在战斗中获得的经费增加	0	1	MirrorDungeonUI_2.json
Gain more Cost from Regular Encounters	在常规遭遇战中获得的经费增加	0	1	MirrorDungeonUI_2.json
Gain more Cost from Focused Encounters	在集中遭遇战中获得的经费增加	0	1	MirrorDungeonUI_2.json
Gain more Cost from Risky Encounters	在危险遭遇战中获得的经费增加	0	1	MirrorDungeonUI_2.json
Gain more Cost from Floor Boss Encounters	在阶层头目战中获得的经费增加	0	1	MirrorDungeonUI_2.json
Gift Choice +1	可选择饰品数量+1	0	1	MirrorDungeonUI_2.json
Small chance for a free Refresh	较低概率免费进行刷新	0	1	MirrorDungeonUI_2.json
Small chance for a free Enhance	较低概率免费进行强化	0	1	MirrorDungeonUI_2.json
Cheaper Burn Gift Enhancement Cost	强化烧伤类饰品所需经费减少	0	1	MirrorDungeonUI_2.json
Cheaper Bleed Gift Enhancement Cost	强化流血类饰品所需经费减少	0	1	MirrorDungeonUI_2.json
Cheaper Tremor Gift Enhancement Cost	强化震颤类饰品所需经费减少	0	1	MirrorDungeonUI_2.json
Cheaper Rupture Gift Enhancement Cost	强化破裂类饰品所需经费减少	0	1	MirrorDungeonUI_2.json
Cheaper Sinking Gift Enhancement Cost	强化沉沦类饰品所需经费减少	0	1	MirrorDungeonUI_2.json
Cheaper Poise Gift Enhancement Cost	强化呼吸法类饰品所需经费减少	0	1	MirrorDungeonUI_2.json
Cheaper Charge Gift Enhancement Cost	强化充能类饰品所需经费减少	0	1	MirrorDungeonUI_2.json
Cheaper Burn Gift Purchase Cost	购买烧伤类饰品所需经费减少	0	1	MirrorDungeonUI_2.json
Cheaper Bleed Gift Purchase Cost	购买流血类饰品所需经费减少	0	1	MirrorDungeonUI_2.json
Cheaper Tremor Gift Purchase Cost	购买震颤类饰品所需经费减少	0	1	MirrorDungeonUI_2.json
Cheaper Rupture Gift Purchase Cost	购买破裂类饰品所需经费减少	0	1	MirrorDungeonUI_2.json
Cheaper Sinking Gift Purchase Cost	购买沉沦类饰品所需经费减少	0	1	MirrorDungeonUI_2.json
Cheaper Poise Gift Purchase Cost	购买呼吸法类饰品所需经费减少	0	1	MirrorDungeonUI_2.json
Cheaper Charge Gift Purchase Cost	购买充能类饰品所需经费减少	0	1	MirrorDungeonUI_2.json
Cheaper Keywordless Gift Purchase Cost	购买泛用型饰品所需经费减少	0	1	MirrorDungeonUI_2.json
Deal +4% Slash Damage	斩击伤害+4%	0	1	MirrorDungeonUI_2.json
Deal +4% Pierce Damage	突刺伤害+4%	0	1	MirrorDungeonUI_2.json
Deal +4% Blunt Damage	打击伤害+4%	0	1	MirrorDungeonUI_2.json
Slash Resistance -0.1	斩击抗性-0.1	0	1	MirrorDungeonUI_2.json
Pierce Resistance -0.1	突刺抗性-0.1	0	1	MirrorDungeonUI_2.json
Blunt Resistance -0.1	打击抗性-0.1	0	1	MirrorDungeonUI_2.json
Fuse the selected E.G.O Gifts?	是否合成E.G.O饰品？	0	1	MirrorDungeonUI_3.json
Clear Canto IV to Unlock	通过第4章后解锁	0	1	MirrorDungeonUI_3.json
Summary/Details	概要/详情	0	1	MirrorDungeonUI_3.json
Select the E.G.O Gift you would like to sell.	请选择要售卖的E.G.O饰品。	0	1	MirrorDungeonUI_3.json
Sell [{0}] for {1} Cost?	是否以{1}点经费的售价售卖[{0}]？	0	1	MirrorDungeonUI_3.json
Starter Buffs - Astral Milestones	开局增益 - 星位里程碑	0	1	MirrorDungeonUI_3.json
! Exploring !	! 探索中 !	0	1	MirrorDungeonUI_3.json
Normal Floor {0}	普通难度第{0}层	0	1	MirrorDungeonUI_3.json
※ Difficulty: {0} [x{1}]	※ 难度： {0} [x{1}]	0	1	MirrorDungeonUI_3.json
This E.G.O Gift cannot be Enhanced.	该E.G.O饰品无法强化。	0	1	MirrorDungeonUI_3.json
This E.G.O Gift is already fully Enhanced.	该E.G.O饰品已达到强化极限。	0	1	MirrorDungeonUI_3.json
You need to own at least 2 E.G.O Gifts.	需要至少2件E.G.O饰品。	0	1	MirrorDungeonUI_3.json
You can select only Tier 3 or lower E.G.O Gifts.	只可选择3级以下的E.G.O饰品。	0	1	MirrorDungeonUI_3.json
You cannot sell this E.G.O Gift.	该E.G.O饰品无法售卖。	0	1	MirrorDungeonUI_3.json
Refresh (Once)	刷新（1次）	0	1	MirrorDungeonUI_3.json
Hard Floor {0}	困难{0}层	0	1	MirrorDungeonUI_3.json
This E.G.O Gift cannot be Fused.	该E.G.O饰品无法合成。	0	1	MirrorDungeonUI_3.json
{0} - Featured Theme Packs	{0} - 主题卡包	0	1	MirrorDungeonUI_4.json
Simulation Floor {0}	模拟第{0}层	0	1	MirrorDungeonUI_4.json
Ritornello Floor {0}	Ritornello第{0}层	0	1	MirrorDungeonUI_4.json
Ringing of the New Year's Eve	除夕夜的钟声	0	1	MirrorDungeonUI_4.json
Path of the West Wind	西风归路	0	1	MirrorDungeonUI_4.json
(NOT USED)	(未使用)	0	1	MirrorDungeonUI_4.json
Combining Gifts with the same Keyword	相同关键词的情况	0	1	MirrorDungeonUI_4.json
Combining Gifts when only 2/3 Gifts share the Keyword	有两个关键词相同而一个不同的情况	0	1	MirrorDungeonUI_4.json
Tier 1 + Tier 1 + Tier 1 => Tier 1	1级 + 1级 + 1级 => 1级	0	1	MirrorDungeonUI_4.json
Tier 1 + Tier 1 + Tier 1 => <color=#f8c200>Tier 2</color>	1级 + 1级 + 1级 => <color=#f8c200>2级</color>	0	1	MirrorDungeonUI_4.json
Tier 1 + Tier 1 + Tier 2 => Tier 1	1级 + 1级 + 2级 => 1级	0	1	MirrorDungeonUI_4.json
Tier 1 + Tier 1 + Tier 2 => <color=#f8c200>Tier 2</color>	1级 + 1级 + 2级 => <color=#f8c200>2级</color>	0	1	MirrorDungeonUI_4.json
Tier 1 + Tier 2 + Tier 3 => Tier 2	1级 + 2级 + 3级 => 2级	0	1	MirrorDungeonUI_4.json
Tier 1 + Tier 2 + Tier 3 => <color=#f8c200>Tier 3</color>	1级 + 2级 + 3级 => <color=#f8c200>3级</color>	0	1	MirrorDungeonUI_4.json
Tier 2 + Tier 3 + Tier 3 => Tier 3	2级 + 3级 + 3级 => 3级	0	1	MirrorDungeonUI_4.json
Tier 2 + Tier 3 + Tier 3 => <color=#f8c200>Tier 4</color>	2级 + 3级 + 3级 => <color=#f8c200>4级</color>	0	1	MirrorDungeonUI_4.json
Select Floor {0} Theme Pack	选择{0}层主题卡包	0	1	MirrorDungeonUI_4.json
Did Not Gain an E.G.O Gift	E.G.O饰品获取失败	0	1	MirrorDungeonUI_4.json
Shop - Keyword Refresh	商店 - 关键词刷新	0	1	MirrorDungeonUI_4.json
Please choose a Keyword you want to Fuse into.	请选择一个关键词。	0	1	MirrorDungeonUI_4.json
Number of ingredient E.G.O Gifts used for Fusion	作为合成材料的E.G.O饰品的数量	0	1	MirrorDungeonUI_4.json
Rates for an E.G.O Gift with your selected Keyword	所选关键词出现概率	0	1	MirrorDungeonUI_4.json
Enemy Level Up +{0}	敌方等级增加+{0}	0	1	MirrorDungeonUI_5.json
A Trial has been added.	苦难已追加。	0	1	MirrorDungeonUI_5.json
Grace of Stars has been selected.	星之恩惠已选择完毕。	0	1	MirrorDungeonUI_5.json
What should we do?	可以恢复或是复活罪人。	0	1	
HP and SP healed for {0}.	罪人{0}的体力与理智值恢复了。	0	1	MirrorDungeonUI_5.json
All Sinners' HP and SP have been healed.	全体罪人的体力与理智值恢复了。	0	1	MirrorDungeonUI_5.json
{0}, revived, returns to battle.	罪人{0}复活，可以重新参与战斗。	0	1	MirrorDungeonUI_5.json
At {0}+ Starlight Bonus	星芒奖励不低于{0}	0	1	MirrorDungeonUI_5.json
Continue with selected effects?	要选择此效果吗？	0	1	MirrorDungeonUI_5.json
Remaining Starlight Bonus will be converted to Cost	剩余的星芒奖励将转换为经费。	0	1	MirrorDungeonUI_5.json
Greatly heal a single Sinner.	1名罪人大量恢复。	0	1	MirrorDungeonUI_5.json
Select the Sinner to revive.	选择要复活的罪人。	0	1	MirrorDungeonUI_5.json
Mirror of the Dreaming - F{0}	梦中之镜第{0}层	0	1	MirrorDungeonUI_5.json
11~16 Points	11~16点	0	1	MirrorDungeonUI_5.json
17 ~ 24 Points	17~24点	0	1	MirrorDungeonUI_5.json
25+ Points	25点以上	0	1	MirrorDungeonUI_5.json
<color=#990000>Super Shop</color>	<color=#990000>特殊商店</color>	0	1	MirrorDungeonUI_5.json
4+ Gifts	4件以上	0	1	MirrorDungeonUI_5.json
Identity Levels +3	获得长线战斗奖励	0	1	
At [10]+ Starlight Bonus	星芒不低于[10]点	0	1	MirrorDungeonUI_5.json
At [20]+ Starlight Bonus	星芒不低于[20]点	0	1	MirrorDungeonUI_5.json
At [30]+ Starlight Bonus	星芒不低于[30]点	0	1	MirrorDungeonUI_5.json
At [40]+ Starlight Bonus	星芒不低于[40]点	0	1	MirrorDungeonUI_5.json
At [50]+ Starlight Bonus	星芒不低于[50]点	0	1	MirrorDungeonUI_5.json
At [60]+ Starlight Bonus	星芒不低于[60]点	0	1	MirrorDungeonUI_5.json
15 ~ 21 Points	15~21点	0	1	MirrorDungeonUI_5.json
22+ Points	22点以上	0	1	MirrorDungeonUI_5.json
※ Purchasing {0} Projection Rate costs {1} Paid Lunacy.	※ 购买 {0} 投影度需要花费 {1} 付费狂气。	0	1	MirrorDungeonUI_5.json
Spend {0} Paid Lunacy to purchase Projection Rate?	要消耗 {0} 付费狂气来购买投影度吗？	0	1	MirrorDungeonUI_5.json
Parallel Superposition Mode :	平行叠加模式：	0	1	MirrorDungeonUI_5_InfinityFloor.json
Search Theme Packs for Floor {0}	观测第{0}阶层主题卡包	0	1	MirrorDungeonUI_6.json
'{0}' Pack will be replaced with '{1}' Pack.	主题卡包“{0}”将被“{1}”替换。	0	1	MirrorDungeonUI_6.json
Spend 5 Starlight to improve Fusion chance?	是否要消耗5星芒以提升合成概率？	0	1	MirrorDungeonUI_6.json
This is a guaranteed E.G.O Gift Fusion Recipe.	此为固定的E.G.O饰品合成配方。	0	1	MirrorDungeonUI_6.json
This Theme Pack is already available.	该主题卡包已在可选列表中。	0	1	MirrorDungeonUI_6.json
This Theme Pack's unlock conditions need to be met first.	您必须先满足该主题卡包的解锁条件。	0	1	MirrorDungeonUI_6.json
Not enough Starlight to Observe Theme Packs.	用于观测该主题卡包的星芒不足。	0	1	MirrorDungeonUI_6.json
Clear Canto 7 to Unlock.	通关第7章后解锁。	0	1	MirrorDungeonUI_6.json
Hard Difficulty will be updated at a later date.	困难难度将在后续更新中开放。	0	1	MirrorDungeonUI_6.json
Fusion Forecast cannot exceed 100%.	合成概率无法超过100%。	0	1	MirrorDungeonUI_6.json
Mirror of Immortality - F{0}	永生之镜 第{0}层	0	1	MirrorDungeonUI_6.json
At {0}+ Starlight	{0}星芒以上	0	1	MirrorDungeonUI_6.json
Unused Starlight have been added to the Clear Rewards.	未使用的星芒已并入清剿奖励。	0	1	MirrorDungeonUI_6.json
※ Rounded down.	※小数点后舍去。	0	1	MirrorDungeonUI_6.json
Forgo E.G.O Gift Search?	要放弃E.G.O饰品观测吗？	0	1	MirrorDungeonUI_6.json
You do not have enough Starlight for this Gift Search.	您现在可用的星芒量，少于饰品观测的星芒所需量。	0	1	MirrorDungeonUI_6.json
No Grace of Stars Selected	未选择星之恩惠	0	1	MirrorDungeonUI_6.json
Season {0} Battle Pass	第{0}赛季通行证	0	1	MirrorDungeonUI_6.json
Accept results and return to Stage select	接受结果并前往关卡入场界面	0	1	MirrorDungeonUI_6.json
All participating Sinners have been killed.	参加战斗的全体罪人已经死亡。	0	1	MirrorDungeonUI_6.json
Remaining Units:	当前剩余人员：	0	1	MirrorDungeonUI_6.json
Dimension Reversal Zone - COGNITION ERROR WARNING	次元反转区域 - 认知错误警告	0	1	MirrorDungeonUI_6.json
Deployment Order has been restored via ally revival.	由于友方复活，已恢复编队顺序	0	1	MirrorDungeonUI_6.json
Mirror of Names and Spiders - F{0}	名与蛛之镜 第{0}层	0	1	MirrorDungeonUI_7.json
No E.G.O Gifts available for Refresh.	没有可刷新的E.G.O饰品。	0	1	MirrorDungeonUI_7.json
Not enough Starlight for Refresh.	用于刷新的星芒不足。	0	1	MirrorDungeonUI_7.json
Grace of Stars <{0}> Activated: Gained Vestige(s)	触发星之恩惠<{0}>效果：获得残影	0	1	MirrorDungeonUI_7.json
Clear Canto VIII to Unlock.	通关第8章后解锁。	0	1	MirrorDungeonUI_7.json
({0} battles won)	(当前{0}场)	0	1	MirrorDungeonUI_7.json
Select a Sinner for Skill Replacement.	请选择要替换技能的罪人。	0	1	MirrorDungeonUI_7.json
Return to healing type selection	选择恢复类型	0	1	MirrorDungeonUI_7.json
Cannot Enhance to the same Tier.	该E.G.O饰品已强化，无法继续强化。	0	1	MirrorDungeonUI_7.json
You need more Cost to Enhance this E.G.O Gift.	用于强化的经费不足。	0	1	MirrorDungeonUI_7.json
Cannot be Enhanced to the selected Tier.	无法强化至该阶段。	0	1	MirrorDungeonUI_7.json
[Entanglement]	无法合成[纠缠]	0	1	MirrorDungeonUI_7.json
{0} Projection	{0}投影	0	1	MirrorDungeonUI_7.json
Filter - Keyword	筛选-关键词	0	1	MirrorDungeonUI_7.json
Filter - Acquisition	筛选-拥有情况	0	1	MirrorDungeonUI_7.json
Current Theme Pack-Exclusive - Fusion	当前主题卡包限定-合成	0	1	MirrorDungeonUI_7.json
That's Goin' in the Book	写进账簿吧	0	1	Passives-BossRaid.json
Don't Resist and Accept Your Punishments	老实接受执行吧	0	1	Passives-BossRaid.json
That Heishou's Left Me a Smarting Ache	黑兽混蛋留下的伤口真疼啊	0	1	Passives-BossRaid.json
You're The Middle's Priority Revenge Target	中指的优先复仇对象	0	1	Passives-BossRaid.json
Júbilo Hedonista	随兴游乐	0	1	Passives.json
Flaring Up~	真火热呢~	0	1	Passives.json
Isn’t It Warm?	很温暖吧？	0	1	Passives.json
Thou Shalt Hammer!	汝当锤！	0	1	Passives.json
Here’s to Getting Off Early~	祝提前下班~	0	1	Passives.json
Carrot & Stick	恩威并用	0	1	Passives.json
Eyes of a Friend Who ████	■■■■的朋友之眼	0	1	Passives.json
Vibroweld Morph-combat Cane (Unauthorized Invention)	震动结合变形战斗拐杖(未许可发明)	0	1	Passives.json
Golden Time - Extracting	黄金时间-收取	0	1	Passives.json
T Corp. Physics Distortion Field	T公司制物理扭曲场	0	1	Passives.json
Golden Time - Standoff	黄金时间-对抗	0	1	Passives.json
Overcharge / Cleanup Order	过度充能/清扫指示	0	1	Passives.json
Lemme go and I swear I'll make it in time!	放我一马我保证一定会好好完成派送的！	0	1	Passives.json
Bloodfiend Hunting Manual - Styptics	血魔狩猎教程-止血	0	1	Passives.json
Don Quixote Hardblood Arts 8: Scissors	堂吉诃德派硬血8式剪刀	0	1	Passives.json
"Blossom with Blood..."	“令血盛开…”	0	1	Passives.json
I'll do better next time...	下次会好好派送的…	0	1	Passives.json
Bearer of the Blood Kin	背负血族之人	0	1	Passives.json
‘Feed your repressed hunger, my Family’	“族人们啊，去满足压抑已久的饥饿吧”	0	1	Passives.json
E.G.O disintegration is not unlike decomposition of compost	E.G.O崩溃之时，将尽数分解为养分	0	1	Passives.json
District 12 Special Workshop Fuel	12区特制工坊燃料	0	1	Passives.json
I hope they're from our Office...	希望那是我们事务所的制服…	0	1	Passives.json
Like a Serpent: Flexible, Elastic, and Unpredictable	蛇行突袭	0	1	Passives.json
Heishou Mutation [Mao] / Mao Branch Adept	黑兽化【卯】/卯 魁首	0	1	Passives.json
Rupture-breathing Resolve [破吸自桓]	破吸自桓	0	1	Passives.json
Lingering Resolve [餘桓]	余桓	0	1	Passives.json
Whispers of the Betrayed Knight	受叛骑士之私语	0	1	Passives.json
Break, Tear, and Pierce	摧毁、撕裂、刺穿	0	1	Passives.json
Golden Time - Microcavity	黄金时间-共振	0	1	Passives.json
Expeditious Execution of Official Duties	迅速执行公务	0	1	Passives.json
Please be traceless in your deeds.	行事勿留把柄，扫清痕迹。	0	1	Passives.json
The Steed's Houndlike Loyalty [狗馬之心]	犬马之心	0	1	Passives.json
Obsidian Exoskeleton Shall Rend and Protect My Flesh	裂肉而生之玄甲，守护我身	0	1	Passives.json
Let me show everyone something very interesting	给你们都看点有趣的	0	1	Passives.json
Snipe - Archery	狙击-弓	0	1	Passives.json
One day I'll wear me Armour for Cancelled Trains	“总有一天我会穿上停运列车清理用装甲的”	0	1	Passives.json
Responsibility of a Former Prince	曾为王子的责任	0	1	Passives.json
Lament of the Lost Sheep [亡羊之嘆]	亡羊之叹	0	1	Passives.json
Unlock / Effloresced E.G.O::Procuration	解放/绽放E.G.O::代行	0	1	Passives.json
The Great Magicked Beeper Knoweth My Desire!	魔法哔哔大人果真明白吾之心愿呢！	0	1	Passives.json
This, too, is the Grace of the Great Magicked Beeper!	此亦为魔法哔哔大人之恩惠吧	0	1	Passives.json
Hey, Are Ya Into Fixers, Too?	你…也喜欢收尾人吗？	0	1	Passives.json
Were There More Lives to be Saved?	还有需要拯救的生命吗	0	1	Passives.json
The Oracle's Proxy / Unlock	神谕代行者/解放	0	1	Passives.json
E.G.O Alteration / Spore Round	E.G.O变调/孢子弹	0	1	Passives.json
Needs a Rougher Touch for this Part...!	这里稍微狂野一点…！	0	1	Passives.json
Nice and Slow, Don't Let It Break...	轻轻地，不要把它弄坏…	0	1	Passives.json
The Master's Tutelage [師事]	师事	0	1	Passives.json
Book of Vengeance - The House of Spiders Special Clause	复仇账簿-蜘蛛巢特别条款	0	1	Passives.json
Smell of Blood and Fire	血与火的气息	0	1	Passives.json
Saikai [再会] - The Middle	再会-中指	0	1	Passives.json
Someone Mess With the Family?	谁对我的家人动手了	0	1	Passives.json
Cut Down What Must Be Felled	斩而杀之，仅此而已	0	1	Passives.json
I'll Melt Open the Way Out	退路我就先熔掉咯	0	1	Passives.json
Receiving Arts 9: Binding	迎客之道第9式 捆缚	0	1	Passives_Abnormality-a1c6p3.json
I'll Cut You First!	从你开始切吧！	0	1	Passives_Abnormality-a1c7p1.json
The Enthralling Tales, the Beating Passion	侧耳倾听的故事与激荡的心情	0	1	Passives_Abnormality-a1c7p3.json
If we can be freed from this excruciating sickness	若能摆脱这可怖的疾病	0	1	Passives_Abnormality-a1c7p3.json
Can I go on an adventure, too?	我也能去冒险吗	0	1	Passives_Abnormality-a1c7p3.json
But I have my Father and my Family whom I cannot abandon	但我有亲族、有家人，不能视而不见	0	1	Passives_Abnormality-a1c7p3.json
This Explosive Insanity!	像疯了一样爆炸！	0	1	Passives_Abnormality-a1c7p3.json
Fix Core HP to 1	本体的体力维持为1	0	1	Passives_Abnormality-a1c7p3.json
La Manchaland, Abandoned and Festering	被遗弃而溃烂的拉·曼却领	0	1	Passives_Abnormality-a1c7p3.json
The Eternal Cycle of Windmills, Wheels, and Us	永远转动的风车，大摩天轮，以及我们	0	1	Passives_Abnormality-a1c7p3.json
Here we go... another lap.	再次…再次旋转…	0	1	Passives_Abnormality-a1c7p3.json
Broken Fragment of a Futile, Naive Dream	空虚而安逸之梦的碎片	0	1	Passives_Abnormality-a1c7p3.json
A Selfish Wish at the Expense of the Family	牺牲了家族的自私愿望	0	1	Passives_Abnormality-a1c7p3.json
I never should've dreamed this irresponsible dream	不可奢求的那不负责任的梦	0	1	Passives_Abnormality-a1c7p3.json
Deteriorate (削貶)	削贬	0	1	Passives_Abnormality-a1c8p2.json
This is where your path ends	你的道就到此为止了吗	0	1	Passives_Abnormality-a1c8p2.json
Shin (心) Radiance	心之焕发	0	1	Passives_Abnormality-a1c8p2.json
Bolus of... Immortality?	不老不死之丸？	0	1	Passives_Abnormality-a1c8p2.json
I'VE NEVER FELT BETTER!	感觉最棒了！	0	1	Passives_Abnormality-a1c8p2.json
MY REVENGEANCE HAS JUST BEGUN!	余的复仇开始啦！	0	1	Passives_Abnormality-a1c8p2.json
Master of the Deathrite Monks	役使咒杀僧之人	0	1	Passives_Abnormality-a1c8p2.json
Dammit... Take them out!	妈的…处理掉那些家伙！	0	1	Passives_Abnormality-a1c8p2.json
Ugh... these damn engravings...!	呃…那该死的纹样…！	0	1	Passives_Abnormality-a1c8p2.json
Your shabby weapons are incomparable to mine	跟你那破烂武器不在一个次元	0	1	Passives_Abnormality-a1c8p2.json
Is that all you've got?	就这点能耐？	0	1	Passives_Abnormality-a1c8p2.json
Jin Gang, Unbreakable Diamond	金刚不坏	0	1	Passives_Abnormality-a1c8p2.json
My Little Brother's Hand I Let Slip	未能握住的弟弟之手	0	1	Passives_Abnormality-a1c8p3.json
The Cost of Fell Bullets	凶弹的代价	0	1	Passives_Abnormality-a1c8p3.json
A new era is upon us, my dear fellow.	友人啊，新时代即将到来。	0	1	Passives_Abnormality-a1c8p3.json
Please, dedicate yourself for the new ideal.	请为崭新的理想献身吧。	0	1	Passives_Abnormality-a1c8p3.json
Golden Bough Assimilation - Malattunement	金枝同化-未感应	0	1	Passives_Abnormality-a1c8p3.json
Forbidden Pill of Hongyuan - Completed Heixian Bolus [全黑仙丸]	鸿园禁药-全黑仙丸	0	1	Passives_Abnormality-a1c8p3.json
Golden Bough Assimilation - Distortion	金枝同化-扭曲	0	1	Passives_Abnormality-a1c8p3.json
Rot and Decay in the Husk of Gold and Jade [金玉其外 敗絮其中]	金玉其外 败絮其中	0	1	Passives_Abnormality-a1c8p3.json
Witness Me, O Revered Xianren!	仙人啊，请看吧！	0	1	Passives_Abnormality-a1c8p3.json
Duties of the Precious Jade	宝玉的本分	0	1	Passives_Abnormality-a1c8p3.json
Refute the Evil; Restore Justice [破邪顯正]	破邪显正	0	1	Passives_Abnormality-a1c8p3.json
O The Supreme Xianren of Immortality	至高无上的不死仙人	0	1	Passives_Abnormality-a1c8p3.json
Let us be eternally free from aging and death	永生永世的不老不死	0	1	Passives_Abnormality-a1c8p3.json
Deeper in the World of Bristly	变得愈加蓬乱的头发	0	1	Passives_Abnormality-a1c9116.json
I CAN'T BAG THE GIFTS!!	礼物塞不下啦！！	0	1	Passives_Abnormality-a1c951.json
Palermitan Rapier / The Cleaving Blade	巴勒莫剑/切斩刀	0	1	Passives_Abnormality-a1c9p1.json
A Textbook with a Singular Purpose	只为一个目的制作的教材	0	1	Passives_Abnormality-a1c9p1.json
Searching Arm - Partial Deterrence Release	寻找着某物的手臂-抑制力部分解除	0	1	Passives_Abnormality-a1c9p1.json
Ebony Queen - Partial Deterrence Release	黑檀女王-抑制力部分解除	0	1	Passives_Abnormality-a1c9p1.json
Increased Aggression - Partial Deterrence Release	攻击性强化-抑制力部分解除	0	1	Passives_Abnormality-a1c9p1.json
Lacerating Afterimages from Myriad Moments	从多重时间斩来的残像	0	1	Passives_Abnormality-a1c9p2.json
'I Shall Give You Some Quarter'	“适当应付一下吧”	0	1	Passives_Abnormality-a1c9p2.json
Living Nerves - Partial Deterrence Release	鲜活的神经-抑制力部分解除	0	1	Passives_Abnormality-a1c9p2.json
Flaming Wings - Partial Deterrence Release	燃烧的双翼-抑制力部分解除	0	1	Passives_Abnormality-a1c9p2.json
Artwork Pleasing to the Senses	令人满意的艺术	0	1	Passives_Abnormality-a1c9p3.json
The Pulse and Beat of Corpus-turned-Ingredient	作为材料的肉体的搏动	0	1	Passives_Abnormality-a1c9p3.json
Whoa... That looks mad dangerous!	呜哇…好像超不妙的？	0	1	Passives_Abnormality-a1c9p3.json
Healthy Corpus Leads to Healthy Ingredient	优良的素材来自于优良的肉体	0	1	Passives_Abnormality-a1c9p3.json
Former Heishou - Wu Adept	原黑兽 - 午 魁首	0	1	Passives_Abnormality-cultivation.json
I will trample... and crush you to mulch	践踏…直至将你们踏作齑粉	0	1	Passives_Abnormality-cultivation.json
Soul Lost in Daylight (魂飛中天)	魂飞中天	0	1	Passives_Abnormality-cultivation.json
Intrepid trespasser...!	竟敢前来此处，你们当这里是什么地方…！	0	1	Passives_Abnormality-cultivation.json
I've got nothing to fear with a bottle of wine by my side	与酒偕行，心无所畏	0	1	Passives_Abnormality-cultivation.json
River of Blooddrops (血滴成河)	血滴成河	0	1	Passives_Abnormality-cultivation.json
It's going to be so much fun, hmm?	不觉得很有趣吗？	0	1	Passives_Abnormality-cultivation.json
Kkomi's not a Piñata	就算打可米也不会爆出糖的	0	1	Passives_Abnormality-mr6.json
Roar of the Rogue Waves	激潮的咆哮	0	1	Passives_Abnormality-pilgrimage.json
Take Theirs First!	拿走那家伙的时间！	0	1	Passives_Abnormality-tkt.json
Passive for the Arm Part	手臂部位被动	0	1	Passives_Abnormality-walpu4.json
The Sword Points Toward Those Who Could Not be Protected	剑锋所指乃是所有未能守护之人	0	1	Passives_Abnormality-walpu6.json
I'll Just Have to Force-feed You!	直接塞进嘴里！	0	1	Passives_Abnormality-x1p1c1.json
Let's All Cook Together!	大家一起来做菜吧	0	1	Passives_Abnormality-x1p1c1.json
An Apple’s Twilight	苹果的黄金期	0	1	Passives_Abnormality.json
Booze Makes You Hicc!	醉意令人打嗝！	0	1	Passives_Abnormality.json
Stimulating Smell, Isn't It?	香气四溢吧？	0	1	Passives_Abnormality.json
To be Drenched in Blood	以血浸染	0	1	Passives_Abnormality_Refraction3.json
Ooh, Dear Master...	啊啊，主人…	0	1	Passives_Abnormality_Refraction4.json
You Must Be the Interloper's Family?	你也是不速之客吗？	0	1	Passives_Abnormality_Refraction4.json
Eclosion - Life That Was	羽化-前生	0	1	Passives_Abnormality_Refraction6.json
Eclosion - Life That Is	羽化-今生	0	1	Passives_Abnormality_Refraction6.json
Kṣaṇa of Circumvolution	刹那之一巡	0	1	Passives_Abnormality_Refraction6.json
Eclosion - Life That Will Be	羽化-来生	0	1	Passives_Abnormality_Refraction6.json
Erumpent Flower-burying Efflorescence [梅花滿開]	梅花盛开	0	1	Passives_Abnormality_Refraction6.json
One Last Radiance [回光返照]	回光返照	0	1	Passives_Abnormality_Refraction6.json
Let's Play Tag! Here I Go!	鬼抓人开始咯	0	1	Passives_Abnormality_Refraction6.json
Will You Play? Will You Play? Will You Play?	来玩吗？来玩吗？来玩吗？	0	1	Passives_Abnormality_Refraction6.json
The Past - Segmentation [分節]	过去-分节	0	1	Passives_Abnormality_Refraction6.json
The Past - Origination [緣起]	过去-缘起	0	1	Passives_Abnormality_Refraction6.json
The Present - Segmentation [分節]	现在-分节	0	1	Passives_Abnormality_Refraction6.json
The Present - Origination [緣起]	现在-缘起	0	1	Passives_Abnormality_Refraction6.json
The Future - Segmentation [分節]	未来-分节	0	1	Passives_Abnormality_Refraction6.json
The Future - Origination [緣起]	未来-缘起	0	1	Passives_Abnormality_Refraction6.json
How to Prepare for War	备战之法	0	1	Passives_Assist-Cultivation.json
My Bestie and a Rival	最佳拍档兼宿敌	0	1	Passives_Assist-Cultivation.json
Like a Moth to a Flame	如同飞蛾扑火	0	1	Passives_Assist-a1c9p3.json
Its Eyes Have Watched Over the Entire Black Forest	其目一直注视着整个黑森林	0	1	Passives_Assist-a1c9p3.json
The Wasp of the Distortion Detective Office	扭曲侦探事务所的胡蜂	0	1	Passives_Assist-a1c9p3.json
Detecti—I mean, Team Leader! We've Got Your Back!	侦探…！不…队长，请相信我们！	0	1	Passives_Assist-a1c9p3.json
Effloresced E.G.O::Lavacrum Sanguinis	绽放E.G.O::血之洗礼	0	1	Passives_Assist-a1c9p3.json
Special Airborne Operations Force - Abraxas Chariot	空降特战部队-阿布拉克萨斯战车	0	1	Passives_Assist-a1c9p3.json
Power of Love and Justice	爱与正义之力	0	1	Passives_Assist-walpu6.json
Bursting Strike, Breathing Siphon	破伤吸还	0	1	Passives_Assist.json
To the Front Lines!!	前往前线！！	0	1	Passives_Enemy-a1c5p1.json
No... Get Away From Me!	停下…别过来！	0	1	Passives_Enemy-a1c5p1.json
What Are You Doing?!	你在搞什么？	0	1	Passives_Enemy-a1c5p1.json
In the World of Bristly	变得蓬乱的头发	0	1	Passives_Enemy-a1c5p2.json
I Will... Do My Best	我会…尽我所能	0	1	Passives_Enemy-a1c6p1.json
Apologies... Mistress!	万分抱歉…夫人！	0	1	Passives_Enemy-a1c6p1.json
Insolent Fool!	何等失礼！	0	1	Passives_Enemy-a1c6p1.json
Will You Witness Me, Mistress?!	夫人，您在看吗？！	0	1	Passives_Enemy-a1c6p1.json
A Single Point of Art	艺术的一点	0	1	Passives_Enemy-a1c6p2.json
Body Augment - Phys. Boost	肉体强化手术-肉体增强	0	1	Passives_Enemy-a1c6p2.json
Body Augment - Cooldown	肉体强化手术-冷却	0	1	Passives_Enemy-a1c6p2.json
This Time, I Win...!	这次我赢了…！	0	1	Passives_Enemy-a1c6p2.json
Dead Rabbits Boss?	死兔帮 老大？	0	1	Passives_Enemy-a1c6p2.json
Bod... ...st	肉体…增强	0	1	Passives_Enemy-a1c6p3.json
...erding	逐…	0	1	Passives_Enemy-a1c6p3.json
An Encounter of Moderate Difficulty	不会无聊的战斗	0	1	Passives_Enemy-a1c7p1.json
Target - Jia Baoyu	目标-贾宝玉	0	1	Passives_Enemy-a1c8p1.json
Well, well... Hic. This won't do	哎呀，哎呀…嗝，这可不行	0	1	Passives_Enemy-a1c8p1.json
Shi(史) Family Charge Circuitry	史家制充能回路	0	1	Passives_Enemy-a1c8p2.json
Experiment Goal - Maturation	实验目标-成长	0	1	Passives_Enemy-a1c8p2.json
Experiment Goal - Germination	实验目标-发芽	0	1	Passives_Enemy-a1c8p2.json
Experiment Goal - Blossom	实验目标-绽放	0	1	Passives_Enemy-a1c8p2.json
Esecuzione della Regola - Preparation Stage	执行纪律-准备阶段	0	1	Passives_Enemy-a1c8p3.json
Esecuzione della Regola - Crush the Lower Jaw	执行纪律-下颌碎骨	0	1	Passives_Enemy-a1c8p3.json
Fresh Human-omes!	新鲜的人类诺姆	0	1	Passives_Enemy-a1c951.json
If I lend my ear to the inner self...	倾听内在的自我…	0	1	Passives_Enemy-cultivation.json
Intense Primary Color - Rouge	强烈原色-红色	0	1	Passives_Enemy-twth.json
Intense Primary Color - Bleu	强烈原色-蓝色	0	1	Passives_Enemy-twth.json
Le Fauvisme - Masque de Chèvre-Hibou	野兽派-山羊·枭面	0	1	Passives_Enemy-twth.json
Meat Gear: Enhance	血肉齿轮-强化	0	1	Passives_Enemy-walpu5.json
Thought Gear: Delay	思想齿轮-延迟	0	1	Passives_Enemy-walpu5.json
Thought Gear: Risk	思想齿轮-危险	0	1	Passives_Enemy-walpu5.json
Not Me Boys!	小崽子们！	0	1	Passives_Enemy.json
Caution: Unsteady	注意摇晃	0	1	Passives_Enemy.json
Caution: Delicate	注意损伤	0	1	Passives_Enemy.json
All Identities heal {0}% HP	全体人格恢复{0}%体力	0	1	RailwayDungeonBuff.json
Revive an Identity with fully healed HP	1名已阵亡人格的体力完全恢复	0	1	RailwayDungeonBuff.json
First Stop: Contact	首站：遭遇	0	1	RailwayDungeonNode1-1.json
Station #2: Restoration	第2站：复原	0	1	RailwayDungeonNode1-1.json
Station #3: Sinkage	第3站：沉沦	0	1	RailwayDungeonNode1-1.json
Station #4: Reunion	第4站：再会	0	1	RailwayDungeonNode1-1.json
Station #5: Insulation	第5站：绝缘	0	1	RailwayDungeonNode1-1.json
Station #6: Pickup	第6站：选拔	0	1	RailwayDungeonNode1-1.json
Station #7: Headlessness	第7站：无首	0	1	RailwayDungeonNode1-1.json
Station #8: Existence	第8站：存在	0	1	RailwayDungeonNode1-1.json
Station #9: Serum	第9站：血清	0	1	RailwayDungeonNode1-1.json
Station #10: Forked Tongue	第10站：岔舌	0	1	RailwayDungeonNode1-1.json
Station #11: Energization	第11站：导电	0	1	RailwayDungeonNode1-1.json
Station #12: Purity	第12站：纯粹	0	1	RailwayDungeonNode1-1.json
Last Stop: Non-self	终点站：无我	0	1	RailwayDungeonNode1-1.json
First Stop: Curse	起点站：诅咒	0	1	RailwayDungeonNode2.json
Station #2: Servitude	第2站：奴役	0	1	RailwayDungeonNode2.json
Station #3: Rainfall	第3站：落雨	0	1	RailwayDungeonNode2.json
Station #5: The Lure	第5站：引诱	0	1	RailwayDungeonNode2.json
Station #6: Exploitation	第6站：榨取	0	1	RailwayDungeonNode2.json
Station #8: Cycle	第8站：巡回	0	1	RailwayDungeonNode2.json
First Stop: Cogwheel	首站：齿轮	0	1	RailwayDungeonNode3.json
Station #2: Waves	第2站：波浪	0	1	RailwayDungeonNode3.json
Station #3: Nostalgia	第3站：乡愁	0	1	RailwayDungeonNode3.json
Station #5: Drudgery	第5站：苦行	0	1	RailwayDungeonNode3.json
Station #6: Truth	第6站：真理	0	1	RailwayDungeonNode3.json
Station #7: Eclosion	第7站：羽化	0	1	RailwayDungeonNode3.json
Station #9: Pallidification	第9站：白化	0	1	RailwayDungeonNode3.json
Station #10: Brainwash	第10站：洗脑	0	1	RailwayDungeonNode3.json
Station #11: Gaslight	第11站：汽灯	0	1	RailwayDungeonNode3.json
Station #12: Interlude	第12站：幕间	0	1	RailwayDungeonNode3.json
Terminus: Spiral	终点站：螺旋	0	1	RailwayDungeonNode3.json
Line {0}	{0}号线	0	1	RailwayDungeonUI.json
Traveling: {0}	行进线路：{0}	0	1	RailwayDungeonUI.json
What Line will you travel?	您想选择哪条线路？	0	1	RailwayDungeonUI.json
Refraction Railway {0}	折射轨道 {0}	0	1	RailwayDungeonUI.json
Rank #{0}	排名 #{0}	0	1	RailwayDungeonUI.json
{0}-{1} In Progress	{0}正在前往第{1}站	0	1	RailwayDungeonUI.json
(Complete before {0})	（{0}为止完成上述获取条件）	0	1	RailwayDungeonUI.json
(Unobtainable past {0} total turns)	（总计回合数超过{0}时不可获取）	0	1	RailwayDungeonUI.json
The travelogue is currently empty.	暂无记录。	0	1	RailwayDungeonUI.json
Would you like to disembark from the Refraction Railway?	是否终止挑战折射轨道？	0	1	RailwayDungeonUI.json
Clear Turn Count by Section	各区段通关回合数	0	1	RailwayDungeonUI.json
- Identities : Uptie Tier 4, Level 55 (Level Cap: 55)	- 人格：同步4阶段，55级（最高等级上限：55）	0	1	RailwayDungeonUI_1001.json
Obtain by clearing Line 1 BokGak under 120 total turns.	通关1号线复刻且总计回合数不超过120后可获得。	0	1	RailwayDungeonUI_1001.json
Cycle {0} Completed	第{0}巡回 已完成	0	1	RailwayDungeonUI_1002.json
Cycle Count :	目前巡回数：	0	1	RailwayDungeonUI_2.json
Buff Name 1 (Dummy)	BUFF名称1（dummy）	0	1	RailwayDungeonUI_2.json
Buff Name 2 (Dummy)	BUFF名称2（dummy）	0	1	RailwayDungeonUI_2.json
Buff Name 3 (Dummy)	BUFF名称3（dummy）	0	1	RailwayDungeonUI_2.json
Buff Name 4 (Dummy)	BUFF名称4（dummy）	0	1	RailwayDungeonUI_2.json
Buff Name 5 (Dummy)	BUFF名称5（dummy）	0	1	RailwayDungeonUI_2.json
Select 1 <style="railwayDungeonAlly">Ally Buff</style>.	选择1种<style="railwayDungeonAlly">友方BUFF</style>。	0	1	RailwayDungeonUI_2.json
Select 1 <style="railwayDungeonEnemy">Enemy Buff</style>.	选择1种<style="railwayDungeonEnemy">敌方BUFF</style>。	0	1	RailwayDungeonUI_2.json
Cannot be selected this Cycle.	在本次巡回中无法选择	0	1	RailwayDungeonUI_2.json
({0} Cycle Count)	（巡回数{0}）	0	1	RailwayDungeonUI_2.json
Cycle : {0}	巡回：{0}	0	1	RailwayDungeonUI_2.json
Turns : {0}	回合：{0}	0	1	RailwayDungeonUI_2.json
Your Team Loadout has been saved.	你的编队已被保存。	0	1	RailwayDungeonUI_3.json
GIVE UP (there's no giving up, delete this option)	放弃（不使用，需删除）	0	1	RailwayDungeonUI_4.json
이번 전투를 포기하고 4호선 진입 전으로 돌아갑니다. (사용하지 않음 제거 필요)	放弃本次战斗，前往进入4号线之前的页面。（不使用，需删除）	0	1	RailwayDungeonUI_4.json
HP and SP have been reset.	体力、理智值已初始化。	0	1	RailwayDungeonUI_4.json
<font="BebasKai SDF">SECTION 01</font>	SECTION 01	0	1	RailwayDungeonUI_4.json
<font="BebasKai SDF">SECTION 02</font>	SECTION 02	0	1	RailwayDungeonUI_4.json
<font="BebasKai SDF">SECTION 03</font>	SECTION 03	0	1	RailwayDungeonUI_4.json
<font="BebasKai SDF">SECTION 04</font>	SECTION 04	0	1	RailwayDungeonUI_4.json
- Identities : Uptie Tier 4, Level 50	- 人格：同步 4阶段，50级	0	1	RailwayDungeonUI_5.json
Section #{0}	第{0}区段	0	1	RailwayDungeonUI_5.json
Butterfly of Entangled Lives::Imago Passive	罗生蝶::蝶 被动	0	1	RailwayDungeonUI_6.json
Will be displayed upon clearing Section 2.	将在通过第2区段时显示。	0	1	RailwayDungeonUI_6.json
{0} Resistance + 0.25, {1} Resistance + 0.25	{0}抗性+0.25，{1}抗性+0.25	0	1	RailwayDungeonUI_6.json
Entry SP {1} {0}	起始理智值 {1} {0}	0	1	SeasonTitle-a1c7.json
The Lake and the Butterfly 2	湖与蝴蝶 2	0	1	StageNode-a1c5p2.json
The Lake and the Butterfly 3	湖与蝴蝶 3	0	1	StageNode-a1c5p2.json
Where It All Went Wrong	扣错的纽扣	0	1	StageNode-a1c6p2.json
Life, Stolen	被盗走的人生	0	1	StageNode-a1c6p3.json
IN WHICH THE TALE OF OUR YOUNG MASTER IS REVEALED	吾等之少爷所经历的故事在此揭示	0	1	StageNode-a1c7p1.json
OF THE PENITENT BLOODFIENDS AND THE BIZARRE SURVEY	关于悔过自新的血魔与奇异的问卷调查	0	1	StageNode-a1c7p2.json
OF THE PREDICTABLE ENDING TO SANSÓN'S STAGEPLAY	关于参孙的戏剧那显而易见的结局	0	1	StageNode-a1c7p2.json
OF JIA XICHUN'S QUERY AND THE SINNER'S LUKEWARM ANSWERS	关于罪人们对贾惜春的疑问与质询含糊其辞的回答	0	1	StageNode-a1c7p2.json
IN WHICH IS CONTINUED THE PARADE OF DESPAIR	充满绝望的游行在此继续	0	1	StageNode-a1c7p2.json
OF WHAT BEFELL DULCINEA THE BEAUTIFUL AND DON QUIXOTE	关于美丽的杜尔西内娅与堂吉诃德间的遭遇	0	1	StageNode-a1c7p2.json
Those Who Do Not Decide 2	不做判断之人2	0	1	StageNode-a1c8p3.json
Abikyōkan 2	阿鼻叫唤 2	0	1	StageNode-a1c9p1.json
Cigarettes & The Nursefather	香烟与父辈	0	1	StageNode-a1c9p1.json
The Panther, Lion, and Wolf	豹，狮，狼	0	1	StageNode1-0.json
Soldiers of Limbu―	我们是边狱公……	0	1	StageNode1-2.json
Effie—Saude, too	埃菲索德，又一次的小插曲。	0	1	StageNode1-3.json
Unterführung	地下通道 2	0	1	StageNode1-3.json
An Age Without Technology 2	技术不复存在的时代 2	0	1	StageNode1-4.json
When the Student Becomes the Master	青出于蓝而胜于蓝	0	1	StageNode91-19.json
Into Oblivion, in Silence	静静地被遗忘	0	1	StageNode91-25.json
Hell’s Chickapalooza	地狱鸡 2	0	1	StageNode91-3.json
A Chicken in Another Hand	鸡在掌握 2	0	1	StageNode91-3.json
A Restaurateur’s Spicy Fathoms	老板的辣味心道	0	1	StageNode91-3.json
The Beach Episode!	去海边！	0	1	StageNode91-4.json
Trash Crabs?	废料蟹？	0	1	StageNode91-4.json
Time to Collect Scrap!	废料收集时间！	0	1	StageNode91-4.json
Beach... Volleyball?	沙滩……排球？	0	1	StageNode91-4.json
Gift of Hatred, Given Shape	用仇恨制作的礼物	0	1	StageNode91-5.json
The Visit from T Corp.	时间管理局员工	0	1	StageNode91-9.json
A Case of the Gallows	绞刑架的真身	0	1	StageNode91-9.json
The Adventure of the Three Detectives	三个侦探	0	1	StageNode91-9.json
The Clock Tower of Fear	恐怖钟楼	0	1	StageNode91-9.json
The City’s Technology	都市的科技	0	1	StoryTheaterDanteNote.json
The Sign [Future]	印记[未来]	0	1	UnitKeyword-a1c9p3.json
<color=#d40000><s>Great Brother</s></color>	<color=#d40000><s>长兄</s></color>	0	1	UnitKeyword-a1c9p3.json
<color=#d40000><s>Sottocapo</s></color>	<color=#d40000><s>二老板</s></color>	0	1	UnitKeyword-a1c9p3.json
<color=#d40000><s>Le Sette Famiglie<s></color>	<color=#d40000><s>七大家族</s></color>	0	1	UnitKeyword-a1c9p3.json
<color=#d40000><s>Maestro<s></color>	<color=#d40000><s>大师</s></color>	0	1	UnitKeyword-a1c9p3.json
<color=#d40000><s>Jia Family</s></color>	<color=#d40000><s>贾家</s></color>	0	1	UnitKeyword.json
<color=#d40000><s>Heishou Pack Adept</s></color>	<color=#d40000><s>黑兽 魁首</s></color>	0	1	UnitKeyword.json
Associate Office - Öufi	直属事务所 - Öufi	0	1	UnitKeyword.json
<s>The Fingers</s>	<s>手指</s>	0	1	UnitKeyword.json
<s>The House of Spiders</s>	<s>蜘蛛巢</s>	0	1	UnitKeyword.json
<color=#d40000><s>Dihui Star</s></color>	<color=#d40000><s>地慧星</s></color>	0	1	UnitKeyword.json
<color=#d40000><s>Great Sister</s></color>	<color=#d40000><s>长姊</s></color>	0	1	UnitKeyword.json
可获得各种奖励	BattlePass.json	0	0	battle_pass_package_button_desc
连接通道	DungeonArea1-1.json	0	0	dungeon_1_1_0107
大厅	DungeonArea1-1.json	0	0	dungeon_1_1_0201
{1}%概率随机获得一件E.G.O饰品	MirrorDungeonBattleRewardCase.json	0	0	dungeon_battle_reward_case_format_cost_and_all_tier_gift_acquisition
您确定要继续吗？	MirrorDungeonUI.json	0	0	mirrordungeon_warning_not_equip_ego
进行镌星。	MirrorDungeonUI_2.json	0	0	require_to_activate_former_buffs
不足	MirrorDungeonUI_2.json	0	0	lack_of_point_for_shop
让谁休息比较好呢？	MirrorDungeonUI_2.json	0	0	mirrordungeon_resting_heal_one_who
烧伤E.G.O饰品类别开放	MirrorDungeonUI_4.json	0	0	md4_buffs_summaryDesc_1011
流血E.G.O饰品类别开放	MirrorDungeonUI_4.json	0	0	md4_buffs_summaryDesc_1012
震颤E.G.O饰品类别开放	MirrorDungeonUI_4.json	0	0	md4_buffs_summaryDesc_1013
破裂E.G.O饰品类别开放	MirrorDungeonUI_4.json	0	0	md4_buffs_summaryDesc_1014
沉沦E.G.O饰品类别开放	MirrorDungeonUI_4.json	0	0	md4_buffs_summaryDesc_1015
呼吸法E.G.O饰品类别开放	MirrorDungeonUI_4.json	0	0	md4_buffs_summaryDesc_1016
充能E.G.O饰品类别开放	MirrorDungeonUI_4.json	0	0	md4_buffs_summaryDesc_1017
斩击E.G.O饰品类别开放	MirrorDungeonUI_4.json	0	0	md4_buffs_summaryDesc_1021
突刺E.G.O饰品类别开放	MirrorDungeonUI_4.json	0	0	md4_buffs_summaryDesc_1022
打击E.G.O饰品类别开放	MirrorDungeonUI_4.json	0	0	md4_buffs_summaryDesc_1023
获得50点初始经费	MirrorDungeonUI_4.json	0	0	md4_buffs_summaryDesc_103
初始经费+50	MirrorDungeonUI_4.json	0	0	md4_buffs_summaryDesc_1031
可选择的E.G.O饰品数量+1	MirrorDungeonUI_4.json	0	0	md4_buffs_summaryDesc_106
出现E.G.O饰品等级上升	MirrorDungeonUI_4.json	0	0	md4_buffs_summaryDesc_111
出现E.G.O饰品数量+1	MirrorDungeonUI_4.json	0	0	md4_buffs_summaryDesc_112
刷新经费 -20%	MirrorDungeonUI_4.json	0	0	md4_buffs_summaryDesc_1121
购买E.G.O饰品所需经费减少 -5%	MirrorDungeonUI_4.json	0	0	md4_buffs_summaryDesc_113
1级E.G.O饰品购买所需经费 -7.5%	MirrorDungeonUI_4.json	0	0	md4_buffs_summaryDesc_1131
2级E.G.O饰品购买所需经费 -7.5%	MirrorDungeonUI_4.json	0	0	md4_buffs_summaryDesc_1132
3级E.G.O饰品购买所需经费 -7.5%	MirrorDungeonUI_4.json	0	0	md4_buffs_summaryDesc_1133
4级E.G.O饰品购买所需经费 -7.5%	MirrorDungeonUI_4.json	0	0	md4_buffs_summaryDesc_1134
购买烧伤E.G.O饰品所需经费减少 -7.5%	MirrorDungeonUI_4.json	0	0	md4_buffs_summaryDesc_1141
购买流血E.G.O饰品所需经费减少 -7.5%	MirrorDungeonUI_4.json	0	0	md4_buffs_summaryDesc_1142
购买震颤E.G.O饰品所需经费减少 -7.5%	MirrorDungeonUI_4.json	0	0	md4_buffs_summaryDesc_1143
购买破裂E.G.O饰品所需经费减少 -7.5%	MirrorDungeonUI_4.json	0	0	md4_buffs_summaryDesc_1144
购买沉沦E.G.O饰品所需经费减少 -7.5%	MirrorDungeonUI_4.json	0	0	md4_buffs_summaryDesc_1145
购买呼吸法E.G.O饰品所需经费减少 -7.5%	MirrorDungeonUI_4.json	0	0	md4_buffs_summaryDesc_1146
购买充能E.G.O饰品所需经费减少 -7.5%	MirrorDungeonUI_4.json	0	0	md4_buffs_summaryDesc_1147
购买斩击E.G.O饰品所需经费减少 -7.5%	MirrorDungeonUI_4.json	0	0	md4_buffs_summaryDesc_1151
购买突刺E.G.O饰品所需经费减少 -7.5%	MirrorDungeonUI_4.json	0	0	md4_buffs_summaryDesc_1152
购买打击E.G.O饰品所需经费减少 -7.5%	MirrorDungeonUI_4.json	0	0	md4_buffs_summaryDesc_1153
购买无关键词E.G.O饰品所需经费减少 -7.5%	MirrorDungeonUI_4.json	0	0	md4_buffs_summaryDesc_1154
E.G.O饰品出现数量+1	MirrorDungeonUI_4.json	0	0	md4_buffs_summaryDesc_116
1级E.G.O饰品售卖所得经费 +20%	MirrorDungeonUI_4.json	0	0	md4_buffs_summaryDesc_1161
2级E.G.O饰品售卖所得经费 +20%	MirrorDungeonUI_4.json	0	0	md4_buffs_summaryDesc_1162
3级E.G.O饰品售卖所得经费 +20%	MirrorDungeonUI_4.json	0	0	md4_buffs_summaryDesc_1163
4级E.G.O饰品售卖所得经费 +20%	MirrorDungeonUI_4.json	0	0	md4_buffs_summaryDesc_1164
技能替换经费 -20%	MirrorDungeonUI_4.json	0	0	md4_buffs_summaryDesc_1165
强化E.G.O饰品所需经费减少 -7.5%	MirrorDungeonUI_4.json	0	0	md4_buffs_summaryDesc_121
强化1级E.G.O饰品所需经费减少 -7.5%	MirrorDungeonUI_4.json	0	0	md4_buffs_summaryDesc_1211
强化2级E.G.O饰品所需经费减少 -7.5%	MirrorDungeonUI_4.json	0	0	md4_buffs_summaryDesc_1212
强化3级E.G.O饰品所需经费减少 -7.5%	MirrorDungeonUI_4.json	0	0	md4_buffs_summaryDesc_1213
强化4级及以上E.G.O饰品所需经费减少 -7.5%	MirrorDungeonUI_4.json	0	0	md4_buffs_summaryDesc_1214
刷新时有20%的概率不消耗经费	MirrorDungeonUI_4.json	0	0	md4_buffs_summaryDesc_122
强化烧伤E.G.O饰品所需经费减少 -7.5%	MirrorDungeonUI_4.json	0	0	md4_buffs_summaryDesc_1231
强化流血E.G.O饰品所需经费减少 -7.5%	MirrorDungeonUI_4.json	0	0	md4_buffs_summaryDesc_1232
强化震颤E.G.O饰品所需经费减少 -7.5%	MirrorDungeonUI_4.json	0	0	md4_buffs_summaryDesc_1233
强化破裂E.G.O饰品所需经费减少 -7.5%	MirrorDungeonUI_4.json	0	0	md4_buffs_summaryDesc_1234
强化沉沦E.G.O饰品所需经费减少 -7.5%	MirrorDungeonUI_4.json	0	0	md4_buffs_summaryDesc_1235
强化呼吸法E.G.O饰品所需经费减少 -7.5%	MirrorDungeonUI_4.json	0	0	md4_buffs_summaryDesc_1236
强化充能E.G.O饰品所需经费减少 -7.5%	MirrorDungeonUI_4.json	0	0	md4_buffs_summaryDesc_1237
20%概率强化时返还经费	MirrorDungeonUI_4.json	0	0	md4_buffs_summaryDesc_124
E.G.O饰品强化经费 -10%	MirrorDungeonUI_4.json	0	0	md4_buffs_summaryDesc_125
斩击E.G.O饰品强化经费 -7.5%	MirrorDungeonUI_4.json	0	0	md4_buffs_summaryDesc_1251
突刺E.G.O饰品强化经费 -7.5%	MirrorDungeonUI_4.json	0	0	md4_buffs_summaryDesc_1252
打击E.G.O饰品强化经费 -7.5%	MirrorDungeonUI_4.json	0	0	md4_buffs_summaryDesc_1253
无关键词E.G.O饰品强化经费 -7.5%	MirrorDungeonUI_4.json	0	0	md4_buffs_summaryDesc_1254
阶层主题出现数量 +1	MirrorDungeonUI_4.json	0	0	md4_buffs_summaryDesc_131
造成伤害量 +2.5%	MirrorDungeonUI_4.json	0	0	md4_buffs_summaryDesc_132
攻击等级 +1	MirrorDungeonUI_4.json	0	0	md4_buffs_summaryDesc_1324
受到的伤害 -2.5%	MirrorDungeonUI_4.json	0	0	md4_buffs_summaryDesc_134
防御等级 +1	MirrorDungeonUI_4.json	0	0	md4_buffs_summaryDesc_1344
最大速度值+1	MirrorDungeonUI_4.json	0	0	md4_buffs_summaryDesc_1362
返还刷新经费	MirrorDungeonUI_4.json	0	0	side_content_free_refresh
返还强化经费	MirrorDungeonUI_4.json	0	0	side_content_egogift_free_upgrade
奖励	MirrorDungeonUI_5.json	0	0	mirror_dungeon_start_bonus_formation_total
该如何抉择？	MirrorDungeonUI_5.json	0	0	dungeon_shop_heal_enter
罪人[{0}]复活	MirrorDungeonUI_5.json	0	0	mirrordungeon_revive_log
第8章后开放	MirrorDungeonUI_5.json	0	0	mirror_dungeon_block_to_click_hard_theme_list
获得合成·售卖专用饰品	MirrorDungeonUI_5.json	0	0	mirrordungeon_egogift_combine_bonus_gift
获得经费	MirrorDungeonUI_5.json	0	0	mirrordungeon_additional_cost_by_start_bonus
出现特殊商店的概率	MirrorDungeonUI_5.json	0	0	mirrordungeon_upgrade_shop_rate_in_next_floor
人格等级+3	MirrorDungeonUI_5.json	0	0	mirrordungeon_level_up_by_long_battle_theme
激活	MirrorDungeonUI_6.json	0	0	mirror_observation_ego_gift_title_toggle
无法激活	MirrorDungeonUI_6.json	0	0	mirror_observation_lack_starlight_title
回满体力	RailwayDungeonUI.json	0	0	recover_after_resting_battle
