# en	cn	en_hits	cn_hits	source	id
...	…	0	32117	Passives_Enemy-a1c6p1.json	9011801
3	3	8738	9087	MirrorDungeonUI_5.json	mirrordungeon_egogift_combine_guide_score_tier_1_score
Person	人	337	17415	Enemies_Refraction5.json	863203
Goals	目标	21	15480	MirrorDungeonUI_2.json	mirror_dungeon_3_buffs_title_15
ON	ON	13580	18	MirrorDungeonUI_5_InfinityFloor.json	IsOnInfinityMod
-	-	0	8767	MirrorDungeonUI_4.json	mirror_battle_reward_card_guide_table_1_desc_5_1
10	10	3679	3895	MirrorDungeonUI_5.json	mirrordungeon_egogift_combine_guide_score_tier_3_score
Floor 1	1层	43	6258	MirrorDungeonUI_4.json	mirror_battle_reward_card_guide_table_1_desc_1_0
E.G.O	E.G.O	3414	2856	StoryTheaterDanteNote.json	Ego
6	6	1830	2678	MirrorDungeonUI_5.json	mirrordungeon_egogift_combine_guide_score_tier_2_score
Combat	战斗	781	3608	BattlePass.json	battlepass_mission_tag_battle
Floor 2	2层	4	4153	MirrorDungeonUI_4.json	mirror_battle_reward_card_guide_table_1_desc_2_0
The Heart	心	125	3639	StageNode-a1c8p3.json	10830
Sinners	罪人	1158	2605	MirrorDungeonUI_3.json	mirror_dungeon3_entrance_button_formation
Hands	手	404	3256	Enemies_Refraction3.json	858502
Shin (心)	心	0	3639	StoryTheaterDanteNote_12.json	Shin
Launcher [始]	始	0	3615	BattleKeywords.json	StartXichun
Identities	人格	1055	2509	StoryTheaterDanteNote.json	Personality
Apply	使用	1142	2365	DanteAbilityUIText_a1c9p3.json	danteAbility_Apply
Coin	铜钱	3231	173	EGOgift_a1c8p2.json	2061
???	？？？	0	3157	Enemies-a1c5p3.json	8103
Sinking	沉沦	2451	595	BattleKeywords.json	Sinking
Faust	浮士德	1366	1483	IntroduceCharacter.json	파우스트
Charge	充能	2050	589	BattleKeywords.json	Charge
Nirmāna	变	0	2607	Passives_Abnormality_Refraction.json	852705
End Stage	结束	1	2549	RailwayDungeonUI_2.json	railway_dungeon_2_retry_popup_exit
30	30	1213	1306	MirrorDungeonUI_5.json	mirrordungeon_egogift_combine_guide_score_tier_5_score
Floor 3	3层	8	2406	MirrorDungeonUI_4.json	mirror_battle_reward_card_guide_table_1_desc_3_0
15	15	1230	1122	MirrorDungeonUI_5.json	mirrordungeon_egogift_combine_guide_score_tier_4_score
Bleed	流血	1228	1081	BattleKeywords.json	Bleeding
Heathcliff	希斯克利夫	1055	1210	IntroduceCharacter.json	히스클리프
Tier 1	1级	70	2102	MirrorDungeonUI_4.json	new_ego_gift_combine_guide_tier_1
Class 1	1级	28	2102	StageNode1-4.json	10441
Don Quixote	堂吉诃德	956	1105	Enemies-a1c7p3.json	8410
Tier 2	2级	75	1981	MirrorDungeonUI_4.json	new_ego_gift_combine_guide_tier_2
K Corp.	K公司	956	1040	StoryTheaterDanteNote.json	NestK
{0}	{0}	0	1986	RailwayDungeonUI.json	railway_dungeon_current_station
The Present	现在	61	1910	RailwayDungeonUI_6.json	railway_6_present
Fixer	收尾人	842	1109	UnitKeyword.json	UnitKeyword_FIXER
Tier 3	3级	273	1670	MirrorDungeonUI_4.json	new_ego_gift_combine_guide_tier_3
Present [現在]	现在	0	1910	Passives_Abnormality_Refraction6.json	9567020
Team	编队	1535	362	MirrorDungeonUI_2.json	dungeon_shop_change_formation
Children	孩子	91	1735	StageNode-a1c9p2.json	10919
Ishmael	以实玛利	850	904	IntroduceCharacter.json	이스마엘
Family	家人	1447	261	StageNode-a1c9p3.json	10944
Sinclair	辛克莱	812	846	Enemies-cultivation.json	1287
T Corp.	T公司	769	800	StoryTheaterDanteNote_5.json	NestT
Hong Lu	鸿璐	737	819	IntroduceCharacter.json	홍루
Meursault	默尔索	946	592	IntroduceCharacter.json	뫼르소
Select	选择	456	1079	MirrorDungeonUI_6.json	mirror_observation_ego_gift_confirm
Mang (望)	望	0	1527	Passives.json	999907
Tremor	震颤	727	798	BattleKeywords.json	Vibration
The Middle	中指	692	806	StageNode-a1c9p3.json	10938
Outis	奥提斯	776	697	IntroduceCharacter.json	오티스
Rupture	破裂	725	746	BattleKeywords.json	Burst
Default	基础	15	1447	MirrorDungeonUI_6.json	mirror_finished_panel_mirror_pass_detail_default
Fixers	收尾人	316	1109	StoryTheaterDanteNote.json	Fixer
Core	本体	717	687	Enemies-hidden.json	124301
La Manchaland	拉·曼却领	688	715	UnitKeyword.json	UnitKeyword_LA_MANCHA_LAND
Yi Sang	李箱	626	763	IntroduceCharacter.json	이상
The Associations	协会	10	1371	StoryTheaterDanteNote_2.json	Association
Brain	脑	81	1294	Enemies-tkt.json	827801
Gregor	格里高尔	666	687	IntroduceCharacter.json	그레고르
Body	躯干	949	364	Enemies-a1c5p1.json	874101
The Letter	信	6	1277	StageNode-a1c6p1.json	10604
Burn	烧伤	694	558	BattleKeywords.json	Burn
Nothing	没什么	899	331	StageNode1-4.json	10449
Rodion	罗佳	511	683	IntroduceCharacter.json	로쟈
Tier 5	5级	2	1180	MirrorDungeonUI_5.json	mirrordungeon_egogift_combine_guide_score_tier_5
Leave	离开	605	575	MirrorDungeonUI_2.json	dungeon_shop_out
Enter	完成	378	789	MirrorDungeonUI_5.json	mirror_start_buff_purchase_button
N Corp.	N公司	600	553	StageNode-a1c8p1.json	10811
OFF	OFF	1137	5	MirrorDungeonUI_5_InfinityFloor.json	IsOFFInfinityMod
Heishou Pack	黑兽	462	675	UnitKeyword.json	UnitKeyword_BLACK_BEAST
Family Hierarch	家主	228	896	UnitKeyword.json	UnitKeyword_FAMILY_GA_HIERARCH
Ryōshū	良秀	0	1116	Enemies-a1c9p3.json	1343
E.G.O Gifts	E.G.O饰品	258	845	MirrorDungeonUI_7.json	ego_gift_list_default
Abnormalities	异想体	300	782	StoryTheaterDanteNote_2.json	Abnormality
Identities	参战人格	1055	8	MirrorDungeonUI.json	participated_personality
Bloodfiend	血魔	415	641	UnitKeyword-a1c7p1.json	UnitKeyword_BLOODFIEND
Head	头部	925	128	Enemies-a1c5p1.json	874202
Poise	呼吸法	517	487	BattleKeywords.json	Breath
The Ring	环指	450	533	StageNode-a1c9p3.json	10937
Activate	激活	728	233	MirrorDungeonUI_3.json	mirror_dungeon_atart_buff_activation
Tier 4	4级	42	915	MirrorDungeonUI_4.json	new_ego_gift_combine_guide_tier_4
Nursefathers	父辈	57	891	StageNode-a1c9p1.json	10917
Flower	花	99	843	Enemies_Refraction2.json	856401
Gift	礼物	753	178	EGOgift_MirrorDungeon-EventTheme_2.json	9764
Ready [待]	待	0	924	BattleKeywords.json	WaitingXichun
Reward	奖励	295	612	MirrorDungeonUI_6.json	mirror_starlight_result_reward_point
Rewards	奖励	295	612	RailwayDungeonUI_1002.json	railway_clear_reward_popup_item_column_desc
Fragile	易损	375	523	BattleKeywords.json	Vulnerable
LCE	LCE	440	452	UnitKeyword.json	UnitKeyword_LIMBUS_COMPANY_LCE
Enhance	强化	69	821	MirrorDungeonUI_6.json	mirror_dungeon_start_buff_card_enhancement
Power Up	威力提升	636	248	BattleKeywords.json	ResultEnhancement
Continue	继续	253	624	RailwayDungeonUI_2.json	railway_dungeon_2_retry_popup_continue
Memories	记忆	303	574	StageNode91-25.json	912509
The Past	过去	152	724	RailwayDungeonUI_6.json	railway_6_past
The Hierarch of Hongyuan	鸿园的家主	431	440	Passives_Assist-Cultivation.json	940000512
Wrath	暴怒	468	387	Passives.json	1000101
Activate	发动	728	124	DanteAbilityUIText.json	ui_activated
Jia Family	贾家	406	435	UnitKeyword-a1c7p2.json	UnitKeyword_FAMILY_GA
The Thumb	拇指	358	476	StageNode-a1c8p1.json	10812
Offices	事务所	39	791	StoryTheaterDanteNote_2.json	Office
Protection	守护	500	325	BattleKeywords.json	Protection
Prescript	指令	355	466	BattleKeywords-a1c9p1.json	IndexPrescript_Base
Bloodfiends	血魔	176	641	StageNode91-10.json	911008
Run	跑	368	432	ActionEvents.json	10407
The Index	食指	360	437	StageNode-a1c9p3.json	10939
Hard	困难	497	294	MirrorDungeonUI_2.json	hard_difficulty
The City	都市	306	485	StoryTheaterDanteNote.json	City
Bind	束缚	343	441	BattleKeywords.json	Binding
Gloom	忧郁	384	383	Passives.json	1000501
Envy	嫉妒	392	374	Passives.json	1000701
Refraction	折射	275	487	Passives.json	1111021
Heart	心脏	583	173	Enemies-a1c5p1.json	875001
Blade Lineage	剑契组	396	355	ActionEvents_exme.json	10906
The House of Spiders	蜘蛛巢	336	411	StoryTheaterDanteNote_11.json	HouseofSpiders
Gaze	视线	367	377	BattleKeywords-a1c8p3.json	GazeReplica
Past [過去]	过去	0	724	Passives_Abnormality_Refraction6.json	9567010
Person	人类	337	377	Enemies.json	803203
The Nests	巢	18	689	StoryTheaterDanteNote.json	Nest
Heishou Packs	黑兽	17	675	StoryTheaterDanteNote_10.json	Heishou
The Heishou Pack	黑兽	15	675	StageNode91-16.json	911608
Kurokumo Clan	黑云会	324	363	AssociationName.json	associationName_BLACK_CLOUD
Vergilius	维吉里乌斯	307	361	Enemies-a1c6p3.json	9999
Pride	傲慢	339	316	Passives.json	1000601
Resume	继续	23	624	MirrorDungeonUI.json	mirrordungeon_progress
W Corp.	W公司	314	333	StoryTheaterDanteNote_3.json	NestW
The Golden Bough	金枝	199	442	StageNode-a1c6p3.json	10643
Happiness	喜	74	564	BattleKeywords-a1c8p3.json	Honglu_Xi
HARD	困难难度	497	138	MirrorDungeonUI_5.json	mirror_5_battle_reward_card_guide_table_1_desc_0_2
Owned	拥有	81	554	MirrorDungeonUI_6.json	mirror_observation_have_starlight
Tier	稀有度	614	13	MirrorDungeonUI_7.json	mirror_dungeon_ego_gift_sort_by_tier
The Backstreets	后巷	176	451	StoryTheaterDanteNote.json	Backstreet
Distortions	扭曲	103	517	StoryTheaterDanteNote_6.json	Distortion
Lust	色欲	323	290	Passives.json	1000201
Attack Power Up	强壮	276	330	BattleKeywords.json	Enhancement
Floor 4	4层	8	598	MirrorDungeonUI_4.json	mirror_battle_reward_card_guide_table_1_desc_4_0
Understanding	理解	104	500	BattleKeywords-walpu4.json	VioletUnderstand
Enter	进入战斗	378	219	MirrorDungeonUI_6.json	mirror_hidden_stage_information_enter_button
Rest	安息	555	32	EGOgift_walpu4.json	9750
Unlock	解放	235	347	BattleKeywords-a1c9p2.json	UnlockBuff_Base
Damage Up	伤害强化	235	337	BattleKeywords.json	AttackDmgUp
Return	返回	492	64	DanteAbilityUIText_a1c9p3.json	danteAbilityButton_resume
Corrosion	侵蚀	222	328	Passives_Abnormality-walpu4.json	836601
Hard	Hard	497	52	MirrorDungeonUI_5.json	mirror_dungeon_hard_difficulty
Offense Level Up	攻击等级提升	296	246	BattleKeywords.json	AttackUp
Gluttony	暴食	260	279	Passives.json	1000401
Easy	简单	269	269	MirrorDungeonUI_4.json	easy_difficulty_simple
Face	面部	527	10	Enemies.json	800203
Binding	纽带	521	13	StageNode1-4.json	10451
The Pinky	小指	246	282	StageNode-a1c9p3.json	10940
Bonus	星芒	387	126		
Sloth	怠惰	251	260	Passives.json	1000301
The LCE	LCE	59	452	StoryTheaterDanteNote_9.json	LCE
Cost	经费	284	223	MirrorDungeonUI_5.json	mirror_start_buff_purchase_modal_exchanged_cost
Ticket	券券	457	47	StageNode-a1c9p3.json	10942
The Golden Boughs	金枝	62	442	StoryTheaterDanteNote.json	Goldenbranch
Jade	玉	53	449	Enemies-a1c8p3.json	115301
Haste	迅捷	238	262	BattleKeywords.json	Agility
Normal	普通	273	220	MirrorDungeonUI_2.json	normal_difficulty
Thread	纺锤	318	172	Items.json	201
Mirror Refraction	折射	1	487	Bufs_Refraction2.json	RailLine2Buff
Kromer	克罗默	234	249	AbnormalityGuides.json	8029
Flesh	血肉	391	89	Enemies_Refraction2.json	855602
Waiting	等待	279	197	StageNode-a1c9p3.json	10946
Fairy	精灵	227	248	Enemies_Refraction2.json	854901
Gaze	凝视	367	103	BattleKeywords.json	MarkOfHeresy
Run.	跑	37	432	ActionEvents.json	1040701
The Corridor	走廊	72	397	StageNode-a1c6p1.json	10614
Mirror Dungeons	镜像迷宫	73	395	StoryTheaterDanteNote_4.json	MirrorDungeon
Observation	观察	171	291	Passives_Abnormality-a1c9p3.json	137801
LCC	LCC	20	436	UnitKeyword.json	UnitKeyword_LIMBUS_COMPANY_LCC
Wuthering Heights	呼啸山庄	219	236	StageNode-a1c6p1.json	10601
Loadout	编队	91	362	MirrorDungeonUI_5_InfinityFloor.json	mirrordungeon_mission_category_title_MIRROR_DUNGEON5_DECK
The LCC	LCC	11	436	StoryTheaterDanteNote.json	LCC
Les Clous	钉	1	442	UnitKeyword-exem.json	UnitKeyword_N_CORP_LENSMAN
Rage	暴怒	51	387	BattleKeywords.json	Anger
Free	免费	335	98	BattlePass.json	battlepass_free
Syndicate	帮派	103	322	UnitKeyword.json	UnitKeyword_CLAN
R Corp.	R公司	206	216	StoryTheaterDanteNote_3.json	NestR
Dimension	次元	104	317	Enemies_Refraction2.json	856001
Lobotomy Corporation	脑叶公司	46	374	StoryTheaterDanteNote_2.json	LobotomyCorp
Mephistopheles	梅菲斯托费勒斯	175	243	StoryTheaterDanteNote_4.json	Mepis
Wei	卫	137	278	Enemies-cultivation.json	1247
Defense Level Down	防御等级降低	195	217	BattleKeywords.json	DefenseDown
Catherine	凯瑟琳	146	262	StageNode-a1c6p1.json	10610
Possibilities	可能性	149	257	StageNode1-0.json	10004
Paralyze	麻痹	180	223	BattleKeywords.json	Paralysis
The Kurokumo Clan	黑云会	38	363	StoryTheaterDanteNote.json	Kurokumo
Grasp	掌	62	336	BattleKeywords-a1c8p3.json	GraspReplica
Dark Cloud	黑云	12	386	BattleKeywords.json	BlackCloud
Technology Liberation Alliance	技术解放联盟	214	184	StageNode1-4.json	10417
Section 3	第3区段	367	25	RailwayDungeonUI_4.json	railway_dungeon_4_section_3_lost_and_found
Hohenheim	霍恩海姆	166	226	StageNode91-14.json	911404
The Blade Lineage	剑契组	32	355	StoryTheaterDanteNote.json	Swordgroup
Tremor Burst	震颤引爆	174	211	BattleKeywords.json	VibrationExplosion
Dawn Office	黎明事务所	210	175	BattleKeywords.json	DawnTeam
Limbus Company	边狱公司	164	218	StoryTheaterDanteNote.json	Limbuscompany
LCA	LCA	188	189	UnitKeyword.json	UnitKeyword_LIMBUS_COMPANY_LCA
Yurodiviye	圣愚	75	301	AbEvents-tktRe.json	1081601
Nagel und Hammer	钉与锤	182	191	MirrorDungeonTheme-1.json	1006
Refraction Railway	折射轨道	167	204	RailwayDungeonUI.json	mirror_refraction_railway
Fear	恐惧	195	175	BattleKeywords.json	Scared
Device	装置	171	199	Enemies-pilgrimage.json	129901
E.G.O Gear	E.G.O装备	169	200	UnitKeyword.json	UnitKeyword_EGO_EQUIPMENT
Care	悉心照料	365	2	Passives_Abnormality.json	826401
Butterfly	蝶	146	220	BattleKeywords-walpu4.json	SinkingWhite
Collection	收集	151	214	MirrorDungeonUI_5_InfinityFloor.json	mirrordungeon_mission_category_title_MIRROR_DUNGEON5_COLLECTION
Walpurgis Night	瓦尔普吉斯之夜	177	187	SeasonTitle.json	season_9101_walpurgisnacht
Syndicates	帮派	41	322	StoryTheaterDanteNote.json	Organization
Yuri	尤莉	174	182	StageNode1-1.json	10105
The Wings	翼	36	320	StoryTheaterDanteNote.json	Wings
Enkephalin	脑啡肽	171	184	StageNode1-1.json	10104
Gifts	饰品观测	340	13		
Buy	购买	92	260	BattlePass.json	buy_battlepass_word
Karmic Consequence	业	18	330	BattleKeywords-a1c9p1.json	KarmaOfIndexAlly
Close	关闭	288	58	MirrorDungeonUI_6.json	mirror_dungeon_finished_panel_preview_version_confirm_button
The Future	未来	83	255	RailwayDungeonUI_6.json	railway_6_future
E.G.O Corrosion	E.G.O侵蚀	165	171	Bufs.json	EgoErode
Encounters	战斗次数	334	1	MirrorDungeonUI_3.json	number_of_battles
Shop	商店	126	207	MirrorDungeonUI_2.json	dungeon_encounter_guide_mirror_shop
Section 4	第4区段	310	20	RailwayDungeonUI_4.json	railway_dungeon_4_section_4_lost_and_found
Hardblood	硬血	185	137	BattleKeywords-a1c7p3.json	BloodArmor
Anamnaworm	虫	28	294	StoryTheaterDanteNote_11.json	Anamnaworm
Curse	诅咒	187	131	BattleKeywords.json	Curse
Contempt	轻蔑	153	164	BattleKeywords-a1c8p3.json	ContemptReplica
Baoyu, the Precious Jade	宝玉	0	317	Enemies-a1c8p3.json	1153
Jia Xichun	贾惜春	138	178	StageNode-a1c8p1.json	10814
Hammer	铁锤	305	10	EGOgift_StoryDungeon.json	1049
The Inquisitor	审判官	36	276	StageNode91-20.json	912006
Workshops	工坊	23	287	StoryTheaterDanteNote_5.json	Armory
Nagel	尖钉	185	122	EGOgift_StoryDungeon.json	1050
NORMAL	普通难度	273	34	MirrorDungeonUI_5.json	mirror_5_battle_reward_card_guide_table_1_desc_0_1
Cinq Association	Cinq协会	44	261	StoryTheaterDanteNote_2.json	Cinq
Offense Level Up	攻击等级强化	296	8	BattleKeywords_Mirror3.json	MDHcFbBa
S Corp.	S公司	157	147	StoryTheaterDanteNote_6.json	NestS
Monsters	怪物	94	205	StoryTheaterDanteNote_5.json	Creature
Peccatula	罪种	103	195	StoryTheaterDanteNote_6.json	Peccatula
Defense Level Up	防御等级提升	139	158	BattleKeywords.json	DefenseUp
Cycle	巡回	176	121	Bufs.json	RailBuffForLine2_A_ENEMY
Aggro	挑衅值	206	89	BattleKeywords.json	Aggro
Keen Observation	观察	3	291	Passives.json	1020121
Acute Studies	观察	1	291	Passives.json	1010201
Backup	待命人员	172	117	RailwayDungeonUI_4.json	formation_waiting_character
Bamboo-hatted Kim	金笠	91	198	StageNode91-7.json	910711
LCD	LCD	139	149	UnitKeyword-a1c9p2.json	UnitKeyword_LIMBUS_COMPANY_LCD
The Beast	野兽	11	276	StageNode-a1c6p2.json	10634
Student	学徒	185	101	UnitKeyword.json	UnitKeyword_RING_FINGER_STUDENT
Sum	总计	211	71	MirrorDungeonUI_6.json	mirror_finished_panel_mirror_pass_detail_total
Pirates	海盗	126	156	StageNode-a1c5p1.json	10516
Ammo	弹药	136	143	BattleKeywords.json	Bullet
Assist [援]	援	0	279	BattleKeywords.json	CheerUpXichun
Normal	Normal	273	1	MirrorDungeonUI_5.json	mirror_dungeon_easy_difficulty
Guaranteed	确定	31	242	MirrorDungeonUI_4.json	confirmed
Hard Difficulty	困难难度	135	138	MirrorDungeonUI_6.json	mirror_starlight_result_dungeon_play_point_tooltip_item_hard_difficulty
Regular	常规	190	81	BattlePass.json	battlepass_mission_tag_normal
Starlight	星芒	145	126	MirrorDungeonUI_2.json	mirror_dungeon_start_buffs_chip_name
Hole	洞	68	201	StageNode1-4.json	10428
Talisman	符咒	167	100	BattleKeywords.json	Talisman
Chain	连续	146	121	RailwayDungeonUI_4.json	formation_baton_continue
Butlers	管家	57	210	StageNode-a1c6p1.json	10611
Potentialities	可能性	9	257	EGOgift_MirrorDungeon_7.json	9232
Wings	翅膀	174	92	Enemies_Refraction3.json	857702
Alliance	同盟	251	14	StageNode91-16.json	911612
Designate Target	指定目标	2	261	Passives.json	1011321
Tears	眼泪	206	54	BattleKeywords.json	Blue
The Cleanup Agent	清扫人员	3	256	StageNode91-10.json	911009
LCB	LCB	121	138	UnitKeyword.json	UnitKeyword_LIMBUS_COMPANY_LCB
Marked	标记	128	130	BattleKeywords.json	Target
Nails	尖钉	136	122	BattleKeywords.json	NailPersonality
The Big Brother	幼兄	37	219	Passives-BossRaid.json	500108
Araya	阿赖耶	93	163	StageNode-a1c9p3.json	10941
Future [未來]	未来	0	255	Passives_Abnormality_Refraction6.json	9567030
Shi Family	史家	117	138	UnitKeyword-a1c8p2.json	UnitKeyword_FAMILY_SA
90%	90%	0	253	MirrorDungeonUI_4.json	new_ego_gift_combine_guide_table_1_desc_2_1
Reset	重置	140	113	MirrorDungeonUI_6.json	mirror_dungeon_observation_filter_reset
The Index Nursefather	食指 父辈	133	120	Passives.json	1011504
Corpse	尸体	72	180	KeywordDictionary.json	body
Attack Power Down	虚弱	109	142	BattleKeywords.json	Reduction
Desire	欲望	138	112	Enemies.json	806001
Rosespanner Workshop	玫瑰扳手工坊	122	126	UnitKeyword.json	UnitKeyword_TROUBLE_SHOOTER
The Pequod	裴廓德号	119	127	UnitKeyword.json	UnitKeyword_PEQUOD_CREW
Sancho	桑丘	90	154	Enemies-a1c7p3.json	8380
The Great Lake	大湖	89	155	StoryTheaterDanteNote_5.json	GreatPond
Cold	寒冷	206	37	BattleKeywords-pilgrimage.json	ColdAirDOQ
Into Full Bloom	绽放	1	242	Passives_Abnormality.json	804401
MultiCrack Office	多裂纹事务所	121	121	StageNode91-10.json	911005
Smoke	烟气	206	32	BattleKeywords-walpu5.json	Smoke
G Corp.	G公司	113	125	KeywordDictionary.json	Gcorp
Ambush	袭击	36	200	StageNode91-16.json	911604
Jia Baoyu	贾宝玉	100	132	StageNode-a1c8p1.json	10806
Tree	树	73	157	Enemies.json	806101
Superiority	优势	11	216	Passives_Abnormality-a1c6p3.json	817101
Lobotomy Corp. Branch	脑叶公司支部	72	154	UnitKeyword.json	UnitKeyword_LOBOTOMY_BRANCH
Egoshards	自我碎片	54	171	Items.json	5
Not Enough Cost	经费	2	223		
Ahab	亚哈	99	125	ActionEvents-a1c5p3.json	810601
Jia Qiu	贾丘	80	144	BattleKeywords-a1c8p2.json	Qiu_LowMorale
Anxiety	不安	36	188	Passives_Abnormality_Refraction2.json	856801
The Duel	决斗	21	203	StageNode91-16.json	911602
Power Down	威力降低	183	39	BattleKeywords.json	ResultReduction
L Corp.	L公司	122	100	StoryTheaterDanteNote.json	NestL
Zwei Association	Zwei协会	23	199	StoryTheaterDanteNote_8.json	ZweiAsso
Kindred	眷属	97	124	UnitKeyword-a1c7p1.json	UnitKeyword_DEPENDENT
Shell	壳	73	147	Enemies-a1c5p3.json	810101
Umbrella	伞	93	126	Enemies-a1c5p1.json	874301
Fuse	合成	79	139	MirrorDungeonUI_3.json	combine
Casino	赌场	84	134	StageNode1-2.json	10201
Liu Association	六协会	36	180	StoryTheaterDanteNote_2.json	LiuAsso
Docent	讲解员	106	110	UnitKeyword.json	UnitKeyword_RING_FINGER_DOCENT
Needle	针	44	171	BattleKeywords.json	NiddleEGO
Entanglement	纠缠	56	158	BattleKeywords.json	SojiRyoshuEchoPast
The LCA	LCA	24	189	StoryTheaterDanteNote_6.json	LCA
School of Fauvism	野兽派	14	198	UnitKeyword.json	UnitKeyword_RING_FINGER_FAUVISM
Refraction Railways	折射轨道	6	204	StoryTheaterDanteNote_4.json	MirrorSubway
Safety Team	安保部	102	107	ActionEvents-walpu4.json	971033
Vengeance	报复	164	44	BattleKeywords-a1c5p2.json	AaCePbBe
Duello	决斗	3	203	Passives_Abnormality-a1c9p1.json	130601
Mental Awakening	觉醒	2	201	BattleKeywords-cultivation.json	DrunkAwakening
"It"	鬼	0	201	BattleKeywords_Refraction6.json	TagGameBuff
Twinhook Pirates	双钩海盗团	105	96	UnitKeyword.json	UnitKeyword_DUAL_HOOK_PIRATE
Weak Morale	士气低落	1	199	Passives_Enemy.json	90004
Despair	绝望	78	120	BattleKeywords-walpu6.json	DespairAlly
Hatred	憎恶	109	89	Bufs-a1c6p2.json	AaCfPbBi
Clash Power Up	拼点威力提升	104	93	BattleKeywords-tkt.json	ParryingResultUp
Faith	信念	144	53	EGOgift_MirrorDungeon.json	9081
Heishou Pack - Mao Branch	黑兽 - 卯	0	197	UnitKeyword.json	UnitKeyword_BLACK_BEAST_RABBIT
Offense Level Down	攻击等级降低	98	98	BattleKeywords.json	AttackDown
Running	溃退	194	2	Bufs.json	Run_LowMorale
Buffs	增益	100	96	RailwayDungeonUI_5.json	railway_5_ally_buff
Edgar Family	埃德加家族	97	99	UnitKeyword.json	UnitKeyword_LINTON
Night Awls	夜锥组	98	97	UnitKeyword.json	UnitKeyword_NIGHTSTILETTO
Nail and Hammer	钉与锤	3	191	EGOgift_MirrorDungeon_7.json	9252
Lunacy	狂气	94	100	Items.json	3
Backup	掩护	172	22	Passives.json	1050121
The LCD	LCD	44	149	StoryTheaterDanteNote_6.json	LCD
Bloodbag	血袋	60	132	Passives_Enemy-a1c7p1.json	9015207
Determined	觉悟	147	43	BattleKeywords.json	Choice_9010400101
P Corp.	P公司	87	103	StoryTheaterDanteNote_8.json	NestP
Doubt	猜疑	176	13	StageNode-a1c9p1.json	10910
Struggle	挣扎	79	109	BattleKeywords.json	Choice_90103301
Levelheaded	冷静	22	165	Passives.json	1110201
The LCB	LCB	49	138	StoryTheaterDanteNote.json	LCB
Coffin	棺	88	98	BattleKeywords.json	Coffin
Theme Pack	主题卡包	67	119	MirrorDungeonUI_5.json	mirror_card_pack
Yearning	渴望	70	115	Passives_Abnormality_Refraction5.json	863303
The Adept	魁首	3	182	StageNode91-19.json	911908
Agitated	愤怒	11	173	Bufs.json	Anger_LowMorale
The Assistant	助手	7	175	StageNode91-14.json	911405
H Corp.	H公司	87	95	StoryTheaterDanteNote_10.json	NestH
Lobotomy E.G.O	脑叶公司E.G.O	90	90	Passives_Abnormality.json	804305
Basement	地下室	76	104	StageNode91-25.json	912510
Starlight	星芒奖励	145	34	MirrorDungeonUI_3.json	starlight_reward
The Backdoor	后门	55	124	StoryTheaterDanteNote_4.json	Backdoor
Growing	生长	115	61	BattleKeywords.json	DongbaekGrow
Audience	观众	82	93	StageNode-a1c9p2.json	10923
Poised	冷静	9	165	Passives.json	1010301
Colours	颜色	5	169	StageNode-a1c6p1.json	10605
Prey	猎物	103	70	BattleKeywords-BossRaid.json	Prey_leiheng
Hunger	饥饿	87	86	BattleKeywords-a1c7p1.json	FamineBlood_LowMorale
Resentment	仇怨	92	81	BattleKeywords.json	Resentment
Clears	清剿	30	143	MirrorDungeonUI_5_InfinityFloor.json	mirrordungeon_mission_category_title_MIRROR_DUNGEON5_CLEAR
Resentment	怨恨	92	78	BattleKeywords-exme.json	Aengdu_Lowmorale
Discard	丢弃	86	83	BattleKeywords.json	Discard
Hidden	隐藏	67	102	MirrorDungeonUI_6_Achievement.json	mirrordungeon_mission_category_title_MIRROR_DUNGEON6_HIDDEN
Taboo	禁忌	64	105	StageNode1-3.json	10304
Tingtang Gang	豆豆帮	50	119	UnitKeyword.json	UnitKeyword_KONG_KONG
Cassetti	卡塞蒂	79	89	AbnormalityGuides-mowe.json	8350
Jia Mu	贾母	93	75	Enemies-a1c8p3.json	1146
Focus	聚气	163	4	Passives_Abnormality-a1c8p2.json	114105
The Waves	浪潮	64	103	StageNode-a1c5p1.json	10518
Completed	达成	98	68	MirrorDungeonUI_6.json	mirror_select_constraint_slot_achievement
Full-Stop Office	句点事务所	84	82	UnitKeyword-a1c7p1.json	UnitKeyword_FULL_STOP
Los Mariachis	流浪乐队	66	100	UnitKeyword.json	UnitKeyword_MARIACHI
Threadspinning	异想解析	66	98	StoryTheaterDanteNote_3.json	AbnormalityInterpret
Blazing	燃烧	20	143	BattleKeywords.json	MatchesPersonality
Regenerate	再生	19	144	BattleKeywords_Refraction2.json	DecoyRegenerated
The Fingers	手指	29	134	StageNode-a1c9p1.json	10916
Decaextraction Ticket	十连提取券	83	78	Items.json	102
60%	60%	0	161	MirrorDungeonUI_4.json	new_ego_gift_combine_guide_table_1_desc_1_1
Effloresced E.G.O	绽放E.G.O	77	83	StoryTheaterDanteNote_13.json	EffEGO
Nelly	耐莉	69	90	AbEvents-a1c6p3.json	817101
Thorns	荆棘	41	118	BattleKeywords-a1c7p2.json	ThornyFall_LowMorale
The Barber	理发师	75	84	Enemies-a1c7p3.json	8395
Available	可用	124	35	MirrorDungeonUI_6.json	mirror_dungeon_available_starlight
Trials	苦难	53	104	MirrorDungeonUI_5.json	mirror_enemy_buff
Urge	欲望	43	112	BattleKeywords.json	Desire
Line 2	2号线	79	76	MirrorDungeonTheme-1.json	1109
Lamp	目灯	135	18	BattleKeywords-a1c9p3.json	LanternHohenheimBigBird
Identity Training Ticket IV	人格训练券IV	80	73	Items.json	214
Support	呐喊助威	149	3	Passives.json	1030121
Seven Association	Seven协会	31	121	StoryTheaterDanteNote_5.json	SevenAsso
Points	点数	86	65	MirrorDungeonUI_5.json	mirrordungeon_egogift_combine_guide_score_score_header
Sasha	萨莎	72	78	AbnormalityGuides-mowe.json	8347
The Priest	神父	63	87	Enemies-a1c7p3.json	8378
Progress	当前进度	144	6	MirrorDungeonUI_6.json	mirror_dungeon_progress_popup_reward_preview_button
Support	辣喊助威	149	1	Passives-x1p1c1.json	40002702
The Dead Rabbits	死兔帮	37	112	StageNode-a1c6p1.json	10617
Inquisitors	异端审判官	50	99	StageNode1-3.json	10310
Ricardo	里卡多	73	75	Enemies-a1c5p2.json	8099
The Laws	规则	36	112	StageNode-a1c5p1.json	10502
Progress	成就进度	144	3	MirrorDungeonUI_5.json	mirrordungeon_achievement_progress
Grade 8 Fixers	8阶收尾人	1	145	StageNode1-1.json	10110
Defense Level Up	防御等级强化	139	6	BattleKeywords_Mirror3.json	MDHcFaBa
Wealth	富	23	122	EGOgift_MirrorDungeon_6.json	9800
Challenge	挑战	68	77	MirrorDungeonUI_6.json	mirror_constraint_button
Tribulation	苦难	40	104	BattleKeywords-BossRaid.json	FavorBuffTwthHardForUI
Marked	标识	128	15	BattleKeywords-a1c5p3.json	AaCePcBa
Lei Heng	雷横	67	76	Enemies-a1c8p3.json	1145
Identity Training Ticket III	人格训练券III	75	68	Items.json	213
Mr. Pilot	皮利托	6	137	StageNode-a1c5p1.json	10513
Resurrect	复活	1	141	Bufs.json	RailBuffForLine2_T_ALLY
Activated	已激活	126	15	MirrorDungeonUI_2.json	activation_complete
Stigmatized	标记	10	130	BattleKeywords-a1c8p3.json	FellBulletMarkReplica
Grace	恩义	137	2	Passives_Abnormality-a1c9p1.json	131805
Defense Power Up	忍耐	34	104	BattleKeywords.json	Endurance
Search	饰品观测	124	13		
Rampage	挣扎	27	109	BattleKeywords-a1c8p3.json	OutpouringAnger
Queequeg	魁魁格	58	78	Enemies-a1c5p3.json	8112
Slayer	杀手	8	128	Passives.json	1100201
Damage Taken	受击之时	133	3	Passives_Abnormality-cultivation.json	127201
First Class	头等舱	70	66	StageNode91-10.json	911001
Details	详情	90	45	MirrorDungeonUI_3.json	mirror_dungeon3_start_buff_detail
Singularities	奇点	22	113	StoryTheaterDanteNote_2.json	Singularity
Yield My Flesh	肉斩	64	70	ActionEvents_Mirror7.json	971085
Achievements	成就	42	91	MirrorDungeonUI_5_InfinityFloor.json	mirror_dungeon_achievement_list_title
Suffering	饱受折磨	129	3	Passives.json	1120921
Revenge	复仇	30	101	Bufs-a1c6p2.json	Vengeance_LowMorale
Zilu	子路	56	75	Enemies-a1c8p2.json	1133
The Guide	向导	20	111	Passives_Assist-a1c9p3.json	40001209
Limbus Pass	边狱通行证	78	52	BattlePass.json	battlepass_limbuspass
Season 5	第5赛季	74	56	SeasonTitle.json	season_filter_5
Dieci Association	Dieci协会	20	110	StoryTheaterDanteNote_4.json	DieciAsso
Accelerating	加速	16	112	Bufs.json	RailBuffForLine2_D_ENEMY
Hindley	亨德利	52	76	Enemies-a1c6p2.json	91015
The Outskirts	郊区	50	78	StoryTheaterDanteNote_5.json	Outside
Pequod Town	裴廓德镇	61	65	DungeonArea-a1c5p3.json	dungeon_1_5_0102
U Corp.	U公司	45	81	StoryTheaterDanteNote_5.json	NestU
Bloodfeast	血宴	64	61	BattleKeywords-a1c7p1.json	BloodDinner
Red Eyes	赤瞳	87	36	BattleKeywords-walpu4.json	RedEyeFirst
Guides	向导	12	111	StageNode1-1.json	10109
School	学校	90	33	StageNode91-25.json	912507
Butterfly of Entangled Lives	罗生蝶	62	60	AbnormalityGuides_Refraction6.json	9567
Wandering	徘徊	68	54	BattleKeywords.json	Prowl_LowMorale
Desirous	渴望	6	115	BattleKeywords.json	Greedy
Unbending	不动	9	112	EGOgift_MirrorDungeon-EventTheme.json	9718
The Sign	印记	31	90	StoryTheaterDanteNote_12.json	TheSigns
Grace of the Prescript	指令加护	67	53	BattleKeywords-a1c9p1.json	BlessingOfIndexPrescriptAlly
The Master	师父	52	68	StageNode91-19.json	911909
Shi Association	し协会	13	107	StoryTheaterDanteNote_2.json	ShiAsso
The Indigo Elder	靛蓝老人	54	65	StageNode-a1c5p2.json	10534
The Pallid Whale	白鲸	34	85	StageNode-a1c5p2.json	10537
Ardor Blossom Moth	红焰蛾	59	59	AbEvents-a1c9p2.json	132001
Spiral of Contempt	轻蔑螺旋	54	64	AbEvents_Refraction3.json	85850101
Poison	剧毒	57	61	BattleKeywords.json	Poison
A Guide	向导	7	111	StageNode91-16.json	911603
Devyat' Association	Девять协会	8	110	StoryTheaterDanteNote_5.json	DebatyAsso
Öufi Association	Öufi协会	0	118	UnitKeyword.json	UnitKeyword_OUFI
Surgery	手术	19	98	BattleKeywords.json	Operation
Season 7	第7赛季	58	59	SeasonTitle.json	season_filter_7
Fanghunt Office	猎牙事务所	58	59	UnitKeyword-a1c7p1.json	UnitKeyword_FANG_HUNT
Spark	点燃	58	58	BattleKeywords_Refraction3.json	MRcAiBc
Shell	外壳	73	43	Enemies91-4.json	806302
Nightmare	噩梦	57	59	Passives_Abnormality-a1c6p3.json	816104
Lightning	雷电	99	16	BattleKeywords.json	DogThunder
Uncertainty	不确定性	103	12	StageNode91-10.json	911015
The Library	图书馆	28	87	StoryTheaterDanteNote_5.json	Library
Maestro	大师	44	71	UnitKeyword.json	UnitKeyword_RING_FINGER_MAESTRO
Not Me	不是我	8	105	Passives_Abnormality_Refraction5.json	863103
Season 6	第6赛季	64	49	SeasonTitle.json	season_filter_6
Petals	花瓣	65	47	BattleKeywords.json	AlriuneEGOWe
Big & Scary	可怕	0	112	Passives_Enemy-a1c7p1.json	9016103
Sea Terror	恐鱼	41	71	UnitKeyword-pilgrimage.json	UnitKeyword_SEA_TERROR
Defense Power Down	破绽	38	73	BattleKeywords.json	Disarming
Timekilling Time	时间杀人时间	52	58	MirrorDungeonTheme-1.json	1105
The Proof	证明	5	105	StageNode91-19.json	911912
Instincts	本能	34	75	BattleKeywords-Refraction1BokGak.json	AggressiveBokgak
Hardship	苦难	5	104	EGOgift_walpu4.json	9748
The Time Ripper	时间杀人魔	26	82	AbnormalityGuides-tkt.json	8278
Sack	袋子	87	21	Passives_Abnormality-a1c6p3.json	816603
Total Turns	累计回合数	73	35	RailwayDungeonUI.json	accumulated_turn
Blessing	加护	31	76	BattleKeywords-walpu6.json	BlessingAlly
Solitude	孤独	29	78	BattleKeywords.json	GodokPanicType
Interloper	不速之客	27	80	BattleKeywords_Refraction4.json	UninvitedGuest
Seaborn	海嗣	16	91	Passives_Abnormality-pilgrimage.json	129102
The Contract	契约	76	31	StageNode-a1c9p2.json	10927
Details	详细信息	90	16	RailwayDungeonUI_5.json	railway_dungeon_5_statistics_button
Purity	纯粹	23	82	BattleKeywords.json	Cromer_Madness
Gossypium	棉花	52	53	BattleKeywords_Refraction3.json	MRcAfBa
Extraction Ticket	提取券	9	96	Items.json	101
Awe	敬畏	49	55	EGOgift_MirrorDungeon.json	9108
Resentment	疙瘩	92	12	Enemies.json	805701
Film	胶片	58	46	StageNode91-27.json	912705
Damage Down	伤害弱化	43	60	BattleKeywords.json	AttackDmgDown
Hate	憎恶之心	101	1	Passives_Abnormality-a1c8p2.json	115701
The Client	委托人	37	65	StageNode1-4.json	10407
Identity Uptying	人格同步	1	101	StoryTheaterDanteNote_3.json	PersonalitySync
Frozen	冻结	37	64	BattleKeywords-pilgrimage.json	FreezingDOQ
Lasso	套索	54	47	BattleKeywords.json	Snare
Survivor	幸存者	31	70	StageNode91-25.json	912502
Pursuit	追踪	65	36	StageNode91-27.json	912709
Determination	觉悟	57	43	BattleKeywords-a1c6p3.json	AaCfPcBo
Blood-tinged Scissorblades	染血的剪刃	68	32	BattleKeywords-a1c7p1.json	BloodScissor
Responsibility	责任感	92	8	BattleKeywords-a1c8p3.json	YisangParryGubo
Penitence	忏悔	55	44	BattleKeywords-walpu4.json	PenanceFirst
Weekly	周常任务	97	2	BattlePass.json	battlepass_weeklymission
Dead Rabbits Boss	死兔帮 老大	51	48	Enemies-a1c6p2.json	8204
Ch'unokkun	推奴人	39	60	Passives.json	1061502
Sweepers	清道夫	31	68	StoryTheaterDanteNote_10.json	Sweeper
Blooming	开花	68	30	BattleKeywords.json	DongbaekFlorescence
Fruit	果实	48	50	Enemies.json	800101
Sell	售卖	52	46	MirrorDungeonUI_3.json	sell
Season 4	第4赛季	49	49	SeasonTitle.json	season_filter_4
Self-charge	自体发电	59	38	BattleKeywords.json	SelfCharge
Emptiness	空虚	32	65	BattleKeywords.json	DistortedDongrangEmptiness
Palanquin	轿子	45	52	Enemies-a1c8p3.json	115202
Legs	腿部	83	14	Enemies.json	800903
LCB Regular Check-up	LCB定期体检	51	46	MirrorDungeonTheme-1.json	1115
Nocturnal Sweeping	深夜清扫	46	51	MirrorDungeonTheme-1.json	1117
The Battle's End	战斗结束	5	92	Passives_Abnormality-a1c8p2.json	115905
Heishou Pack - Si Branch	黑兽 - 巳	0	97	UnitKeyword.json	UnitKeyword_BLACK_BEAST_SNAKE
Fanatic	狂信	45	51	BattleKeywords.json	Assemble
Details	详细内容	90	6	MirrorDungeonUI_6.json	mirror_starlight_result_tooltip_button
Portrait	肖像画	80	15	AbnormalityGuides_Refraction4.json	8606
Magic Bullet	魔弹	43	52	BattleKeywords.json	FreischutzShotCount
Owned	已拥有	81	14	MirrorDungeonUI_6.json	mirror_unobservable_egogift_reason_is_owned
Cans	罐头	28	67	StageNode91-27.json	912707
Ruin	破灭	56	38	BattleKeywords.json	WanderingFootsteps_LowMorale
Heathcliff?	希斯克利夫？	0	94	Enemies-a1c6p2.json	8164
Analytic Eye	分析	1	93	Passives.json	1020101
Observational Eye	分析	1	93	Passives.json	1010221
Tieqiu Crew	铁工会	35	59	UnitKeyword.json	UnitKeyword_TIEQIU
Refresh	刷新	41	52	MirrorDungeonUI_3.json	dungeon_shop_refresh
Bud	花蕾	77	15	Enemies.json	805401
Details	详细情报	90	2	RailwayDungeonUI.json	railway_dungeon_detailed_info
Immobilized	无法行动	21	70	Bufs.json	Inactible
Season 3	第3赛季	45	46	SeasonTitle.json	season_filter_3
Bloodied Hand	染血之手	61	29	BattleKeywords-a1c7p2.json	BloodyHand
Candy	糖果	42	48	BattleKeywords-fools.json	CandyForCharon_LowMorale
The Terminus	终点站	36	54	RailwayDungeonUI_2.json	railway_dungeon_2_final_station
Nervous	焦虑	65	24	BattleKeywords.json	Nervous
The Uninvited	不速之客	9	80	BattleKeywords.json	UninvitedGuestPersonality
Max Speed +1	最大速度值+1	0	89	MirrorDungeonUI_2.json	md3_buffs_summaryDesc_1212
Skip	脱离	28	61	MirrorDungeonUI_6.json	mirror_hidden_stage_information_quit_button
Cycle Count	巡回数	29	60	RailwayDungeonUI_1002.json	ui_railway_dungeon_rotation_count
Pity	怜悯	51	38	StageNode-a1c9p3.json	10947
Map	地图	40	49	StageNode1-1.json	10106
Louse	虫子	2	87	StageNode1-2.json	10204
Fell Bullet	凶弹	34	54	AbEvents_Refraction5.json	863001
Pilgrimage of Compassion	善意的巡礼	52	36	MirrorDungeonTheme-1.json	1122
Shock	感电	84	3	BattleKeywords.json	ElectricShock
The Chain	锁链	26	61	Enemies-a1c6p3.json	816602
Loyalty	忠义	54	33	Passives.json	1050701
to Unlock	通过主线剧情	66	20		
Owned	已持有	81	5	MirrorDungeonUI_7.json	EgoGiftListPopupTabType_OWNED_WITH_DETAIL_TAG
Adaptation	适应	17	69	Passives_Abnormality-a1c9p3.json	137802
Kezhan	客栈	33	53	StageNode91-16.json	911605
Dihui Star	地慧星	33	53	UnitKeyword.json	UnitKeyword_DIHUI_STAR
Keenness	锐利	7	78	BattleKeywords_Mirror3.json	MDcFcBe
Powerless	无力	12	73	Passives_Abnormality_Refraction2.json	856601
Hook Office	吊钩事务所	42	43	UnitKeyword.json	UnitKeyword_HOOK_OFFICE
Multitude of Dots	点点	2	82	Passives.json	1110901
Line 4	4号线	40	44	RailwayDungeon.json	4
Telepole	电线杆	32	51	Enemies.json	803202
Vanguard Team	先锋队	77	6	Passives.json	1111401
The Pawnshop	当铺	4	79	StageNode1-2.json	10202
Smoke War	烟霾战争	35	48	UnitKeyword-a1c9p3.json	UnitKeyword_SMOKE_WAR
Tail	尾部	52	30	Enemies.json	803104
Enkephalin Module	脑啡肽模块	14	68	Items.json	11
Identity Training Ticket I	人格训练券I	1	81	Items.json	211
Line 1	1号线	42	40	MirrorDungeonTheme-1.json	1108
N Corp. New League of Nine Littérateurs	N公司 新九人会	0	82	MirrorDungeonTheme-1.json	1501
Parallel Superposition	平行叠加	43	39	MirrorDungeonUI_6.json	mirror_finished_panel_mirror_pass_detail_infinite
Reflectrial	映射战斗	46	36	Passives-BossRaid.json	501206
Harpoons	鱼叉	9	73	StageNode-a1c5p2.json	10530
Ember	火种	31	50	BattleKeywords_Refraction3.json	MRcAiBa
Struggle	苦斗	79	1	Passives_Abnormality-pilgrimage.json	128801
The First Mate	大副	10	70	StageNode-a1c5p1.json	10509
Every World	所有世界	33	47	StageNode-a1c6p3.json	10648
Xiren	袭人	27	53	StageNode-a1c8p1.json	10818
Heishou Pack - You Branch	黑兽 - 酉	0	80	UnitKeyword.json	UnitKeyword_BLACK_BEAST_CHICKEN
Faelantern	精灵提灯	39	40	AbEvents-a1c9p1.json	130801
Vexation	不快	5	74	BattleKeywords-a1c9p2.json	Vespa_LowMorale
High Noon	正午	26	53	BattleKeywords.json	DawnFaust
Resilient	强韧	39	40	BattleKeywords_Mirror3.json	MDHcFdBf
Fairy Wine	精灵酒	36	43	Enemies-a1c5p1.json	8745
Line 5	5号线	37	42	MirrorDungeonTheme-1.json	1118
The Subject	拍摄对象	77	2	StageNode91-27.json	912712
Declared Duel	决斗宣告	47	31	BattleKeywords.json	DuelDeclaration
Unbreakable Coin	不可摧毁的硬币	9	69	BattleKeywords.json	SuperCoin
Daily	日常任务	76	2	BattlePass.json	battlepass_dailymission
Reunion	再会	35	43	StageNode1-4.json	10427
The Church	教团	38	39	BattleKeywords-walpu5.json	Church_LowMorale
Relief	安心	36	41	BattleKeywords.json	Choice_90103402
Tipsy	醉意	37	40	BattleKeywords.json	Tipsiness
Pocket Watch	怀表	46	31	Items.json	20017
Mnestic Experience	经验记忆	40	37	MirrorDungeonTheme-1.json	1128
Offense Level +1	攻击等级+1	0	77	MirrorDungeonUI_2.json	md3_buffs_summaryDesc_1222
Hit the Road	旅途	1	76	StageNode1-0.json	10003
Witnessing	观望	21	56	StageNode91-16.json	911607
Miseries	不幸	5	72	StageNode91-25.json	912508
Immobilize	无法行动	6	70	BattleKeywords.json	Inactible
Adversity	制约	31	45	MirrorDungeonUI_6.json	mirror_constrain_buff
Lei Heng [雷橫]	雷横	0	76	Passives-BossRaid.json	501906
Organizing	整理	5	71	Passives_Enemy-a1c6p1.json	9012201
Color Fixer	特色	20	56	StoryTheaterDanteNote_11.json	ColorFixer
Guilt	负罪感	44	30	BattleKeywords-a1c7p3.json	Guilt_LowMorale
Slash Power Up	斩击威力提升	36	38	BattleKeywords.json	SlashResultUp
Weekly Bonuses	每周加成	35	39	MirrorDungeonUI_2.json	weekly_bonus_reward
Total Turns	最终累计回合	73	1	RailwayDungeonUI_3.json	railway_dungeon_3_boss_accumulated_turn
Application	入职	18	56	StageNode1-4.json	10408
Morale Boost	昂扬	28	45	BattleKeywords.json	Exalted
Identity Training Ticket II	人格训练券II	3	70	Items.json	212
Vessel Masas	大众号	30	43	StageNode91-20.json	912004
Doomsday Calendar	终末日历	33	39	AbnormalityGuides.json	8002
Bugger…	妈的…	0	72	Passives.json	1070401
Purification	净化	12	60	StageNode1-3.json	10315
Regeneration Ampules	再生安瓿	16	56	StageNode1-4.json	10409
Wayfarer	旅者	39	33	StageNode91-25.json	912503
Capture	捕获	39	32	BattleKeywords-a1c5p3.json	AaCePcBl
Miracle in District 20	20区的奇迹	37	34	MirrorDungeonTheme-1.json	1103
The Red Gaze	猩红视线	25	46	Passives.json	999901
Line 6	6号线	35	36	RailwayDungeon.json	6
Monolith	独石	26	45	StoryTheaterDanteNote_6.json	Monolith
Assist Defense	援护防御	31	39	BattleKeywords-a1c5p3.json	AaCePcBs
Withered	衰老	28	42	BattleKeywords-a1c7p1.json	StarvingBarberOne
Maddened	疯狂	5	65	BattleKeywords.json	Crazy_LowMorale
Aida	艾达	33	37	Enemies.json	91004
Backing	援护	11	59	Passives.json	1020321
Determination	决意	57	13	Passives_Abnormality.json	804304
Erlking	魔王	33	37	StageNode-a1c6p3.json	10644
Wayward	彷徨	30	40	StageNode-a1c9p1.json	10909
The Smoke War	烟霾战争	22	48	StoryTheaterDanteNote_11.json	SmokeWar
Charge Barrier	充能力场	37	32	BattleKeywords.json	ChargeForceField
Control Team Captain	控制部队长	58	11	BattleKeywords.json	CtrlTeamCaptain
Anguish	烦恼	14	55	BattleKeywords.json	Hohenheim_LowMorale
Bridle	枷锁	16	53	BattleKeywords_Mirror7.json	EnhanceRoseSign
Roots	根部	55	14	Enemies.json	800104
Line 3	3号线	34	35	MirrorDungeonTheme-1.json	1110
Deactivate	关闭	11	58	MirrorDungeonUI_3.json	mirror_dungeon_atart_buff_diactivation
Yihongyuan	怡红院	33	36	StageNode-a1c8p1.json	10808
Molar Office	臼齿事务所	34	35	UnitKeyword.json	UnitKeyword_MOLAR
Pallidified	白化	36	33	UnitKeyword.json	UnitKeyword_WHITE_PARASITE
Blind Obsession	盲目	22	46	BattleKeywords-a1c5p3.json	AaCePcBc
Welfare Team Captain	福利部队长	58	10	BattleKeywords-walpu8.json	BestWelfareTeamCaptain
Twining Threads	绞丝结线	36	32	MirrorDungeonTheme-1.json	1126
Hook	锈蚀吊钩	67	1	Passives.json	1060701
Blade Lineage Mentor	剑契组 头领	36	32	Passives_Assist-exme.json	40004004
Cleaning	整顿	53	15	Passives_Enemy-a1c6p1.json	9012001
Karma	业报	42	25	BattleKeywords.json	Cycle
Oracle	神谕	10	57	EGOgift_MirrorDungeon.json	9153
Intruders	入侵者	22	45	StageNode-a1c8p1.json	10815
Jeong's Office	定事务所	33	34	UnitKeyword.json	UnitKeyword_JEONG_OFFICE
Alleyway Watchdog	巷头恶犬	33	33	AbnormalityGuides.json	8032
Tigermark Round	虎标弹	28	38	BattleKeywords-a1c8p3.json	BulletPropellant
Entangled Life [羅生]	罗生	0	66	BattleKeywords-a1c9p3.json	RyoshuEGOPF
Left Arm	左臂	33	33	Enemies-a1c5p1.json	874402
Participating	参与中	65	1	MirrorDungeonUI_3.json	mirror_dungeon_already_participated
Siegfried	齐格飞	32	34	StageNode1-3.json	10307
Rendezvous	会合	31	35	StageNode91-27.json	912702
Mirror Worlds	镜像世界	19	47	StoryTheaterDanteNote_8.json	MirrorWorld
Fluid Sac	液囊	25	40	BattleKeywords.json	WaterPocket
Level Boost	等级强化	40	25	BattleKeywords_Mirror6.json	MD6Limit101
Battle Pass	战斗通行证	30	35	BattlePass.json	battlepass_battlepass
Pearl	珍珠	33	32	Enemies-a1c5p3.json	810102
Sin Resistance	罪孽抗性	8	57	Passives_Abnormality-a1c6p2.json	815901
Swordplay of the Homeland	本国剑术	37	27	BattleKeywords.json	SwordPlayOfTheHomeland
Paid Lunacy	付费狂气	24	40	Items.json	1
Spring Cultivation	切磋琢春	33	31	MirrorDungeonTheme-1.json	1121
Funeral	葬礼	36	28	StageNode91-25.json	912501
Xue Family	薛家	21	43	UnitKeyword-a1c8p2.json	UnitKeyword_FAMILY_SEOL
Textbook	教材	26	37	Bufs-a1c9p1.json	TeachersPet_LowMorale
Every Catherine	所有凯瑟琳	31	32	Enemies-a1c6p3.json	8174
Fuse E.G.O Gift	合成E.G.O饰品	55	8	MirrorDungeonUI_3.json	ego_gift_combine_ui_title
Gamefowl	斗鸡	9	54	Passives.json	1101402
The Ring's Docent of Fauvism	环指 野兽派讲解员	0	63	Passives_Abnormality-twth.json	142201
Shock Centipede	电击蜈蚣	31	31	AbEvents.json	804501
Durable	硬化	14	48	BattleKeywords_Mirror4.json	MDHMab
Resolution	觉悟	19	43	Passives.json	1020301
Eye of Precognition	预知眼	28	33	BattleKeywords-a1c9p3.json	FutureEyeOn
Lordsguard	护卫	3	58	BattleKeywords.json	HeishouSupportProtect
Reminiscence	追忆	25	36	EGOgift_MirrorDungeon.json	9179
A Bad Dream	噩梦	2	59	StageNode1-3.json	10319
Screening Room	放映室	6	55	StageNode1-4.json	10447
Silent Regard	观望	4	56	BattleKeywords-a1c9p2.json	LvDownLittleFingerBoss
Nethersea Brand	溟痕	31	29	BattleKeywords-pilgrimage.json	NetherseaBrand
Embers	余火	51	9	BattleKeywords.json	FaustFlameMothEmber
Parallel Superposition Mode	平行叠加模式	29	31	MirrorDungeonUI_5_InfinityFloor.json	InfinityFloor_CheckEnter_Modal_Title
Rhodes Island	罗德岛	24	36	StageNode91-20.json	912012
Right Arm	右臂	26	33	Enemies-a1c5p1.json	874102
Deal +3% damage	造成的伤害+3%	0	59	MirrorDungeonUI_2.json	md3_buffs_summaryDesc_122
Starlight Bonus	星芒奖励	25	34	MirrorDungeonUI_5.json	mirror_dungeon_start_bonus_formation_rest_point
Will of the Prescript	指令之意	22	37	Passives.json	1021403
Overwhelm	压制	12	47	Passives_Abnormality-a1c8p2.json	113708
Concentration	沉浸	15	44	Passives_Abnormality-a1c9p3.json	133705
Strife	争斗	17	42	StageNode91-7.json	910702
Heishou Pack - Wei Branch	黑兽 - 未	0	59	UnitKeyword.json	UnitKeyword_BLACK_BEAST_SHEEP
Afterimage Entanglement	残像纠缠	28	30	BattleKeywords-a1c9p2.json	TimeEntangleDesc
Dimensional Rift	次元裂痕	27	31	BattleKeywords.json	DimensionRift
Load	载荷	43	15	BattleKeywords.json	ChargeLoad
Seonbae	前辈	9	49	Passives.json	1021603
Harden	硬化	10	48	Passives_Abnormality-a1c5p3.json	810801
The Club	会所	11	47	StageNode-a1c5p1.json	10506
Spore	孢子	31	26	BattleKeywords.json	MeursaultBeeSpore
Grandeur	庄严	11	46	EGOgift_MirrorDungeon.json	9124
Mirror of Immortality	永生之镜	29	28	MirrorDungeonName.json	mirrordungeon_name_6
Claim Rewards	领取奖励	9	48	MirrorDungeonUI.json	mirrordungeon_acquire_rewards
Homeward Bound	回家	2	55	StageNode-a1c9p2.json	10934
Pink Shoes	粉红鞋	26	30	AbnormalityGuides-a1c9p1.json	1317
Headless Ichthys	断首鱼	29	27	AbnormalityGuides.json	8031
Slash DMG Up	斩击伤害强化	27	29	BattleKeywords.json	SlashDamageUp
Wild Hunt	狂猎	24	32	BattleKeywords.json	WildHunt
Candle	蜡烛	20	36	Enemies-a1c5p3.json	8107
Stuffed Toy	玩偶	5	51	Enemies_Refraction6.json	955602
Recent	最近获得	52	4	MirrorDungeonUI_7.json	mirrordungeon_ego_gift_sort_by_acquired_order
...rity	…感	0	56	Passives_Enemy-a1c6p3.json	817001
Terrorist Organization	恐怖组织	22	34	StageNode1-4.json	10410
Green Slime	绿色黏液	30	25	BattleKeywords-a1c5p3.json	AaCePcBh
Dazzle	眩惑	26	29	BattleKeywords-a1c9p3.json	DelusionHohenheimBigBird
Appetite	饥渴	21	34	BattleKeywords.json	Thirst
Reattached Curse Talisman	复贴的咒符	28	27	BattleKeywords.json	ReattachedCurseTag
Tarnished Blood	污血	28	27	BattleKeywords.json	CondensedBlood
Slave	奴隶	39	16	Enemies.json	90041
Mirror of the Dreaming	梦中之镜	29	26	MirrorDungeonName.json	mirrordungeon_name_5
Persistence	执念	13	42	Passives_Enemy.json	9100601
Disruption	妨碍	3	52	StageNode-a1c8p1.json	10803
Erlking Heathcliff	魔王希斯克利夫	25	29	AbEvents-a1c6p2.json	816401
Rose Hunter	玫瑰猎人	26	28	AbEvents-a1c7p3.json	837601
Grace of Stars	星之恩惠	19	35	MirrorDungeonUI_5.json	mirror_start_set_buff_type
Rampage	狂暴	27	27	Passives_Abnormality-a1c8p2.json	115805
Bhaishajya	修复	2	52	Passives_Abnormality_Refraction.json	852707
Refraction Railway Line 2	折射轨道2号线	27	27	StoryTheaterDanteNote_4.json	Line2
Fanaticism	狂信	2	51	ActionEvents.json	103002
Night in the Backstreets	后巷深宵	22	31	BattleKeywords-a1c9116.json	BackstreetsNight_LowMorale
Hardening	硬化	5	48	Bufs.json	Hardening
Dulcinea	杜尔西内娅	21	32	Enemies-a1c7p2.json	8381
Acquire E.G.O Gift	获得E.G.O饰品	1	52	MirrorDungeonUI_3.json	mirror_dungeon_acquire_ego_gift_desc
Executor	处决	11	42	Passives.json	1110101
Tenacity	执念	11	42	Passives.json	1080221
Dihui Star [地慧星]	地慧星	0	53	Passives.json	1041503
Maggots	蛆虫	24	28	BattleKeywords.json	Muckworm
Entangled Curse Talisman	纠缠的咒符	26	26	BattleKeywords.json	WrappedCurseTag
SP Heal Efficiency	理智值恢复效率	24	28	BattleKeywords.json	MentalSystemResultIncrease_Typo
Fabius	费边	22	30	Enemies-pilgrimage.json	1291
Clear Rewards	通关奖励	21	31	MirrorDungeonUI_2.json	mirror_dungeon_clear_battle_reward_label
Whispers	低语	19	33	Passives.json	1020421
Antagonism	敌意	3	49	Passives_Abnormality-a1c6p3.json	9101602
Consultation Session	面谈	3	49	StageNode91-27.json	912701
Family Hierarch Candidate	家主候选人	23	29	UnitKeyword-a1c7p2.json	UnitKeyword_FAMILY_GA_CANDIDATE
The King in Binds	受缚之王	26	25	AbEvents_Refraction4.json	862903
Borrowed Time	时间租赁	25	26	BattleKeywords.json	TimeRentalTwoPersonality
Rhythm	旋律	22	29	BattleKeywords.json	ThatIsRhythm
In the Past	过去状态	45	6	BattleKeywords_Refraction6.json	StackPastActivate
Prediction	预期	11	40	MirrorDungeonUI_3.json	expectation
Gambler	赌徒	24	27	Passives.json	1090121
Grudge	复仇决意	50	1	Passives.json	1100121
Retribution	惩戒	32	19	Passives_Enemy.json	90005
Ice Cream	冰淇淋	27	24	StageNode-a1c5p1.json	10515
Non-self	无我	10	41	StageNode-a1c9p3.json	10949
Reload	再次装填	33	17	BattleKeywords-walpu4.json	ReloadLament
Desperation	迫切	23	27	Passives.json	1070721
Rescue	解救	42	8	Passives_Abnormality_Refraction3.json	860402
Risk Levels	危险等级	23	27	StoryTheaterDanteNote_6.json	AbnormalityLevel
Plus Coin Drop	加算硬币弱化	23	26	BattleKeywords.json	PlusCoinValueDown
Stressed	压力	6	43	BattleKeywords.json	Stressed
Insight	所解真知	37	12	BattleKeywords.json	KnowledgeExplored
Power-up State	强化状态	26	23	BattleKeywords_Refraction2.json	EnhanceRose
Old Umbrella	旧伞	24	25	Enemies-a1c5p1.json	8743
Selectable	可选择	15	34	MirrorDungeonUI_4.json	dungeon_selectable
Acquired	已拥有	35	14	MirrorDungeonUI_7.json	mirror_dungeon_ego_gift_acquire_status_filter_content_0
Valor	觉悟	6	43	Passives.json	1110321
Pallidification	白化	16	33	Passives_Enemy-a1c5p2.json	9008901
School of Pointillism	点彩派	1	48	UnitKeyword.json	UnitKeyword_RING_FINGER_POINTILLISM
Drifting Fox	流浪狐狸	23	25	AbEvents.json	804601
Compulsion	强迫	16	32	BattleKeywords-a1c5p1.json	AaCePaBa
Tiantui Star [天退星]	天退星	0	48	BattleKeywords-a1c8p3.json	Irritation
Palette Vibrante	强烈色彩	23	25	BattleKeywords-twth.json	IntenseColors
Seeds	种子	26	22	BattleKeywords.json	EgoAwakenDongrangSeed
Vengeance Mark	报复对象	27	21	BattleKeywords.json	RetaliationBook
Starbuck	斯达巴克	19	29	Enemies-a1c5p3.json	8104
Shi Huazhen	史华贞	23	25	Enemies-a1c8p2.json	1179
Takeoff Module - ID Uptie	跳跃成长模组 - 人格同步	0	48	Items.json	232
Projection Rate	投影度	20	28	MirrorDungeonUI_6.json	mirror_dungeon_reward_popup_mirror_pass_exp
Whistles	哨声	13	35	Passives.json	1020401
Captain of the Pequod	裴廓德号的船长	41	7	Passives.json	1080801
Don Quixote Hardblood Arts	堂吉诃德派硬血	23	25	Passives_Abnormality-a1c7p3.json	841002
Pierce Fragility	突刺易损	13	34	BattleKeywords.json	PenetrateTakeDamageUp
Spark of Inspiration	灵感	3	44	BattleKeywords_Mirror7.json	Inspire
Charmed	魅惑	18	29	BattleKeywords_Refraction2.json	FairyCharm
Photos	几张照片	36	11	Items.json	20046
Defense Level +2	防御等级+2	0	47	MirrorDungeonUI_2.json	md3_buffs_summaryDesc_1233
S.Y.N.C.	折·脖	16	31	StageNode1-2.json	10210
Wayward Passenger	迷失的乘客	23	23	AbEvents-a1c9p2.json	876701
Kqe-1j-23	Kqe-1j-23	23	23	AbEvents.json	851901
kqe-1j-23	Kqe-1j-23	23	23	AbnormalityGuides.json	8076
Pallid Noise	苍白的噪音	23	23	BattleKeywords-a1c5p2.json	AaCePbBa
Nervous Impairment	神经损伤	24	22	BattleKeywords-pilgrimage.json	NervousImpairment
Trinkets Sack	装饰品包裹	26	20	Items.json	20009
Defense Level +1	防御等级+1	0	46	MirrorDungeonUI_2.json	md3_buffs_summaryDesc_1232
Clean Up	善后	29	17	Passives-ycgd.json	9101302
Cannot Retreat	无法撤退	24	22	Passives_Abnormality-a1c6p3.json	9101607
Raid	突袭	14	32	StageNode1-4.json	10429
Overheat	过热	14	31	BattleKeywords-a1c8p3.json	Complacency
Mark of the Prescript	指令的印记	17	28	BattleKeywords-a1c9p1.json	IndexPrescriptTargetMarkToEnemy
The Book of Vengeance	复仇账簿	16	29	BattleKeywords-a1c9p3.json	VengeanceBookSpider
Cultivation	琢磨	38	7	EGOgift_MirrorDungeon-EventTheme_2.json	9784
Yield My Flesh to Claim Their Bones	肉斩骨断	0	45	MirrorDungeonTheme-1.json	1104
The Dawn of Green	绿色的黎明	11	34	MirrorDungeonTheme-1.json	1509
Gaiety	愉悦	1	44	Passives.json	1060301
Doggedness	执念	3	42	Passives.json	1070321
Siltcurrent	浊流	21	24	Passives_Abnormality-a1c5p3.json	810203
Departure	离家	21	24	Passives_Abnormality-a1c8p3.json	115303
Anatman	无我	4	41	Passives_Abnormality_Refraction.json	852704
Charm	魅惑	16	29	StageNode-a1c9p1.json	10908
Wang Family	王家	16	29	UnitKeyword-a1c8p2.json	UnitKeyword_FAMILY_WANG
Hurting Teddy Bear	痛苦泰迪	22	22	AbnormalityGuides-a1c7p3.json	8379
Fervor	狂热	17	27	BattleKeywords-a1c9p3.json	MiddleFingerDaughter_LowMorale
Slash Fragility	斩击易损	21	23	BattleKeywords.json	SlashTakeDamageUp
Fever	狂热	17	27	BattleKeywords.json	Bull_Fever
Dueling	对决	19	25	BattleKeywords.json	DongbaekShowdown
Base Power Up	基础威力提升	32	12	BattleKeywords.json	SkillPowerUp
Splitting	分裂	13	31	Bufs-a1c6p1.json	Unstable_LowMorale
Bereavement	丧失	9	35	Bufs-a1c6p1.json	AaCfPaBa
Sunshower	狐雨	22	22	EGOgift_MirrorDungeon.json	9011
Chachihu	插翅虎	22	22	MirrorDungeonTheme-1.json	1519
Staunchness	觉悟	1	43	Passives.json	1050101
Pluckiness	觉悟	1	43	Passives.json	1100101
Relay	中介	42	2	Passives.json	1081321
To Remember	为记忆	42	2	Passives_Abnormality-a1c7p3.json	837903
Bullies	卑鄙	7	37	Passives_Enemy-a1c7p1.json	9016003
Final Turn Count	总计回合数	2	42	RailwayDungeonUI.json	final_accumulated_turn
Shipping Containers	集装箱	8	36	StageNode-a1c5p1.json	10511
Fairy Gentleman	绅士精灵	22	21	AbEvents.json	804801
The Prescript's Target	指令对象	17	26	BattleKeywords-a1c9p1.json	IndexPrescriptTargetToEnemy
Captivity	拘束	10	33	BattleKeywords.json	Duress
HP Healing Boost	体力恢复提升	18	25	BattleKeywords.json	TakeHpHealIncrease
Starter Buffs	开局增益	22	21	MirrorDungeonUI_3.json	mirror_dungeon3_entrance_button_start_buff
Drifter	漂泊	24	19	Passives.json	1041321
Saikai [再会]	再会	0	43	Passives.json	1041502
The Wild Hunt	狂猎	11	32	StageNode-a1c6p3.json	10638
Pests	害虫	17	26	StageNode1-1.json	10108
Sign of Roses	玫瑰告示牌	20	22	AbEvents_Refraction2.json	85560101
Golden Apple	金苹果	25	17	AbnormalityGuides.json	8008
Peccatulum Invidiae	嫉妒罪种	13	29	AbnormalityGuides_Refraction4.json	8280
Unlock - I	解放 - I	0	42	BattleKeywords-a1c9p2.json	UnlockBuff_1
Fully Bloomed	盛放	10	32	BattleKeywords.json	DongbaekFullBloom
Brutality	破坏力	21	21	BattleKeywords_Mirror5.json	MD548
Tingtang Boss	豆豆帮 帮主	20	22	Enemies.json	91003
Signpost	告示牌	5	37	Enemies_Refraction2.json	855601
Civilian Recov. Pack	普通乘客复原包	25	17	Items.json	20020
Elite Encounter	精锐遭遇战	21	21	MirrorDungeonUI_4.json	dungeon_encounter_guide_elite_battle
Simulation	模拟	18	24	MirrorDungeonUI_4.json	simulation_difficulty_short
Full Bloom	盛放	10	32	Passives.json	1010401
Intoxication	醉意	2	40	Passives_Enemy.json	9006101
Saru	猴儿	17	25	StageNode91-25.json	912506
Inquisition	审问异端	40	1	ActionEvents.json	103001
Viewing the Tableau	眺望	8	33	BattleKeywords-a1c9p3.json	ObservationTheRings
Muga [無我]	无我	0	41	BattleKeywords-a1c9p3.json	CutbondRyoshu
N Corp’s Nails	N公司的尖钉	0	41	BattleKeywords.json	Nail
Employee Card	员工证	10	31	EGOgift_MirrorDungeon.json	9043
ies...	歉…	1	40	Passives_Enemy-a1c6p3.json	9013601
Dimensional Container	次元包	2	39	StoryTheaterDanteNote_8.json	DimensionTrunk
My Form Empties	无我入定	20	20	AbEvents.json	852701
Yinglong	应龙	19	21	AbnormalityGuides_Refraction6.json	9569
Vengeance Tattoo	仇怨纹身	17	23	BattleKeywords-BossRaid.json	RicardoTattooRaid
Blunt DMG Up	打击伤害强化	19	21	BattleKeywords.json	HitDamageUp
Frenzy	狂暴	13	27	BattleKeywords.json	Enrage
Reflux	逆流	16	24	BattleKeywords.json	WaveSinking
Josephine	约瑟芬	18	22	Enemies-a1c6p1.json	91014
Murder on the WARP Express	WARP快车谋杀案	0	40	MirrorDungeonTheme-1.json	1106
Parallel S.	平行叠加	1	39	MirrorDungeonUI_5_InfinityFloor.json	InfinityFloor_Mode_Button_Title_forProgressPopup
Overload	过载	15	25	Passives_Abnormality_Refraction.json	852101
The Safe	保险箱	5	35	StageNode-a1c9p2.json	10935
Fortitude	勇气	4	36	StageNode1-3.json	10316
Old G Corp.	旧G公司	11	29	UnitKeyword-a1c9p3.json	UnitKeyword_G_CORP_FORMER
A Sign	某道印记	27	12	BattleKeywords-cultivation.json	StudySignSinclair
Thermal Blades	热丝	9	30	BattleKeywords.json	HeatingWireIshmael
Amassed Data	情报文件	22	17	Items.json	20024
Hell's Chicken	地狱鸡	9	30	MirrorDungeonTheme-1.json	1101
E.G.O Gift Compendium	E.G.O饰品图鉴	16	23	MirrorDungeonUI.json	mirrordunge_ego_gift_history_button_label
The Calamity	灾难	9	30	StageNode-a1c5p2.json	10524
Traitor	叛徒	17	22	StageNode1-4.json	10421
The 5th Walpurgis Night	第5次 瓦尔普吉斯之夜	20	19	StageNode91-13.json	911301
The 6th Walpurgis Night	第6次 瓦尔普吉斯之夜	24	15	StageNode91-17.json	911701
The 8th Walpurgis Night	第8次 瓦尔普吉斯之夜	20	19	StageNode91-23.json	912301
Blubbering Toad	悲泣蟾蜍	19	19	AbEvents.json	851001
Four-hundred Roses	四百朵玫瑰	19	19	AbEvents_Refraction5.json	863301
Barbed Lasso	荆棘套索	19	19	BattleKeywords-a1c7p3.json	ThornNoose
Returning Bloodlust	复还的血之冲动	21	17	BattleKeywords-a1c7p3.json	RegainedStrength
Final Power Up	最终威力强化	34	4	BattleKeywords_Mirror3.json	MDHcFbBb
EXTREME	EXTREME	37	1	MirrorDungeonUI_5.json	mirror_dungeon_extream_difficulty
The Eye of Precognition	预知眼	5	33	Passives.json	1091602
Wounded	先前战斗的负伤	37	1	Passives_Abnormality-a1c8p2.json	115901
Lin Daiyu	林黛玉	17	21	StageNode-a1c8p1.json	10819
Third Kindred	三代眷属	18	20	UnitKeyword-a1c7p1.json	UnitKeyword_THIRD_DEPENDENT
Dreaming Electric Sheep	梦中的电子羊	19	18	AbEvents_Refraction4.json	860801
Dullahan	杜拉罕	19	18	BattleKeywords.json	NightPathfinding
Thirsting	饥渴	3	34	Bufs.json	RailBuffForLine2_F_ENEMY
Fluorescence	荧光灯	15	22	Enemies-a1c5p3.json	810202
Rights	权利	18	19	MirrorDungeonUI_2.json	mirror_dungeon_3_buffs_title_13
Featured	可能出现	21	16	MirrorDungeonUI_4.json	mirrordungeon_ego_gift_appearable
Encounter Reward Cards	遭遇战奖励卡	11	26	MirrorDungeonUI_4.json	mirror_dungeon_finished_panel_battle_reward
Wishmaking	祈愿	8	29	MirrorDungeonUI_6.json	combineUI_enableStarlight
Concentration	集中精神	15	22	Passives.json	1061101
HP Bullets	HP弹	12	25	Passives_Abnormality_Refraction1BokGak.json	952401
Section 1	第1区段	20	17	RailwayDungeonUI_4.json	railway_dungeon_4_section_1_lost_and_found
Skin Prophet	人皮预言者	18	18	AbEvents-a1c5p3.json	810001
Ambling Pearl	陆行珍珠	18	18	AbEvents-a1c5p3.json	810101
Dream-Devouring Siltcurrent	噬梦的浊流	18	18	AbEvents-a1c5p3.json	810201
Larva	幼虫	17	19	BattleKeywords-a1c5p3.json	AaCePcBg
Blooming Thorn	绽放荆棘	18	18	BattleKeywords-a1c7p2.json	BloomingThorns
Eventide Glow (黃昏)	黄昏	0	36	BattleKeywords-a1c9p3.json	SojiAbiBuffThree
Clash Power Down	拼点威力降低	17	19	BattleKeywords-tkt.json	ParryingResultDown
Defense Power Up	守备威力强化	34	2	BattleKeywords_Mirror3.json	MDHcFaBb
Headstrong	顽强	9	27	BattleKeywords_Mirror3.json	MDHcFdBg
Take Less Damage	受到的伤害减少强化	32	4	BattleKeywords_Mirror4.json	MDEMae
Respite	安息之地	34	2	EGOgift_MirrorDungeon.json	9109
Bloodied Scabbard	染血剑鞘	21	15	Items.json	20012
Redirect	卸力	31	5	Passives.json	1110601
My Lord	主公啊	34	2	Passives_Abnormality-a1c8p2.json	114401
Overloaded	过载	11	25	Passives_Abnormality-a1c9p3.json	131408
Vroom-vroom	布隆布隆	13	23	StageNode1-1.json	10101
Seized	抢夺	28	8	StageNode1-4.json	10431
Canned Experience	经验罐头	16	20	StoryTheaterDanteNote_13.json	ExpCan
Refraction Railway Line 4	折射轨道4号线	16	20	StoryTheaterDanteNote_7.json	Line4
Nothing happened.	什么都没有发生	24	11	AbEventsResultLog_Refraction4.json	862903_failure_1
Effloresced E.G.O::GasHarpoon	绽放E.G.O::燃气捕鲸叉	0	35	AbnormalityGuides-a1c5p3.json	8106
The Knight of Despair	绝望骑士	13	22	AbnormalityGuides-walpu6.json	1223
Blunt Power Up	打击威力提升	14	21	BattleKeywords.json	HitResultUp
HP Healing Down	体力恢复降低	12	23	BattleKeywords.json	TakeHpHealReduce
Body Reinforcement	肉体强化	2	33	BattleKeywords_Mirror4.json	MDEMcb
Shi Yihua	史易华	15	20	Enemies-a1c8p2.json	1158
Generator	发电机	16	19	Enemies.json	1062
Sea Terror Sample	恐鱼标本	22	13	Items.json	20036
Bondage	拘束	2	33	Passives_Abnormality-a1c9p3.json	133201
Corporism	人体派	9	26	Passives_Abnormality-a1c9p3.json	133602
Undertake Prescript	执行指令	9	26	Passives_Abnormality-mr7.json	138004
Respite	暂息	34	1	Passives_Abnormality-walpu6.json	122404
The Front Gate	正门	13	22	StageNode-a1c6p1.json	10607
To be Free from Aging and Death	不老不死	0	35	StageNode-a1c8p1.json	10810
Refraction Railway Line 1	折射轨道1号线	17	18	StoryTheaterDanteNote_4.json	Line1
Emptied	放空	19	15	BattleKeywords.json	Choice_901010
Open Wound	创伤	7	27	BattleKeywords.json	HurtNightStiletto
Base Power Up	基础威力强化	32	2	BattleKeywords_Mirror3.json	MDHcFbBc
High-risk	高风险	22	12	BattleKeywords_Refraction5.json	MRR546
Info. Team Passage	情报部	2	32		
Info. Team Lobby	情报部	2	32		
The Spider's Thread	蜘蛛网	4	30	EGOgift_MirrorDungeon_7.json	9225
Rest Stop	休息点	3	31	MirrorDungeonUI_2.json	dungeon_encounter_guide_mirror_select_event
Rest Bonus	休息奖励	14	20	MirrorDungeonUI_3.json	rest_gauge
Number of E.G.O Gifts sold at Shops +1	[商店]	0	34		
Sells higher Tier E.G.O Gifts	[商店]	0	34		
Number of E.G.O Gifts sold at Shops +1	[商店]	0	34		
Refresh Cost -20%	[商店]	0	34		
E.G.O Gift purchase Cost -5%	[商店]	0	34		
Tier 1 E.G.O Gift purchase Cost -7.5%	[商店]	0	34		
Tier 2E.G.O Gift purchase Cost -7.5%	[商店]	0	34		
Tier 3 E.G.O Gift purchase Cost -7.5%	[商店]	0	34		
Tier 4+ E.G.O Gift purchase Cost -7.5%	[商店]	0	34		
Burn E.G.O Gift purchase Cost -7.5%	[商店]	0	34		
Bleed E.G.O Gift purchase Cost -7.5%	[商店]	0	34		
Tremor E.G.O Gift purchase Cost -7.5%	[商店]	0	34		
Rupture E.G.O Gift purchase Cost -7.5%	[商店]	0	34		
Sinking E.G.O Gift purchase Cost -7.5%	[商店]	0	34		
Poise E.G.O Gift purchase Cost -7.5%	[商店]	0	34		
Charge E.G.O Gift purchase Cost -7.5%	[商店]	0	34		
Slash E.G.O Gift purchase Cost -7.5%	[商店]	0	34		
Pierce E.G.O Gift purchase Cost -7.5%	[商店]	0	34		
Blunt E.G.O Gift purchase Cost -7.5%	[商店]	0	34		
Keywordless E.G.O Gift Purchase Cost -7.5%	[商店]	0	34		
Number of E.G.O Gifts sold at Shops +1	[商店]	0	34		
Tier 1 E.G.O Gift sale Cost +20%	[商店]	0	34		
Tier 2 E.G.O Gift sale Cost +20%	[商店]	0	34		
Tier 3 E.G.O Gift sale Cost +20%	[商店]	0	34		
Tier 4+ E.G.O Gift sale Cost +20%	[商店]	0	34		
Skill Replacement Cost -20%	[商店]	0	34		
20% chance for a Cost-free Refresh	[商店]	0	34		
Purchased	已购买	28	6	MirrorDungeonUI_5.json	mirror_shop_purchase_complete
{0}F	{0}层	0	34	MirrorDungeonUI_6.json	mirror_finished_panel_floor_format
Defense Mechanism	防御机制	17	17	Passives_Abnormality-a1c9p3.json	137803
Tenacious	坚韧	14	20	Passives_Abnormality-mowe.json	9014803
Deep Breath	深呼吸	18	16	Passives_Abnormality_Refraction5.json	863202
Bloodfiend Hunter	血魔猎人	14	20	Passives_Enemy-a1c7p1.json	9015601
Borrow Time	时间租赁	8	26	Passives_Enemy-tkt.json	9014303
Kidnappers	绑匪	7	27	StageNode-a1c5p1.json	10504
The Diary	日记本	13	21	StageNode-a1c6p1.json	10619
Roseate Desire	粉红欲望	17	17	StageNode-a1c9p1.json	10914
Refraction Railway Line 3	折射轨道3号线	13	21	StoryTheaterDanteNote_6.json	Line3
Lobotomy Corp. Headquarters	脑叶公司本部	6	28	UnitKeyword.json	UnitKeyword_LOBOTOMY_HEAD
Persistence	坚韧	13	20	BattleKeywords-a1c9116.json	Persistent
Accumulated Past	累积的过去	17	16	BattleKeywords-tkt-re.json	AccumulatedPastSinner
Flotsam	漂流物	21	12	Enemies-a1c5p3.json	8108
Extra Charge	额外消耗	1	32	MirrorDungeonUI_6.json	mirror_theme_list_pack_tag_required_extra_point
Bestow	指点	18	15	Passives.json	1010321
Lost & Found	失物招领处	0	33	RailwayDungeonUI.json	lost_and_found
The Makeover	打扮	2	31	StageNode-a1c6p1.json	10606
Inspection	盘查	26	7	StageNode1-3.json	10302
The 3rd Walpurgis Night	第3次 瓦尔普吉斯之夜	17	16	StageNode91-8.json	910801
Refraction Railway Line 5	折射轨道5号线	15	18	StoryTheaterDanteNote_10.json	Line5
The Artery	动脉	8	24	ActionEvents-a1c5p3.json	10504
Corpus Ingredient	活体材料	16	16	BattleKeywords-a1c9p1.json	HumanFleshTheRings
Prescript: [Device] I	指令[终端]I	0	32	BattleKeywords-a1c9p2.json	IndexPrescriptStudent_0
Night Drifter of the Drunken Palm	醉手夜客	0	32	BattleKeywords-cultivation.json	DrunkDrifter_LowMorale
Offense level+	攻击等级 +	0	32	BattleKeywords.json	AttackLevelAdder
Unjust Enrichment	不义之财	28	4	BattleKeywords.json	Unjust_Enrichment
Scorchfield	灼热地带	22	10	BattleKeywords.json	FireField
Final Power Spurt	最终威力增强	2	30	BattleKeywords_Mirror5.json	MD546
Offense Level+	攻击等级 +	0	32	Bufs.json	AttackLevelAdder
Squalidity	污秽	2	30	EGOgift_MirrorDungeon-StoryTheme.json	9415
Resolution	决意	19	13	EGOgift_MirrorDungeon.json	9140
Flower-burying Pin	葬花针	18	14	Enemies_Refraction6.json	957101
S.E.A.	去·海·边	9	23	MirrorDungeonTheme-1.json	1102
The Spiders' Thread	蜘蛛网	2	30	StageNode-a1c9p1.json	10902
The 4th Walpurgis Night	第4次 瓦尔普吉斯之夜	16	16	StageNode91-11.json	911101
Bloodthirst	渴血	21	10	BattleKeywords-mowe.json	BloodPocket_LowMorale
BongBong Orange	橙子味的噗扭扭	27	4	BattleKeywords-walpu8.json	PumpkinJelly
Predation	捕食	6	25	BattleKeywords.json	Predation
사용하지 않음	未使用	0	31	BattleKeywords.json	BulletFreischutz
Floor Theme	阶层主题	17	14	MirrorDungeonUI_4.json	mirror_dungeon_finished_panel_floor_theme
For the Family	为了家人	19	12	Passives-a1c9116.json	9018703
Morale Boost	提振士气	28	3	Passives.json	1110301
Palermitan Style	巴勒莫剑术	27	4	Passives.json	1071601
Golden Time	黄金时间	14	17	Passives_Abnormality_Refraction2.json	855101
The 2nd Walpurgis Night	第2次 瓦尔普吉斯之夜	16	15	StageNode91-6.json	910601
Make a Wish	祈愿	1	29	ActionEvents.json	10405
Omen Talisman	不祥符咒	14	16	BattleKeywords-a1c8p2.json	OminousTalisman
K Corp Ampule	K公司的安瓿	9	21	BattleKeywords.json	KCorpSerum
Base Power Spurt	基础威力增强	2	28	BattleKeywords_Mirror5.json	MD547
Overwhelmed	无措	16	14	Bufs.json	Overwhelm_Panic
Öufi Assoc. Director	Öufi协会收尾人 科长	0	30	Enemies-a1c6p2.json	90130
Maw	大嘴	24	6	Enemies.json	803003
Logs	记录阅览	29	1	RailwayDungeonUI.json	open_railway_dungeon_records
Hatching	孵化	2	28	StageNode-a1c9p3.json	10943
Prosthetic Fixers	义体收尾人	3	27	StageNode91-10.json	911012
Hell’s Chicken	地狱鸡	0	30	StageNode91-3.json	910303
Steam Transport Machine	蒸汽运输机	16	13	AbEvents_Refraction2.json	855501
Fairy Queen	精灵女王	13	16	AbnormalityGuides.json	8263
Assist Attack	援护攻击	16	13	BattleKeywords-a1c5p3.json	AaCePcBt
Focused Attack	集中攻击	12	17	BattleKeywords-a1c7p1.json	ConcentratedAttack
Corpus Theater	人体观剧	13	16	BattleKeywords-a1c9p3.json	LivingSpecimenTheRings
Pierce DMG Up	突刺伤害强化	13	16	BattleKeywords.json	PenetrateDamageUp
Frailness	衰弱	10	19	BattleKeywords_Mirror6.json	MD6Limit102
Event Effect	事件效果	5	24	Bufs.json	Choice_1030301
Kkomi	可米	10	19	Enemies-hidden.json	124302
Mirror of Names and Spiders	名与蛛之镜	0	29	MirrorDungeonName.json	mirrordungeon_name_7
Select Sinner	选择罪人	6	23	MirrorDungeonUI.json	mirrordungeonui_select_character
Just in Case	有备无患	27	2	MirrorDungeonUI_2.json	mirror_dungeon_3_buffs_title_3
My Responsibility	我来负责	12	17	Passives.json	1050921
Multifold Retribution	加倍奉还	8	21	Passives_Enemy-a1c5p2.json	9009603
Introductions	自我介绍	7	22	StageNode1-0.json	10002
Misconceptions	误解	2	27	StageNode91-27.json	912704
Concept Incinerator	概念焚化炉	13	16	StoryTheaterDanteNote_11.json	ConceptIncinerator
R.B.	良·派	14	15	UnitKeyword.json	UnitKeyword_BACKSTREET_COOK
Ebony Queen's Apple	黑檀女王的苹果	14	14	AbnormalityGuides-a1c9p1.json	1307
SP Heal Efficiency Down	理智值恢复效率减少	14	14	BattleKeywords-a1c7p3.json	MentalIncreaseDown
Iron Maiden	铁处女	14	14	BattleKeywords-a1c9p1.json	IronMaiden_LowMorale
Unlock - II	解放 - II	0	28	BattleKeywords-a1c9p2.json	UnlockBuff_2
Amplitude Entanglement	振幅纠缠	15	13	BattleKeywords-tkt.json	FusionVibration
Blunt Fragility	打击易损	14	14	BattleKeywords.json	HitTakeDamageUp
Decay Ampule	崩解安瓿	11	17	BattleKeywords.json	CollapseAmpoule
SP Loss Efficiency	理智值减少效率	13	15	BattleKeywords.json	MentalSystemResultDecrease_Typo
Amplitude Conversion	振幅转换	11	17	BattleKeywords.json	Switch_Vibration
Time Moratorium	时间延付	15	13	BattleKeywords.json	TimeSuspend
Unrelenting Storm	迫近	3	25	BattleKeywords.json	HeishouComboCount
Shattermark	破碎痕	15	13	BattleKeywords.json	CrushMarks
The Knight of the White Moon	白月骑士	0	28	Enemies-a1c7p2.json	8389
Xue Pan	薛蟠	10	18	Enemies-a1c8p2.json	1157
The Roach Emperor	蜚蠊皇帝	4	24	Enemies-a1c9p3.json	1339
Mirror of Mirrors	镜中之镜	14	14	MirrorDungeonName.json	mirrordungeon_name_2
Suspicion	疑心	24	4	StageNode91-16.json	911606
School of Corporism	人体派	2	26	UnitKeyword.json	UnitKeyword_RING_FINGER_PHYSICAL
Unobservable	无法观测	15	12	BattleKeywords-a1c6p3.json	Unobservable
The Weak	弱者	14	13	BattleKeywords-a1c7p1.json	TrulyWeak
Attachment	依恋	21	6	BattleKeywords-a1c7p3.json	AffectionTeddy
Onus	压迫感	7	20	BattleKeywords-a1c9p2.json	PressureOfPrescript
The Yellow Harpoon	蜜黄标枪	13	14	BattleKeywords-a1c9p2.json	YellowHarpoon
Trussed	捕缚	16	11	BattleKeywords-exme.json	TiedRope
Remembrance	追悼	13	14	BattleKeywords.json	SwordPlayOfTheMemorial
Regroup	重整旗鼓	16	11	BattleKeywords_Mirror3.json	MDcFcBf
Firepower	火力	9	18	BattleKeywords_Mirror7.json	GiftCannon
In the Future	未来状态	21	6	BattleKeywords_Refraction6.json	StackFutureActivate
Downpour	暴雨	11	16	EGOgift_MirrorDungeon.json	9055
Fluorescent Lamp	荧光灯	5	22	EGOgift_MirrorDungeon.json	9093
Sword Sharpened with Tears	泪锋之剑	12	15	EGOgift_walpu6.json	9807
Free Lunacy	免费狂气	13	14	Items.json	2
The Noon of Violet	紫罗兰的正午	12	15	MirrorDungeonTheme-1.json	1107
The Dusk of Amber	琥珀色的黄昏	13	14	MirrorDungeonTheme-1.json	1124
Summary	概要	18	9	MirrorDungeonUI_3.json	mirror_dungeon3_start_buff_summary
Unacquired	未拥有	3	24	MirrorDungeonUI_7.json	mirror_dungeon_ego_gift_acquire_status_filter_content_1
Impale	剜出	23	4	Passives.json	1071221
The Ring Fauvist Student	环指 野兽派学徒	16	11	Passives.json	1051502
oh no	本不该如此	26	1	Passives_Enemy-a1c8p1.json	9020302
REMINISCENCE	REMINISCENCE	25	2	SeasonTitle.json	season_title_2
Baile y Rola	舞蹈	4	23	StageNode1-2.json	10212
The Hierarchy	排名	4	23	StageNode91-14.json	911412
Terra	泰拉	10	17	StageNode91-20.json	912003
Combat Capability	战斗力	5	22	StoryTheaterDanteNote_6.json	BattlePower
Impurity	不洁	7	19	BattleKeywords-a1c5p2.json	AaCePbBc
Tangle	捆缚	13	13	BattleKeywords-a1c5p3.json	AaCePcBk
Savage Tigermark Round	猛虎标弹	8	18	BattleKeywords-a1c8p3.json	BulletPropellantSpecial
Degraded Corrosion	劣化侵蚀	13	13	BattleKeywords-a1c9p3.json	LCEFireFly_LowMorale
Moonlight	月华	21	5	BattleKeywords.json	MoonLight
Rags	破布	16	10	EGOgift_MirrorDungeon.json	9123
Baba Yaga	芭芭雅嘎	11	15	Enemies.json	8023
Nocturnal Sweeping BokGak	深夜清扫 复刻	14	12	MirrorDungeonTheme-1.json	1127
Fair Winds	顺风	1	25	MirrorDungeonUI_4.json	mirror_dungeon_4_buffs_title_4
Strife	斗争	17	9	Passives.json	1080321
Standby	待命状态	19	7	Passives_Enemy-pilgrimage.json	9102901
Xue Baochai	薛宝钗	11	15	StageNode-a1c8p1.json	10807
N Corp. Fanatic	N公司狂信徒	10	16	UnitKeyword.json	UnitKeyword_N_CORP_FNATIC
So That No One Will Cry	因而无人哭泣	0	25	AbEvents.json	804701
Fairy-Long-Legs	长腿精灵	10	15	AbEvents_Refraction2.json	854501
Distorted Hohenheim	扭曲的霍恩海姆	8	17	AbnormalityGuides-a1c9114.json	1082
Training Team Captain	培训部队长	15	10	BattleKeywords-walpu4.json	TrainTeamCaptain
Blood Sac	血囊	13	12	BattleKeywords.json	BloodPocket
Sinking Deluge	沉沦泛滥	11	14	BattleKeywords.json	SinkingSurge
Overcharge	过度充能	10	15	BattleKeywords.json	WOverCharge
Enkephalin Box	脑啡肽盒子	8	17	Items.json	301
Severed Thread	被斩断的线	15	10	Items.json	20043
2 Gifts	2件	1	24	MirrorDungeonUI_4.json	new_ego_gift_combine_guide_table_1_desc_1_0
Choice Effects	事件效果	1	24	MirrorDungeonUI_5.json	user_enemy_buff_select_event_buff
Default	默认	15	10	MirrorDungeonUI_6.json	mirror_starlight_result_base_point
Frenzy	热气	13	12	Passives_Abnormality-mr7-extreme.json	139004
Reinforcements	战力强化	22	3	Passives_Enemy-a1c6p2.json	9013001
...ked	…记	0	25	Passives_Enemy-a1c6p3.json	817004
Sharp Edge	利刃	7	18	Passives_Enemy.json	90003
Reclaiming	夺回	2	23	StageNode1-4.json	10415
The Carousel	旋转木马	9	15	AbEvents_Mirror6.json	97105701
Poisonous Dimension	剧毒沸腾的次元	12	12	BattleKeywords-Refraction2BokGak.json	PassedPortal_GreenBokGak
Blood-tinged Scissorblades II	染血的剪刃II	10	14	BattleKeywords-a1c7p1.json	BloodScissorTwo
Bloodied Hand II	染血之手II	10	14	BattleKeywords-a1c7p3.json	BloodyHand_2nd
Hardblood II	硬血II	10	14	BattleKeywords-a1c7p3.json	BloodArmor_2nd
Thrashing to Hatch	为破卵而出的挣扎	12	12	BattleKeywords-cultivation.json	StudyStatSinclair
Plus Coin Boost	加算硬币强化	12	12	BattleKeywords.json	PlusCoinValueUp
Pink Ribbons	粉红丝带	17	7	BattleKeywords.json	PinkRibbon
Photoelectricity	光电	17	7	BattleKeywords.json	PhotoElectricity
Blue Sand	青沙	13	11	BattleKeywords.json	BlueSand
Resentful Scabbard	寄宿怨恨的剑鞘	14	10	BattleKeywords.json	RootSoupKimPersonal
Clash Power Spurt	拼点威力增强	2	22	BattleKeywords_Mirror5.json	MD545
Mounting Trials	追加的苦难	16	8	BattleKeywords_Mirror5.json	MD5Base
Shelter	避难所	22	2	DungeonArea1-2.json	dungeon_1_2_0109
Dodoru	多多鲁	8	16	Enemies-a1c951.json	90105
Rufo	卢佛	11	13	Enemies-twth.json	1422
Mariachi Alegre	阳光的流浪乐队成员	21	3	Enemies.json	90024
Inverted Scale	逆鳞	16	8	Enemies_Refraction6.json	956801
Featured	可出现	21	3	MirrorDungeonUI_7.json	EgoGiftListPopupTabType_EGO_GIFT_POOL_IN_CURRENT_THEME
NOTHING TO SEE HERE	不该出现的文本	6	18	Passives_Abnormality-a1c6p2.json	816404
Clear Rewards	清剿奖励	21	3	RailwayDungeonUI.json	reward_after_clear
OBLIVION	OBLIVION	22	2	SeasonTitle.json	season_title_5
Violin	小提琴	11	13	StageNode-a1c6p2.json	10632
Second Kindred	二代眷属	8	16	UnitKeyword-a1c7p2.json	UnitKeyword_SECOND_DEPENDENT
Perky Penguins	企鹅班	12	12	UnitKeyword-x1p1c1.json	UnitKeyword_X1P1C1_ASSO_2
Coagulated Blood	硬化血液	2	21	BattleKeywords-mowe.json	HardenedBlood
Resonant	共振	12	11	BattleKeywords.json	Resonate
Gaze of Contempt	轻蔑的视线	12	11	BattleKeywords.json	GazePersonality
Denial [不許]	不许	0	23	BattleKeywords.json	YesdragonNodie
Faint Aroma	余香	14	9	BattleKeywords.json	AlriuneEGOThey
Four-leaf Clover	四叶草	6	17	EGOgift_MirrorDungeon.json	9056
Devotion	虔诚	9	14	EGOgift_MirrorDungeon.json	9161
Bongy Plush	小凤玩偶	2	21	EGOgift_MirrorDungeon_7.json	9242
Hand of the Saint	圣徒之手	13	10	Enemies-pilgrimage.json	91032
Fruit of Understanding	理解的果实	10	13	Enemies-walpu4.json	8363
BongBong [Orange]	噗扭扭[橙子味]	0	23	Enemies-walpu8.json	1366
On Team	在队伍中	2	21	MirrorDungeonUI.json	mirrordungeon_already_in_member
Unlocks Burn E.G.O Gifts Category	[初始E.G.O饰品]	0	23		
Unlocks Bleed E.G.O Gifts category	[初始E.G.O饰品]	0	23		
Unlocks Tremor E.G.O Gifts category	[初始E.G.O饰品]	0	23		
Unlocks Rupture E.G.O Gifts category	[初始E.G.O饰品]	0	23		
Unlocks Sinking E.G.O Gifts category	[初始E.G.O饰品]	0	23		
Unlocks Poise E.G.O Gifts category	[初始E.G.O饰品]	0	23		
Unlocks Charge E.G.O Gifts category	[初始E.G.O饰品]	0	23		
Unlocks Slash E.G.O Gifts category	[初始E.G.O饰品]	0	23		
Unlocks Pierce E.G.O Gifts category	[初始E.G.O饰品]	0	23		
Unlocks Blunt E.G.O Gifts category	[初始E.G.O饰品]	0	23		
Deal +2.5% damage	[战斗]	0	23		
Offense Level +1	[战斗]	0	23		
Take -2.5% damage	[战斗]	0	23		
Defense Level +1	[战斗]	0	23		
Max Speed +1	[战斗]	0	23		
Incomplete	未达成	20	3	MirrorDungeonUI_6.json	mirror_select_constraint_slot_unachieved
Exploring	探索进行中	22	1	MirrorDungeonUI_6.json	mirror_dungeon_finished_panel_preview_version_title
Bloodsucking	吸血	10	13	Passives_Abnormality-mowe.json	9014503
Domineer	威严	3	20	Passives_Enemy-a1c5p2.json	809903
Section 2	第2区段	11	12	RailwayDungeonUI_4.json	railway_dungeon_4_section_2_lost_and_found
Rocks	暗礁	17	6	StageNode-a1c5p2.json	10535
The Fireplace	壁炉	7	16	StageNode-a1c6p1.json	10621
???'s Fathoms	？？？的心象	0	23	StageNode91-27.json	912711
Tedium	乏味	6	17	StageNode91-5.json	910501
Portrait of a Certain Day	某日的肖像	0	22	AbEvents_Refraction4.json	860501
Podao	朴刀	12	10	BattleKeywords-a1c8p1.json	TheDrifter_LowMorale
Lævateinn	莱瓦汀	0	22	BattleKeywords-a1c9p3.json	MiddleFatherSwordFour
Tear-sharpened	泪锋	5	17	BattleKeywords-walpu6.json	SwordCutwithTear
Wrath Fragility	暴怒易损	11	11	BattleKeywords.json	CrimsonTakeDamageUp
Red Plum Blossom	红梅	2	20	BattleKeywords.json	RedApricotBlossom
Refracted Rupture	折射的破裂	11	11	BattleKeywords_Refraction5.json	MRR507
Ritual Square	仪式广场	11	11	DungeonArea1-3.json	dungeon_1_3_0301
Exquisite Artwork	杰作	1	21	EGOgift_MirrorDungeon_7.json	9224
Number-nuts Hooligan	不识数的流氓	11	11	Enemies.json	90004
Classified Data	机密文件	12	10	Items.json	20025
Chachihu [揷翅虎]	插翅虎	0	22	Passives-BossRaid.json	501910
It's Not Over Yet	还没结束	1	21	Passives_Abnormality-a1c7p1.json	837204
Grueling Battle	苦战	7	15	Passives_Abnormality-a1c9p3.json	132601
NOT FOR DISPLAY	不该出现的文本	4	18	Passives_Abnormality.json	800904
For Everyone	为了所有人	19	3	Passives_Enemy-tkt-re.json	9102401
Affection and Resentment	爱憎	10	11	BattleKeywords-a1c9p2.json	ScarBygoneDays_LowMorale
Swordplay of the Homeland [Sal]	本国剑术[肉]	0	21	BattleKeywords-exme.json	ChoiSwordsmanship
Compulsion	自残	16	5	BattleKeywords.json	SelfHarm_LowMorale
Eyes and Teeth for an Eye	加倍奉还	0	21	BattleKeywords_Mirror4.json	MDEMdh
Kumo no Ito · otI on akA	蛛丝赤	0	21	BattlePass-a1c9.json	battlepass_season_7
Right Heart Atrium	右心房	5	16	DungeonArea-a1c5p3.json	dungeon_1_5_0202
A Drop	落坠的一滴	20	1	EGOgift_MirrorDungeon_6.json	9795
Leafy Gnome	绿色小矮人	10	11	Enemies-a1c951.json	90101
Cherry Gnome	红色小矮人	10	11	Enemies-a1c951.json	90102
The Last Knight	最后的骑士	10	11	Enemies-pilgrimage.json	1288
Doomsday Clay Doll	终末土偶	8	13	Enemies.json	8003
Confirmation Bias	验证偏差	10	11	Passives_Abnormality-a1c9p3.json	137804
This Can't Be	这不可能	9	12	Passives_Enemy-a1c6p2.json	9101504
Clear Turns	通关回合数	6	15	RailwayDungeonUI.json	clear_turn
Enemy Buffs	敌方BUFF	9	12	RailwayDungeonUI_2.json	railway_dungeon_2_enemy_buff
Clear Info	通关信息	11	10	RailwayDungeonUI_5.json	railway5_clear_info
There's no TIME	没时间了	11	10	StageNode-a1c6p1.json	10602
New Hires	新员工	10	11	StageNode-a1c9p2.json	10921
Hide-and-Seek	捉迷藏	11	10	StageNode-a1c9p2.json	10924
The Negotiation	谈判	2	19	StageNode91-10.json	911014
X Corp.	X公司	8	13	StoryTheaterDanteNote_9.json	NestX
Cheery Chickies	小鸡班	11	10	UnitKeyword-x1p1c1.json	UnitKeyword_X1P1C1_ASSO_3
Daily Life	日常生活	8	12	AbEvents-tktRe.json	1081401
Stand in his way.	阻止他。	9	11	AbEvents.json	805002
Drenched Gossypium	浸染棉花	9	11	AbEvents_Refraction3.json	857801
??-??-??-??	??-??-??-??	0	20	AbnormalityGuides-walpu4.json	8363
Peccatulum Irae	暴怒罪种	9	11	AbnormalityGuides.json	8007
Prey Mark	猎物标记	9	11	BattleKeywords-a1c5p3.json	AaCePcBj
Breaking Heart	撕碎的心	7	13	BattleKeywords-a1c6p3.json	AaCfPcBn
Blood-tinged Scissorblades III	染血的剪刃III	10	10	BattleKeywords-a1c7p1.json	BloodScissorThree
Bloodied Hand III	染血之手III	10	10	BattleKeywords-a1c7p3.json	BloodyHand_3rd
Hardblood III	硬血III	10	10	BattleKeywords-a1c7p3.json	BloodArmor_3rd
Dialogues	问答	4	16	BattleKeywords-a1c8p2.json	Teaching
Dihui Star's Blade	地慧星刀	10	10	BattleKeywords-a1c9p2.json	PhantomIncisionTotal
Acceleration Round	加速弹	10	10	BattleKeywords-a1c9p3.json	AccelBullet
Imitation of a Father	仿造的父辈	10	10	BattleKeywords-a1c9p3.json	PainfulScar_Panic
Time Acceleration	时间加速	8	12	BattleKeywords-tkt.json	TimeAcceleration
Oppression	无措	6	14	BattleKeywords.json	Run_Panic
Wrath DMG Up	暴怒伤害强化	10	10	BattleKeywords.json	CrimsonDamageUp
Sloth DMG Up	怠惰伤害强化	10	10	BattleKeywords.json	AmberDamageUp
Golden Sheen	金光	4	16	BattleKeywords.json	BeingGolden
Interlocking Time	啮合的时间	10	10	BattleKeywords.json	InterlockingTime
Pierce Power Up	突刺威力提升	10	10	BattleKeywords.json	PenetrateResultUp
Echoes of the Manor	山庄的回响	10	10	BattleKeywords.json	EchoOfMansion
Contempt of the Gaze	视线的轻蔑	11	9	BattleKeywords.json	ContemptPersonality
Final Power Boost	最终威力增幅	10	10	BattleKeywords_Mirror5.json	MD537
Hemorrhaging Dimension	血流成河的次元	10	10	BattleKeywords_Refraction2.json	PassedPortal_Red
Tremoring Dimension	震颤不止的次元	10	10	BattleKeywords_Refraction2.json	PassedPortal_Yellow
Electrifying Dimension	电流涌动的次元	10	10	BattleKeywords_Refraction2.json	PassedPortal_Blue
Seasonal	赛季任务	19	1	BattlePass.json	battlepass_seasonmission
Black Ledger	黑色账簿	10	10	EGOgift_MirrorDungeon-EventTheme.json	9712
Rusted Hilt	锈蚀的刀柄	10	10	EGOgift_MirrorDungeon-EventTheme.json	9713
Gondola	座舱	10	10	Enemies-a1c7p3.json	8403
Old G Corp. Head Manager	旧G公司部长	0	20	Enemies.json	91001
Steam Blaster	蒸汽枪	13	7	Enemies_Refraction2.json	855502
Bus-modifying Scrap	巴士改装废料	18	2	Items.json	20001
Simulation	难易度：模拟	18	2	MirrorDungeonUI_4.json	simulation_difficulty
Entertainment	玩世不恭	18	2	Passives.json	1060101
Blinkblade	快刀	1	19	Passives.json	1021221
Try Again	再次挑战	16	4	RailwayDungeonUI_2.json	railway_dungeon_2_retry_popup_retry
Active Effects	生效的效果	10	10	RailwayDungeonUI_6.json	railway_6_ui_battle_effect
Decay Ampules	崩解安瓿	3	17	StageNode1-4.json	10412
Capo IIII	指挥官IIII	10	10	UnitKeyword.json	UnitKeyword_THUMB_LEVEL_CAPO_FOUR
Peccatulum Pigritiae	怠惰罪种	10	9	AbnormalityGuides.json	8006
You Want To Get Beat? Hurtily?	你想挨打吗？很想？	0	19	AbnormalityGuides.json	8015
Will You Play?	玩吗？	0	19	AbnormalityGuides_Refraction6.json	9556
Deception	暗算	14	5	BattleKeywords-a1c9116.json	DarkBeast_LowMorale
Way of the Blade	剑道	8	11	BattleKeywords-a1c9p3.json	Fugacious
Central Command Team Captain	中央本部队长	9	10	BattleKeywords-walpu6.json	CentralCommandTeamCaptain
Envy Fragility	嫉妒易损	5	14	BattleKeywords.json	VioletTakeDamageUp
Weakness Analyzed	弱点分析	8	11	BattleKeywords.json	WeaknessAnalysis
Max HP Up	体力上限提升	8	11	BattleKeywords.json	MaxHpMultiplier
Bloodflame [血炎]	血炎	0	19	BattleKeywords.json	ChickenStance
Phantom Trace	残影	4	15	BattleKeywords.json	SojiRyoshuEchoFuture
Blooming Sin	绽放的罪孽	12	7	BattleKeywords_Refraction2.json	BloomingRose
Affection and Hatred	爱与憎	1	18	Bufs.json	AaCfPcBa_Alt3
Heart of the Whale	鲸的心脏	6	13	DungeonArea-a1c5p3.json	dungeon_1_5_0302
Equalizer	平等	1	18	EGOgift_MirrorDungeon-EventTheme_2.json	9768
Chains of Loyalty	忠义锁链	9	10	EGOgift_MirrorDungeon-EventTheme_2.json	9789
Lightning Rod	避雷针	11	8	EGOgift_MirrorDungeon.json	9072
Right Hand	右手	8	11	Enemies-a1c6p3.json	819301
Mariachi Vivaz	轻快的流浪乐队成员	15	4	Enemies.json	90025
Level Boost Ticket V	人格等级直升券V	7	12	Items-a1c7p1.json	225
LCB Regular Check-up BokGak	LCB定期体检 复刻	10	9	MirrorDungeonTheme-1.json	1125
Purchase E.G.O Gifts	购买E.G.O饰品	7	12	MirrorDungeonUI_4.json	purchase_ego_gift
E.G.O Gift Enhance Cost -7.5%	[休息点]	0	19		
Tier 1 E.G.O Gift Enhance Cost -7.5%	[休息点]	0	19		
Tier 2 E.G.O Gift Enhance Cost -7.5%	[休息点]	0	19		
Tier 3 E.G.O Gift Enhance Cost -7.5%	[休息点]	0	19		
Tier 4+ E.G.O Gift Enhance Cost -7.5%	[休息点]	0	19		
Burn E.G.O Gift Enhance Cost -7.5%	[休息点]	0	19		
Bleed E.G.O Gift Enhance Cost -7.5%	[休息点]	0	19		
Tremor E.G.O Gift Enhance Cost -7.5%	[休息点]	0	19		
Rupture E.G.O Gift Enhance Cost -7.5%	[休息点]	0	19		
Sinking E.G.O Gift Enhance Cost -7.5%	[休息点]	0	19		
Poise E.G.O Gift Enhance Cost -7.5%	[休息点]	0	19		
Charge E.G.O Gift Enhance Cost -7.5%	[休息点]	0	19		
20% chance to refund Enhancement Cost	[休息点]	0	19		
E.G.O Gift Enhance Cost -10%	[休息点]	0	19		
Slash E.G.O Gift Enhance Cost -7.5%	[休息点]	0	19		
Pierce E.G.O Gift Enhance Cost -7.5%	[休息点]	0	19		
Blunt E.G.O Gift Enhance Cost -7.5%	[休息点]	0	19		
Keywordless E.G.O Gift Enhance Cost -7.5%	[休息点]	0	19		
Unselectable	无法选择	4	15	MirrorDungeonUI_6.json	mirror_theme_list_pack_tag_not_selectable
E.G.O Gift Search	E.G.O饰品观测	9	10	MirrorDungeonUI_6.json	mirror_observation_ego_gift_title
Virescent Pyrojade	翠炎玉器	9	10	Passives.json	1031101
ANIKSHANA	不该出现的文本	1	18	Passives_Abnormality_Refraction.json	852702
THREE WISE TEXTS	不该出现的文本	1	18	Passives_Abnormality_Refraction.json	852706
Meat Gear	血肉齿轮	8	11	Passives_Enemy-walpu5.json	9017803
Inaccessible	无法阅览	14	5	StageNode91-10.json	911004
Early Elephants	大象班	9	10	UnitKeyword-x1p1c1.json	UnitKeyword_X1P1C1_ASSO_4
Peccatulum Gulae	暴食罪种	9	9	AbnormalityGuides.json	8005
Peccatulum Morositatis	忧郁罪种	9	9	AbnormalityGuides.json	8016
Sleeping Bag of a Bygone Day	往昔的睡袋	0	18	AbnormalityGuides_Refraction5.json	8632
Der Fluchschütze	凶弹射手	0	18	AbnormalityGuides_Refraction5.json	8630
Flash Phenomenon	闪光现象	9	9	AbnormalityGuides_exme.json	1460
Festive Fever	庆典的热潮	8	10	BattleKeywords-a1c7p2.json	FestivalFever
Starved and Withered	饥饿与衰老	9	9	BattleKeywords-a1c7p3.json	StarvingDonqui
Fixed Panic	固定恐慌	9	9	BattleKeywords-twth.json	PanicChangeLock
Deep Inhale	深呼吸	2	16	BattleKeywords.json	HoldingBreath
Dark Cloud Blade	黑云刀	6	12	BattleKeywords.json	BlackCloudBlade
Final Power Boost I	最终威力增强I	2	16	BattleKeywords_Mirror4.json	MDHMbc
Resilient I	强韧I	4	14	BattleKeywords_Mirror4.json	MDHMbe
Crown of Thorns	冠冕	10	8	BattleKeywords_Refraction2.json	PrepareSinRose
Red-stained Gossypium	红染棉花	9	9	BattleKeywords_Refraction3.json	MRcAfBb
Nebulizer	雾化吸入器	9	9	BattleKeywords_Refraction5.json	MRR510
Refracted Bleed	折射的流血	9	9	BattleKeywords_Refraction5.json	MRR551
Limbus Pass Package Special Banner	边狱组合包特别横幅	0	18	BattlePass.json	battlepass_purchase_desc_special_banner
Broken Blade	损坏的刀刃	7	11	EGOgift_MirrorDungeon-EventTheme.json	9715
Metronome	节拍器	9	9	EGOgift_MirrorDungeon-EventTheme_2.json	9753
Carmilla	卡蜜拉	10	8	EGOgift_MirrorDungeon.json	9036
Artistic Sense	美感	3	15	EGOgift_MirrorDungeon.json	9065
Reverberation	残响	9	9	EGOgift_MirrorDungeon.json	9086
Golden Hour	黄金时间	1	17	EGOgift_MirrorDungeon_7.json	9230
Ohra Bond	捕绳	4	14	EGOgift_MirrorDungeon_7.json	9274
Famished Hooligan	饥肠辘辘的流氓	9	9	Enemies.json	90006
Flower-burying Wedge	葬花楔	9	9	Enemies_Refraction6.json	956901
Pocket Watch Bundle	成捆怀表	11	7	Items.json	20018
Fixer Recov. Pack	收尾人乘客复原包	11	7	Items.json	20021
Keyword Refresh	关键词刷新	9	9	MirrorDungeonUI_4.json	mirror_dungeon_shop_keyword_refresh
In Memoriam	追悼	4	14	Passives.json	1050802
Reloader	再次装填	1	17	Passives.json	1101321
Koi-Koi [こいこい]	来来	0	18	Passives.json	1081302
Estimation	评估	2	16	Passives_Abnormality-a1c8p2.json	113301
LOOK AWAY!	不该出现的文本	0	18	Passives_Abnormality_Refraction4.json	828003
Mission Progress	执行任务	2	16	Passives_Enemy-a1c8p1.json	9020001
Banner Requisites	横幅获取条件	9	9	RailwayDungeonUI.json	railway_dungeon_banner_reward_condition_title
Contestants	选手入场	17	1	StageNode1-2.json	10216
Off the Bus	全员下车	11	7	StageNode1-4.json	10401
The Vehicle	移动装置	9	9	StageNode91-14.json	911403
Dissolution	瓦解	4	14	StageNode91-4.json	910408
Soldato II	士兵II	9	9	UnitKeyword.json	UnitKeyword_THUMB_LEVEL_SOLDATO_TWO
Fairy Longlegs	长腿精灵	2	15	AbEvents.json	805901
Fairy Mass	精灵畸块	8	9	AbnormalityGuides.json	8264
Written in the Book	写进账簿	8	9	BattleKeywords-BossRaid.json	RicardoBookRaid
Swig	小酌	12	5	BattleKeywords-a1c8p1.json	SipOfAlcohol
Mutilated Memory	被千刀万剐的记忆	7	10	BattleKeywords-a1c8p3.json	Ryoshu_Attackup
Intelligence Gathering	获取情报	7	10	BattleKeywords-exme.json	TakePicture
Dokkaebi Arms	鬼怪之臂	8	9	BattleKeywords-exme.json	AengduNewArm
Welfare Team Model Employee	福利部优秀员工	8	9	BattleKeywords-walpu6.json	BestWelfareTeamMember
Lust Fragility	色欲易损	8	9	BattleKeywords.json	ScarletTakeDamageUp
Erudition	磨砺学识	13	4	BattleKeywords.json	KnowledgeTraining
Impending Ruin	破灭将至	6	11	BattleKeywords.json	WanderingFootsteps
Exalted Command	遵命	2	15	BattleKeywords.json	HeishouCombo
In the Present	现在状态	11	6	BattleKeywords_Refraction6.json	StackPresentActivate
Heal All	全体恢复	16	1	Bufs.json	RailBuffForLine2_K_ALLY
Santata	桑塔塔	7	10	Enemies-a1c951.json	8113
Left Leg	左腿	8	9	Enemies.json	803103
Bean-hating Tingtanger	讨厌豆子的豆豆帮成员	8	9	Enemies.json	90019
King Trash Crab	帝王废料蟹	8	9	Enemies91-4.json	8063
Level Boost Ticket I	人格等级直升券I	2	15	Items.json	221
Ritornello	Ritornello	8	9	MirrorDungeonUI_4.json	ritournelle_difficulty_short
Pack Search	主题卡包观测	7	10	MirrorDungeonUI_6.json	mirror_dungeon_detect_theme_pack_button
Theme Pack Observation	主题卡包观测	7	10	MirrorDungeonUI_6.json	mirror_starlight_result_formation_bonus_multiplier_tooltip_item_detect_theme_pack
Ignition	引燃	12	5	Passives.json	1120201
Territory Protection	地区保护	10	7	Passives.json	1020501
Captain's Orders	船长的命令	7	10	Passives.json	1080821
The Fixer at the Crack of Dawn	黎明时分的收尾人	0	17	Passives.json	1121602
Thought Gear	思想齿轮	7	10	Passives_Enemy-walpu5.json	9017804
HP Ampule	HP安瓿	6	11	Passives_Enemy-x1p1c1.json	9104101
Backup Deployed	待命人员编队	1	16	RailwayDungeonUI_4.json	formation_setting_waiting_character
Recommended Levels	入场推荐配置	8	9	RailwayDungeonUI_4.json	railway_dungeon_4_entrance_recommended
The Spider's Thread	蜘蛛丝	4	13	StageNode-a1c9p3.json	10950
Stop Right There	别动	2	15	StageNode1-2.json	10217
The Next Destination	下一个目的地	3	14	StageNode91-25.json	912514
The Second Smoke War	第二次烟霾战争	7	10	UnitKeyword-a1c9p3.json	UnitKeyword_SMOKE_WAR_2ND
Tiansha Star	天杀星	1	16	UnitKeyword-a1c9p3.json	UnitKeyword_HEAVENLY_KILLING_STAR
False Apple	假苹果	8	8	AbnormalityGuides.json	8009
Headchicken a.k.a. Bongy	猎头鸡 a.k.a. 小凤	8	8	AbnormalityGuides.json	8034
Dongrang, Who Denies All	否定一切的东朗	0	16	AbnormalityGuides.json	8049
Shin (心) - Tiantui Star [天退星]	心-天退星	0	16	BattleKeywords-BossRaid.json	HugeIrritationReflectrial
Heart of Evil	邪心	6	10	BattleKeywords-a1c8p2.json	EvilHeart_LowMorale
Propellant Ammo	推进弹	6	10	BattleKeywords-a1c8p3.json	BudgetBulletPropellant
The Third Wave	第三波	8	8	BattleKeywords-a1c9116.json	SweeperC
Prescript: [Paper Slip] I	指令[纸条]I	0	16	BattleKeywords-a1c9p1.json	IndexPrescriptFaust_0
Prescript: [Device] II	指令[终端]II	0	16	BattleKeywords-a1c9p2.json	IndexPrescriptStudent_1
The Middle - Grudge	中指-仇怨	0	16	BattleKeywords-a1c9p3.json	ResentmentSpider
Red String	赤丝	8	8	BattleKeywords-a1c9p3.json	RyoshuParrySojiWe
Prisoner Transport Arrangements	押送准备	8	8	BattleKeywords-exme.json	TiedWithRope
Memory Transition	记忆转换	8	8	BattleKeywords-exme.json	PhotoTransition
Mauled Color [Rouge]	被撕裂的色彩[红色]	0	16	BattleKeywords-twth.json	BearClawWound
Mauled Color [Bleu]	被撕裂的色彩[蓝色]	0	16	BattleKeywords-twth.json	EagleClawWound
Growing Resentment	郁积的怨结	9	7	BattleKeywords-ycgd.json	Grudge
Taunt	嘲讽	4	12	BattleKeywords.json	Taunt
Envy DMG Up	嫉妒伤害强化	7	9	BattleKeywords.json	VioletDamageUp
Sloth Fragility	怠惰易损	5	11	BattleKeywords.json	AmberTakeDamageUp
Capacitor	蓄能	6	10	BattleKeywords.json	ElectricStorage
Wavering Emotions	飘忽不定的情绪	8	8	BattleKeywords.json	Bull_BuzzingEmotion
Wrath Power Up	暴怒威力提升	8	8	BattleKeywords.json	CrimsonResultUp
Nutrient Drain	吸收养分	7	9	BattleKeywords.json	EgoAwakenDongrangTree
Longing	思慕	13	3	BattleKeywords.json	Choice_90104002
Volatile Passion	不稳定的激情	8	8	BattleKeywords.json	UnstableFeeling
Lust Power Up	色欲威力提升	8	8	BattleKeywords.json	ScarletResultUp
Overheated Fuel	过热燃料	10	6	BattleKeywords.json	FirePunchFuelOverheated
E.G.O Passives	E.G.O被动技能	10	6	BattleKeywords.json	ActivatedEgoPassive
Battle Instinct	战斗直觉	9	7	BattleKeywords.json	Firstlight
Base Power Boost I	基础威力增强I	2	14	BattleKeywords_Mirror4.json	MDHMbd
Base Power Boost	基础威力增幅	8	8	BattleKeywords_Mirror5.json	MD538
Bloomed Rose	绽放的玫瑰	8	8	BattleKeywords_Refraction2.json	FullBloomRose_Crimson
Grand Welcome	盛情款待	8	8	BattleKeywords_Refraction4.json	BigWelcome
Homeward	归途	11	5	EGOgift_MirrorDungeon.json	9039
Left Hand	左手	8	8	Enemies-a1c6p3.json	819201
Sharp Hooligan	敏锐的流氓	8	8	Enemies.json	90005
Crooked Veteran	卑鄙的残兵	8	8	Enemies.json	90011
Thread Crate	纺锤箱	2	14	Items.json	401
[Sweeper Fuel Cylinder]	清道夫液态燃料罐	0	16	Items.json	20029
Timekilling Time BokGak	时间杀人时间 复刻	7	9	MirrorDungeonTheme-1.json	1120
Bloodtinged Ichthyic Odor	血腥味	1	15	MirrorDungeonTheme-1.json	1516
Selected E.G.O Gift	选择E.G.O饰品	2	14	MirrorDungeonUI_3.json	mirror_dungeon_selected_ego_gift
Theme Pack Compendium	主题卡包图鉴	8	8	MirrorDungeonUI_4.json	mirrordunge_theme_pack_history_button_label
Effective Affinities	有利属性	2	14	MirrorDungeonUI_4.json	mirror_dungeon_theme_ego_gift_popup_valid_atk
E.G.O Gift Tiers	E.G.O饰品等级	2	14	MirrorDungeonUI_5.json	mirrordungeon_egogift_combine_guide_score_tier_header
Default	默认排序	15	1	MirrorDungeonUI_7.json	mirror_dungeon_ego_gift_sort_by_id
Defibrillation	除颤	5	11	Passives.json	1121521
La Spada di Palermo	巴勒莫之剑	8	8	Passives.json	1091601
Uncovered Abyss	显露的深渊	8	8	Passives_Abnormality-a1c9p1.json	130802
Effloresced E.G.O::Procuration	绽放E.G.O::代行	0	16	Passives_Abnormality-a1c9p2.json	132504
Fate Lost	偏离命运	8	8	Passives_Assist-a1c9p3.json	40000706
The Winner	胜利者	9	7	StageNode1-2.json	10218
Le Regole	纪律	5	10	BattleKeywords-a1c8p3.json	LeRegole_LowMorale
Happiness, Joy	喜、乐	0	15	BattleKeywords-a1c8p3.json	Honglu_Le
Inherited Will of Hongyuan	传承的鸿园之意	5	10	BattleKeywords-a1c8p3.json	LastingHongwonWill_LowMorale
E.G.O Resource Amp	E.G.O资源获取量提升	8	7	BattleKeywords.json	GainSinStockAdder
L'Hommage	敬意	4	11	BattleKeywords.json	ThankyouDocentRodion
Inhaling	吸血	2	13	Bufs.json	RailBuffForLine2_E_ENEMY
Fractured Blade	破碎的刀刃	4	11	EGOgift_MirrorDungeon-EventTheme.json	9714
Thrill	快感	11	4	EGOgift_MirrorDungeon.json	9060
Left Eye	左眼	7	8	Enemies-a1c5p1.json	875102
Identity Takeoff Ticket	人格跳跃成长券	9	6	Items.json	231
Select E.G.O Gift	选择E.G.O饰品	1	14	MirrorDungeonUI.json	select_ego_gift
Active Effects	当前效果	10	5	MirrorDungeonUI_2.json	start_buffs
New Discovery	新发现	1	14	MirrorDungeonUI_2.json	mirror_dungeon_3_buffs_title_6
Cannot Progress	无法进行	1	14	MirrorDungeonUI_5.json	mirror_start_buff_cannot_purchase_side_popup_title
Enhancement Tier	强化阶段	1	14	MirrorDungeonUI_7.json	mirror_dungeon_ego_gift_upgrade_level
Prepared Mind	心理准备	1	14	Passives.json	1030301
Your Shield	您的盾牌	7	8	Passives.json	1100301
Repression Work	压迫工作	6	9	Passives.json	1020721
Dimensional Escape	次元逃逸	10	5	Passives_Abnormality-a1c9p1.json	130901
Maladaptation	不适应	7	8	Passives_Abnormality-a1c9p3.json	137806
Next Station	下一站	3	12	RailwayDungeonUI_2.json	railway_dungeon_2_next_station
M Corp.	M公司	5	10	StoryTheaterDanteNote_9.json	NestM
First Kindred	一代眷属	6	9	UnitKeyword-a1c7p3.json	UnitKeyword_FIRST_DEPENDENT
Peccatulum Superbiae	傲慢罪种	7	7	AbnormalityGuides.json	8018
Effloresced E.G.O::Spicebush	绽放E.G.O::山茶花	0	14	AbnormalityGuides.json	8044
Bloodfeast Consumed	消耗血宴总数	9	5	BattleKeywords-a1c7p1.json	BloodDinner_Accumulation
Escape Battle	脱离战斗	2	12	BattleKeywords-a1c8p3.json	DisengageCombat
Yearning for Blood	血之渴望	6	8	BattleKeywords-a1c971.json	Bloodthirst
Unlock - III	解放 - III	0	14	BattleKeywords-a1c9p2.json	UnlockBuff_3
Sealed Sword	封印之剑	7	7	BattleKeywords-a1c9p3.json	MiddleFatherSwordOne
Developed Memories	显影的记忆	7	7	BattleKeywords-exme.json	ChoiSword_LowMorale
Weathered Knight	饱经风霜的骑士	5	9	BattleKeywords-walpu6.json	WornOutKnight
Envy Power Up	嫉妒威力提升	7	7	BattleKeywords.json	VioletResultUp
Dejection	抑郁	8	6	BattleKeywords.json	Blue_LowMorale
Rupture Fragility	破裂易损	7	7	BattleKeywords.json	BurstVulnerable
Molted Shell Shot	蟹壳废料弹	6	8	BattleKeywords.json	Bullet_Crab
Flower-burying Pin [埋花針]	葬花针	0	14	BattleKeywords.json	YesdragonSelf
Fire Butterfly Coffin	炎蝶之棺	7	7	BattleKeywords.json	StigmaWorkshopCelloCaseOne
Clash Attack Boost	拼点攻击增强	8	6	BattleKeywords_Mirror4.json	MDEMcf
Indulged	饱腹感	6	8	BattleKeywords_Mirror6.json	FullCharon
Prejudice	偏见	2	12	EGOgift_MirrorDungeon.json	9028
Finifugality	留恋	1	13	EGOgift_MirrorDungeon.json	9130
Wang Qingshan	王清山	6	8	Enemies-a1c8p2.json	1159
Mirror of the Lake	湖之镜	6	8	MirrorDungeonName.json	mirrordungeon_name_3
Participant	已参战	13	1	MirrorDungeonUI.json	mirrordungeon_participated
Thunder	霹雳	13	1	MirrorDungeonUI_4.json	mirror_dungeon_4_buffs_title_2
Gain +50 Starting Cost	[通用]	0	14		
Gain +50 Starting Cost	[通用]	0	14		
Starlight Cost	消耗星芒	1	13	MirrorDungeonUI_4.json	mirror_dungeon_finished_panel_used
And Pull	拖动	10	4	MirrorDungeonUI_4.json	mirror_dungeon_select_theme_drag
Parallel Superposition EXTREME	平行叠加极限模式	7	7	MirrorDungeonUI_6.json	InfinityFloor_Extreme_CheckEnter_Modal_Title
Theme Pack-Exclusive	主题卡包限定	7	7	MirrorDungeonUI_7.json	mirror_dungeon_ego_gift_list_popup_owned_scroll_tag_theme_limited
Tiantui Star's Blade [天退星刀]	天退星刀	0	14	Passives-BossRaid.json	501904
Please, try again	再试一次	0	14	Passives_Abnormality-a1c7p3.json	841005
Jealousness	猜疑	1	13	Passives_Abnormality_Refraction2.json	857001
Combat-Ready	临战状态	9	5	Passives_Enemy-pilgrimage.json	9102902
The Northern Fixer	北部收尾人	1	13	StageNode91-10.json	911002
Stinging	刺痛不已	11	3	StageNode91-14.json	911410
Memory Wipe Procedure	记忆消除	7	7	StoryTheaterDanteNote_5.json	MemoryDelete
Heishou Pack - Wu Branch	黑兽 - 午	0	14	UnitKeyword.json	UnitKeyword_BLACK_BEAST_HORSE
Heathcliff, The Heartbroken	心被撕碎的希斯克利夫	0	13	AbEvents-a1c6p3.json	816601
Peccatulum Luxuriae	色欲罪种	7	6	AbnormalityGuides.json	8017
Black Ledger Choice	黑色账簿 选项	8	5	ActionEvents_Mirror4.json	971012
Queequeg's Ego	魁魁格的自我	7	6	BattleKeywords-a1c5p3.json	AaCePcBq
Inferiority Complex	自卑感	5	8	BattleKeywords-a1c6p2.json	AaCfPbBf
The First Wave	第一波	7	6	BattleKeywords-a1c9116.json	SweeperA
The Duel Escalates	决斗高潮	6	7	BattleKeywords-a1c9p1.json	DuelEdge
Outmoded Art	过时的艺术	5	8	BattleKeywords-a1c9p3.json	Cubism_LowMorale
Shame of the Family	家族之耻	5	8	BattleKeywords-a1c9p3.json	ObsessedTeacher_LowMorale
Stored Blood	浸染的血液	8	5	BattleKeywords-mowe.json	KeptBlood
Standby State	待命状态	6	7	BattleKeywords-pilgrimage.json	WaitingforCommandMod
Trauma Shield	精神屏蔽力场	7	6	BattleKeywords-walpu6.json	TraumaShield
Preparing Herd Migration	群体移动准备	2	11	BattleKeywords-walpu8.json	RunHallway
Contamination	秽物	8	5	BattleKeywords.json	Choice_901019
Before the King	御前	5	8	BattleKeywords.json	ForwardToTheKing
Blubberbubble	泪珠	8	5	BattleKeywords.json	ShieldManagerCryingToad
버프 이름	增益名称	0	13	BattleKeywords_Refraction5.json	MRR531
Battle Pass XP	通行证经验	4	9	BattlePass.json	battlepass_progress
Ragged Umbrella	破损的雨伞	8	5	EGOgift_MirrorDungeon.json	9119
Bloodflame Sword	血炎刀	1	12	EGOgift_cultivation.json	9819
Giant Leaf	巨大的叶子	3	10	Enemies-a1c5p1.json	8747
Vulgar Veteran	粗俗的残兵	11	2	Enemies.json	90012
Right Leg	右腿	7	6	Enemies.json	803102
Chest-puffing Tingtanger	表现欲强的豆豆帮成员	12	1	Enemies.json	90018
Flexing Tieqiu Crewman	正在热身的铁工会成员	3	10	Enemies.json	90027
Interrogative N Corp. Inquisitor	擅长审讯的N公司异端审判官	3	10	Enemies.json	90036
Hatred and Despair	憎恶与绝望	6	7	MirrorDungeonTheme-1.json	1119
Not Enough Starlight	星芒不足	6	7	MirrorDungeonUI_6.json	mirror_start_buff_unavailable_purchase_modal_title
Floor In Progress	当前阶层	1	12	MirrorDungeonUI_6.json	mirror_dungeon_ask_after_defeat_current_floor
Too Slow	太慢了	8	5	Passives.json	1100821
The Middle Never Forgets	中指永不遗忘	7	6	Passives.json	1101201
Explosive Emotions	爆发的情感	6	7	Passives_Abnormality-a1c6p2.json	816402
Time to Hunt	狩猎时刻	7	6	Passives_Abnormality-a1c9p3.json	131410
Blade Dance	剑舞	6	7	Passives_Abnormality-ycgd.json	815402
Jin Gang Bolus	金刚丹丸	7	6	Passives_Assist-Cultivation.json	940000516
Gungnir	冈格尼尔	2	11	Passives_Assist-a1c9p2.json	40000602
CLEAR ALL CATHY	CLEAR ALL CATHY	11	2	SeasonTitle.json	season_title_4
Into the Dark	步入黑暗	11	2	StageNode-a1c5p3.json	10539
Isabella	伊莎贝拉	5	8	StageNode-a1c6p3.json	10636
To The Rooftop	去屋顶	11	2	StageNode-a1c6p3.json	10642
Next Car	下一节车厢	4	9	StageNode91-10.json	911010
Try Talking	与其搭话。	11	1	AbEvents.json	1040801
Bamboo-hatted Kim's Past 3	金笠的过去 3	6	6	AbEvents_Mirror7.json	97111202
Doomsday Calendar-A	终末日历-A	6	6	AbnormalityGuides.json	8003
Pink Shoes-A	粉红鞋-A	6	6	AbnormalityGuides.json	8013
Papa Bongy	凤老爹	6	6	AbnormalityGuides.json	8038
Try Talking	尝试着交流。	11	1	ActionEvents.json	10408
Deep Bereavement	深切的丧失感	6	6	BattleKeywords-a1c6p2.json	AaCfPbBd
Torn Memory	撕裂的回忆	6	6	BattleKeywords-a1c8p3.json	BoseProjektilReplica
Hollow Obedience	空虚的顺从	6	6	BattleKeywords-a1c8p3.json	Obedient
Repressed Bloodthirst	压抑的杀气	4	8	BattleKeywords-a1c9116.json	RepressedMurderousIntend
Moonlit Azure Blade	月下青刀	6	6	BattleKeywords-a1c9p1.json	DicipleLittleFinger
Ragged Breath	紊乱的呼吸	6	6	BattleKeywords-a1c9p1.json	BreathLoss_LowMorale
Gungnir's Droning	冈格尼尔的共鸣	6	6	BattleKeywords-a1c9p2.json	HornetPoison
Ridiculous Grit	过人的毅力	6	6	BattleKeywords-a1c9p3.json	MiddleFatherGuts
K Corp. Emergency Ampule	紧急用K公司安瓿	6	6	BattleKeywords-a1c9p3.json	KAmpouleA1C94TH
Accelerating Future	加速的未来	6	6	BattleKeywords-a1c9p3.json	LookingFuture
Game Target	狩猎目标	6	6	BattleKeywords-a1c9p3.json	TeachersPrey
Sizzling Wound	灼烧着的伤口	6	6	BattleKeywords-a1c9p3.json	BurningWoundRien
Shared Time	共享的时间	6	6	BattleKeywords-tkt.json	OwnTime
Ready to Fire	射击准备完毕	3	9	BattleKeywords-walpu5.json	AllSetForShooting
Pheromone	信息素	6	6	BattleKeywords-walpu8.json	QueenBeepheromone
Yummers	变好吃了	7	5	BattleKeywords-x1p1c1.json	Yummy_Lowmorale
Outlash	迁怒	6	6	BattleKeywords.json	Blame_LowMorale
Gluttony Fragility	暴食易损	6	6	BattleKeywords.json	ShamrockTakeDamageUp
Ecstatic	狂喜	5	7	BattleKeywords.json	Cromer_Ecstasy
Tremor Sync	震颤同步	6	6	BattleKeywords.json	VibrationAssimilation
Unresolved Sorrow	尚未释怀的哀伤	6	6	BattleKeywords.json	Bull_Sadness
Suicidal	自尽	5	7	BattleKeywords.json	Suicide_LowMorale
Empty Mark	空虚的标记	6	6	BattleKeywords.json	DistortedDongrangEmptyMark
Sloth Power Up	怠惰威力提升	6	6	BattleKeywords.json	AmberResultUp
Defensive Stance	防御姿态	3	9	BattleKeywords.json	DefensiveStance
District 12 Fuel	12区燃料	8	4	BattleKeywords.json	FirePunchFuel
Commanding Cry	号令	2	10	BattleKeywords.json	BattlefieldHorse
Escape Battlefield	脱离战场	5	7	BattleKeywords.json	CommonExit
Liferender	绝命	2	10	BattleKeywords.json	AStrokeOfDeath
Hardblood Armor	硬血甲胄	6	6	BattleKeywords.json	BloodArmorMeursault
Emergency Barrier Battery	应急力场电池	6	6	BattleKeywords.json	EmergencyChargeForceField
Light of Daybreak	黎明之火	6	6	BattleKeywords.json	StigmaWorkshopHandStep1
Max HP Up	体力上限强化	8	4	BattleKeywords_Mirror3.json	MDHcFaBc
Growth I	生长I	2	10	BattleKeywords_Mirror5.json	MD514
Body Up I	肉体强化I	2	10	BattleKeywords_Mirror5.json	MD522
Keen I	锐利I	2	10	BattleKeywords_Mirror5.json	MD523
Final Power Up II	最终威力增强II	4	8	BattleKeywords_Mirror5.json	MD556
Base Power Up II	基础威力增强II	4	8	BattleKeywords_Mirror5.json	MD557
Protection Umbrella	保护伞	8	4	BattleKeywords_Refraction2.json	WaveFoxUmbrella
Shimmering Ember	闪烁的火种	6	6	BattleKeywords_Refraction3.json	MRcAiBb
Refracted Sinking	折射的沉沦	6	6	BattleKeywords_Refraction5.json	MRR508
Life or Death	生死决断	6	6	BattleKeywords_Refraction5.json	MRR516
Sunset Wayfarer's Sap	晚霞旅人的树液	6	6	BattleKeywords_Refraction6.json	NoeulNageuneBuffA3
Sunset Wayfarer's Moth	晚霞旅人的蛾	6	6	BattleKeywords_Refraction6.json	NoeulNageuneBuffB3
Level Boost Ticket VI	人格等级直升券VI	7	5	BattlePass.json	battlepass_purchase_desc_level_ticket
Librarian of History	历史层司书	6	6	Bufs.json	LibrarianOfHistoryHard
Right Heart Ventricle	右心室	4	8	DungeonArea-a1c5p3.json	dungeon_1_5_0203
Red Tassel	红色流苏	6	6	EGOgift_MirrorDungeon-EventTheme.json	9716
Worn Hilt	陈旧的刀柄	6	6	EGOgift_MirrorDungeon-EventTheme_2.json	9782
Green Spirit	绿光果实	6	6	EGOgift_MirrorDungeon.json	9016
Crown of Roses	玫瑰王冠	6	6	EGOgift_MirrorDungeon.json	9018
Glimpse of Flames	炎鳞	6	6	EGOgift_MirrorDungeon.json	9045
Material Interference Force Field	物理屏蔽力场	3	9	EGOgift_MirrorDungeon.json	9099
Uncapped Defibrilator	解除限制的除颤仪	6	6	EGOgift_MirrorDungeon.json	9133
Right Eye	右眼	6	6	Enemies-a1c5p1.json	875103
Blinded Pequod Town Villager	被蒙住双眼的裴廓德镇居民	6	6	Enemies-a1c5p3.json	8110
Shi Sijing	史思静	6	6	Enemies-a1c8p2.json	1160
Grant Us Love	请给我们爱	6	6	Enemies-walpu4.json	8366
BunBun [Juicy Squeezer - Orange]	吱扭扭[橙子味榨汁机]	0	12	Enemies-walpu8.json	1369
Scourging N Corp. Inquisitor	进行拷问的N公司异端审判官	3	9	Enemies.json	90035
Buddha Mūrti	佛像	0	12	Enemies.json	807801
Level Boost Ticket III	人格等级直升券III	6	6	Items.json	223
Level Boost Ticket IV	人格等级直升券IV	6	6	Items.json	224
Intro to Zhi, Yong, Ren	智·勇·仁基础入门手册	0	12	Items.json	20034
Falling Flowers	落花	2	10	MirrorDungeonTheme-1.json	1010
Starting E.G.O Gift Choice	选择初始E.G.O饰品	6	6	MirrorDungeonUI_3.json	choose_starting_ego_gift
Tier 1 + Tier 1	1级 + 1级	0	12	MirrorDungeonUI_4.json	new_ego_gift_combine_guide_table_2_desc_1_0
Tier 1 + Tier 2	1级 + 2级	0	12	MirrorDungeonUI_4.json	new_ego_gift_combine_guide_table_2_desc_2_0
Tier 2 + Tier 2	2级 + 2级	0	12	MirrorDungeonUI_4.json	new_ego_gift_combine_guide_table_2_desc_4_0
Tier 2 + Tier 3	2级 + 3级	0	12	MirrorDungeonUI_4.json	new_ego_gift_combine_guide_table_2_desc_5_0
Tier 3 + Tier 3	3级 + 3级	0	12	MirrorDungeonUI_4.json	new_ego_gift_combine_guide_table_2_desc_6_0
Abnormality Encounter	异想体遭遇战	1	11	MirrorDungeonUI_5.json	dungeon_encounter_guide_mirror_hard_ab_battle
infinity	infinity	11	1	MirrorDungeonUI_5_InfinityFloor.json	mirror_dungeon_infinity_difficulty
Received Mission	下达的命令	2	10	Passives-a1c9116.json	9018501
Kokuuntō	黑云刀	0	12	Passives-ycgd.json	9101301
Hēiyúndào	黑云刀	0	12	Passives.json	1060201
Breaching	正在突破	9	3	Passives.json	1090321
Enlightenment	醒悟	8	4	Passives.json	1060821
Unstable Shell of Ego	不稳定的自我外壳	6	6	Passives.json	1100902
Variant Sancho Hardblood Arts	桑丘变体硬血式	11	1	Passives.json	1031002
Bloodflame Blade [血炎刀]	血炎刀	0	12	Passives.json	1101421
Demonfire Spinecleaver	鬼火腰击	6	6	Passives.json	1081503
Heed me, Zilu	子路啊	0	12	Passives_Abnormality-a1c8p2.json	113706
Undertake Prescript	指令执行	9	3	Passives_Abnormality-a1c9p3.json	133702
A Crab-eat-crab World	自相蟹肉	6	6	Passives_Abnormality91-4.json	806304
Refracted Rupture and Sinking	折射的破裂与沉沦	6	6	Passives_Abnormality_Refraction2.json	853905
Superiority	优越感	11	1	Passives_Abnormality_Refraction2.json	856902
Refracted Mind	折射的意志	6	6	Passives_Abnormality_Refraction4.json	828005
Ally Buffs	友方BUFF	1	11	RailwayDungeonUI_2.json	railway_dungeon_2_ally_buff
BON VOYAGE	BON VOYAGE	10	2	SeasonTitle.json	season_title_3
Resonance Tuning Fork	共鸣音叉	3	9	StageNode-a1c5p1.json	10503
Imitations	赝品	4	8	StageNode-a1c6p2.json	10625
Training Yard	演武场	1	11	StageNode-a1c8p1.json	10809
Slot Machines	老虎机	5	7	StageNode1-2.json	10208
Rough Tides	巨浪	2	10	StageNode91-20.json	912010
An Odd Impression	奇怪的感觉	1	11	StageNode91-9.json	910911
Luxcavation Dungeons	采光迷宫	4	8	StoryTheaterDanteNote_4.json	ResourceDungeon
Districts	地区特征	11	1	StoryTheaterDanteNote_7.json	CityDirection
Limbus Kindergarten	边狱幼儿园	6	6	UnitKeyword-x1p1c1.json	UnitKeyword_X1P1C1_ASSO_1
Effloresced E.G.O::Farmwatch	绽放E.G.O::司田	0	11	AbnormalityGuides.json	8050
Faint Memories	模糊的记忆	3	8	BattleKeywords-a1c7p3.json	FaintMemory
Angst	郁愤	6	5	BattleKeywords-a1c8p2.json	DeepAngry_LowMorale
Keen Observation	观察力	3	8	BattleKeywords-a1c9p1.json	ObservationMoses
Mad Rampage	狂怒	5	6	BattleKeywords-a1c9p3.json	MiddleFingerDaddy_LowMorale
Snake Venom	蛇毒	5	6	BattleKeywords-cultivation.json	SnakePoisonJinWeak
Combat-Ready State	临战状态	6	5	BattleKeywords-pilgrimage.json	ParticipationMod
Call of the Bloodkin	同族的呼唤	6	5	BattleKeywords-pilgrimage.json	CallOfSea_LowMorale
Hysteria	歇斯底里	5	6	BattleKeywords-walpu6.json	HystericGauge
Requested Target	委托目标	2	9	BattleKeywords.json	RequestedTarget
Thunderer	弦惊	6	5	BattleKeywords.json	Cianjing
Bearing of a Salsu	杀手本位	4	7	BattleKeywords.json	BladelineagePride
Max HP +	体力上限提升	0	11	BattleKeywords_Mirror3.json	MDcFbBh
Sapling of Light Ability	光之树苗能力	5	6	DanteAbilityUIText.json	tutorial_battle_danteAbility_title
Basement Entrance	地下室入口	6	5	DungeonArea1-3.json	dungeon_1_3_0102
Torture Chamber	拷问室	5	6	DungeonArea1-3.json	dungeon_1_3_0114
Kaleidoscope	万花筒	9	2	EGOgift_MirrorDungeon-StoryTheme.json	9420
Crown of Thorns	荆棘头冠	10	1	EGOgift_walpu4.json	9749
Memories of the Adventure	冒险记忆	2	9	Enemies-a1c7p3.json	841301
Shadowy Gnome	黑色小矮人	5	6	Enemies-a1c951.json	90103
Threatening Tieqiu Crewman	咄咄逼人的铁工会成员	3	8	Enemies.json	90026
Huge Trinkets Sack	巨大装饰品包裹	6	5	Items.json	20010
Mirror of the Wuthering	呼啸之镜	5	6	MirrorDungeonName.json	mirrordungeon_name_4
Code Purple	紫色编码	5	6	MirrorDungeonTheme-1.json	1511
Select Grace of Stars	选择星之恩惠	1	10	MirrorDungeonUI_5.json	mirror_start_buff_purchase_modal_title
Affected Units	适用对象	10	1	MirrorDungeonUI_5.json	mirrordungeon_start_bonus_personality_label
Selected Grace of Stars	选择星之恩惠	1	10	MirrorDungeonUI_6.json	mirror_dungeon_finished_panel_selected_startBuff
Adversity Score	制约点数	4	7	MirrorDungeonUI_6.json	mirror_finished_panel_constraint_bonus_starlight_tooltip_desc
Enough Games	游戏到此为止	4	7	Passives-BossRaid.json	500101
Ten Blades of the East	东部十剑	0	11	Passives-BossRaid.json	501902
Intense Blaze	烈火	2	9	Passives.json	1080601
Tianjiu Star	天究星	4	7	Passives.json	1021203
Diminish (貶)	贬	0	11	Passives_Abnormality-a1c8p2.json	114102
Self-doubt	自我怀疑	5	6	Passives_Abnormality-a1c9p3.json	137808
Blood Coagulation	血液硬化	6	5	Passives_Abnormality-mowe.json	9014501
Ragged Umbrella	磨损殆尽的伞	8	3	Passives_Abnormality.json	804602
Bitter Smile	苦笑	1	10	Passives_Abnormality.json	805005
Fugitive	逃亡者	9	2	Passives_Assist-exme.json	40004001
Bloody Point	血点	1	10	Passives_Enemy-a1c6p2.json	9012802
ool...	礼…	1	10	Passives_Enemy-a1c6p3.json	9013603
Augmented Body	强化肉体	3	8	Passives_Enemy.json	9000102
I've Got No Choice	那就没办法了	2	9	Passives_Enemy.json	9100804
Hangover Cure	醒酒	3	8	Passives_Enemy.json	9006102
Underpass	地下通道	2	9	StageNode1-3.json	10320
A Corp.	A公司	4	7	StoryTheaterDanteNote_11.json	NestA
Mechanical Amalgam	机械融合生命体	5	6	UnitKeyword.json	UnitKeyword_MACHINE_BOUND_ORGANISM
Singing Machine Gift Options	歌唱机 饰品 选项	3	7	AbEvents-walpu8.json	97109701
Lingering Determination	遗留的意志	5	5	BattleKeywords-Refraction1BokGak.json	DeadEGOResource
Pip's Ego	比普的自我	5	5	BattleKeywords-a1c5p3.json	AaCePcBo
Pallid Panic	苍白恐慌	5	5	BattleKeywords-a1c5p3.json	AaCePcBe
Explosive Wrath	爆发的暴怒	6	4	BattleKeywords-a1c6p2.json	AaCfPbBc
Binding Technique	束缚法	2	8	BattleKeywords-a1c6p3.json	AaCfPcBc
Broken Heart	被撕碎的心	6	4	BattleKeywords-a1c6p3.json	AaCfPcBq
Sewing Target	缝纫对象	5	5	BattleKeywords-a1c7p1.json	LineCutting
Duel Specialist	决斗担当	5	5	BattleKeywords-a1c7p1.json	Duello_LowMorale
Bridle of Nihility	虚无的枷锁	5	5	BattleKeywords-a1c7p2.json	FamineBloodDolci_LowMorale
Honorable Duel	光荣的决斗	5	5	BattleKeywords-a1c7p2.json	HonorableDuel_Don
Ailing Heart	磨灭的心	5	5	BattleKeywords-a1c7p3.json	WornHeart
Reawakening Joy Of Carnage	觉醒杀戮的昂扬感	5	5	BattleKeywords-a1c7p3.json	SanchoMind_LowMorale
Eldtree Mutation	古木化	5	5	BattleKeywords-a1c8p2.json	WitheredWood_LowMorale
Heart of Oppressive Evil	邪心深重	5	5	BattleKeywords-a1c8p2.json	DeepEvilHeart_LowMorale
Charge Circuitry Countercurrent	充能回路逆流	5	5	BattleKeywords-a1c8p2.json	UncontrolledChargeAxe_LowMorale
Double-edged Feather	双刃羽	5	5	BattleKeywords-a1c8p2.json	MadFeather_LowMorale
Charge Order	突击指示	5	5	BattleKeywords-a1c8p2.json	JarMaster_LowMorale
Catching Breath	调息	5	5	BattleKeywords-a1c8p2.json	TakeBreath_LowMorale
Extreme Strength [極力]	极力	0	10	BattleKeywords-a1c8p3.json	RestoredBattleSense
Flesh Scoop	肉勺	5	5	BattleKeywords-a1c8p3.json	NEgoFleshSpatula_LowMorale
Soft Goldcasted Heart	脆金所铸之心	5	5	BattleKeywords-a1c8p3.json	EgoErodeContempt_LowMorale
Happiness, Joy, Sorrow	喜、乐、哀	0	10	BattleKeywords-a1c8p3.json	Honglu_Ai
The Second Wave	第二波	4	6	BattleKeywords-a1c9116.json	SweeperB
Prescript Incompliance Risk	指令崩坏的危机	5	5	BattleKeywords-a1c9p2.json	BlindFaith_LowMorale
Disjunction	背离	4	6	BattleKeywords-a1c9p2.json	TimeGapAb
Body Broken Beyond Repair	破损至无可挽回的身体	5	5	BattleKeywords-a1c9p3.json	MosesMiddle_LowMorale
E.G.O Attunement Boost	E.G.O感应度 增加	5	5	BattleKeywords-a1c9p3.json	LvUpHohenheimBigBird
Wave of Somnolence	袭来的睡意	5	5	BattleKeywords-a1c9p3.json	HohenheimBigBird_LowMorale
Unbridled Steed	脱缰之马	5	5	BattleKeywords-cultivation.json	RunawayHorseWei_LowMorale
Shadow Arm	暗臂	5	5	BattleKeywords-cultivation.json	DarkBeastSnake_LowMorale
Headsplitting Memory	刺痛的记忆	5	5	BattleKeywords-exme.json	RegretSCorp
Jumbled Memories	混杂的记忆	5	5	BattleKeywords-exme.json	Collage_LowMorale
Intelligence Obsession	对情报的执念	5	5	BattleKeywords-exme.json	Lensman_LowMorale
Deep-rooted Regret	沉溺的悔恨	5	5	BattleKeywords-exme.json	RestingKimSatgat_LowMorale
Battleform of the Homeland - Bearhunt	本国姿态-狩熊	0	10	BattleKeywords-exme.json	ChoiSwordsmanshipOne
Battleform of the Homeland - Tigerhunt	本国姿态-狩虎	0	10	BattleKeywords-exme.json	ChoiSwordsmanshipMany
Hive Mind	蜂巢意识	5	5	BattleKeywords-pilgrimage.json	DOQ_LowMorale
Heart of Compassion	善意之心	5	5	BattleKeywords-pilgrimage.json	DesireToSave_LowMorale
Broken Unity	瓦解的同盟	5	5	BattleKeywords-tkt.json	Yurodivy_LowMorale
Faltering Inspiration	衰退的灵感	5	5	BattleKeywords-twth.json	Fauvism_Lowmorale
Coloriage Impulsif	冲动的着色	5	5	BattleKeywords-twth.json	FauvismDocent_Lowmorale
Deep Tears	深泪	6	4	BattleKeywords-walpu6.json	BlackTearsAlly
Pink Petals	粉红花瓣	5	5	BattleKeywords-walpu8.json	PinkPetals
Slash Protection	斩击守护	5	5	BattleKeywords.json	SlashTakeDamageDown
Gloom Fragility	忧郁易损	5	5	BattleKeywords.json	AzureTakeDamageUp
Pride Fragility	傲慢易损	5	5	BattleKeywords.json	IndigoTakeDamageUp
Dazzled Mind	恍惚的意识	3	7	BattleKeywords.json	DongbaekFascination
Spark Discharge	电流释放	2	8	BattleKeywords.json	EmittedCurrent
Single Combat	单挑决斗	3	7	BattleKeywords.json	OneOnOneDuel
Clashable Guard	可拼点防御	7	3	BattleKeywords.json	CanDuelGuard
Melee Support	近战支援	4	6	BattleKeywords.json	MeleeCover
Vendetta Mark	复仇对象	4	6	BattleKeywords.json	VendettaMark
Serpent Arm	巳臂	6	4	BattleKeywords.json	SnakeStance
Somatic Frisson-inspiring Melody	以人体奏响的旋律	5	5	BattleKeywords.json	MelodyBodyArt
Clash Attack Boost	拼点攻击强化	8	2	BattleKeywords_Mirror3.json	MDcFcBh
Final Power Up I	最终威力增幅 I	2	8	BattleKeywords_Mirror3.json	MDHcFcBa
Defense Skill Up	守备技能强化	4	6	BattleKeywords_Mirror4.json	MDEMab
Amplify Body I	肉体增强I	2	8	BattleKeywords_Mirror4.json	MDHMaa
Expand Body I	肉体扩展I	2	8	BattleKeywords_Mirror4.json	MDHMac
Final Power Boost II	最终威力增强II	2	8	BattleKeywords_Mirror4.json	MDHMcc
Base Power Boost II	基础威力增强II	2	8	BattleKeywords_Mirror4.json	MDHMcd
Resilient II	强韧II	4	6	BattleKeywords_Mirror4.json	MDHMde
Resilient V	强韧V	2	8	BattleKeywords_Mirror5.json	MD534
Keen V	锐利V	2	8	BattleKeywords_Mirror5.json	MD551
Body Up V	肉体强化V	2	8	BattleKeywords_Mirror5.json	MD553
Growth V	生长V	2	8	BattleKeywords_Mirror5.json	MD554
Clash Power Up V	拼点威力增强V	2	8	BattleKeywords_Mirror5.json	MD585
Final Power Up V	最终威力增强V	2	8	BattleKeywords_Mirror5.json	MD586
Base Power Up V	基础威力增强V	2	8	BattleKeywords_Mirror5.json	MD587
Backup Candy	备用糖果	5	5	BattleKeywords_Mirror6.json	VerEmergencyCandy
Art Medium	绘画材料	4	6	BattleKeywords_Mirror7.json	PaintingMaterial
Anti-Ovine Grounding Plug	对羊接地插头	5	5	BattleKeywords_Refraction4.json	AntiSheepGround
Pendant of Nostalgia	追忆吊坠	5	5	BattleKeywords_Refraction5.json	MRR518
A Single Breath	一次呼吸	3	7	BattleKeywords_Refraction5.json	MRR553
Comfy	安乐	7	3	BattleKeywords_Refraction5.json	MRR565
Max Pass Level Reward	通行证超额奖励	2	8	BattlePass.json	battlepass_level_ex_reward
Preparation Room	准备室	5	5	DungeonArea-a1c8p2.json	dungeon_1_8_0102
Snowstorm Fields	暴风雪境	5	5	DungeonArea1-2.json	dungeon_1_2_0304
Central Area	中央区域	4	6	DungeonArea1-3.json	dungeon_1_3_0212
Ragged Bamboo Hat	破损的斗笠	4	6	EGOgift_MirrorDungeon-EventTheme.json	9719
Fiery Down	炽热的羽毛	5	5	EGOgift_MirrorDungeon.json	9009
Bloody Gadget	鲜血装饰	5	5	EGOgift_MirrorDungeon.json	9010
Talisman Bundle	成捆的符咒	5	5	EGOgift_MirrorDungeon.json	9013
White Gossypium	白棉花	5	5	EGOgift_MirrorDungeon.json	9020
Nixie Divergence	辉光变动仪	5	5	EGOgift_MirrorDungeon.json	9031
Voodoo Doll	巫毒娃娃	5	5	EGOgift_MirrorDungeon.json	9035
Old Wooden Doll	陈旧的木雕人偶	5	5	EGOgift_MirrorDungeon.json	9129
Ruptured Blood Sac	撕裂的血囊	5	5	EGOgift_MirrorDungeon_2.json	9160
Wine Barrel	酒桶	3	7	Enemies-a1c5p1.json	874501
Gagged Pequod Town Villager	被堵上嘴的裴廓德镇居民	5	5	Enemies-a1c5p3.json	8111
The Thumb Apprentice - Lucio	拇指 子辈 - 卢西奥	0	10	Enemies-a1c9p1.json	1306
Aggressive Gear Fanatic	好斗的齿轮狂信徒	5	5	Enemies-walpu5.json	90180
Head Hooligan	流氓头头	5	5	Enemies.json	90007
Casino Security Chief	赌场警卫队 队长	2	8	Enemies.json	90023
Level Boost Ticket II	人格等级直升券II	2	8	Items.json	222
Luminous Sea Terror Sample	发光的恐鱼标本	6	4	Items.json	20037
Severed and Scorched Skein	被斩断烧却的线团	6	4	Items.json	20044
Photo Bundles	许多照片	6	4	Items.json	20047
Unrolled Film	展开的胶片	6	4	Items.json	20048
Deep Sigh	深沉叹息	9	1	MirrorDungeonTheme-1.json	1411
Full-Stopped by a Bullet	由子弹画下的句点	4	6	MirrorDungeonTheme-1.json	1114
The Dream Ending	梦之终焉	5	5	MirrorDungeonTheme-1.json	1021
The Unsevering	无割舍者	4	6	MirrorDungeonTheme-1.json	1027
Purchase.	进行购买。	8	2	MirrorDungeonUI_2.json	dungeon_shop_purchase_title
Floor 5+	5层及以上	0	10	MirrorDungeonUI_4.json	mirror_battle_reward_card_guide_table_1_desc_5_0
Cleared Floors	通过阶层	2	8	MirrorDungeonUI_6.json	mirror_starlight_result_dungeon_play_point_tooltip_item_cleared_floor
Retry Stage	重试关卡	6	4	MirrorDungeonUI_6.json	mirror_dungeon_ask_after_defeat_retry_title
E.G.O Gift Choice	E.G.O饰品选择	7	3	MirrorDungeonUI_7.json	mainui_settings_select_lack_of_ego_gift_warning
Rustle Up	即兴烹饪	5	5	Passives.json	1040401
Destroyed Flotsam	被破坏的漂流物	4	6	Passives_Abnormality-a1c5p3.json	810803
To Love	给予爱	9	1	Passives_Abnormality-a1c7p3.json	837904
Trapped Dimensional Escape	脱离受困次元	5	5	Passives_Abnormality-a1c9p1.json	130902
Stoke the Flames	点燃火种	4	6	Passives_Abnormality-a1c9p2.json	132002
Nethersea Brand Utopia	溟痕乐园	5	5	Passives_Abnormality-pilgrimage.json	129704
Pained Writhing	痛苦蠕动	5	5	Passives_Abnormality.json	802803
Refracted Bleed and Tremor	折射的流血与震颤	5	5	Passives_Abnormality_Refraction2.json	854103
Anguished Screaming	尖啸	1	9	Passives_Abnormality_Refraction5.json	863207
The Tianya Sword	天涯剑	5	5	Passives_Assist-Cultivation.json	940000504
Crimson Point	红点	2	8	Passives_Assist-a1c9p3.json	40001002
Sanguine Pointillism	血点描画	5	5	Passives_Enemy-a1c6p2.json	9013102
Rosespanner Workshop Rep	玫瑰扳手工坊代表	7	3	Passives_Enemy.json	9100802
Travel Collection	累计记录	4	6	RailwayDungeonUI.json	accumulated_records
Refraction Railway Opening	折射轨道 开放	5	5	RailwayDungeonUI_1001.json	railwayBannerTitle
Unlock Requirements	解锁条件	2	8	RailwayDungeonUI_1001.json	railway_dungeon_advice_openCondition_title
Selected Buffs	BUFF选择列表	8	2	RailwayDungeonUI_1002.json	railway_node_clear_info_ui_buff_list
Obtained by clearing Refraction Railway Line 5	通关折射轨道5号线时获得	0	10	RailwayDungeonUI_5.json	railway_dungeon_5_banner_reward_condition_1
Obtained by clearing Refraction Railway Line 6	通关折射轨道6号线时获得	0	10	RailwayDungeonUI_6.json	railway_dungeon_6_banner_reward_condition_1
ORIENTATION	ORIENTATION	8	2	SeasonTitle.json	season_title_1
The Artery	切断白鲸动脉	8	1	AbEvents-a1c5p3.json	1050401
- Gain +50% max HP (max 200; excluding Peccatula Invidiae)	- 自身的体力上限+50%(最多200点，不包括嫉妒罪种)	0	9	AbEventsResultLog_Refraction6.json	955601_1_2
Distorted Bamboo-hatted Kim	扭曲的金笠	4	5	AbnormalityGuides-ycgd.json	8154
Become Strong? Genuinely?	我变强了？真的？	0	9	AbnormalityGuides.json	8010
Streets of T Corp.	T公司的街道	4	5	ActionEvents_Mirror4.json	971023
Yurodiviye Hideout	圣愚的据点	7	2	ActionEvents_Mirror4.json	971024
Assist Barrier	援护护盾	4	5	BattleKeywords-a1c5p3.json	AaCePcBr
Thermal Blades ON	热丝 ON	4	5	BattleKeywords-a1c9p3.json	HeatingWireOnSpider
Concussion	脑震荡	4	5	BattleKeywords-cultivation.json	ConcussionWei
Touche Hardie	果敢的笔触	4	5	BattleKeywords-twth.json	BoldBrushstrokes
Cyclical Karma	业报轮回	4	5	BattleKeywords.json	CyclingKarma
Expanding Sorrow	愈加膨胀的哀伤	4	5	BattleKeywords.json	Bull_ReinforcedSadness
Scattering Petals	落英缤纷	4	5	BattleKeywords.json	DongbaekScatterPetal
Empty Honor	空虚的荣誉	4	5	BattleKeywords.json	DistortedDongrangEmptyHonor
Prepared Meat	储备粮	4	5	BattleKeywords.json	PreparedMeat
Flower-burying Wedge [埋花櫼]	葬花楔	0	9	BattleKeywords.json	DragonLance
Refracted Determination	折射的意志	3	6	BattleKeywords_Refraction4.json	RefractedWill
Atrophied	畏缩	3	6	Bufs.json	Daunted_Panic
Forward Base	前进基地	7	2	DungeonArea1-2.json	dungeon_1_2_0212
Hill of Corpses	死尸之丘	8	1	DungeonArea1-3.json	dungeon_1_3_0302
Sublimity	壮观	3	6	EGOgift_MirrorDungeon-EventTheme.json	9717
Resplendence	绝景	2	7	EGOgift_MirrorDungeon-EventTheme_2.json	9783
Melted Eyeball	融化的眼球	4	5	EGOgift_MirrorDungeon.json	9024
Cigarette Holder	烟斗	1	8	EGOgift_MirrorDungeon.json	9046
Heart-breaking Sword	毁心之剑	4	5	Enemies-walpu6.json	1225
Heart-tearing Sword	裂心之剑	4	5	Enemies-walpu6.json	1226
Heart-piercing Sword	穿心之剑	4	5	Enemies-walpu6.json	1227
Lobotomy E.G.O::Red Sheet	脑叶公司E.G.O::朱符	0	9	Enemies.json	90059
3★ Guarantee Decaextraction Ticket	3★人格必得十连提取券	0	9	Items.json	103
Yisang [Ideality]	[理想]	0	9	Items.json	4
Takeoff Module - E.G.O Spinning [HE] x1	跳跃成长模组 - E.G.O解析 [HE]	0	9	Items.json	234
Burnt-in Lens	烧制的透镜	4	5	Items.json	20045
Melty Eyeball	融化的眼球	4	5	MirrorDungeonAbName.json	mirrordungeon_egogift_temp_ab_name_9024
The Unchanging	无改变者	4	5	MirrorDungeonTheme-1.json	1012
Unrelenting Might	破竹之势	1	8	MirrorDungeonTheme-1.json	1408
Murder on the WARP Express BokGak	WARP快车谋杀案 复刻	0	9	MirrorDungeonTheme-1.json	1123
Perseverance	精雕细琢	8	1	MirrorDungeonUI_2.json	mirror_dungeon_3_buffs_title_10
Engrave Stars	镌星	4	5	MirrorDungeonUI_3.json	mirror_dungeon_3_purchase_start_buff
Featured E.G.O Gifts	出现E.G.O饰品	2	7	MirrorDungeonUI_4.json	mirrordungeon_theme_pack_ego_gift
Ritornello	难易度：Ritornello	8	1	MirrorDungeonUI_4.json	ritournelle_difficulty
Tier 1 + Tier 3	1级 + 3级	0	9	MirrorDungeonUI_4.json	new_ego_gift_combine_guide_table_2_desc_3_0
Forecasts	预期结果	8	1	MirrorDungeonUI_4.json	expected_result
Completionist	完成度	3	6	MirrorDungeonUI_5_InfinityFloor.json	mirrordungeon_mission_category_title_MIRROR_DUNGEON5_ALL
Return to Stage Select	前往关卡入场界面	3	6	MirrorDungeonUI_6.json	mirror_dungeon_ask_after_defeat_return_title
Cannot Purchase	无法购买	4	5	MirrorDungeonUI_7.json	mirror_dungeon_shop_cannot_detect_personality_skill_desc
Bloody Tears	血泪	3	6	Passives.json	999903
Obsidian Stormrider [黑風馬脚]	黑风马蹄	0	9	Passives.json	1011401
Inadequate Defense Mechanism	简陋的防御机制	4	5	Passives_Abnormality-a1c9p3.json	137807
Stored Blood	寄宿之血	8	1	Passives_Abnormality-mowe-re.json	123801
Thirst for Blood	血之渴求	5	4	Passives_Abnormality-mowe.json	9014502
Hollow Pride	空洞的自尊	4	5	Passives_Abnormality-walpu6.json	122303
Last Struggle	最后的挣扎	3	6	Passives_Abnormality.json	804603
Like the Naraka of Avīci and Raurava [阿鼻叫喚]	阿鼻叫唤	0	9	Passives_Assist-a1c9p3.json	40001502
It's... you...	是你…	1	8	Passives_Enemy-a1c6p1.json	9011601
Yo...	除…	2	7	Passives_Enemy-a1c6p3.json	9013602
Now's Our Chance	机会来了	2	7	Passives_Enemy-cultivation.json	9021501
for this battle	于本站	8	1		
Recommended Level & Tier	入场推荐配置	0	9	RailwayDungeonUI_1001.json	railway_dungeon_advice_level_title
Select Buffs	选择增益	5	4	RailwayDungeonUI_5.json	railway_5_select_buff_title
Sinner Status	罪人当前状况	8	1	RailwayDungeonUI_6.json	railway_6_check_first_stage_unit_hp_mp
Setting Sail	启航	4	5	StageNode-a1c5p1.json	10501
Glass Pods	玻璃管	3	6	StageNode-a1c6p2.json	10624
Abikyōkan	阿鼻叫唤	0	9	StageNode-a1c9p1.json	10905
Happy New Year	新年	1	8	StageNode91-16.json	911601
War Hero	战争英雄	4	5	UnitKeyword-a1c9p3.json	UnitKeyword_WAR_HERO
Enter The Last Knight	最后的骑士之现身	4	4	AbEvents-pilgrimage.json	12880101
Tango of Poultry Passion	鸡群的激情探戈	4	4	AbEvents.json	91030201
Bamboo-hatted Kim's Past 1	金笠的过去 1	4	4	AbEvents_Mirror7.json	97111001
Bamboo-hatted Kim's Past 2	金笠的过去 2	4	4	AbEvents_Mirror7.json	97111101
Faelantern Containment Breach	精灵提灯出逃	4	4	AbEvents_lcbcheckup-re.json	97110101
Post-choice Development	选项后文字	4	4	AbEvents_lcbcheckup-re.json	97110302
Mimicry Corroded	拟态侵蚀者	4	4	AbnormalityGuides.json	8024
Noise Panic	噪音恐慌	4	4	BattleKeywords-a1c5p2.json	AaCePbBb
Lightning of Suffering	苦痛之雷	4	4	BattleKeywords-a1c6p3.json	AaCfPcBm
Superthermogenesis	高温装置	4	4	BattleKeywords-a1c6p3.json	AaCfPcBi
A Drop of Nourishment	一滴养分	4	4	BattleKeywords-a1c7p3.json	OneDropNutrition
Severing Slash [切斬]	切斩	0	8	BattleKeywords-a1c8p3.json	Bothersome
Chesed's Mercy	Chesed的慈悲	4	4	BattleKeywords-a1c8p3.json	Chesed_Mercy
Precious Jade's Cradle	宝玉摇篮	4	4	BattleKeywords-a1c8p3.json	ExpensiveJade
Boiling Wrath	喷涌的暴怒	4	4	BattleKeywords-a1c9114.json	A1c971a
Crushed Bloodthirst	深深压抑的杀气	4	4	BattleKeywords-a1c9116.json	WeighedMurderousIntend
Severed Tendon	肌腱切断	4	4	BattleKeywords-a1c9p1.json	SeveredTendon
Prescript: [Paper Slip] II	指令[纸条]II	0	8	BattleKeywords-a1c9p1.json	IndexPrescriptFaust_1
Prescript: [Device] III	指令[终端]III	0	8	BattleKeywords-a1c9p2.json	IndexPrescriptStudent_2
Prescript: [Device] IV	指令[终端]IV	0	8	BattleKeywords-a1c9p2.json	IndexPrescriptStudent_3
Faith Beyond Question	理所应当的信念	4	4	BattleKeywords-a1c9p2.json	Blandishment_Enemy
E.G.O Attunement Overload	E.G.O感应度 过载	4	4	BattleKeywords-a1c9p3.json	LvUpHohenheimBigBird_Over
Gebura's Blade	Gebura之刃	4	4	BattleKeywords-a1c9p3.json	Gebura_Reinforcement
First Seal Removed	1阶段 封印解除	4	4	BattleKeywords-a1c9p3.json	MiddleFatherSwordTwo
Second Seal Removed	2阶段 封印解除	4	4	BattleKeywords-a1c9p3.json	MiddleFatherSwordThree
Desire for Acknowledgement	认可欲	4	4	BattleKeywords-a1c9p3.json	EsteemNeeds
Indulgence in Prescripts	指令成瘾	4	4	BattleKeywords-a1c9p3.json	BlackNightmare
Avulsion Wound	撕裂的伤口	4	4	BattleKeywords-exme.json	ScratchesHurt
Infighting	内部分裂	4	4	BattleKeywords-tkt.json	UnfairDistribution
Red Eyes - Alert	赤瞳-警戒	0	8	BattleKeywords-walpu4.json	RedEyeSecond
Red Eyes - Devouring	赤瞳-捕食	0	8	BattleKeywords-walpu4.json	RedEyeThird
Penitence - Periphery	忏悔-警戒	0	8	BattleKeywords-walpu4.json	PenanceSecond
Penitence - Confession	忏悔-告解	0	8	BattleKeywords-walpu4.json	PenanceThird
Protecting Sword	守护之剑	4	4	BattleKeywords-walpu6.json	ProtectiveSword
Piercing Sword	穿刺之剑	4	4	BattleKeywords-walpu6.json	PenetratingSword
Stun	晕眩	1	7	BattleKeywords.json	Stun
Gluttony DMG Up	暴食伤害强化	4	4	BattleKeywords.json	ShamrockDamageUp
Photopia	眩目	2	6	BattleKeywords.json	Choice_901009
Gluttony Power Up	暴食威力提升	4	4	BattleKeywords.json	ShamrockResultUp
Earnest Accomplishment	恳切的成就	4	4	BattleKeywords.json	DistortedDongrangEarnestAchievement
Rupture Protection	破裂守护	4	4	BattleKeywords.json	BurstProtection
Pride Power Up	傲慢威力提升	4	4	BattleKeywords.json	IndigoResultUp
Marksman's Bullet	射手的弹药	4	4	BattleKeywords.json	FreishutzOutisEgoBulletCnt
Fairy Lure	诱饵精灵	4	4	BattleKeywords.json	GlowingLantern
Battle Ready	临战准备	4	4	BattleKeywords.json	EngageToBattle
Sibling Vengeance Mark	兄弟姐妹们的报复对象	4	4	BattleKeywords.json	RetaliationBookFamily
Centipede Venom	百足剧毒	4	4	BattleKeywords.json	CentipedePoison
Hardened Shell-Barrier	硬化屏障	4	4	BattleKeywords.json	CuredFilm
Ready to Loose	狙击姿势	4	4	BattleKeywords.json	SnipingArrowMode
Deep Wound	深度创伤	4	4	BattleKeywords.json	CriHurtNightStiletto
High-voltage Exoskeleton	高压外壳	4	4	BattleKeywords.json	HighVoltageExoshell
Charged Sting	电荷针	4	4	BattleKeywords.json	ChargedSting
Réflexion	反思	0	8	BattleKeywords.json	TestWaitDocentRodion
Inflict additional Sinking	沉沦追加	6	2	BattleKeywords_Mirror3.json	MDcFaBe
Final Power Up II	最终威力增幅 II	4	4	BattleKeywords_Mirror3.json	MDHcFcBb
Base Power Up I	基础威力增幅 I	2	6	BattleKeywords_Mirror3.json	MDHcFcBc
Base Power Up II	基础威力增幅 II	4	4	BattleKeywords_Mirror3.json	MDHcFcBd
Keen VI	锐利VI	2	6	BattleKeywords_Mirror5.json	MD561
Resilient VI	强韧VI	2	6	BattleKeywords_Mirror5.json	MD562
Body Up VI	肉体强化VI	2	6	BattleKeywords_Mirror5.json	MD563
Growth VI	生长VI	2	6	BattleKeywords_Mirror5.json	MD564
Final Power Up III	最终威力增强III	4	4	BattleKeywords_Mirror5.json	MD566
Base Power Up III	基础威力增强III	4	4	BattleKeywords_Mirror5.json	MD567
Final Power Up IV	最终威力增强IV	4	4	BattleKeywords_Mirror5.json	MD576
Clash Power Up VI	拼点威力增强VI	2	6	BattleKeywords_Mirror5.json	MD595
Final Power Up VI	最终威力增强VI	2	6	BattleKeywords_Mirror5.json	MD596
Base Power Up VI	基础威力增强VI	2	6	BattleKeywords_Mirror5.json	MD597
Incandescent Indulgence	光辉的饱腹感	4	4	BattleKeywords_Mirror6.json	VerShiningFullness
Plugged In	连接的插头	4	4	BattleKeywords_Refraction4.json	ConnectedPlug
Refracted Mind	折射的理智	6	2	BattleKeywords_Refraction5.json	MRR503
Refracted Charge	折射的充能	4	4	BattleKeywords_Refraction5.json	MRR505
Dogged Defense	顽强防御	4	4	BattleKeywords_Refraction5.json	MRR515
Perilous Contest	危险竞赛	4	4	BattleKeywords_Refraction5.json	MRR522
Bloody Banquet	染血宴会	4	4	BattleKeywords_Refraction5.json	MRR523
Power Roulette	威力轮盘赌	4	4	BattleKeywords_Refraction5.json	MRR544
Glass Cannon	玻璃大炮	4	4	BattleKeywords_Refraction5.json	MRR545
Incandescent Scale Dust	灼热的鳞粉	4	4	BattleKeywords_Refraction6.json	HeatedWingScalesExplain
Acuate Scale Dust	锐利的鳞粉	4	4	BattleKeywords_Refraction6.json	TransparentWingScalesExplain
Rusted Scale Dust	锈蚀的鳞粉	4	4	BattleKeywords_Refraction6.json	RustedWingScalesExplain
Bottomless Hunger	难以餍足	6	2	Bufs.json	PriceOfCare
Thumping of the Heart	能听到心跳声的地方	6	2	DungeonArea-a1c5p3.json	dungeon_1_5_0205
Waste Disposal	垃圾处理场	4	4	DungeonArea-a1c8p2.json	dungeon_1_8_0105
Defense Line 23-7 - 1300 Hours	第23-7 防线 13:00	0	8	DungeonArea1-1.json	dungeon_1_1_0304
Sealed Door	紧闭的大门	5	3	DungeonArea1-3.json	dungeon_1_3_0105
Church Corridor	地下教堂 走廊	4	4	DungeonArea1-3.json	dungeon_1_3_0201
Underground Church	地下教堂	2	6	DungeonArea1-3.json	dungeon_1_3_0206
Rearranged K Corp. Laboratory	重组的K公司研究所	4	4	DungeonArea1-4.json	dungeon_1_4_0102
Old Dopo Robe	陈旧的长袍	2	6	EGOgift_MirrorDungeon-EventTheme.json	9720
Silver Watch Case	银色的表壳	4	4	EGOgift_MirrorDungeon-EventTheme.json	9721
Faded Watch Case	褪色的表壳	4	4	EGOgift_MirrorDungeon-EventTheme.json	9722
Warning Notice	警告函	2	6	EGOgift_MirrorDungeon-EventTheme.json	9723
Chalice of Trickle-down	涓滴之杯	3	5	EGOgift_MirrorDungeon-EventTheme.json	9726
Twigs	细枝	5	3	EGOgift_MirrorDungeon-EventTheme_2.json	9777
Made-to-Order	定制	1	7	EGOgift_MirrorDungeon-StoryTheme.json	9407
Hardblood Glaive	硬血长柄刀	2	6	EGOgift_MirrorDungeon-mowe-re.json	9843
Canned Ice Cream	罐装冰淇淋	4	4	EGOgift_MirrorDungeon-mowe.json	9733
Ashes to Ashes	尘归尘	4	4	EGOgift_MirrorDungeon.json	9003
Wound Clerid	拟伤虫	4	4	EGOgift_MirrorDungeon.json	9005
Grimy Iron Stake	染血铁钉	4	4	EGOgift_MirrorDungeon.json	9008
Thunderbranch	雷击木	4	4	EGOgift_MirrorDungeon.json	9023
Lowest Star	谷底之星	4	4	EGOgift_MirrorDungeon.json	9027
Standard-duty Battery	标准负载电池	3	5	EGOgift_MirrorDungeon.json	9033
Thorny Path	荆棘之路	3	5	EGOgift_MirrorDungeon.json	9049
Stone Tomb	石冢	3	5	EGOgift_MirrorDungeon.json	9051
Endorphin Kit	内啡肽试剂组	4	4	EGOgift_MirrorDungeon.json	9073
Melted Paraffin	熔化的石蜡	4	4	EGOgift_MirrorDungeon.json	9101
Pain of Stifled Rage	郁火	4	4	EGOgift_MirrorDungeon.json	9103
Tangled Bundle	纠缠捆束	4	4	EGOgift_MirrorDungeon.json	9107
Bio-venom Vial	生物剧毒药瓶	4	4	EGOgift_MirrorDungeon.json	9111
Venomous Skin	剧毒外皮	4	4	EGOgift_MirrorDungeon.json	9112
Sour Liquor Aroma	酸味的酒香	4	4	EGOgift_MirrorDungeon.json	9113
Eldtree Snare	古木陷阱	4	4	EGOgift_MirrorDungeon.json	9122
Devil's Share	魔鬼所享	4	4	EGOgift_MirrorDungeon.json	9127
Emerald Elytra	绿色鞘翅	4	4	EGOgift_MirrorDungeon.json	9128
UPS System	不间断电源装置	4	4	EGOgift_MirrorDungeon.json	9132
Patrolling Flashlight	巡逻用手电筒	4	4	EGOgift_MirrorDungeon.json	9134
Scalpel	手术用刀	5	3	EGOgift_MirrorDungeon.json	9137
Burial Curse	作祟	3	5	EGOgift_MirrorDungeon.json	9148
Dark Vestige	黯淡的残影	4	4	EGOgift_MirrorDungeon.json	9991
Raincloud	乌云	1	7	EGOgift_MirrorDungeon_7.json	9211
Desperate's Knot	绝望结	2	6	EGOgift_StoryDungeon-a1c5p3.json	2020
Jin Gang Bolus	金刚丸	7	1	EGOgift_a1c8p2.json	2075
Shaoxing Wine	绍兴酒	4	4	EGOgift_cultivation.json	9826
Revived K Corp. Security	复活的K公司检查站安保人员	4	4	Enemies-a1c5p1.json	97406
Heart of the Townsfolk	镇民之心	4	4	Enemies-a1c5p1.json	8750
Urgent T Corp. Gangster	焦急的T公司黑帮成员	4	4	Enemies-a1c6p1.json	90114
Veteran Edgar Family Butler	资深的埃德加家族管家	4	4	Enemies-a1c6p1.json	90122
Coagulated Dream	凝结的梦	4	4	Enemies-a1c7p3.json	8411
Gift Sack	礼物袋	4	4	Enemies-a1c951.json	811302
Tree of Desires	欲望之树	2	6	Enemies-mirror4.json	8183
Basin Sea Reaper	钵海收割者	4	4	Enemies-pilgrimage.json	91029
Bongy Security	小凤安保人员	2	6	Enemies-x1p1c1.json	91041
Downcast Veteran	变本加厉的残兵	4	4	Enemies.json	90002
Guido the Persistent	执着的圭多	4	4	Enemies.json	91005
Refracted Clover	折射的四叶草	5	3	Enemies_Refraction2.json	8546
Takeoff Module - E.G.O Spinning [WAW] x1	跳跃成长模组 - E.G.O解析 [WAW]	0	8	Items.json	233
Mirror of the Beginning	起始之镜	4	4	MirrorDungeonName.json	mirrordungeon_name_1
The Unconfronting	未曾面对	3	5	MirrorDungeonTheme-1.json	1008
The Heartbreaking	心意相悖	4	4	MirrorDungeonTheme-1.json	1018
Miracle in District 20 BokGak	20区的奇迹 复刻	0	8	MirrorDungeonTheme-1.json	1113
E.G.O Gifts Owned	所持E.G.O饰品	5	3	MirrorDungeonUI_2.json	ego_gift_list
Not enough Starlight.	星芒不足。	3	5	MirrorDungeonUI_2.json	lack_of_points
To List	转到列表	7	1	MirrorDungeonUI_2.json	mirror_dungeon_rewards_back_to_lobby_button_lobby
E.G.O Gift Tier Forecast	预期的E.G.O饰品等级	2	6	MirrorDungeonUI_4.json	new_ego_gift_combine_guide_table_2_col_2_title
Remaining Starlight Bonus	剩余的星芒奖励	4	4	MirrorDungeonUI_5.json	mirror_start_buff_purchase_modal_after_selected_bonus
Remaining Starlight	剩余星芒	6	2	MirrorDungeonUI_6.json	mirror_start_buff_purchase_modal_left_cost
Set Adversities	设置制约	3	5	MirrorDungeonUI_6.json	mirror_select_constraint_title
Adversity Bonus	制约加成	5	3	MirrorDungeonUI_6.json	mirror_finished_panel_constraint_bonus_starlight
Brush it Off	梳理发型	4	4	Passives-BossRaid.json	500109
Savage Tigermark Support	猛虎标弹支援	4	4	Passives-BossRaid.json	502001
Emptied Thought	放空思绪	2	6	Passives.json	1010601
Buy Time	赚取时间	4	4	Passives.json	1050901
Armadura de Sangre	血甲	1	7	Passives.json	1031004
Oracle Device [Caduceus]	神谕终端[双蛇杖]	0	8	Passives.json	1011505
Worker Bee	工蜂	4	4	Passives.json	1051421
To Where I Must Return	归处	0	8	Passives.json	1081502
Panic Recovery	恐慌恢复	4	4	Passives_Abnormality-a1c7p1.json	9999997
Festival of Wonders	梦幻的庆典	4	4	Passives_Abnormality-a1c7p2.json	838101
Hunter's Mark	狩猎印记	4	4	Passives_Abnormality-a1c9p1.json	130604
Returning Past	回现的过去	4	4	Passives_Abnormality-mr7-extreme.json	139301
Misplaced Past	消逝的过去	4	4	Passives_Abnormality-mr7-extreme.json	139302
Call of the Bloodkin	同胞的呼唤	6	2	Passives_Abnormality-pilgrimage.json	129104
Taken by the Horns	无力化	1	7	Passives_Abnormality.json	804103
Contaminating Leaf	污染的叶子	4	4	Passives_Abnormality.json	806201
Keep It Fresh	保鲜	4	4	Passives_Abnormality.json	826402
Overloaded HP Bullet	过载HP弹	4	4	Passives_Abnormality_Refraction.json	852301
Apply Refracted Sinking	施加折射的沉沦	4	4	Passives_Abnormality_Refraction2.json	854402
Blossoming Sins	盛放的罪孽	4	4	Passives_Abnormality_Refraction2.json	856403
Rose on a Vine	绽于藤蔓的玫瑰	4	4	Passives_Abnormality_Refraction2.json	856405
Thundering Wrath [震怒]	震怒	0	8	Passives_Abnormality_Refraction6.json	956802
oice...!	叫我…	0	8	Passives_Enemy-a1c6p3.json	9013604
Hou...	整…	1	7	Passives_Enemy-a1c6p3.json	9013801
Jar-haunting Curse	宿于瓮中的诅咒	4	4	Passives_Enemy-a1c8p1.json	9019502
Overflowing Sorrow	满溢而出的哀伤	4	4	Passives_Enemy-mr7-extreme.json	7105503
Line 1 Boarding	进入1号线前	4	4	RailwayDungeonNode1BokGak.json	101
Please Deploy all Sinners.	存在未编入队伍的人格。	4	4	RailwayDungeonUI_1001.json	railway_1001_must_participate_all
Select Buffs	选择BUFF	5	3	RailwayDungeonUI_2.json	railway_dungeon_2_select_buff_popup_title
Cruise Party	游轮宴会	4	4	StageNode-a1c5p2.json	10520
Riddles	谜语	6	2	StageNode-a1c6p1.json	10613
Matt	马特	2	6	StageNode-a1c6p2.json	10633
Wish Canister	愿望罐	4	4	StageNode1-2.json	10207
Bonfire	篝火	4	4	StageNode1-3.json	10317
Best Employee	最优秀的员工	5	3	StageNode1-4.json	10418
Urgent Call	紧急呼叫	4	4	StageNode1-4.json	10435
Glorious Past	辉煌的过往	5	3	StageNode1-4.json	10438
Heishou Pack Adept	黑兽 魁首	4	4	UnitKeyword.json	UnitKeyword_BLACK_BEAST_CHIEF
Before a Sealed Door	在紧闭的门扉前	3	4	AbEvents.json	1030201
The First Gate	第一关	3	4	ActionEvents.json	10303
Red Tassel Choice	红色流苏 选项	4	3	ActionEvents_Mirror4.json	971016
Starbuck's Ego	斯达巴克的自我	3	4	BattleKeywords-a1c5p3.json	AaCePcBp
Away With You	别妨碍我	4	3	BattleKeywords-a1c6p3.json	AaCfPcBs
A Sliver of Anticipation	一丝期待	2	5	BattleKeywords-a1c8p2.json	ExaminationOfQiu
HO! HO! HO!	嚯！嚯！嚯！	0	7	BattleKeywords-a1c951.json	AaCeSeBa
Bladetrail [Afterimage]	剑痕[残像]	0	7	BattleKeywords-a1c9p2.json	PhantomIncision
I Got Praised!	受到表扬啦！	0	7	BattleKeywords-a1c9p3.json	GotACompliment
Protecting Pest [Roaches]	防御害虫[蜚蠊]	0	7	BattleKeywords-a1c9p3.json	DefenseBug
Tremor - Superposition	震颤-叠加	0	7	BattleKeywords-tkt.json	VibrationNesting
Microprecision Time Acceleration	超精密时间加速	3	4	BattleKeywords-tkt.json	UltraPrecisionTimeAcceleration
Helpless Tears	无能为力之泪	3	4	BattleKeywords-walpu6.json	HelplessTear
Desperado	亡命之徒	3	4	BattleKeywords-walpu8.json	DesperadoBuff
Great Mountain	坚如泰山	5	2	BattleKeywords.json	Liu_Meursault_Guard_Buff
Umbrella Splinters	雨伞碎片	3	4	BattleKeywords.json	ShardOfUmbrella
Dhyāna	禅那	0	7	BattleKeywords.json	Zazen
Damage Taken Down	受到伤害降低	4	3	BattleKeywords_Mirror3.json	MDHcFaBd
Delicateness	易碎	3	4	BattleKeywords_Mirror7.json	GiftGlass
Peccatulum Invidiae Class 2	嫉妒罪种 2型	4	3	BattleKeywords_Refraction4.json	VioletPeccatulumTwo
Resilient Determination	坚定的意志	3	4	BattleKeywords_Refraction4.json	FirmWill
Insufficient Paid Lunacy	付费狂气不足	2	5	BattlePass.json	lack_if_paid_lunacy
Stalwart Spirit	坚韧不拔	2	5	Bufs.json	RemoveBreakSection
Whale Guts	鲸的胃	3	4	DungeonArea-a1c5p3.json	dungeon_1_5_0101
Rendezvous Area Before the Heart	心脏前的集合点	0	7	DungeonArea-a1c5p3.json	dungeon_1_5_0301
Canteen	茶水间	5	2	DungeonArea1-1.json	dungeon_1_1_0205
Chapel	礼拜堂	2	5	DungeonArea1-3.json	dungeon_1_3_0113
Tango Marinade	探戈鸡酱料	4	3	EGOgift_MirrorDungeon-EventTheme.json	9703
Harestride	卯足	4	3	EGOgift_MirrorDungeon-EventTheme_2.json	9788
Non-disclosure Agreement	保密协议	3	4	EGOgift_MirrorDungeon.json	9085
Tailor's Scissors	裁缝用剪刀	4	3	EGOgift_MirrorDungeon.json	9139
Epicenter	震源	5	2	EGOgift_MirrorDungeon_2.json	9166
Meat Tenderizer	松肉锤	3	4	EGOgift_MirrorDungeon_7.json	9210
N Corp. Seal	N公司印章	3	4	EGOgift_StoryDungeon.json	1037
Shell Sea Runner	壳海狂奔者	3	4	Enemies-pilgrimage.json	91027
Bongybug	小凤虫	3	4	Enemies-x1p1c1.json	91039
Pink Shoes Enchantee	粉红鞋魅惑之人	3	4	Enemies.json	8013
Rustic-sounding Tingtanger	土里土气的豆豆帮成员	6	1	Enemies.json	90017
Lobotomy E.G.O::Sloshing	脑叶公司E.G.O::荡漾	0	7	Enemies.json	90058
Refracted Fairy Wine	折射的精灵酒	4	3	Enemies_Refraction2.json	8543
The Unloving	无法去爱	3	4	MirrorDungeonTheme-1.json	1005
The Evil Defining	定义为恶	3	4	MirrorDungeonTheme-1.json	1015
The Surrendered Witnessing	不思观望	3	4	MirrorDungeonTheme-1.json	1023
One Step Further	再进一步	2	5	MirrorDungeonUI_2.json	mirror_dungeon_buffs_title_12
Challenge Mode	挑战模式	4	3	MirrorDungeonUI_2.json	mirror_dungeon_challenge_mode
Seize the Opportunity	及锋而试	3	4	MirrorDungeonUI_2.json	mirror_dungeon_3_buffs_title_2
Higher Tier Gifts appear	出现饰品等级上升	4	3	MirrorDungeonUI_2.json	md3_buffs_summaryDesc_1021
+1 E.G.O resource for all Affinities	所有E.G.O资源+1	0	7	MirrorDungeonUI_2.json	md3_buffs_summaryDesc_121
Enhance E.G.O Gift	强化E.G.O饰品	1	6	MirrorDungeonUI_3.json	ego_gift_upgrade_ui_title
Acquired E.G.O Gifts	已获取E.G.O饰品数量	6	1	MirrorDungeonUI_3.json	number_of_acquired_ego_gift
View Desc.	详细内容	1	6	MirrorDungeonUI_3.json	mirror_dungoen_ego_gift_history_view_desc
3 Gifts	3件	2	5	MirrorDungeonUI_4.json	new_ego_gift_combine_guide_table_1_desc_2_0
Weekly Cap	每周限制量	6	1	MirrorDungeonUI_6.json	mirror_finished_panel_mirror_pass_detail_weekly_limit_tag
Current Progress	当前进度	1	6	MirrorDungeonUI_6.json	mirror_dungeon_finished_panel_preview_version_progress_percent_label
Seize ya Chance	及锋而试	3	4	Passives-a1c9116.json	9102004
Enduring Spirit	坚韧不拔	2	5	Passives.json	1050301
Walking the Line of Death	垂死挣扎	0	7	Passives.json	1080301
Spite-driven	意气用事	3	4	Passives.json	1070121
Bullets are Pricey	子弹很贵	3	4	Passives.json	1120701
Hour of the Hunt	狩猎时刻	1	6	Passives.json	1080802
Rough Sketch	草图	5	2	Passives.json	1110921
We've Got Your Back	后方支援	3	4	Passives.json	1101221
Undying Persistence	顽强的生命力	3	4	Passives.json	1121502
Desperate Struggle	拼死奋战	4	3	Passives.json	1071603
Open Alley	通路	2	5	Passives.json	1011602
Burning Embers	燃烧的火种	3	4	Passives_Abnormality-a1c5p3.json	810701
Underwater Breathing	水下呼吸	3	4	Passives_Abnormality-a1c5p3.json	810202
Heart of Vengeance	复仇心	1	6	Passives_Abnormality-a1c6p2.json	816406
Parade of Happiness	幸福的游行	2	5	Passives_Abnormality-a1c7p2.json	838104
For the Family...	为了家人…	3	4	Passives_Abnormality-a1c7p3.json	841004
Scattering Breath	紊乱的呼吸	1	6	Passives_Abnormality-a1c951.json	811303
Undertake Orders	执行命令	2	5	Passives_Abnormality-exme.json	144805
NOT FOR DISPLAY	如果它出现了也是bug	4	3	Passives_Abnormality.json	800205
Broken Umbrella	损坏的伞	4	3	Passives_Abnormality.json	804601
Toward the Ideal	向着理想	3	4	Passives_Abnormality.json	805001
Manufactured Respite	稍作休息	1	6	Passives_Abnormality.json	805901
HP Ampule Injection	注射HP安瓿	3	4	Passives_Abnormality_Refraction.json	852102
Paired Assault	勠力	1	6	Passives_Assist-a1c8p2.json	40000201
Diversion	注意力分散	6	1	Passives_Enemy-pilgrimage.json	128901
Cannot Deploy	无法出战	4	3	RailwayDungeonUI_5.json	mainui_personality_blocked
Insubordination	违抗命令	6	1	StageNode-a1c5p1.json	10505
The Whaler	捕鲸人	1	6	StageNode-a1c5p2.json	10525
Operation Spider Pyre	蜘蛛巢焚灭讨伐战	1	6	StageNode-a1c9p3.json	10936
Temporal Entanglement	时间纠缠	3	4	StageNode-a1c9p3.json	10948
The Trio	三人组	5	2	StageNode1-1.json	10107
Towering Cars	汽车塔	1	6	StageNode1-2.json	10206
Constellations	星座	2	5	StageNode1-4.json	10430
An Age Without Technology	技术不复存在的时代	3	4	StageNode1-4.json	10443
New Classification Codes	新的编号	3	4	StageNode91-14.json	911413
Light of the City	都市之光	3	4	StageNode91-20.json	912013
S.A.N.G.R.I.A.	万短至艺	4	3	StageNode91-25.json	912512
Looking for a Drone	寻找无人机	3	3	AbEvents.json	1040101
<color=#ebcaa2>[{0}] got Staggered!</color>	<color=#ebcaa2>[{0}]陷入了混乱</color>	0	6	AbEventsResultLog.json	800105_whitesnow_success_1_2
- Remove the first Stagger Threshold	- 移除自身的第一混乱阈值	0	6	AbEventsResultLog_Refraction6.json	955601_1_3
Refracted Four-hundred Roses	折射的四百朵玫瑰	3	3	AbEvents_Mirror6.json	97105901
Coil Corroded	蛇手侵蚀者	3	3	AbnormalityGuides.json	8028
Kromer the Attempted Protoplast	欲成原初的克罗默	3	3	AbnormalityGuides.json	8030
S-08-04-01	S-08-04-01	3	3	AbnormalityGuides.json	8901
Brazen Bull - Tearful	黄铜公牛 - 流泪	0	6	AbnormalityGuides.json	8041
An Ampule to Use	使用再生安瓿。	3	3	ActionEvents.json	10402
Factory Laborer	工厂的工人	3	3	ActionEvents_Mirror4.json	971021
Recurring Faith and Promise	循环的信念与承诺	3	3	ActionEvents_Mirror7.json	971088
Shade of Reflection [Rouge]	映射[红色]	0	6	BattleKeywords-BossRaid.json	FavorBuffTwth1stPhaseForUI
Shade of Reflection [Bleu]	映射[蓝色]	0	6	BattleKeywords-BossRaid.json	FavorBuffTwth2ndPhaseForUI
Shade of Reflection [The Middle]	映射[中指]	0	6	BattleKeywords-BossRaid.json	FavorBuff5001FirstPhaseForUI
Shade of Reflection [Ambuscade]	映射[突袭]	0	6	BattleKeywords-BossRaid.json	FavorBuff5001SecondPhaseForUI
Shade of Reflection [Bearhunt]	映射[狩熊]	0	6	BattleKeywords-BossRaid.json	FavorBuff5012AllyOne
Fluorescence Shard	荧光灯碎片	2	4	BattleKeywords-a1c5p3.json	AaCePcBb
Undefiable Command	不可抗拒的命令	3	3	BattleKeywords-a1c5p3.json	AaCePcBn
Fettered Woe	未能释怀的怅惘	3	3	BattleKeywords-a1c6p3.json	AaCfPcBf
Little Carmilla	小卡蜜拉	4	2	BattleKeywords-a1c7p3.json	TinyCarmilla
Returning Bloodlust II	复还的血之冲动II	2	4	BattleKeywords-a1c7p3.json	RegainedStrength_2nd
Irresponsible Dream	不负责任的梦	3	3	BattleKeywords-a1c7p3.json	Precarious
Heaping Obedience	积累的顺从	3	3	BattleKeywords-a1c8p3.json	PileObedient
Malattunement	未感应	3	3	BattleKeywords-a1c8p3.json	GoldenBoughSync
Perpetuating Gluttony	不息的暴食	2	4	BattleKeywords-a1c9114.json	A1c971c
Eye of Precognition - Overheat	预知眼 过热	0	6	BattleKeywords-a1c9p3.json	FutureEyeOff
Shin (心) - The Red Gaze	心-猩红视线	0	6	BattleKeywords-a1c9p3.json	VergiliusSin
Of the Second Smoke War	第二次烟霾战争的	0	6	BattleKeywords-a1c9p3.json	Veteran_LowMorale
Tiansha Star's Blade - Arayashiki [天殺星刀阿賴耶識]	天杀星刀-阿赖耶识	0	6	BattleKeywords-a1c9p3.json	HeavenlyKillerStar
Procuration [Hermes]	代行[赫尔墨斯]	0	6	BattleKeywords-a1c9p3.json	StackRienSpecialSkill
When hacking through the ribs with a hatchet...	用手斧将肋骨砍下时…	0	6	BattleKeywords-a1c9p3.json	RienWeapon01Hatchet
When penetrating the lungs with a stiletto...	用锥将肺贯穿时…	0	6	BattleKeywords-a1c9p3.json	RienWeapon02Stiletto
When caving in the back of the skull with a hammer...	应该用锤子将后脑敲碎时…	0	6	BattleKeywords-a1c9p3.json	RienWeapon05Sledgehammer
When rending the body with a greatsword...	应该用大剑将躯干劈开时…	0	6	BattleKeywords-a1c9p3.json	RienWeapon06Ultragreatsword
When rending the body with a great sword...	应该用大剑将躯干劈开时…	0	6	BattleKeywords-a1c9p3.json	RienWeapon06Ultragreatsword2phase
When boring a 20-inch hole with a lance...	应该用长枪刺穿一个20英寸的洞时…	0	6	BattleKeywords-a1c9p3.json	RienWeapon07Lance
Crit DMG Up	暴击伤害强化	3	3	BattleKeywords-a1c9p3.json	CriticalDamageUp
Strider【Wu】	脚力【午】	0	6	BattleKeywords-cultivation.json	LegStrengthHorse
Galestruck	余波	2	4	BattleKeywords-cultivation.json	SweptAwayWei
Recoiling	反冲力	2	4	BattleKeywords-cultivation.json	ReboundWei
Dujeong Brigandine [Sal]	布面甲[肉]	0	6	BattleKeywords-exme.json	ChoiSwordsmanshipShield
Tremor - Distribution	震颤-分配	0	6	BattleKeywords-tkt.json	VibrationDistribution
Le Fauvisme - Masque de Loup	野兽派-狼面	0	6	BattleKeywords-twth.json	FaubismWolfMask
Only Ashes Remain	只余灰烬	2	4	BattleKeywords-walpu4.json	Emptiness
Imminent Decay	濒临崩坏	3	3	BattleKeywords-walpu4.json	ImpendingCollapse
Cold, Black Tears	漆黑冰冷之泪	0	6	BattleKeywords-walpu6.json	ColdBlackTear
Hyped-up	亢奋	2	4	BattleKeywords-walpu8.json	TensionUp
Minus Coin Boost	减算硬币强化	3	3	BattleKeywords.json	MinusCoinValueUp
Slash Resist Down	斩击抗性弱化	3	3	BattleKeywords.json	SlashResistDown
Final Augment	最终改造	3	3	BattleKeywords.json	Meursault_Last_Remodeling
Perilous Heart	岌岌可危的心灵	3	3	BattleKeywords.json	Fragile_Mind_LowMorale
Faltering Heart	混乱不安的心灵	3	3	BattleKeywords.json	Fragile_Mind_Panic
Corroding Heart	渐被侵蚀的心灵	3	3	BattleKeywords.json	ErodingMind
Radiant Vanity	耀眼的虚荣	3	3	BattleKeywords.json	DistortedDongrangRadiantVanity
Borne Fruition	成熟的果实	3	3	BattleKeywords.json	DistortedDongrangFruition
Radiant Desire	耀眼的欲望	3	3	BattleKeywords.json	EgoAwakenDongrangRadiantDesire
Overheal	过量恢复	3	3	BattleKeywords.json	EgoAwakenDongrangOverHeal
Emergency Nutrient Supply	应急营养源	3	3	BattleKeywords.json	EmergencyFeed
Sinking Fragility	沉沦易损	3	3	BattleKeywords.json	SinkingVulnerable
B.M.	管·标	2	4	BattleKeywords.json	MarkOfButler
Strategic R&R Mode	战略性休息福利模式	0	6	BattleKeywords.json	Retreat
Blooming Thorn II	绽放荆棘II	2	4	BattleKeywords.json	BloomingThornsRodionSecond
Tianjiu Star's Blade	天究星刀	3	3	BattleKeywords.json	EnhanceZilu
Gluttonous Thorn (貪食棘)	贪食棘	0	6	BattleKeywords.json	RoseThorn
Uncompromising Imposition	贯彻	2	4	BattleKeywords.json	DarkHongluTeaching
Higher Thunderer	大弦惊	3	3	BattleKeywords.json	SeniorCianjing
Hardblood Cast	硬血铸造	3	3	BattleKeywords.json	BloodArmorCasting
Excision Coin	截除硬币	3	3	BattleKeywords.json	ExtractCoin
Inflict additional Tremor	震颤追加	4	2	BattleKeywords_Mirror3.json	MDcFaBc
Slash Boost	斩击强化	3	3	BattleKeywords_Mirror3.json	MDcFaBf
Pierce Boost	突刺强化	3	3	BattleKeywords_Mirror3.json	MDcFaBg
Blunt Boost	打击强化	3	3	BattleKeywords_Mirror3.json	MDcFaBh
Coin Power Up I	硬币威力增幅 I	2	4	BattleKeywords_Mirror3.json	MDHcFcBe
Overload I	过载 I	2	4	BattleKeywords_Mirror3.json	MDHcFcBf
Final Power Up III	最终威力增幅 III	4	2	BattleKeywords_Mirror3.json	MDHcFdBa
Final Power Up IV	最终威力增幅 IV	4	2	BattleKeywords_Mirror3.json	MDHcFdBb
Base Power Up III	基础威力增幅 III	4	2	BattleKeywords_Mirror3.json	MDHcFdBd
Max HP Boost I	体力上限增强I	2	4	BattleKeywords_Mirror4.json	MDHMad
Amplify Body II	肉体增强II	2	4	BattleKeywords_Mirror4.json	MDHMba
Expand Body II	肉体扩展II	2	4	BattleKeywords_Mirror4.json	MDHMbb
Final Power Boost III	最终威力增强III	2	4	BattleKeywords_Mirror4.json	MDHMce
Clash Attack Boost I	拼点攻击增强I	2	4	BattleKeywords_Mirror4.json	MDHMcg
Final Power Boost IV	最终威力增强IV	2	4	BattleKeywords_Mirror4.json	MDHMdc
Base Power Boost III	基础威力增强III	2	4	BattleKeywords_Mirror4.json	MDHMdd
Offense Level Up I	攻击等级强化I	2	4	BattleKeywords_Mirror5.json	MD511
Growth II	生长II	2	4	BattleKeywords_Mirror5.json	MD526
Keen II	锐利II	2	4	BattleKeywords_Mirror5.json	MD531
Body Up II	肉体强化II	2	4	BattleKeywords_Mirror5.json	MD542
Clash Power Up II	拼点威力增强II	2	4	BattleKeywords_Mirror5.json	MD555
Brutality II	破坏力II	2	4	BattleKeywords_Mirror5.json	MD558
Keen VII	锐利VII	2	4	BattleKeywords_Mirror5.json	MD571
Resilient VII	强韧VII	2	4	BattleKeywords_Mirror5.json	MD572
Body Up VII	肉体强化VII	2	4	BattleKeywords_Mirror5.json	MD573
Growth VII	生长VII	2	4	BattleKeywords_Mirror5.json	MD574
Brutality V	破坏力V	2	4	BattleKeywords_Mirror5.json	MD588
Keen XII	锐利XII	2	4	BattleKeywords_Mirror6.json	MD6101
Resilient XII	强韧XII	2	4	BattleKeywords_Mirror6.json	MD6102
Body Up XII	肉体强化XII	2	4	BattleKeywords_Mirror6.json	MD6103
Growth XII	生长XII	2	4	BattleKeywords_Mirror6.json	MD6104
Clash Power Up VII	拼点威力增强VII	2	4	BattleKeywords_Mirror6.json	MD6105
Final Power Up VII	最终威力增强VII	2	4	BattleKeywords_Mirror6.json	MD6106
Base Power Up VII	基础威力增强VII	2	4	BattleKeywords_Mirror6.json	MD6107
Keen XV	锐利XV	2	4	BattleKeywords_Mirror6.json	MD6131
Resilient XV	强韧XV	2	4	BattleKeywords_Mirror6.json	MD6132
Body Up XV	肉体强化XV	2	4	BattleKeywords_Mirror6.json	MD6133
Growth XV	生长XV	2	4	BattleKeywords_Mirror6.json	MD6134
Clash Power Up X	拼点威力增强X	2	4	BattleKeywords_Mirror6.json	MD6135
Final Power Up X	最终威力增强X	2	4	BattleKeywords_Mirror6.json	MD6136
Base Power Up X	基础威力增强X	2	4	BattleKeywords_Mirror6.json	MD6137
Mark of Fire I	炎之烙印I	2	4	BattleKeywords_Mirror6.json	MD6Limit103
Inflation I	通货膨胀I	2	4	BattleKeywords_Mirror6.json	MD6Limit104
Ego Interference I	自我干涉I	2	4	BattleKeywords_Mirror6.json	MD6Limit105
Mental Psychosis I	精神错乱I	2	4	BattleKeywords_Mirror6.json	MD6Limit113
Nerve Acceleration I	神经加速I	2	4	BattleKeywords_Mirror6.json	MD6Limit114
SP Fatigue I	理智枯竭I	2	4	BattleKeywords_Mirror6.json	MD6Limit115
Splish Splash	拍拍	2	4	BattleKeywords_Mirror7.json	PlayingWithWaterTogetherMirror
Drenched Sin	罪孽缠身	2	4	BattleKeywords_Refraction2.json	EatingSin
All-beholding Gaze	一览无余的视线	3	3	BattleKeywords_Refraction3.json	MRcAmBd
Gathering Lightning Cloud	雷云汇集	3	3	BattleKeywords_Refraction4.json	ThundercloudFormation
Growth Refraction I	生长折射 I	2	4	BattleKeywords_Refraction5.json	MRR529
Lasting Determination	延续意志	3	3	BattleKeywords_Refraction5.json	MRR543
Suppressed Might	被抑制的力量	3	3	BattleKeywords_Refraction6.json	MiddleFingerLeashBuff
Including the Special Banner	附带特别横幅	3	3		
Organization Compulsion	整理强迫	3	3	Bufs-a1c6p1.json	CleanUp_LowMorale
Misshapen Painting	凌乱的绘画	3	3	Bufs-a1c6p2.json	AaCfPbBg
Resanguination	呈血	3	3	Bufs-a1c7p3.json	BloodringUp_LowMorale
Constricting Desires	紧缚欲望	3	3	Bufs.json	GreedyReady
Rotting Skin	腐化外皮	3	3	Bufs.json	Decay
Behead Heathcliffs	斩首希斯克利夫	3	3	Bufs.json	AaCfPaBa_Alt2
Ahab's Office	亚哈的办公室	3	3	DungeonArea-a1c5p3.json	dungeon_1_5_0103
Sinew Bridge	肌腱之桥	3	3	DungeonArea-a1c5p3.json	dungeon_1_5_0204
Control Team Containment	控制部管理收容区	3	3	DungeonArea1-1.json	dungeon_1_1_0101
Containment Hall 2	第二收容走廊	3	3	DungeonArea1-1.json	dungeon_1_1_0104
Smoke War Central Front	烟霾战争 中部战线	1	5	DungeonArea1-1.json	dungeon_1_1_0301
Defense Line 23-7 - 1100 Hours	第23-7 防线 11:00	0	6	DungeonArea1-1.json	dungeon_1_1_0302
Factory Entrance	工厂入口	2	4	DungeonArea1-2.json	dungeon_1_2_0201
Molding Chamber	注塑室	3	3	DungeonArea1-2.json	dungeon_1_2_0205
Backup Generators	备用发电站	3	3	DungeonArea1-2.json	dungeon_1_2_0210
Old Warehouse	旧仓库	3	3	DungeonArea1-3.json	dungeon_1_3_0111
Etched Clock Hands	蚀刻的指针	2	4	EGOgift_MirrorDungeon-EventTheme.json	9724
Rusted Clock Hands	锈蚀的指针	2	4	EGOgift_MirrorDungeon-EventTheme.json	9725
Snake Slough	蛇蜕	3	3	EGOgift_MirrorDungeon-EventTheme_2.json	9751
False Halo	虚假的光相	3	3	EGOgift_MirrorDungeon-EventTheme_2.json	9752
Unhatched Embers	未孵化的火种	3	3	EGOgift_MirrorDungeon-EventTheme_2.json	9756
Operation Authorization Card	作战批准卡	3	3	EGOgift_MirrorDungeon-EventTheme_2.json	9779
Wholeness	完全性	5	1	EGOgift_MirrorDungeon-StoryTheme.json	9416
Town-protecting Harpoon	守镇鱼叉	3	3	EGOgift_MirrorDungeon-StoryTheme_2.json	9427
Broken Violin	损坏的小提琴	3	3	EGOgift_MirrorDungeon-StoryTheme_2.json	9431
Butler Style Binding Arts	管家式束缚法	3	3	EGOgift_MirrorDungeon-StoryTheme_2.json	9435
Mask of the Parade	游行的面具	3	3	EGOgift_MirrorDungeon-StoryTheme_2.json	9440
Discarded Dimensional Gauntlet	被遗落的次元护手	3	3	EGOgift_MirrorDungeon-mowe-re.json	9818
Blue Starshard	蓝星碎片	3	3	EGOgift_MirrorDungeon-mowe-re.json	9817
Hellterfly’s Dream	地狱蝶之梦	0	6	EGOgift_MirrorDungeon.json	9001
Perversion	倒错症	3	3	EGOgift_MirrorDungeon.json	9002
Rusty Commemorative Coin	锈蚀的纪念币	3	3	EGOgift_MirrorDungeon.json	9014
Sticky Muck	黏性淤浆	3	3	EGOgift_MirrorDungeon.json	9019
Blue Zippo Lighter	蓝色芝宝牌打火机	3	3	EGOgift_MirrorDungeon.json	9021
Pinpoint Logic Circuit	单点打击逻辑电路	3	3	EGOgift_MirrorDungeon.json	9034
Red Order	赤色指令	3	3	EGOgift_MirrorDungeon.json	9041
Smokes and Wires	烟霾与铁丝网	3	3	EGOgift_MirrorDungeon.json	9042
Oscillating Bracelet	震荡手环	3	3	EGOgift_MirrorDungeon.json	9044
Rusted Cutting Knife	锈蚀的美工刀	3	3	EGOgift_MirrorDungeon.json	9048
Portable Battery Socket	便携式电源插座	3	3	EGOgift_MirrorDungeon.json	9052
Dust to Dust	土归土	3	3	EGOgift_MirrorDungeon.json	9053
Midwinter Nightmare	仲冬夜之噩梦	3	3	EGOgift_MirrorDungeon.json	9059
Curriculum Vitae	简历	3	3	EGOgift_MirrorDungeon.json	9062
Wrist Guards	护腕	3	3	EGOgift_MirrorDungeon.json	9069
Headless Portrait	无头肖像	3	3	EGOgift_MirrorDungeon.json	9074
Charge-type Gloves	充能式手套	3	3	EGOgift_MirrorDungeon.json	9075
Painkiller	止痛药	1	5	EGOgift_MirrorDungeon.json	9077
Piece of Relationship	缘分残片	3	3	EGOgift_MirrorDungeon.json	9082
Burning Intellect	炽热的智慧	3	3	EGOgift_MirrorDungeon.json	9087
Rusted Muzzle	锈蚀的笼头	3	3	EGOgift_MirrorDungeon.json	9089
Bell of Truth	真理之钟	3	3	EGOgift_MirrorDungeon.json	9091
Broken Compass	破碎罗盘	3	3	EGOgift_MirrorDungeon.json	9095
Ornamental Horseshoe	马蹄铁饰物	3	3	EGOgift_MirrorDungeon.json	9097
Polarization	偏振光	3	3	EGOgift_MirrorDungeon.json	9102
Arrested Hymn	被扣留的颂歌	3	3	EGOgift_MirrorDungeon.json	9106
Smoking Gunpowder	有烟火药	3	3	EGOgift_MirrorDungeon.json	9117
Deceptive Accord	虚饰的和平	3	3	EGOgift_MirrorDungeon.json	9138
Moment of Sentencing	宣判之刻	3	3	EGOgift_MirrorDungeon.json	9141
Carpenter's Nail	木工用长钉	3	3	EGOgift_MirrorDungeon.json	9143
Torn Bandolier	撕裂的弹带	3	3	EGOgift_MirrorDungeon.json	9145
Keenbranch	磨尖的树枝	3	3	EGOgift_MirrorDungeon.json	9146
Compression Bandage	加压绷带	3	3	EGOgift_MirrorDungeon.json	9149
Temporal Bridle	时间的枷锁	3	3	EGOgift_MirrorDungeon.json	9150
Clasped Sculpture	紧握的雕像	3	3	EGOgift_MirrorDungeon.json	9151
Faint Vestige	微茫的残影	3	3	EGOgift_MirrorDungeon.json	9992
Short Cane Sword	拐杖短剑	3	3	EGOgift_MirrorDungeon.json	9194
Cloudpattern Gourd Bottle	云纹鹤颈瓶	3	3	EGOgift_MirrorDungeon.json	9195
Plume of Proof	见证的羽饰	3	3	EGOgift_MirrorDungeon.json	9198
Torn Hems	磨破的衣袖	3	3	EGOgift_MirrorDungeon.json	9199
Pocket Flashcards	口袋助记卡	3	3	EGOgift_MirrorDungeon.json	9202
Omni-tool	万能工具	3	3	EGOgift_MirrorDungeon_7.json	9219
Thermal Weapon	热丝武器	3	3	EGOgift_MirrorDungeon_7.json	9221
Baleful Hwando	寄宿鬼气的环刀	3	3	EGOgift_MirrorDungeon_7.json	9227
Tarnished Gauntlet	褪色的护手	3	3	EGOgift_MirrorDungeon_7.json	9229
Noose	绞索	5	1	EGOgift_StoryDungeon-a1c5p3.json	2017
Searing Brass	灼热的铜管	3	3	EGOgift_TwiningThreads.json	9267
Interlinked Time	交织的时间	3	3	EGOgift_tktRe.json	9812
Emergency Investigator Badge	紧急授予型搜查官徽章	3	3	EGOgift_tktRe.json	9813
Entanglement Override Sequencer	强制纠缠定序器	3	3	EGOgift_tktRe.json	9814
Harmonics	泛音	3	3	EGOgift_walpu8.json	9236
Walking Bass	行进贝斯	3	3	EGOgift_walpu8.json	9237
Pallid White Mermaid	苍白的白色人鱼	3	3	Enemies-a1c5p2.json	90089
Pallid Blue Mermaid	苍白的蓝色人鱼	3	3	Enemies-a1c5p2.json	90090
Pallid Entwined Mermaid	苍白的纠缠人鱼	3	3	Enemies-a1c5p2.json	90091
Pallidified Thing-Shield	苍白之物-盾	3	3	Enemies-a1c5p2.json	90092
Pallidified Thing-Club	苍白之物-棍	3	3	Enemies-a1c5p2.json	90093
Pallidified Thing-Pirate	苍白之物-海盗	3	3	Enemies-a1c5p2.json	90094
Pallidified Thing-Hook	苍白之物-钩	3	3	Enemies-a1c5p2.json	90095
Scared T Corp. Gangster	胆怯的T公司黑帮成员	3	3	Enemies-a1c6p1.json	90115
Disgraced Bloodbag	堕落的血袋	3	3	Enemies-a1c7p2.json	90158
Despairing Bloodbag	绝望的血袋	3	3	Enemies-a1c7p2.json	90159
Impaling Spear	贯穿之枪	3	3	Enemies-a1c7p3.json	8412
The Thumb Nursefather - Valencina	拇指 父辈 - 瓦伦希娜	0	6	Enemies-a1c9p3.json	1314
Nethersea Founder	深溟奠基者	3	3	Enemies-pilgrimage.json	91030
Nethersea Spewer	深溟喷溅者	3	3	Enemies-pilgrimage.json	91031
Left Stem	左侧枝干	3	3	Enemies.json	800102
Right Stem	右侧枝干	3	3	Enemies.json	800103
Recollected Wallowing Soldier	记忆中绝望的残兵	3	3	Enemies.json	90015
Recollected Overtaken Soldier	记忆中被侵蚀的残兵	3	3	Enemies.json	90016
Burning Clay Doll	燃烧的终末土偶	3	3	Enemies.json	8004
Pink Shoes Possessee	粉红鞋所占之人	3	3	Enemies.json	8014
Servile N Corp. Inquisitor	奉承的N公司异端审判官	3	3	Enemies.json	90032
Compliant N Corp. Inquisitor	顺从的N公司异端审判官	3	3	Enemies.json	90033
Obsessive N Corp. Inquisitor	执着的N公司异端审判官	3	3	Enemies.json	90038
Joyous N Corp. Inquisitor	极度喜悦的N公司异端审判官	3	3	Enemies.json	90039
Chicken Bucket	炸鸡桶	2	4	Enemies.json	803902
K Corp. Filming Drone	K公司 摄像无人机	3	3	Enemies.json	8042
Soon-to-bloom Flower	即将绽放的花	2	4	Enemies.json	8054
K Corp. Class 3 Staff	K公司3级员工	0	6	Enemies_Refraction.json	8521
Refracted T Corp. Class 3 Collector	折射的T公司3级征收人员	0	6	Enemies_Refraction2.json	8551
Nominable Identity Ticket	3周年纪念人格自选券	3	3	Items-a1c9p1.json	703
[Sweeper Fuel Tank]	特大型液态燃料罐	0	6	Items.json	20030
Radiating Malice	充满敌意的空间	3	3	MirrorDungeonNode1-1.json	2011000
Inordinately Warped Reflection	高度畸变的映射	3	3	MirrorDungeonNode1-1.json	2014000
The Outcast	无归属者	3	3	MirrorDungeonTheme-1.json	1002
Into a Certain Library's Book	进入某座图书馆的某本藏书	0	6	MirrorDungeonTheme-1.json	1510
Blessed Carnival	充满祝福的嘉年华	1	5	MirrorDungeonTheme-1.json	1514
Can Equip	可装备	3	3	MirrorDungeonUI.json	mirrordungeonui_able_to_equip
Fighting Spirit	斗志昂扬	3	3	MirrorDungeonUI_2.json	mirror_dungeon_buffs_title_2
Sinners heal HP	罪人体力恢复	5	1	MirrorDungeonUI_2.json	mirrordungeon_resting_heal_desc
Starting Cost +50	初始经费+50	0	6	MirrorDungeonUI_2.json	md3_buffs_summaryDesc_1051
Before Entry	进入前	3	3	MirrorDungeonUI_3.json	mirror_dungeon_progress_text_before
Cannot Fuse	无法合成	2	4	MirrorDungeonUI_3.json	side_title_unable_ego_gift_combine
Projection Rewards	投影度奖励	3	3	MirrorDungeonUI_5_InfinityFloor.json	mirror_dungeon_achievement_reward_title
Selected Adversities	选择制约	1	5	MirrorDungeonUI_6.json	mirror_finished_panel_constraint_section_title
Swordplay of the Homeland [Sal] - Shift Battleform	本国剑术[肉]-姿态变化	0	6	Passives-BossRaid.json	501304
Tigermark Round Reload	虎标弹装填	3	3	Passives-BossRaid.json	501905
Great Mountain	安若泰山	5	1	Passives.json	1050201
Stubbornness	固执己见	3	3	Passives.json	1100321
Joy of Execution	处刑的欢喜	3	3	Passives.json	1090401
Cornering	无处可逃	2	4	Passives.json	1100521
Dueling Request	决斗委托	2	4	Passives.json	1030521
Connect The Dots	连点成线	4	2	Passives.json	1070621
A S.B.	烟·休	3	3	Passives.json	1040601
One Family	一家人	2	4	Passives.json	1050721
Mutilated Tattoos	残缺纹身	3	3	Passives.json	1070701
Call of the Erlking	魔王的呼唤	3	3	Passives.json	1071001
A moment, please...	请稍等…	0	6	Passives.json	1101101
Snipe	远程狙杀	4	2	Passives.json	1071101
Bayonets	铳剑术	2	4	Passives.json	1101312
Congestion Cleaning Armour	拥堵清理用装甲	1	5	Passives.json	1071311
Eyes Bright Like Lamps	如灯之目	3	3	Passives.json	1121401
Mentorship	指导与鞭策	3	3	Passives.json	1091502
Exposed Pearl	裸露的珍珠	3	3	Passives_Abnormality-a1c5p3.json	810101
Cracked Shell	破碎的贝壳	4	2	Passives_Abnormality-a1c5p3.json	810102
Gathering Slime	聚集的黏液	3	3	Passives_Abnormality-a1c5p3.json	810104
Contaminating Slime	污染黏液	3	3	Passives_Abnormality-a1c5p3.json	810902
Injected Hatred and Animosity	被灌输的憎恶与仇恨	3	3	Passives_Abnormality-a1c5p3.json	810304
Wicked Energy	凶邪之气	3	3	Passives_Abnormality-a1c8p2.json	115903
Charge Forth	跃进	4	2	Passives_Abnormality-a1c8p3.json	113602
Leading Lure	领先的诱饵	3	3	Passives_Abnormality-a1c9p1.json	130803
Broken Stump	损毁的根系	3	3	Passives_Abnormality-a1c9p1.json	130804
Evolving Lure	进化的诱饵	3	3	Passives_Abnormality-a1c9p1.json	130805
Fairy Dust	精灵粉末	3	3	Passives_Abnormality-a1c9p1.json	130806
Regenerate Dimensional Refraction Blade	修复次元折射刃	3	3	Passives_Abnormality-a1c9p1.json	130903
Flaming Ember	燃烧的火种	2	4	Passives_Abnormality-a1c9p2.json	132003
Establish Hypothesis	假说成立	3	3	Passives_Abnormality-a1c9p3.json	137805
Throwing the Ohra Bond	套上捕绳	3	3	Passives_Abnormality-exme.json	144803
Broken Exhaust Port	被破坏的排气口	3	3	Passives_Abnormality-mr7-extreme.json	139303
Leaking Steam	蒸汽泄漏	3	3	Passives_Abnormality-mr7-extreme.json	139304
Shared Sorrow	分担的哀伤	4	2	Passives_Abnormality-walpu6.json	122304
Upgrade Factory at Work	强化工厂启动	3	3	Passives_Abnormality.json	801001
Amplified Aggression	膨胀的攻击性	3	3	Passives_Abnormality.json	802501
Molt	脱皮	4	2	Passives_Abnormality.json	802802
Living Nerves	鲜活的神经	3	3	Passives_Abnormality.json	804501
Broken Means	损坏的手段	3	3	Passives_Abnormality.json	804702
Old and Abandoned	被舍弃的旧伞	3	3	Passives_Abnormality.json	805201
Self Destruction	自我破坏	3	3	Passives_Abnormality.json	804903
Lost Means	丢失的手段	3	3	Passives_Abnormality.json	805902
Damaged Shade	受损的绿荫	3	3	Passives_Abnormality.json	805903
Ravening Hunger	饥饿狂暴	3	3	Passives_Abnormality.json	826302
Reminisced Augmentation	深入记忆的强化肉体	3	3	Passives_Abnormality_Refraction.json	850101
Thou Shalt Hammer	汝当锤	3	3	Passives_Abnormality_Refraction1BokGak.json	951703
Enticing Fairy Wine	诱人的精灵酒	3	3	Passives_Abnormality_Refraction2.json	854202
Apply Refracted Rupture	施加折射的破裂	3	3	Passives_Abnormality_Refraction2.json	854204
Time Reversion Retroaction	时间逆行反冲	3	3	Passives_Abnormality_Refraction2.json	855102
Melee Combat	近身战	3	3	Passives_Abnormality_Refraction5.json	863001
After Effect	后遗症	1	5	Passives_Abnormality_Refraction5.json	863208
The Wicked Caitiffs	恶党	2	4	Passives_Enemy-a1c7p1.json	9016002
Training Dummy	训练用木人桩	4	2	Passives_Enemy-a1c8p1.json	9020101
Healing Ampule Injection	注射恢复安瓿	3	3	Passives_Enemy-mr7-extreme.json	7105701
Emergency Ampule Administration	紧急注射安瓿	3	3	Passives_Enemy-mr7-extreme.json	7105802
Mind Wave	精神波动	3	3	Passives_Enemy.json	90006
Recoverable	可恢复	2	4	RailwayDungeonUI_2.json	railway_dungeon_healable
Buffs List	BUFF列表	2	4	RailwayDungeonUI_2.json	railway_dungeon_2_buff_list
The Ghost	幽魂	5	1	StageNode-a1c6p1.json	10612
Obsidian Grass	黑草	2	4	StageNode-a1c6p2.json	10631
Homeward Bound	归乡	2	4	StageNode-a1c8p1.json	10801
Night Ambush	夜袭	2	4	StageNode-a1c8p1.json	10816
Second Round of the Family Hierarch Evaluation	第二轮家主评审	0	6	StageNode-a1c8p2.json	10820
Shurajō	修罗场	0	6	StageNode-a1c9p1.json	10913
Suddenly, One Day	某一日，突然	0	6	StageNode-a1c9p3.json	10945
A Warm Welcome	热烈欢迎	3	3	StageNode1-2.json	10213
Gobsmack	瞠目结舌	1	5	StageNode1-2.json	10215
Humming Along	哼唱	1	5	StageNode1-3.json	10301
Holy Night	平安夜 2	5	1	StageNode1-3.json	10314
Drones and Abnormalities	无人机与异想体	3	3	StageNode1-4.json	10403
Data Collection	数据收集	2	4	StageNode91-14.json	911401
Dulled Harpoon	钝鱼叉	3	3	StageNode91-14.json	911409
Finals	最终测验	1	5	StageNode91-19.json	911905
Hierarch Rescue Operation	家主解救作战	3	3	StageNode91-19.json	911906
Renketsuen	连血缘	3	3	StageNode91-25.json	912505
A Blade Fiend's Fathoms	剑鬼的心象	3	3	StageNode91-7.json	910712
The Final Problem	最后一案	3	3	StageNode91-9.json	910915
Royalty	王族	3	3	UnitKeyword-a1c9p3.json	UnitKeyword_ROYAL
Abraxas Chariot	阿布拉克萨斯战车	3	3	UnitKeyword-a1c9p3.json	UnitKeyword_ABRAXAS_CHARIOT
The Oracle's Proxy	神谕代行者	3	3	UnitKeyword-pilgrimage.json	UnitKeyword_LAST_KNIGHT
Right or Left	左转或右转	2	3	AbEvents-a1c5p3.json	1050201
T Corp. Collector	T公司征收员	3	2	AbEvents-tktRe.json	1081501
1.76 MHz	1.76兆赫	2	3	AbEvents-walpu8.json	97109102
Eternal Rest	永远的解放	3	2	AbEvents.json	10100201
The First Gate	第一道关口	3	2	AbEvents.json	1030301
PickingRowAndColumn	选择行与列	2	3	AbEvents.json	1040401
Mayors, the Yearning Flotsam	梅厄斯，羡望漂流	0	5	AbnormalityGuides-pilgrimage.json	1297
Feral Mane Corroded	兽鬃侵蚀者	3	2	AbnormalityGuides.json	8025
부적_떼기	부적_떼기	0	5	ActionEvents-a1c8p2.json	10802
Poking at the Egg	触碰卵	2	3	ActionEvents.json	10403
Explosive Gloom	爆发的忧郁	2	3	BattleKeywords-a1c6p2.json	AaCfPbBa
Explosive Envy	爆发的嫉妒	2	3	BattleKeywords-a1c6p2.json	AaCfPbBb
Butler's Mark	管家的标记	2	3	BattleKeywords-a1c6p3.json	AaCfPcBb
Heart Toward the New Era	迈向新时代的心	0	5	BattleKeywords-a1c8p3.json	EgoErodeMemory_LowMorale
Happiness, Joy, Sorrow, Wrath	喜、乐、哀、怒	0	5	BattleKeywords-a1c8p3.json	Honglu_Nu
Sublime Immortality	至高无上的不死	2	3	BattleKeywords-a1c8p3.json	SupremeEternalLife
Infinitely Bequeathing Will of Hongyuan	悠久传承的鸿园之意	0	5	BattleKeywords-a1c8p3.json	LongLastingHongwonWill_LowMorale
Stench of Times Past	过往的恶臭	2	3	BattleKeywords-a1c9p1.json	RyoshuSlotPlusA1C9
Untroubled Analysis	冷静分析	2	3	BattleKeywords-a1c9p1.json	CalmAnalysisMoses
The Prescript's Target - The Index	食指的指令对象	0	5	BattleKeywords-a1c9p2.json	IndexPrescriptTargetToPersonality
Insecurity: Mask	自我防御-面具	0	5	BattleKeywords-a1c9p3.json	EzraMiddle_LowMorale
Check This Out, Kiddo!	仔细看好，闺女！	0	5	BattleKeywords-a1c9p3.json	DaughterEducationSpider
The Middle Styled Augmentation Tattoos	中指式强化纹身	0	5	BattleKeywords-a1c9p3.json	ReinforcedTattooSpiderDaughter
Artwork: Tibia	作品名：提比娅	0	5	BattleKeywords-a1c9p3.json	MineTheRings
"K-kill... kill me..."	“杀、杀…杀了我…”	0	5	BattleKeywords-a1c9p3.json	AgainstMyWill_LowMorale
Tremor - Chain	震颤-锁链	0	5	BattleKeywords-tkt.json	VibrationChain
Chanting - Arcana Slave	咏唱-阿卡纳光破斩	0	5	BattleKeywords-walpu6.json	ChasingArcana
Makeshift Surgery	紧急手术	2	3	BattleKeywords.json	Emergency_Operation
Blunt Resist Down	打击抗性弱化	2	3	BattleKeywords.json	HitResistDown
Lust DMG Up	色欲伤害强化	2	3	BattleKeywords.json	ScarletDamageUp
Blunt Protection	打击守护	2	3	BattleKeywords.json	HitTakeDamageDown
Sloth Protection	怠惰守护	2	3	BattleKeywords.json	AmberTakeDamageDown
Dark Flame	黑焰	2	3	BattleKeywords.json	DarkFlame
Gloom Power Up	忧郁威力提升	2	3	BattleKeywords.json	AzureResultUp
Linebreaker	踏破敌阵	3	2	BattleKeywords.json	BreakthroughHorse
Target Aim	瞄准目标	2	3	BattleKeywords.json	AimForTheGoal
Escape Apparatus	逃脱装置	2	3	BattleKeywords.json	RunSinclair
Slot Weight +	容量增加	0	5	BattleKeywords_Mirror3.json	MDcFcBa
Boost Speed	速度增加	3	2	BattleKeywords_Mirror3.json	MDcFcBc
Sanity Attack	精神攻击	2	3	BattleKeywords_Mirror3.json	MDcFcBd
Headstrong I	顽强I	2	3	BattleKeywords_Mirror5.json	MD527
Keen XIV	锐利XIV	3	2	BattleKeywords_Mirror6.json	MD6121
Keen XIV	强韧XIV	3	2	BattleKeywords_Mirror6.json	MD6122
Tremor Barrier	震颤阻绝	2	3	BattleKeywords_Mirror6.json	MD6Limit123
Vitality Boost	生命增幅	2	3	BattleKeywords_Mirror6.json	MD6Limit133
Exquisite Aesthetics	卓越的美感	2	3	BattleKeywords_Mirror7.json	GreatAesthetics
Festival of Blood	血之庆典	2	3	BattleKeywords_Refraction5.json	MRR524
Health Refraction	体力折射	1	4	BattleKeywords_Refraction5.json	MRR542
{0}d left	剩余{0}天	0	5	BattlePass.json	remain_days_with_label
Buy Pass Levels	购买通行证等级	1	4	BattlePass.json	battlepass_purchase_level_up
Damage Taken Down	受到的伤害降低	4	1	Bufs_Mirror4.json	MDHMae
Remaining Activations	剩余次数	3	2	DanteAbilityUIText.json	danteAbility_UIPopup_Remain
Employee Lounge	员工休息室	2	3	DungeonArea1-1.json	dungeon_1_1_0106
Snowy Crossroads	雪原岔道	3	2	DungeonArea1-2.json	dungeon_1_2_0301
Machinery Room	机械室	4	1	DungeonArea1-3.json	dungeon_1_3_0103
Containment Area	隔离区	2	3	DungeonArea1-3.json	dungeon_1_3_0107
Trash Crab Brain Wine	废料蟹脑髓泡酒	3	2	EGOgift_MirrorDungeon-EventTheme.json	9708
Cetacean Heart	鲸心	1	4	EGOgift_MirrorDungeon-StoryTheme_2.json	9428
Token of Victory	胜利之证	3	2	EGOgift_MirrorDungeon-StoryTheme_2.json	9438
E-Type Dimensional Dagger	E型次元短剑	2	3	EGOgift_MirrorDungeon-mowe.json	9734
Crystallized Blood	血液结晶	3	2	EGOgift_MirrorDungeon-mowe.json	9739
Blood, Sweat, and Tears	膏血	0	5	EGOgift_MirrorDungeon.json	9015
Grey Coat	灰色大衣	2	3	EGOgift_MirrorDungeon.json	9025
Illusory Hunt	异想狩猎	2	3	EGOgift_MirrorDungeon.json	9038
A Certain Philosophy	某种哲学	2	3	EGOgift_MirrorDungeon_6.json	9799
Flower in the Mirror	镜中花	2	3	EGOgift_MirrorDungeon_6.json	9803
Moon in the Water	水中月	2	3	EGOgift_MirrorDungeon_6.json	9804
Entangled Fate	纠缠的缘分	2	3	EGOgift_MirrorDungeon_7.json	9208
Average Artwork	凡作	1	4	EGOgift_MirrorDungeon_7.json	9223
Endless Hunger	无尽的饥饿	3	2	EGOgift_StoryDungeon-a1c7p3.json	2054
Ashen Constellation's Blessing	灰色星座的加护	3	2	EGOgift_walpu6.json	9805
Stern Soldato of the Thumb	严格的拇指士兵	0	5	Enemies-a1c8p3.json	1171
The Ring Apprentice - Albina	环指 子辈 - 阿尔比娜	0	5	Enemies-a1c9p1.json	1319
Deep Sea Slider	底海滑动者	2	3	Enemies-pilgrimage.json	91028
Dawn of Green - Doubt - δ	绿色的黎明 - 疑问 - δ	0	5	Enemies-walpu2.json	8150
Sword of a Forgotten Knight	遗忘骑士之剑	0	5	Enemies-walpu6.json	1224
Bongyguard	小凤警卫队	2	3	Enemies-x1p1c1.json	91040
Recollected Awry Soldier	记忆中扭曲的残兵	3	2	Enemies.json	97107
Refracted Portrait	折射的肖像	3	2	Enemies_Refraction4.json	8606
Gain {0} Cost	获得{0} 经费	0	5	MirrorDungeonBattleRewardCase.json	dungeon_battle_reward_case_format_cost_acquisition
{1}% chance to gain a random E.G.O Gift	获得{0} 经费	0	5		
A Certain World	某个世界	1	4	MirrorDungeonTheme-1.json	1017
Thunder and Lightning	电闪雷鸣	2	3	MirrorDungeonTheme-1.json	1414
The Infinite Procession	无尽的游行	1	4	MirrorDungeonTheme-1.json	1020
Yield My Flesh to Claim Their Bones BokGak	肉斩骨断 复刻	0	5	MirrorDungeonTheme-1.json	1116
Physical Training	体力锻炼	3	2	MirrorDungeonUI_2.json	mirror_dungeon_buffs_title_6
Namesake	名副其实	3	2	MirrorDungeonUI_2.json	mirror_dungeon_3_buffs_title_11
Readiness	事前准备	4	1	MirrorDungeonUI_2.json	mirror_dungeon_3_buffs_title_16
Cheaper Refresh Cost	刷新所需经费减少	2	3	MirrorDungeonUI_2.json	md3_buffs_summaryDesc_109
Sell E.G.O Gift	售卖E.G.O饰品	1	4	MirrorDungeonUI_3.json	ego_gift_sell_ui_title
Cannot Enhance	无法强化	2	3	MirrorDungeonUI_3.json	side_title_unable_ego_gift_upgrade
Before Entry	探索前	3	2	MirrorDungeonUI_4.json	mirror_dungeon_progress_text_before_exploration
Biting Wind	刺骨寒风	3	2	MirrorDungeonUI_4.json	mirror_dungeon_4_buffs_title_3
Tier 3 + Tier 3 => Tier 3	3级 + 3级 => 3级	0	5	MirrorDungeonUI_4.json	mirror_ego_gift_combine_guide_table_1_desc_6_0
99%	99%	0	5	MirrorDungeonUI_5.json	new_ego_gift_combine_guide_table_1_desc_3_1
Clear Canto VI	通过第6章	2	3	MirrorDungeonUI_5_InfinityFloor.json	mirrordungeon_infinity_open_condition
Converted to Cost	兑换为经费	2	3	MirrorDungeonUI_6.json	mirror_starlight_result_consumed_points_on_start_tooltip_item_converted_to_cost
Refraction Railway Theme Pack	折射轨道主题卡包	1	4	MirrorDungeonUI_6.json	mirror_starlight_result_dungeon_play_point_tooltip_item_railway_theme_pack
Weekly Projection Cap	每周可获得的投影度	2	3	MirrorDungeonUI_6.json	mirror_dungeon_reward_popup_exp_limit
Current Theme Pack-Exclusive	当前主题卡包限定	3	2	MirrorDungeonUI_7.json	mirror_dungeon_ego_gift_list_popup_theme_limited_scroll_tag_theme_limited
Brutal Stab	剜出	1	4	Passives-ycgd.json	9011301
Brainwave Focus	脑波集束	2	3	Passives.json	1080201
Broken Spirit	万念俱灰	2	3	Passives.json	1030221
Hustle	推波助澜	3	2	Passives.json	1040121
Gambit	胜负手	4	1	Passives.json	1060321
Dimensional Demon Edge	次元魔刃	2	3	Passives.json	1040501
Collective Breathing	共同呼吸	2	3	Passives.json	1030801
Burning Passion	炽热激情	3	2	Passives.json	1090801
Speedy Delivery	高速派送	2	3	Passives.json	1091001
Duel Livestream	决斗直播	2	3	Passives.json	1051101
Le Fauvisme - Couleurs Sauvages	野兽派-野性色彩	0	5	Passives.json	1091503
Puncturing Harpoon	鱼叉贯穿	2	3	Passives_Abnormality-a1c5p3.json	810402
The Parade Repeats for Eternity	游行会永远重复下去	0	5	Passives_Abnormality-a1c7p2.json	838103
In Dreams	如在梦中	2	3	Passives_Abnormality-a1c7p3.json	838006
I will ask again	再问你一次	1	4	Passives_Abnormality-a1c8p2.json	114104
The Final Battle	最后一战	4	1	Passives_Abnormality-a1c9p3.json	132224
Burden of Responsibility	责任之重	2	3	Passives_Abnormality-cultivation.json	125002
Idolatry	偶像崇拜	3	2	Passives_Abnormality-mr7-extreme.json	139101
'O Clock	准点	0	5	Passives_Abnormality-tkt-re.json	122801
Remaining Time	残存的时间	4	1	Passives_Abnormality-tkt-re.json	122802
Breaking Pieces	破裂的碎片	2	3	Passives_Abnormality.json	803203
Empty Belly	空腹	1	4	Passives_Abnormality.json	826501
Blue Resin	蓝色黏液	3	2	Passives_Abnormality_Refraction.json	851002
Quickening of the Unborn	胎动	1	4	Passives_Abnormality_Refraction6.json	956301
Severed and Torn until Even the Form is Undone [支離滅裂]	支离灭裂	0	5	Passives_Assist-a1c9p3.json	40001503
Dead End	瓮中之鳖	4	1	Passives_Enemy-a1c6p1.json	9012301
Spiked Bat	带刺的球棒	4	1	Passives_Enemy-a1c6p2.json	9101605
Styptics	止血剂	4	1	Passives_Enemy-a1c7p1.json	9015604
The Man-eating Bear	连人都吃的熊	2	3	Passives_Enemy-a1c7p1.json	9016102
Clear Target	明确的目标	1	4	Passives_Enemy-a1c8p1.json	9102104
The Last Breath	最后的气息	3	2	Passives_Enemy-exme.json	9105704
Tango Marinade	探戈酱料	4	1	Passives_Enemy-mr7-extreme.json	7105102
Disembark	终止行进	4	1	RailwayDungeonUI.json	railway_dungeon_stop_operation
- E.G.O : Threadspin Tier 4	- E.G.O：异想解析4阶段	0	5	RailwayDungeonUI_1001.json	railway_dungeon_1001_entrance_recommended_gacksung
Selected Buff	选择增益	1	4	RailwayDungeonUI_5.json	railway5_clear_info_selected_buffs
Expression of Love	传达爱的话语	4	1	StageNode-a1c6p3.json	10646
The Bell Tolls	敲钟	3	2	StageNode-a1c8p1.json	10802
A Ridiculous Idea	不切实际的想法	3	2	StageNode-a1c8p3.json	10826
Dance Time	舞蹈时间	2	3	StageNode1-1.json	10102
A Performance	一场表演	4	1	StageNode1-2.json	10209
Bright Villains	聪明的恶人	2	3	StageNode1-4.json	10433
Binding 3	纽带 3	4	1	StageNode1-4.json	10453
Painting of Hell	地狱般的图景	3	2	StageNode91-10.json	911006
Regular Health Check-up	健康体检	2	3	StageNode91-14.json	911402
Sinking on Purpose	自愿的沉溺	2	3	StageNode91-14.json	911408
The Final Check-up	最后的体检	2	3	StageNode91-14.json	911414
Spinning Clock	转动的时钟	2	3	StageNode91-20.json	912007
The Fabled Knight	童话中的骑士	2	3	StageNode91-20.json	912011
Good Memories	美好的记忆	3	2	StageNode91-25.json	912513
Lineage of Blades	执剑之契	2	3	StageNode91-7.json	910703
To Yong-jin Building	前往龙进大楼	3	2	StageNode91-7.json	910705
Left or Right	左转或右转	1	3	AbEvents-a1c5p3.json	10502
Suspicious Red Cloth	奇怪的红布	2	2	AbEvents-cultivation.json	97106901
Punishing Bird	惩戒鸟	2	2	AbEvents-walpu8.json	97109002
Queen Bee Gift Options	蜂后 饰品 选项	2	2	AbEvents-walpu8.json	97109601
Exhilarating Edutainment Featuring Excess Violence!	寓教于揍的有趣游戏！	0	4	AbEvents.json	10200201
Who Judges the Judge	审判审判官之人	2	2	AbEvents.json	1030501
Rite of Suppuration	溃烂仪式	2	2	AbEvents.json	1030801
Rite of Confrontation	直面仪式	2	2	AbEvents.json	1031001
Rite of Penance	忏悔仪式	2	2	AbEvents.json	1031201
Rite of Conclusion	最终仪式	2	2	AbEvents.json	1031401
<color=#ebcaa2>Nothing happened.</color>	<color=#ebcaa2>什么都没有发生。</color>	0	4	AbEventsResultLog.json	800101_whitesnow_failure_1_1
Dongrang has been confronted	东朗被阻拦了	2	2	AbEventsResultLog.json	805006_egoawakendongrang_success_3_1
Physical Intervention Shield Activated	物理屏蔽力场已激活	2	2	AbEventsResultLog_walpu4.json	836601_succeed_1
Take a general, sweeping look around the factory.	整体性地调查工厂。	0	4	AbEvents_Mirror4.json	97102101
Take a closer look at the factory owner and the employee.	仔细地调查厂长和员工。	0	4	AbEvents_Mirror4.json	97102102
Carnival of La Manchaland	拉·曼却领嘉年华游行	2	2	AbEvents_Mirror6.json	97105601
You know your stuff	你很懂行嘛	2	2	AbEvents_Ycgd.json	97104901
Bamboo-hatted Kim's Past 4	金笠的过去 4	2	2	AbEvents_exme.json	1090501
Ardor Blossom Moth Containment Breach	红焰蛾出逃	0	4	AbEvents_lcbcheckup-re.json	97110001
Eat it.	尝尝看。	2	2	AbEvents_lcbcheckup.json	97104401
Accept and investigate.	同意调查。	2	2	AbEvents_lcbcheckup.json	97104701
Post-Heishou Choice Development	黑兽选项后	2	2	AbEvents_night-clean-up-re.json	97110802
Oddly Familiar Boombox	似曾相识的音响	2	2	AbEvents_night-clean-up-re.json	97110901
Gallery of the Ring's School of Fauvism	野兽派环指画廊	0	4	AbEvents_twth.json	97110501
Hindley, The Reaved Lamenter	因被夺取而哭嚎的亨德利	0	4	AbnormalityGuides-a1c6p2.json	8165
Peccatulum Pigritiae?	怠惰罪种?	0	4	AbnormalityGuides-a1c6p2.json	8159
Peccatulum Morositatis?	忧郁罪种?	0	4	AbnormalityGuides-ycgd.json	8152
Peccatulum Irae?	暴怒罪种?	0	4	AbnormalityGuides-ycgd.json	8151
Baba Yaga-A	芭芭雅嘎-A	2	2	AbnormalityGuides.json	8019
Baba Yaga-B	芭芭雅嘎-B	2	2	AbnormalityGuides.json	8021
Feral Mane Corroded	野兽鬃毛的侵蚀者	3	1	AbnormalityGuides.json	8536
Spiced-up Papa Bongy	香辣凤老爹	2	2	AbnormalityGuides.json	8040
Human Offering	以人为祭	2	2	ActionEvents.json	101001
The Chicken Strife	炸鸡对决	2	2	ActionEvents.json	910301
Rusted Hilt Choice	锈蚀的刀柄 选项	2	2	ActionEvents_Mirror4.json	971013
T Corp. Tax Collection	T公司税金征收	2	2	ActionEvents_Mirror4.json	971022
The Timekilling Scene	时间杀人现场	2	2	ActionEvents_Mirror4.json	971025
Bizarre Machine	奇妙的机器	2	2	ActionEvents_Mirror6.json	971055
Worn Hilt Choice	陈旧的刀柄 选项	2	2	ActionEvents_Ycgd.json	971049
Test of the Big Brother	大哥的试炼	0	4	BattleKeywords-BossRaid.json	RicardoJokeRaid
Shade of Reflection [Tigerhunt]	映射[狩虎]	0	4	BattleKeywords-BossRaid.json	FavorBuff5012AllyTwo
Shade of Reflection [Chachihu]	映射[插翅虎]	0	4	BattleKeywords-BossRaid.json	FavorBuffLeiheng
Shade of Reflection [Tiantui Star]	映射[天退星]	0	4	BattleKeywords-BossRaid.json	FavorBuffLeihengTwo
Uneven Breathing	粗重喘息	2	2	BattleKeywords-a1c5p3.json	AaCePcBi
Marked Prey	猎物标识	2	2	BattleKeywords-a1c6p2.json	AaCfPbBe
Subject of Wrath	泄愤对象	2	2	BattleKeywords-a1c6p3.json	AaCfPcBg
Excruciating Rage	充满痛苦的暴怒	2	2	BattleKeywords-a1c6p3.json	AaCfPcBh
Courage to Approach	靠近的勇气	2	2	BattleKeywords-a1c6p3.json	AaCfPcBp
Seized Wrath	紧握的暴怒	2	2	BattleKeywords-a1c6p3.json	RageResonance
Foolhardy Duel	鲁莽的决斗	2	2	BattleKeywords-a1c7p1.json	RecklessDuel
An Actual Bear	真正的熊	2	2	BattleKeywords-a1c7p1.json	RealPaperBear
Deep Laceration	深度裂伤	2	2	BattleKeywords-a1c7p1.json	BloodScissorScars
Bloodwoven Thorn	血编荆棘	2	2	BattleKeywords-a1c7p2.json	BloomingThorns_2nd
Bloodmolded Thorn	血塑荆棘	2	2	BattleKeywords-a1c7p2.json	BloomingThorns_3rd
Imperfect Parade	不完善的游行	2	2	BattleKeywords-a1c7p2.json	IncompleteParade
Unstoppable Bliss	无法停止的欢喜	2	2	BattleKeywords-a1c7p2.json	UnstoppableFunny
Box of Curses	诅咒包裹	2	2	BattleKeywords-a1c7p3.json	CursePackage
Shimmering【Bloodfiend】	摇曳【血魔】	0	4	BattleKeywords-a1c7p3.json	SwirlingBlood
Dreamy Hesitation	如在梦中的犹豫	2	2	BattleKeywords-a1c7p3.json	Dreamy
Polydipsic Rose	饥渴的玫瑰	2	2	BattleKeywords-a1c7p3.json	ThirstyRose
Rose Wedge	玫瑰之楔	2	2	BattleKeywords-a1c7p3.json	RoseWedge
The Endless Wheel	不停旋转的摩天轮	2	2	BattleKeywords-a1c7p3.json	FerrisWheel
Returning Bloodlust III	复还的血之冲动III	2	2	BattleKeywords-a1c7p3.json	RegainedStrength_3rd
Congealing Blood	正在凝固的血	2	2	BattleKeywords-a1c7p3.json	Penetration
Crippling Injury	严重的负伤	2	2	BattleKeywords-a1c7p3.json	DecreamentalDefense
My True Heart...	我的本心…	2	2	BattleKeywords-a1c8p2.json	QiuAndHonglu
Protective Stance	守护姿态	2	2	BattleKeywords-a1c8p2.json	ProtectStance
Bloodthirst Suppressed	杀气抑制	2	2	BattleKeywords-a1c8p2.json	ZiluDebuff
Concealed Bloodthirst	抑制杀气	2	2	BattleKeywords-a1c8p2.json	RepressedMurderousIntendTwo
Eyeball Pinion	眼羽	2	2	BattleKeywords-a1c8p2.json	MadFeather
Inner Strength [底力]	底力	0	4	BattleKeywords-a1c8p3.json	BattleSense
Explosive Amusement	爆发游戏	2	2	BattleKeywords-a1c8p3.json	FamilyTreasure
Imperfect Immortality	不完善的不死	2	2	BattleKeywords-a1c8p3.json	ImperfectEternalLife
Supernatural, Strength, Chaos, and Spirits	怪力乱神	0	4	BattleKeywords-a1c8p3.json	GoldenBoughSyncDistorted
The Will to Confront	希冀直面的意志	2	2	BattleKeywords-a1c8p3.json	HongluParryGahwan
Propagating Gloom	蔓延的忧郁	2	2	BattleKeywords-a1c9114.json	A1c971b
Gasping Breath	吐出的呼吸	2	2	BattleKeywords-a1c9114.json	A1c971d
Wounded Wound	伤中之伤	2	2	BattleKeywords-a1c9114.json	A1c971e
Lazy Sloth	慵懒的怠惰	2	2	BattleKeywords-a1c9114.json	A1c971f
The Middle's Vendetta Mark	中指的复仇对象	2	2	BattleKeywords-a1c9116.json	MiddleFingerBook
I'll Gift-wrap You	我要把你做成礼物！	2	2	BattleKeywords-a1c951.json	AaCeSeBb
Subject of Observation	观察对象	2	2	BattleKeywords-a1c971.json	ObservedPerson
Automated Myofiber Activity	肌纤维的机械性收缩与舒张	2	2	BattleKeywords-a1c9p1.json	MuscleContraction
Hostage Situation	人质事件	2	2	BattleKeywords-a1c9p1.json	HostageCharon
Rapid Growth	急速生长	2	2	BattleKeywords-a1c9p1.json	RapidGrowthApple
Artwork: Fascia	作品名：法西娅	0	4	BattleKeywords-a1c9p1.json	BoneBladeTheRings
Impact-rattled Armor	剧烈振动的甲胄	2	2	BattleKeywords-a1c9p1.json	UnsteadyTheRings
The Thumb Nursefather's Command	拇指父辈的命令	2	2	BattleKeywords-a1c9p1.json	TeachersCommand
Rekindled Exhilaration	复燃的喜悦	2	2	BattleKeywords-a1c9p1.json	RyoshuStartA1C9
Prescript: [Paper Slip] III	指令[纸条]III	0	4	BattleKeywords-a1c9p1.json	IndexPrescriptFaust_2
Prescript: [Paper Slip] IV	指令[纸条]IV	0	4	BattleKeywords-a1c9p1.json	IndexPrescriptFaust_3
Extreme Onus	强烈的压迫感	2	2	BattleKeywords-a1c9p2.json	PressureOfPrescript_2nd
Fourfold Afterimage Entanglement	四重残像纠缠	2	2	BattleKeywords-a1c9p2.json	TimeEntangleFour
Threefold Afterimage Entanglement	三重残像纠缠	2	2	BattleKeywords-a1c9p2.json	TimeEntangleThree
Twofold Afterimage Entanglement	二重残像纠缠	2	2	BattleKeywords-a1c9p2.json	TimeEntangleTwo
Onefold Afterimage Entanglement	一重残像纠缠	2	2	BattleKeywords-a1c9p2.json	TimeEntangleOne
Shin (心) - Dihui Star	心-地慧星	0	4	BattleKeywords-a1c9p2.json	LittleFingerBoss_Shin
Mutilated Memory and Recollection	被千刀万剐的记忆与回忆	2	2	BattleKeywords-a1c9p2.json	Ryoshu_IndexFightBuff
Deep Breath - Red	深长吐息-红色	0	4	BattleKeywords-a1c9p3.json	MosesRedBreathCharge
Memories of that Day	那一日的记忆	2	2	BattleKeywords-a1c9p3.json	MosesWarPTSD
Dimensional Bag - Namir Workshop	次元包-纳米尔工坊	0	4	BattleKeywords-a1c9p3.json	DimensionalBagEzraD
Dimensional Bag - YuRia Atelier	次元包-尤里亚工坊	0	4	BattleKeywords-a1c9p3.json	DimensionalBagEzraE
Thermal Blades OFF	热丝 OFF	2	2	BattleKeywords-a1c9p3.json	HeatingWireOffSpider
Ingredient-shedding Wound	材料脱落的伤口	2	2	BattleKeywords-a1c9p3.json	RedemptionTheRings
Shin (心) - Valencina	心-瓦伦希娜	0	4	BattleKeywords-a1c9p3.json	ObsessionAndGreed
Shattered World	破碎的世界	2	2	BattleKeywords-a1c9p3.json	ThreeMirrorpartYiSang
Umbra Unsealed	本影 禁制解除	2	2	BattleKeywords-a1c9p3.json	LimitedAwakenSinclair
Unsevered Memory	未曾割舍的记忆	2	2	BattleKeywords-a1c9p3.json	RyoshuParrySojiTwo
Unseverable Time	未曾割舍的时间	2	2	BattleKeywords-a1c9p3.json	RyoshuParrySojiThree
Rien's Mask	里恩的假面	2	2	BattleKeywords-a1c9p3.json	BurningWoundRien_Mask
K Corp. Ampule Used	使用K公司安瓿	2	2	BattleKeywords-a1c9p3.json	KAA1C9ActivateEffect
Faint Guilt	微弱的负罪感	2	2	BattleKeywords-cultivation.json	NightDrifterGuilty
Berserking	狂化	2	2	BattleKeywords-cultivation.json	CrazyWei
Spreading Snake Venom	扩散的蛇毒	2	2	BattleKeywords-cultivation.json	SnakePoisonJin
Pinning Nail	定格尖钉	2	2	BattleKeywords-exme.json	LensmanNail
Prisoner Transport Order	押送命令	2	2	BattleKeywords-exme.json	SlaveHunersPower
Investigation Order	调查命令	2	2	BattleKeywords-exme.json	LensmanPower
Bloodtinged Craving	血色的渴求	2	2	BattleKeywords-mowe.json	BloodyCrave
Sea Terror Assimilation	恐鱼同化	2	2	BattleKeywords-pilgrimage.json	SeaTerrorCell
Abyssal Vitality	深海的生命力	2	2	BattleKeywords-pilgrimage.json	AbyssalVitality
Indelible Compassion	无法抹去的善意	2	2	BattleKeywords-pilgrimage.json	IndelibleGoodwill
The Knight's Corpus	骑士骨血	2	2	BattleKeywords-pilgrimage.json	BloodborneDOQ
Misery and Calamity	苦厄灾难	2	2	BattleKeywords-pilgrimage.json	WeakenDOQ
Emotional Connection	情感共享	2	2	BattleKeywords-pilgrimage.json	BitOfEmotion
Violent Collections	强力征收执行	2	2	BattleKeywords-tkt-re.json	OutisNoHat
T Corp. Borrowed Time	T公司的时间租赁	2	2	BattleKeywords-tkt.json	TimeRentalTwo
Time Delay	时间泄露	2	2	BattleKeywords-tkt.json	TimeAccumulation
Stolen Time	抢来的时间	2	2	BattleKeywords-tkt.json	LimitedTime
Joint Time Expenditure	共同分担时间支出	2	2	BattleKeywords-tkt.json	EquitableDistribution
Mental Fracture	精神裂痕	2	2	BattleKeywords-walpu4.json	MentalCrack
Blessing of Despair	绝望的加护	2	2	BattleKeywords-walpu6.json	SignOfDespair
Crumbled Pride	崩溃的自尊	2	2	BattleKeywords-walpu6.json	CollapsedPride
Mark of Villainy	恶人标记	2	2	BattleKeywords-walpu6.json	VillainMark
Magical Arcana	魔法阿卡纳	2	2	BattleKeywords-walpu6.json	ArcanaQueenOfHate
Love/Hate	爱/憎	0	4	BattleKeywords-walpu6.json	ThePowerOfLoveAndHate
Magical Girl's Chant	魔法少女的咏唱	2	2	BattleKeywords-walpu6.json	MagicalGirlResponse
Pheromone Mark	信息素标记	2	2	BattleKeywords-walpu8.json	QueenBeeMark
Herd Relocation	群体迁移	2	2	BattleKeywords-walpu8.json	NextHallway
Leaking Marinade	漏出的酱料	2	2	BattleKeywords-x1p1c1.json	LeakedOutSauce
Golden Recipe Sauce	黄金秘传酱汁	2	2	BattleKeywords-x1p1c1.json	DeliciousSauce
Ongoing Damage	持续损伤	2	2	BattleKeywords.json	DamageOverTime
Multiply Coin Boost	乘算硬币强化	2	2	BattleKeywords.json	TimesCoinValueUp
Minus Coin Drop	减算硬币弱化	2	2	BattleKeywords.json	MinusCoinValueDown
Multiply Coin Drop	乘算硬币弱化	2	2	BattleKeywords.json	TimesCoinValueDown
Slash Resist Up	斩击抗性强化	2	2	BattleKeywords.json	SlashResistUp
Pierce Resist Up	突刺抗性强化	2	2	BattleKeywords.json	PenetrateResistUp
Blunt Resist Up	打击抗性强化	2	2	BattleKeywords.json	HitResistUp
Pierce Resist Down	突刺抗性弱化	2	2	BattleKeywords.json	PenetrateResistDown
Slash DMG Down	斩击伤害弱化	2	2	BattleKeywords.json	SlashDamageDown
Pierce DMG Down	突刺伤害弱化	2	2	BattleKeywords.json	PenetrateDamageDown
Blunt DMG Down	打击伤害弱化	2	2	BattleKeywords.json	HitDamageDown
Wrath Resist Down	暴怒抗性弱化	2	2	BattleKeywords.json	CrimsonResistDown
Lust Resist Down	色欲抗性弱化	2	2	BattleKeywords.json	ScarletResistDown
Sloth Resist Down	怠惰抗性弱化	2	2	BattleKeywords.json	AmberResistDown
Gluttony Resist Down	暴食抗性弱化	2	2	BattleKeywords.json	ShamrockResistDown
Gloom Resist Down	忧郁抗性弱化	2	2	BattleKeywords.json	AzureResistDown
Pride Resist Down	傲慢抗性弱化	2	2	BattleKeywords.json	IndigoResistDown
Envy Resist Down	嫉妒抗性弱化	2	2	BattleKeywords.json	VioletResistDown
Wrath Resist Up	暴怒抗性强化	2	2	BattleKeywords.json	CrimsonResistUp
Lust Resist Up	色欲抗性强化	2	2	BattleKeywords.json	ScarletResistUp
Sloth Resist Up	怠惰抗性强化	2	2	BattleKeywords.json	AmberResistUp
Gluttony Resist Up	暴食抗性强化	2	2	BattleKeywords.json	ShamrockResistUp
Gloom Resist Up	忧郁抗性强化	2	2	BattleKeywords.json	AzureResistUp
Pride Resist Up	傲慢抗性强化	2	2	BattleKeywords.json	IndigoResistUp
Envy Resist Up	嫉妒抗性强化	2	2	BattleKeywords.json	VioletResistUp
Wrath DMG Down	暴怒伤害弱化	2	2	BattleKeywords.json	CrimsonDamageDown
Lust DMG Down	色欲伤害弱化	2	2	BattleKeywords.json	ScarletDamageDown
Sloth DMG Down	怠惰伤害弱化	2	2	BattleKeywords.json	AmberDamageDown
Gluttony DMG Down	暴食伤害弱化	2	2	BattleKeywords.json	ShamrockDamageDown
Gloom DMG Down	忧郁伤害弱化	2	2	BattleKeywords.json	AzureDamageDown
Pride DMG Down	傲慢伤害弱化	2	2	BattleKeywords.json	IndigoDamageDown
Envy DMG Down	嫉妒伤害弱化	2	2	BattleKeywords.json	VioletDamageDown
Gloom DMG Up	忧郁伤害强化	2	2	BattleKeywords.json	AzureDamageUp
Pride DMG Up	傲慢伤害强化	2	2	BattleKeywords.json	IndigoDamageUp
Weak-resist DMG Boost	脆弱攻击伤害强化	2	2	BattleKeywords.json	AttackDmgUp_Weak
Spreading Flame	燎原	2	2	BattleKeywords.json	Choice_901001
Gentle Sendoff	惜别	2	2	BattleKeywords.json	Choice_901007
Gaze of the One Who Grips	执柄者的凝视	0	4	BattleKeywords.json	Cromer_Target
Pierce Protection	突刺守护	2	2	BattleKeywords.json	PenetrateTakeDamageDown
Wrath Protection	暴怒守护	2	2	BattleKeywords.json	CrimsonTakeDamageDown
Lust Protection	色欲守护	2	2	BattleKeywords.json	ScarletTakeDamageDown
Gluttony Protection	暴食守护	2	2	BattleKeywords.json	ShamrockTakeDamageDown
Gloom Protection	忧郁守护	2	2	BattleKeywords.json	AzureTakeDamageDown
Pride Protection	傲慢守护	2	2	BattleKeywords.json	IndigoTakeDamageDown
Envy Protection	嫉妒守护	2	2	BattleKeywords.json	VioletTakeDamageDown
Burn Resistance	烧伤抗性	2	2	BattleKeywords.json	ATL_EndureCombustion
Bleed Resistance	流血抗性	2	2	BattleKeywords.json	ATL_EndureLaceration
Momentary Cool	片刻冷静	2	2	BattleKeywords.json	Bull_FadedHeat
Momentary Glory	刹那的荣光	2	2	BattleKeywords.json	DistortedDongrangMomentaryGlory
Crab Rage	蟹·愤	2	2	BattleKeywords.json	PseudoLastBoss_KingCrap
Declared Duel - Don Quixote	决斗宣告-堂吉诃德	0	4	BattleKeywords.json	DuelDeclaration_DonQuixote
Heated Gas Harpoon	加热的燃气捕鲸叉	2	2	BattleKeywords.json	HeatedGasHarpoon
Overheated Gas Harpoon	过热的燃气捕鲸叉	2	2	BattleKeywords.json	OverHeatedGasHarpoon
Reverse Compulsion	反转强迫	2	2	BattleKeywords.json	ReCompulsion
Blooming Thorn III	绽放荆棘III	2	2	BattleKeywords.json	BloomingThornsRodionThird
The First Magic Bullet	第一发魔弹	2	2	BattleKeywords.json	FreishutzOutisEgoBullet_1st
The Second Magic Bullet	第二发魔弹	2	2	BattleKeywords.json	FreishutzOutisEgoBullet_2nd
The Third Magic Bullet	第三发魔弹	2	2	BattleKeywords.json	FreishutzOutisEgoBullet_3rd
The Fourth Magic Bullet	第四发魔弹	2	2	BattleKeywords.json	FreishutzOutisEgoBullet_4th
The Fifth Magic Bullet	第五发魔弹	2	2	BattleKeywords.json	FreishutzOutisEgoBullet_5th
The Sixth Magic Bullet	第六发魔弹	2	2	BattleKeywords.json	FreishutzOutisEgoBullet_6th
The Seventh Magic Bullet	第七发魔弹	2	2	BattleKeywords.json	FreishutzOutisEgoBullet_7th
Target Spotted	锁定目标	2	2	BattleKeywords.json	CoveringFire
Overwatch Assignment	后方支援分派	2	2	BattleKeywords.json	Retreat_FullStop
Cumulus Wall	云障	2	2	BattleKeywords.json	CloudWall
Shallow Exhale	急促喘息	2	2	BattleKeywords.json	ReleaseBreath
Searing Birdcage	炙热鸟笼	2	2	BattleKeywords.json	BirdCage
Unfocused Volley	广域乱射	2	2	BattleKeywords.json	WideAreaRampage
Mark of Decay	崩坏印记	2	2	BattleKeywords.json	BurstVulnerableZilu
Twisted Curse Talisman	纠缠不休的咒符	2	2	BattleKeywords.json	EntangledCurseTalisman
Razor Thorn	刃棘	2	2	BattleKeywords.json	YesdragonBurst
Battlefield Retreat	战场撤退	2	2	BattleKeywords.json	RetreatForCommon
Scorch Propellant Ammo	灼热推进弹	2	2	BattleKeywords.json	FireBulletPropellant
Near-light Superbattery	超亚光蓄能	2	2	BattleKeywords.json	ChoSuperCharge
Self Resonance Circuitry	自谐振电路	2	2	BattleKeywords.json	ShareCharge
Leash-holder of All Heishou	全体黑兽之主	2	2	BattleKeywords.json	HeishouSynergy
Man in Scabbard	鞘中人	2	2	BattleKeywords.json	MlynarWaiting
Arrow - Shi	箭矢-死	0	4	BattleKeywords.json	ArrowShiFau
Lodged Arrow	刺入之矢	2	2	BattleKeywords.json	ArrowInTheEyeFau
Focused Performance	专注表演	2	2	BattleKeywords.json	FocusOnActing
La Mancha Parade	拉·曼却游行	2	2	BattleKeywords.json	ParadeConcentration
Fatal Wound	致命创伤	2	2	BattleKeywords.json	HorrHurtNightStiletto
Battleblood Instinct	血斗本能	2	2	BattleKeywords.json	ChickenFightlust
Protector's Stance	护卫姿态	2	2	BattleKeywords.json	ProtectStanceRyoshu
Sheut Fracture	影之龟裂	2	2	BattleKeywords.json	SheutFracture
LCA Fracture Round	LCA龟裂弹	2	2	BattleKeywords.json	LCA_Bullet
Resident Reg. Microchip	居民登记微芯片	2	2	BattleKeywords.json	IDMicroChip
Guardians of the Forest	森林的守望者	2	2	BattleKeywords.json	ObedienceGregBigBird
Wound-casing Mask	遮盖伤口的假面	2	2	BattleKeywords.json	BurningWoundYisangMask
Desire for Acknowledgement Sated	被满足的认可欲	2	2	BattleKeywords.json	SatisfyingEsteemNeeds
Loyalty Pheromone	忠诚信息素	2	2	BattleKeywords.json	MeursaultWorkerBee
Spore Round [Base]	孢子弹[基础]	0	4	BattleKeywords.json	MeursaultSporeBulletLong
Spore Round [Buckshot]	孢子弹[霰弹]	0	4	BattleKeywords.json	MeursaultSporeBulletShort
Hornet [Rifle]	黄蜂[步枪]	0	4	BattleKeywords.json	MeursaultBeeGunLong
Hornet [Shotgun]	黄蜂[霰弹枪]	0	4	BattleKeywords.json	MeursaultBeeGunShort
Imperfections Addressed	缺陷补全	2	2	BattleKeywords.json	TestWaitingMeursault
Scarlet Moth	朱红之蛾	2	2	BattleKeywords.json	ScarletMothRodion
String Severance [絕緣]	断缘	0	4	BattleKeywords.json	SojiRyoshuEntangle
Shin (心) - Dihui Star [地慧星]	心-地慧星	0	4	BattleKeywords.json	SojiRyoshuShin
The Middle - Vengeance Tattoo [<s>Great Sister</s>]	中指-仇怨纹身[<s>长姊</s>]	0	4	BattleKeywords.json	ReinforcedTattooSpiderOutis
Avenging My Family	家人的复仇	2	2	BattleKeywords.json	MidFamilyOutis
Rising Fever	愈加炽热的兴致	2	2	BattleKeywords.json	CountSkillMidOutis
Trussed [Hong Lu]	捕缚[鸿璐]	0	4	BattleKeywords.json	TiedRopeHonglu
Drink to the Fallen	追悼酒	2	2	BattleKeywords.json	AlcoholKimPersonal
Sword of the Homeland - The True Essence	本国剑-传授真意	0	4	BattleKeywords.json	RootSoupKimSatgat
Maturing Textbook	逐渐完备的教材	2	2	BattleKeywords.json	EvolvingManual
Dawnherald	迎接黎明	2	2	BattleKeywords.json	DawnLight
From Dawnbreak to Sunset	自黎明至黄昏	2	2	BattleKeywords.json	DawnGregor
Blazing Sunset	燃烧的黄昏	2	2	BattleKeywords.json	DawnGregorDying
Loneliness at High Noon	孤独的正午	2	2	BattleKeywords.json	DawnFaustDying
Overheated Coffin	过热的棺	2	2	BattleKeywords.json	CaseOverheating
Dimensional Castaway	次元漂流	2	2	BattleKeywords.json	DriftingDimensionYisang
Quadricolor Dimensions	四色次元	2	2	BattleKeywords.json	FourDimensionYisang
Inflict additional Burn	烧伤追加	2	2	BattleKeywords_Mirror3.json	MDcFaBa
Inflict additional Bleed	流血追加	2	2	BattleKeywords_Mirror3.json	MDcFaBb
Inflict additional Rupture	破裂追加	2	2	BattleKeywords_Mirror3.json	MDcFaBd
Siphon Damage	伤害汲取	2	2	BattleKeywords_Mirror3.json	MDcFcBb
Unopposed Attack Boost	单方面攻击强化	2	2	BattleKeywords_Mirror3.json	MDcFcBg
Damage Dealt Up	造成伤害强化	2	2	BattleKeywords_Mirror3.json	MDHcFbBd
Coin Power Up II	硬币威力增幅 II	2	2	BattleKeywords_Mirror3.json	MDHcFdBc
Overload II	过载 II	2	2	BattleKeywords_Mirror3.json	MDHcFdBe
Body Corpulence	肉体肥大	2	2	BattleKeywords_Mirror4.json	MDEMca
Final Attack Boost	最终攻击增强	2	2	BattleKeywords_Mirror4.json	MDEMcd
Base Attack Boost	基础攻击增强	2	2	BattleKeywords_Mirror4.json	MDEMce
Body Growth	肉体生长	2	2	BattleKeywords_Mirror4.json	MDEMda
Body Fortification	肉体补强	2	2	BattleKeywords_Mirror4.json	MDEMdb
Final Combat Gear	最终战斗装备	2	2	BattleKeywords_Mirror4.json	MDEMdd
Defense Gear	防御装备	2	2	BattleKeywords_Mirror4.json	MDEMde
Coin Attack Boost	硬币攻击增强	2	2	BattleKeywords_Mirror4.json	MDEMdf
Peerless Might	强大无比	2	2	BattleKeywords_Mirror4.json	MDEMdg
Take an Eye I	复仇I	2	2	BattleKeywords_Mirror4.json	MDHMbf
Amplify Body III	肉体增强III	2	2	BattleKeywords_Mirror4.json	MDHMca
Expand Body III	肉体扩展III	2	2	BattleKeywords_Mirror4.json	MDHMcb
Max HP Boost II	体力上限增强II	2	2	BattleKeywords_Mirror4.json	MDHMcf
Amplify Body IV	肉体增强IV	2	2	BattleKeywords_Mirror4.json	MDHMda
Expand Body IV	肉体扩展IV	2	2	BattleKeywords_Mirror4.json	MDHMdb
Coin Power Boost	硬币威力增强	2	2	BattleKeywords_Mirror4.json	MDHMdf
Clash Attack Boost II	拼点攻击增强II	2	2	BattleKeywords_Mirror4.json	MDHMdg
Offense Level Up II	攻击等级强化II	2	2	BattleKeywords_Mirror5.json	MD521
Resilient III	强韧III	2	2	BattleKeywords_Mirror5.json	MD525
Keen III	锐利III	2	2	BattleKeywords_Mirror5.json	MD532
Resilient IV	强韧IV	2	2	BattleKeywords_Mirror5.json	MD533
Growth III	生长III	2	2	BattleKeywords_Mirror5.json	MD535
Clash Power Boost	拼点威力增幅	2	2	BattleKeywords_Mirror5.json	MD536
Keen IV	锐利IV	2	2	BattleKeywords_Mirror5.json	MD541
Body Up III	肉体强化III	2	2	BattleKeywords_Mirror5.json	MD543
Growth IV	生长IV	2	2	BattleKeywords_Mirror5.json	MD544
Body Up IV	肉体强化IV	2	2	BattleKeywords_Mirror5.json	MD552
Clash Power Up III	拼点威力增强III	2	2	BattleKeywords_Mirror5.json	MD565
Brutality III	破坏力III	2	2	BattleKeywords_Mirror5.json	MD568
Clash Power Up IV	拼点威力增强IV	2	2	BattleKeywords_Mirror5.json	MD575
Base Power Up IV	基础威力增强IV	2	2	BattleKeywords_Mirror5.json	MD577
Brutality IV	破坏力IV	2	2	BattleKeywords_Mirror5.json	MD578
Keen VIII	锐利VIII	2	2	BattleKeywords_Mirror5.json	MD581
Resilient VIII	强韧VIII	2	2	BattleKeywords_Mirror5.json	MD582
Body Up VIII	肉体强化VIII	2	2	BattleKeywords_Mirror5.json	MD583
Growth VIII	生长VIII	2	2	BattleKeywords_Mirror5.json	MD584
Keen IX	锐利IX	2	2	BattleKeywords_Mirror5.json	MD591
Resilient IX	强韧IX	2	2	BattleKeywords_Mirror5.json	MD592
Body Up IX	肉体强化IX	2	2	BattleKeywords_Mirror5.json	MD593
Growth IX	生长IX	2	2	BattleKeywords_Mirror5.json	MD594
Brutality VI	破坏力VI	2	2	BattleKeywords_Mirror5.json	MD598
Mounting Adversities	追加的制约	2	2	BattleKeywords_Mirror6.json	MD6LimitBaseN
Keen XIII	锐利XIII	2	2	BattleKeywords_Mirror6.json	MD6111
Resilient XIII	强韧XIII	2	2	BattleKeywords_Mirror6.json	MD6112
Body Up XIII	肉体强化XIII	2	2	BattleKeywords_Mirror6.json	MD6113
Growth XIII	生长XIII	2	2	BattleKeywords_Mirror6.json	MD6114
Clash Power Up VIII	拼点威力增强VIII	2	2	BattleKeywords_Mirror6.json	MD6115
Final Power Up VIII	最终威力增强VIII	2	2	BattleKeywords_Mirror6.json	MD6116
Base Power Up VIII	基础威力增强VIII	2	2	BattleKeywords_Mirror6.json	MD6117
Body Up XIV	肉体强化XIV	2	2	BattleKeywords_Mirror6.json	MD6123
Growth XIV	生长XIV	2	2	BattleKeywords_Mirror6.json	MD6124
Clash Power Up IX	拼点威力增强IX	2	2	BattleKeywords_Mirror6.json	MD6125
Final Power Up IX	最终威力增强IX	2	2	BattleKeywords_Mirror6.json	MD6126
Base Power Up IX	基础威力增强IX	2	2	BattleKeywords_Mirror6.json	MD6127
Keen XVI	锐利XVI	2	2	BattleKeywords_Mirror6.json	MD6141
Resilient XVI	强韧XVI	2	2	BattleKeywords_Mirror6.json	MD6142
Body Up XVI	肉体强化XVI	2	2	BattleKeywords_Mirror6.json	MD6143
Growth XVI	生长XVI	2	2	BattleKeywords_Mirror6.json	MD6144
Clash Power Up XI	拼点威力增强XI	2	2	BattleKeywords_Mirror6.json	MD6145
Final Power Up XI	最终威力增强XI	2	2	BattleKeywords_Mirror6.json	MD6146
Base Power Up XI	基础威力增强XI	2	2	BattleKeywords_Mirror6.json	MD6147
Inflation II	通货膨胀II	2	2	BattleKeywords_Mirror6.json	MD6Limit124
Ego Interference II	自我干涉II	2	2	BattleKeywords_Mirror6.json	MD6Limit125
Mark of Fire II	炎之烙印II	2	2	BattleKeywords_Mirror6.json	MD6Limit135
Mental Psychosis II	精神错乱II	2	2	BattleKeywords_Mirror6.json	MD6Limit143
Nerve Acceleration II	神经加速II	2	2	BattleKeywords_Mirror6.json	MD6Limit144
SP Fatigue II	理智枯竭II	2	2	BattleKeywords_Mirror6.json	MD6Limit145
Hunger-Rage	饥饿-暴怒	2	2	BattleKeywords_Mirror6.json	HungryCharon
Curio	探究对象	2	2	BattleKeywords_Mirror7.json	ObjectOfExploration
Glimpse of Precognition	瞬间的预知	2	2	BattleKeywords_Mirror7.json	LookingFutureMirror
Force Redistribution	战力的再分配	2	2	BattleKeywords_Mirror7.json	MD7Limit101
Psychological Elation	精神昂扬	2	2	BattleKeywords_Mirror7.json	MD7Limit111
Shield Generation	生成护盾	2	2	BattleKeywords_Mirror7.json	MD7Limit121
Fracture Proliferation	龟裂增殖	2	2	BattleKeywords_Mirror7.json	MD7Limit131
Beauty of the Physique	肉体美	2	2	BattleKeywords_Mirror7.json	RingFingerPhysical
Charm of the Beastly	野性美	2	2	BattleKeywords_Mirror7.json	RingFingerFauvism
Torn-out Butterfly	撕裂而出之蝶	2	2	BattleKeywords_Mirror7.json	RedButterfly
Brambles of Eternity	永劫的荆棘	2	2	BattleKeywords_Refraction2.json	KalpaVine
Bandages of the King in Binds	受缚之王的绷带	0	4	BattleKeywords_Refraction4.json	BandageOfTheBoundKing
Moment of Audience	觐见之时	2	2	BattleKeywords_Refraction4.json	ComeForwardToTheKing
Poised Showdown	决战的呼吸法	2	2	BattleKeywords_Refraction4.json	BreathSupport
Infliction Refraction	施加量折射	2	2	BattleKeywords_Refraction5.json	MRR501
Gain Refraction	获得量折射	2	2	BattleKeywords_Refraction5.json	MRR502
Refracted Burst	折射的爆发	2	2	BattleKeywords_Refraction5.json	MRR506
Weakness Destroyed	弱点破坏	2	2	BattleKeywords_Refraction5.json	MRR509
The Lone Gunman	孤独的射手	2	2	BattleKeywords_Refraction5.json	MRR511
Lasting Battle Spirit	延续斗志	2	2	BattleKeywords_Refraction5.json	MRR512
Resource Reaping	资源收获	2	2	BattleKeywords_Refraction5.json	MRR513
Wrathful Counter	愤怒的反击	2	2	BattleKeywords_Refraction5.json	MRR517
Fell Bullet Deluge	凶弹倾泻	2	2	BattleKeywords_Refraction5.json	MRR520
HP Manipulation	体力扭曲	2	2	BattleKeywords_Refraction5.json	MRR521
Refracted Slash	折射的斩击	2	2	BattleKeywords_Refraction5.json	MRR526
Refracted Pierce	折射的突刺	2	2	BattleKeywords_Refraction5.json	MRR527
Refracted Blunt	折射的打击	2	2	BattleKeywords_Refraction5.json	MRR528
Growth Refraction II	生长折射 II	2	2	BattleKeywords_Refraction5.json	MRR530
Resource Vaporization	资源挥发	2	2	BattleKeywords_Refraction5.json	MRR532
Blossomed Blood	绽放之血	2	2	BattleKeywords_Refraction5.json	MRR533
Refracted Rage	折射的愤怒	2	2	BattleKeywords_Refraction5.json	MRR536
HP Refraction II	体力折射 II	2	2	BattleKeywords_Refraction5.json	MRR537
Active Buffs	生效的增益	2	2	BattleKeywords_Refraction5.json	MRR5BaseP
Active Trials	生效的苦难	2	2	BattleKeywords_Refraction5.json	MRR5BaseN
Clash Power Refraction	拼点威力折射	2	2	BattleKeywords_Refraction5.json	MRR555
Refracted Poise	折射的呼吸法	2	2	BattleKeywords_Refraction5.json	MRR557
Refracted Envy	折射的嫉妒	1	3	BattleKeywords_Refraction5.json	MRR564
Temporal Disjunction	时间背离	2	2	BattleKeywords_Refraction6.json	TimeGap
Capricious Mercy	变化无常的慈悲	2	2	BattleKeywords_Refraction6.json	YesdragonWind
Scaleclad	覆盖的鳞片	2	2	BattleKeywords_Refraction6.json	YesdragonScale
Until Season 8	到第8赛季开始前	2	2	BattlePass-a1c9.json	until_season_7_end_on_shop
Pass Missions	通行证任务	2	2	BattlePass.json	battlepass_passmission
Courage to Triumph Fear	战胜恐惧的勇气	2	2	Bufs.json	Whistle_Courage
Fearsome Whistles	令人恐惧的哨音	2	2	Bufs.json	Whistle_Fear
Poultry Apocalypse	鸡群的末日菜肴	3	1	Bufs.json	Weak_Chicken
Meshed Possibilities	概率坍缩	2	2	Bufs.json	StickCoinHeadAndTailToMaxPer
Opportunistic	机会主义	3	1	Bufs.json	RailBuffForLine2_B_ENEMY
Heal Selected	选择恢复	2	2	Bufs.json	RailBuffForLine2_L_ALLY
Faded Promise	褪色的约定	2	2	Bufs.json	AaCfPcBa_Alt4
HP Refraction I	体力折射 I	1	3	Bufs_Refraction5.json	MRR542
Refracted Determination	折射的斗志	3	1	Bufs_Refraction5.json	MRR552
Journey to the Heart	通往心脏的道路	2	2	DungeonArea-a1c5p3.json	dungeon_1_5_0104
Pequod Town Entrance	裴廓德镇 出口	2	2	DungeonArea-a1c5p3.json	dungeon_1_5_0201
Execution Room	处置室	2	2	DungeonArea-a1c8p2.json	dungeon_1_8_0108
Control Team Lobby	控制部 大厅	3	1	DungeonArea1-1.json	dungeon_1_1_0102
Containment Hall 1	第一收容走廊	2	2	DungeonArea1-1.json	dungeon_1_1_0103
Containment Hall 4	第四收容走廊	2	2	DungeonArea1-1.json	dungeon_1_1_0203
Containment Hall 5	第五收容走廊	2	2	DungeonArea1-1.json	dungeon_1_1_0204
Critical Abnormality Block	重要异想体管理所	2	2	DungeonArea1-1.json	dungeon_1_1_0207
Defense Line 23-7 - 1536 Hours	第23-7 防线 15:36	0	4	DungeonArea1-1.json	dungeon_1_1_0305
Vault Storage	金库保管室	2	2	DungeonArea1-2.json	dungeon_1_2_0101
Quarry Entrance	采矿场入口	2	2	DungeonArea1-2.json	dungeon_1_2_0102
Quarry 1	第1采矿场	2	2	DungeonArea1-2.json	dungeon_1_2_0103
Quarry 2	第2采矿场	2	2	DungeonArea1-2.json	dungeon_1_2_0104
Quarry 3	第3采矿场	2	2	DungeonArea1-2.json	dungeon_1_2_0105
Quarry 4	第4采矿场	2	2	DungeonArea1-2.json	dungeon_1_2_0106
Explosives Bay	爆炸物隔间	2	2	DungeonArea1-2.json	dungeon_1_2_0107
Underground Factory Gate	地下工厂入口	2	2	DungeonArea1-2.json	dungeon_1_2_0110
Production Line 1	1号生产线	2	2	DungeonArea1-2.json	dungeon_1_2_0202
Production Line 2	2号生产线	2	2	DungeonArea1-2.json	dungeon_1_2_0203
Production Line 3	3号生产线	2	2	DungeonArea1-2.json	dungeon_1_2_0204
Assembly Line	装配产线	2	2	DungeonArea1-2.json	dungeon_1_2_0207
Maintenance Point	维护站点	2	2	DungeonArea1-2.json	dungeon_1_2_0209
Safety Testing	安全性检查设施	2	2	DungeonArea1-2.json	dungeon_1_2_0211
Final Processing	最终加工室	2	2	DungeonArea1-2.json	dungeon_1_2_0213
Quality Control	质控室	2	2	DungeonArea1-2.json	dungeon_1_2_0215
Ruined Village	已毁的村庄	2	2	DungeonArea1-2.json	dungeon_1_2_0303
Buried Hideout	被掩埋的藏身处	2	2	DungeonArea1-2.json	dungeon_1_2_0305
Forgotten Passage	被遗忘的通道	2	2	DungeonArea1-3.json	dungeon_1_3_0106
Corroded Entity Block	侵蚀体隔离所	2	2	DungeonArea1-3.json	dungeon_1_3_0108
Prison Area	监牢区域	3	1	DungeonArea1-3.json	dungeon_1_3_0110
Closed Prayer Room	封闭的祈祷室	3	1	DungeonArea1-3.json	dungeon_1_3_0202
Altar of Tears	眼泪祭坛	3	1	DungeonArea1-3.json	dungeon_1_3_0209
Altar Entrance	祭坛入口	2	2	DungeonArea1-3.json	dungeon_1_3_0210
Dry-to-the-Bone Breast	干巴柴涩鸡胸肉	2	2	EGOgift_MirrorDungeon-EventTheme.json	9702
Prepaid Time Receipt	预支时间收据	2	2	EGOgift_MirrorDungeon-EventTheme.json	9727
Bridle+	枷锁+	0	4	EGOgift_MirrorDungeon-EventTheme_2.json	19754
Snuffed Lantern	熄灭的提灯	3	1	EGOgift_MirrorDungeon-EventTheme_2.json	9759
Hardwood Liquor Cup	木质酒杯	2	2	EGOgift_MirrorDungeon-EventTheme_2.json	9781
Swishing Fuel Tank	满满当当的燃料罐	2	2	EGOgift_MirrorDungeon-EventTheme_2.json	9794
Ebony Brooch	黑檀胸针	2	2	EGOgift_MirrorDungeon-StoryTheme.json	9403
Nagel und Hammer Scriptures	钉与锤之书	2	2	EGOgift_MirrorDungeon-StoryTheme.json	9413
Blood-red Mane	血红鬃毛	2	2	EGOgift_MirrorDungeon-StoryTheme.json	9414
La Manchaland All-day Pass	拉·曼却领自由通行券	2	2	EGOgift_MirrorDungeon-StoryTheme_2.json	9437
Devouring Cube	吞噬一切的魔方	2	2	EGOgift_MirrorDungeon-StoryTheme_2.json	9439
Portable Barrier Battery	便携式力场电池	2	2	EGOgift_MirrorDungeon-mowe.json	9735
Phlebotomy Pack	采血包	2	2	EGOgift_MirrorDungeon.json	9004
Coffee and Cranes	咖啡与纸鹤	2	2	EGOgift_MirrorDungeon.json	9006
Eclipse of Scarlet Moths	朱红蛾群	2	2	EGOgift_MirrorDungeon.json	9007
Lithograph	石版字符	2	2	EGOgift_MirrorDungeon.json	9017
Phantom Pain	幻痛	2	2	EGOgift_MirrorDungeon.json	9022
Little and To-be-Naughty Plushie	又小又可能很坏的玩偶	2	2	EGOgift_MirrorDungeon.json	9029
Gathering Skulls	头骨收藏	2	2	EGOgift_MirrorDungeon.json	9030
Child within a Flask	瓶中婴孩	2	2	EGOgift_MirrorDungeon.json	9037
Golden Urn	金瓮	2	2	EGOgift_MirrorDungeon.json	9079
Ancient Effigy	古代雕像	2	2	EGOgift_MirrorDungeon.json	9084
Soothe the Dead	镇魂	1	3	EGOgift_MirrorDungeon.json	9088
Ardent Flower	火光花	2	2	EGOgift_MirrorDungeon.json	9104
Clockwork Spring	齿轮发条	2	2	EGOgift_MirrorDungeon.json	9115
Rebate Token	返利礼券	2	2	EGOgift_MirrorDungeon.json	9185
New Release Pamphlet	新品小册	2	2	EGOgift_MirrorDungeon.json	9186
Twinkling Vestige	闪耀的残影	2	2	EGOgift_MirrorDungeon.json	9993
Layered Bandages	重叠的创可贴	2	2	EGOgift_MirrorDungeon.json	9192
Wobbling Keg	摇晃的酒桶	2	2	EGOgift_MirrorDungeon_2.json	9164
Angel's Cut	天使所私	2	2	EGOgift_MirrorDungeon_2.json	9178
Miniature Telepole	微型电线杆	2	2	EGOgift_MirrorDungeon_2.json	9181
Tenacity Bolus	强韧丸	2	2	EGOgift_MirrorDungeon_6.json	9801
Lightning Axe	电击斧	2	2	EGOgift_MirrorDungeon_6.json	9802
Unbreakable Knot	死结	1	3	EGOgift_StoryDungeon-a1c5p3.json	2026
Mask of a Devotee	信徒面具	2	2	EGOgift_StoryDungeon.json	1001
Hemorrhagic Hand	流血的手	1	3	EGOgift_StoryDungeon.json	1041
Worn Entry Card	陈旧的通行证	1	3	EGOgift_a1c8p2.json	2062
Red Entry Card	红色通行证	1	3	EGOgift_a1c8p2.json	2079
Still-warm Coffee	尚且温热的咖啡	2	2	EGOgift_walpu8.json	9241
Moustachioed Twinhooks Pirate	留胡子的双钩海盗团成员	2	2	Enemies-a1c5p1.json	90084
Bandana-wearing Twinhooks Pirate	戴头巾的双钩海盗团成员	2	2	Enemies-a1c5p1.json	90085
Agile Twinhooks Pirate	敏捷的双钩海盗团成员	2	2	Enemies-a1c5p1.json	90086
Tough Twinhooks Pirate	坚实的双钩海盗团成员	2	2	Enemies-a1c5p1.json	90087
Revived K Corp. Class 1 Staff	复活的K公司1级员工	0	4	Enemies-a1c5p1.json	97408
Sturdy Little Brother of the Middle	可靠的中指幼弟	0	4	Enemies-a1c5p2.json	90096
Stern Little Brother of the Middle	严格的中指幼弟	0	4	Enemies-a1c5p2.json	90097
Pallid and Blue Mermaid	苍白而泛青的人鱼	2	2	Enemies-a1c5p2.json	90100
Swift Edgar Family Butler	灵敏的埃德加家族管家	2	2	Enemies-a1c6p1.json	90120
Fast Edgar Family Butler	迅捷的埃德加家族管家	2	2	Enemies-a1c6p1.json	90121
Shifty Edgar Family Butler	诡诈的埃德加家族管家	2	2	Enemies-a1c6p1.json	90123
Trained Edgar Family Butler	熟练的埃德加家族管家	2	2	Enemies-a1c6p1.json	90124
Hostile Wuthering Heights Butler	险恶的呼啸山庄管家	2	2	Enemies-a1c6p1.json	90126
Trained Wuthering Heights Butler	受训的呼啸山庄管家	2	2	Enemies-a1c6p1.json	90127
Bizarre Dead Rabbits Henchman	奇特的死兔帮成员	2	2	Enemies-a1c6p2.json	8162
Veiled Dead Rabbits Henchman	蒙面的死兔帮成员	2	2	Enemies-a1c6p2.json	8163
Combative Fanghunt Office Fixer	好斗的猎牙事务所收尾人	2	2	Enemies-a1c7p1.json	90156
Prideful Fanghunt Office Fixer	心高气傲的猎牙事务所收尾人	2	2	Enemies-a1c7p1.json	90157
Wicked Deathrite Monk	邪咒杀僧	2	2	Enemies-a1c8p2.json	90208
The Middle Nursefather - Matthias	中指 父辈 - 马蒂亚斯	0	4	Enemies-a1c9p3.json	1327
The Index Nursefather - Rien	食指 父辈 - 里恩	0	4	Enemies-a1c9p3.json	1347
Wrath-drenched Rose	浸染暴怒的玫瑰	2	2	Enemies-mirror4.json	8175
Lust-drenched Rose	浸染色欲的玫瑰	2	2	Enemies-mirror4.json	8176
Sloth-drenched Rose	浸染怠惰的玫瑰	2	2	Enemies-mirror4.json	8177
Gluttony-drenched Rose	浸染暴食的玫瑰	2	2	Enemies-mirror4.json	8178
Gloom-drenched Rose	浸染忧郁的玫瑰	2	2	Enemies-mirror4.json	8179
Pride-drenched Rose	浸染傲慢的玫瑰	2	2	Enemies-mirror4.json	8180
Envy-drenched Rose	浸染嫉妒的玫瑰	2	2	Enemies-mirror4.json	8181
Absorbing Tree	吸收之树	2	2	Enemies-mirror4.json	8184
Little Brother Werner	幼弟 维尔纳	2	2	Enemies-sweep.json	91020
T Corp. Class 2 Collection Staff	T公司 2级征收人员	0	4	Enemies-tkt.json	90142
Dawn of Green - Doubt - γ	绿色的黎明 - 疑问 - γ	0	4	Enemies-walpu2.json	8149
Determined Kurokumo Henchman	坚定的黑云会成员	2	2	Enemies-ycgd.json	90110
Tense Kurokumo Henchman	紧张的黑云会成员	2	2	Enemies-ycgd.json	90111
Adept Kurokumo Henchwoman	娴熟的黑云会成员	2	2	Enemies-ycgd.json	90112
Tired Kurokumo Henchwoman	昏昏欲睡的黑云会成员	2	2	Enemies-ycgd.json	90113
Kurokumo Clan Captain Jun	黑云会 副会长 俊	2	2	Enemies-ycgd.json	91013
Fiery Veteran	暴躁的残兵	3	1	Enemies.json	90008
Puzzled Veteran	惊讶的残兵	2	2	Enemies.json	90009
Razor-sharp Veteran	锋利的残兵	2	2	Enemies.json	90013
Hardened Veteran	变强的残兵	2	2	Enemies.json	90001
Embittered Veteran	残忍的残兵	2	2	Enemies.json	90003
Recollected Awry Soldier	记忆中歪曲的残兵	3	1	Enemies.json	90014
Proceeding Inquisitor	向前逼近的异端审判官	2	2	Enemies.json	8024
Four-legged Beast	四足野兽	2	2	Enemies.json	8025
Slithering Inquisitor	蠢蠢欲动的异端审判官	2	2	Enemies.json	8028
Rigid Casino Security	刻薄的赌场警卫	2	2	Enemies.json	90020
Confident Casino Security	自信的赌场警卫	2	2	Enemies.json	90021
Collected Casino Security	下定决心的赌场警卫	2	2	Enemies.json	90022
Worshipping N Corp. Inquisitor	侍奉的N公司异端审判官	2	2	Enemies.json	90034
Sadistic N Corp. Inquisitor	享受痛苦的N公司异端审判官	2	2	Enemies.json	90037
Fearless N Corp. Inquisitor	无畏的N公司异端审判官	2	2	Enemies.json	90040
Stone Seat	石头底座	2	2	Enemies.json	807802
Lured Guido	受诱的圭多	2	2	Enemies.json	8079
Lured Aida	受诱的艾达	2	2	Enemies.json	8080
K Corp. Class 3 Excision Staff	K公司3级摘除人员	0	4	Enemies.json	90082
Sharp Trash Crab	锋利废料蟹	2	2	Enemies91-4.json	90077
Pointy Trash Crab	尖锐废料蟹	2	2	Enemies91-4.json	90078
Hard Trash Crab	坚硬的废料蟹	2	2	Enemies91-4.json	90079
Cannoneer Crab	余弹废料蟹	2	2	Enemies91-4.json	90080
Bayonet Artillery Crab	炮刃废料蟹	2	2	Enemies91-4.json	90081
Refracted Fairy Gentleman	折射的绅士精灵	2	2	Enemies_Refraction2.json	8542
Refracted Peccatulum Invidiae	折射的嫉妒罪种	2	2	Enemies_Refraction4.json	8280
The Refracted Barber	折射的理发师	2	2	Enemies_Refraction5.json	8634
Refracted Dulcinea	折射的杜尔西内娅	2	2	Enemies_Refraction5.json	8638
Refracted Distorted Hohenheim	折射的扭曲的霍恩海姆	2	2	Enemies_Refraction5.json	8650
Refracted Yinglong	折射的应龙	2	2	Enemies_Refraction6.json	9568
Hongyu, the Crimson Jade	红玉	0	4	Enemies_Refraction6.json	957001
Rare Horseshoe with Bus-modifying Scrap	含有稀有马蹄铁的巴士改造废料	0	4	Items.json	20002
Nominable S1 Identity Ticket	第1赛季人格自选券	2	2	Items.json	501
Definitely Not A Secret Scroll	假装不是秘籍的秘籍	0	4	Items.json	20035
Threadskein	纺锤捆	3	1	Items.json	9900
Uncanny Presentiment	不可思议的空间	2	2	MirrorDungeonNode1-1.json	2012000
Unknown Screams	无法辨别的尖啸	2	2	MirrorDungeonNode1-1.json	2013000
To be Crushed	当碎之物	3	1	MirrorDungeonTheme-1.json	1206
Abnormal Seismic Zone	异常地震带	2	2	MirrorDungeonTheme-1.json	1406
Impenetrable Path	无尽的死路	2	2	MirrorDungeonTheme-1.json	1506
A Beautiful Voice	美妙的嗓音	2	2	MirrorDungeonTheme-1.json	1508
The B.E.	凤·皇	2	2	MirrorDungeonTheme-1.json	3001
A Midspring Night's Dream 2	仲春夜之梦2	0	4	MirrorDungeonTheme-1.json	1520
E.G.O Gift GET!	获得E.G.O饰品！	0	4	MirrorDungeonUI.json	mirrordungeon_acquire_ego_gift_popup
Daily Free Entry	每日免费进入	2	2	MirrorDungeonUI.json	mirrordungeon_daily_free
Mirror Projection / Achievements	镜像投影 / 成就	0	4	MirrorDungeonUI.json	mirrordunge_achievement_history_button_label
Hard Rewards	困难难度奖励	1	3	MirrorDungeonUI_2.json	hard_dungeon_reward
Receive additional rewards	领取额外奖励	1	3	MirrorDungeonUI_2.json	acquire_additional_rewards
Spotting Vulnerabilities	弱点洞察	1	3	MirrorDungeonUI_2.json	mirror_dungeon_buffs_title_3
Spirit to Push Ahead	锐意进取	2	2	MirrorDungeonUI_2.json	mirror_dungeon_buffs_title_4
Take a rest.	稍事歇息。	2	2	MirrorDungeonUI_2.json	mirrordungeon_resting_heal_title
To Window	返回玻璃窗	2	2	MirrorDungeonUI_2.json	mirror_dungeon_rewards_back_to_lobby_button
Recommendations	推荐条件	3	1	MirrorDungeonUI_2.json	mirror_dungeon_hard_require_condition_title
The Spoils of War	战利品	1	3	MirrorDungeonUI_2.json	mirror_dungeon_3_buffs_title_7
Physical Training	体力训练	3	1	MirrorDungeonUI_2.json	mirror_dungeon_3_buffs_title_18
Selected E.G.O Gifts	选择饰品	2	2	MirrorDungeonUI_3.json	selected_gift
Cannot Sell	无法售卖	2	2	MirrorDungeonUI_3.json	side_title_unable_ego_gift_sell
Enemy Level Up	敌方等级增加	2	2	MirrorDungeonUI_3.json	add_enemy_level
Select Encounter Reward Card	选择遭遇战奖励卡	1	3	MirrorDungeonUI_4.json	dungeon_battle_reawrd_card_selection
Tier 1 + Tier 3 => Tier 2	1级 + 3级 => 2级	0	4	MirrorDungeonUI_4.json	mirror_ego_gift_combine_guide_table_1_desc_3_0
Tier 2 + Tier 2 => Tier 2	2级 + 2级 => 2级	0	4	MirrorDungeonUI_4.json	mirror_ego_gift_combine_guide_table_1_desc_4_0
Rate Up	出现概率提升	2	2	MirrorDungeonUI_4.json	mirrordungeon_ego_gift_appear_rate_up
Starlight Refresh	星芒刷新	2	2	MirrorDungeonUI_4.json	mirror_dungeon_shop_refresh_by_chip
Not Enough Starlight Bonus	星芒奖励不足	2	2	MirrorDungeonUI_5.json	mirror_start_buff_cannot_purchase_side_popup_desc
Unclaimed Rewards	待领取奖励	3	1	MirrorDungeonUI_5.json	mirror_dungeon_progress_awaiting_reward_claim
Cost gained	触发星之恩惠效果	1	3		
Long Battle	长线战斗	2	2	MirrorDungeonUI_5.json	mirror_theme_pack_baton
Starlight Bonus Retention Units	星芒奖励保留对象	2	2	MirrorDungeonUI_5.json	mirrordungeon_start_bonus_personality_title
Purchase Projection Rate	购买投影度	2	2	MirrorDungeonUI_5.json	mirrordungeon_purchase_achievement_title
Not Enough Cost	经费不足	2	2	MirrorDungeonUI_5.json	lack_of_point_for_shop_without_new_line
Starlight Retention Units	星芒保留单位	2	2	MirrorDungeonUI_6.json	mirrordungeon_starlight_personality_button_label
Loadout Bonus	编队加成	2	2	MirrorDungeonUI_6.json	mirror_starlight_result_formation_bonus
Starting Starlight Spent	初始星芒消耗	2	2	MirrorDungeonUI_6.json	mirror_starlight_result_consumed_points_on_start
Exploration Score	探索点数	2	2	MirrorDungeonUI_6.json	mirror_starlight_result_dungeon_play_point
Spent in Dungeon	迷宫探索中的消耗量	2	2	MirrorDungeonUI_6.json	mirror_starlight_result_consumed_during_dungeon_play
Refresh Cost Refunded	返还刷新经费	2	2	MirrorDungeonUI_7.json	mirror_dungeon_shop_refresh_cost_returned_side_popup
ID Skill Search	人格技能观测	2	2	MirrorDungeonUI_7.json	dungeon_shop_detect_personality_skill
No E.G.O Gifts Owned	没有所持的E.G.O饰品	2	2	MirrorDungeonUI_7.json	mirror_dungeon_ego_gift_inventory_no_owned_ego_gift
Current Theme Pack-Exclusive	当前卡包限定	3	1	MirrorDungeonUI_7.json	EgoGiftListPopupTabType_THEME_LIMITED_EGO_GIFT
Martial Arts of Perseverance	饱经磨炼的武艺	2	2	Passives-BossRaid.json	501203
Mismatched Memories	错位的记忆	2	2	Passives-BossRaid.json	501207
Scattering Memories	散落的记忆	2	2	Passives-BossRaid.json	501501
Chosen Prey	选定猎物	2	2	Passives-BossRaid.json	501903
Lei Heng, The Pinky's Tiantui Star	小指 天退星雷横	0	4	Passives-BossRaid.json	501908
Liquified Body	液态躯体	1	3	Passives-a1c9116.json	9018701
Keen Strike	锐利一击	2	2	Passives-ycgd.json	9011001
Self-charging	自行充能	2	2	Passives.json	1020201
Ressentiment	无名怨愤	2	2	Passives.json	1070101
Raring to Graze	准备吃草	2	2	Passives.json	1070301
Breach Defense	突破防线	1	3	Passives.json	1090301
Taciturn	默默行事	3	1	Passives.json	1050321
Highest Honor	无上荣光	2	2	Passives.json	1050421
Cantillation	诵经	1	3	Passives.json	1070421
Grasping Vulnerabilities	弱点洞悉	2	2	Passives.json	1110401
Mad Flame	狂炎	2	2	Passives.json	1100501
Filling Fluid	充盈的液体	2	2	Passives.json	1080501
Designated Protection	目标保护	2	2	Passives.json	1090621
Crab Driver	凿蟹机	1	3	Passives.json	1080721
Cleanup Mastery	清扫业务娴熟	2	2	Passives.json	1060601
Instinctive Read	直觉洞悉	2	2	Passives.json	1070601
Seven Association Tea Time	Seven协会的下午茶时间	2	2	Passives.json	1020621
Cleaning Up the Mess	收拾残局	2	2	Passives.json	1010521
Coerced Regret	被迫的悔恨	2	2	Passives.json	1020701
New Breathing Hole	开个气孔	1	3	Passives.json	1120721
The Lucky Cig	独头烟	2	2	Passives.json	1040621
Mentor's Counsel	导师的指导	2	2	Passives.json	1110621
Slumbering Bloodthirst	沉睡的杀气	2	2	Passives.json	1100801
The Marksman's Smoking Pipe	射手的烟斗	2	2	Passives.json	1110701
Request Work	委托工作	2	2	Passives.json	1110721
Om Nom Nom	嚼嚼嚼	2	2	Passives.json	1030701
Illumilantern	诱捕幻灯	2	2	Passives.json	1030721
Peering Through a Key	以钥窥视	2	2	Passives.json	1060801
Sinking Knowledge	沉淀的知识	2	2	Passives.json	1010801
Reviewed Knowledge	重复的知识	2	2	Passives.json	1010821
Sanguine Plum Blossoms	血绽如梅	2	2	Passives.json	1020801
Nightly Stroll	信步夜游	2	2	Passives.json	1030821
Dark Cloud Style	黑云剑法	2	2	Passives.json	1120821
Flame Spread	火焰传递	2	2	Passives.json	1040701
Spread Flame	传递火焰	2	2	Passives.json	1040721
Grave Attendance	严肃的公证	2	2	Passives.json	1070801
Butler Training	管家训练	2	2	Passives.json	1110821
Butler Style Response	管家式应对	2	2	Passives.json	1020901
Anticipatory Training	以备那日的训练	2	2	Passives.json	1020921
Endless Nightmares	无尽噩梦	2	2	Passives.json	1120901
White-hot Gladius	超高温罗马短剑	2	2	Passives.json	999902
Clearing Household Chores	完成家务	2	2	Passives.json	1040801
Cleaning Command	指挥清扫	2	2	Passives.json	1040821
Loyal Supporter	忠诚的辅助	2	2	Passives.json	1080921
Assignment Evaluation	课题评估	2	2	Passives.json	1010901
Practices on Aesthetics	美学见习	2	2	Passives.json	1010921
Sanguine Pointillist	血点彩派	2	2	Passives.json	1010902
Electrocurrent Dismantling	电流解体	2	2	Passives.json	1021001
Auxiliary Dismantling Current	解体辅助电流	2	2	Passives.json	1021021
Charge Model L37	型号L37充能	2	2	Passives.json	1070901
Fire.IShallFire.	射吧，扣下扳机。	2	2	Passives.json	1011001
ISeeTheDyingButterfly.	注视垂死之蝶。	1	3	Passives.json	1011002
Shock-nullifying Greatsword	冲击抵消巨剑	2	2	Passives.json	1081001
Emergency Protection	紧急保护	1	3	Passives.json	1081021
How to Hunt Cheerfully	愉快的狩猎	2	2	Passives.json	1061001
Self-destructive Dedication	自我毁灭的献身	2	2	Passives.json	1121001
Hardblood Thorn	硬血荆棘	2	2	Passives.json	1091101
Tactical Fire Support	战术性射击支援	2	2	Passives.json	1061102
Precision Aim	精确瞄准	2	2	Passives.json	1071102
Fireproof	耐火	2	2	Passives.json	1021101
Gathering Dark Clouds	黑云迫近	2	2	Passives.json	1081101
Inner Ardor	碧血丹心	2	2	Passives.json	1011201
Liu Defensive Square	六协方阵	2	2	Passives.json	1011221
Featherstride Technique	轻功	2	2	Passives.json	1031121
Brainwave Charge-focusing Antlers	脑波充能集束犄角	2	2	Passives.json	1061201
Charged Pulverization Support	支援充能摧毁	2	2	Passives.json	1061221
Launching Maneuver [始動]	始动	0	4	Passives.json	1081202
Ammunition Tribute	子弹奉纳	2	2	Passives.json	1101301
Savage Tiger's Lunge	猛虎暴跃	2	2	Passives.json	1051221
The Heishou Lord	黑兽君主	2	2	Passives.json	1061302
Shi-no-Yumi	死之弓	2	2	Passives.json	1021301
Explosive Battering Ram	爆破角碎	2	2	Passives.json	1031301
Loyal Warrior	游侠	1	3	Passives.json	1041301
Jolly Antlers	圣诞饰角	2	2	Passives.json	1091401
Proselyte's Blade	苦行之刃	2	2	Passives.json	1021401
As the Prescript Orders...	正如指令所引导的…	2	2	Passives.json	1021421
Prescript Delivered on a Device	由终端所传达的指令	0	4	Passives.json	1031402
Dazzling Lamp	眩惑的目灯	2	2	Passives.json	1121402
E.G.O Gear Proficiency Manual	E.G.O装备精通手册	2	2	Passives.json	1121403
Imitation of a Life	仿造的一生	2	2	Passives.json	1011501
Spore Diffusion	孢子扩散	2	2	Passives.json	1051401
Unwithering Flower	不凋花	2	2	Passives.json	1041401
Transcend the Corpus	超越人体	2	2	Passives.json	1061405
A Maestro's Critique	大师的批评	2	2	Passives.json	1061401
Inspired by Critique	由批评启发的灵感	2	2	Passives.json	1021501
Welling Inspiration	充盈的灵感	2	2	Passives.json	1051501
Spacetime Afterimage Collapse	时空残像分裂	2	2	Passives.json	1041504
Afterimage Reverberation	残像回响	2	2	Passives.json	1041501
Duello Disperato	绝望的决斗	2	2	Passives.json	1071602
The All-Illuminating Light	照亮一切的灯光	2	2	Passives_Abnormality-a1c5p3.json	810001
Darkness Deterred	被排斥的黑暗	2	2	Passives_Abnormality-a1c5p3.json	810002
Sinking Darkness	沉沦的黑暗	2	2	Passives_Abnormality-a1c5p3.json	810702
Solid Shell	坚硬的贝壳	2	2	Passives_Abnormality-a1c5p3.json	810103
Expanding Oxygen	扩散的氧气	2	2	Passives_Abnormality-a1c5p3.json	810201
Rolling Flotsam	被冲走的漂流物	2	2	Passives_Abnormality-a1c5p3.json	810802
The Indomitable Harpooneer	不屈不挠的鱼叉手	2	2	Passives_Abnormality-a1c5p3.json	810303
Engraved Hatred and Animosity	刻骨铭心的憎恶与仇恨	2	2	Passives_Abnormality-a1c5p3.json	810305
Vying Spirit	傲气	2	2	Passives_Abnormality-a1c6p3.json	9101606
Wild Hunt of Desolation	破灭的狂猎	2	2	Passives_Abnormality-a1c6p3.json	821601
For Every Heathcliff	为了所有的希斯克利夫	2	2	Passives_Abnormality-a1c6p3.json	817405
Spiked Whip	荆棘之鞭	2	2	Passives_Abnormality-a1c7p3.json	837601
Memories of the Journeys Past	过去的冒险记忆	0	4	Passives_Abnormality-a1c7p3.json	841301
Watch this little girl...!	请注视吾吧…！	0	4	Passives_Abnormality-a1c8p3.json	115201
Bestowed Mission	授予的命令	2	2	Passives_Abnormality-a1c9116.json	112601
Wounded in Battle	负伤战斗	2	2	Passives_Abnormality-a1c9116.json	112705
Entangling Roots	缠绕的根	2	2	Passives_Abnormality-a1c9p1.json	130703
One Sole Root	唯一的根	2	2	Passives_Abnormality-a1c9p1.json	130704
Superposed Afterimage	重叠的残像	2	2	Passives_Abnormality-a1c9p2.json	132203
Terminated Persistence	断绝的生命力	2	2	Passives_Abnormality-a1c9p2.json	132103
The Last Ember	最后的火种	2	2	Passives_Abnormality-a1c9p2.json	132001
Interlocking Ardor Blossom	啮合的红焰	2	2	Passives_Abnormality-a1c9p2.json	132004
All of My Corpus has been Given to Tibia	我全部的身体要素已给予提比娅	0	4	Passives_Abnormality-a1c9p3.json	133101
Vengeance Tattoos [<s>Great Brother</s>]	仇怨纹身[<s>长兄</s>]	0	4	Passives_Abnormality-a1c9p3.json	132701
My Daughter's Education	闺女的教育	2	2	Passives_Abnormality-a1c9p3.json	132703
The Middle Styled Tattoos	中指式纹身	2	2	Passives_Abnormality-a1c9p3.json	132802
The Emperor's Legion	皇帝的军团	2	2	Passives_Abnormality-a1c9p3.json	133903
Vroom-vroom. Angry now	布隆布隆，生气了。	2	2	Passives_Abnormality-mr6.json	124302
Vigorous Volaille	幸福的鸡	2	2	Passives_Abnormality-mr7-extreme.json	139401
Gloomy Gallus	忧郁的鸡	2	2	Passives_Abnormality-mr7-extreme.json	139402
Fragile Fowl	衰弱的鸡	2	2	Passives_Abnormality-mr7-extreme.json	139403
Powerful Poussin	变强的鸡	2	2	Passives_Abnormality-mr7-extreme.json	139404
Bongy Chicken Struts	小凤小凤到处走动	2	2	Passives_Abnormality-mr7-extreme.json	139501
Bongy Chicken Beefs Up	小凤小凤力量爆棚	2	2	Passives_Abnormality-mr7-extreme.json	139701
Splash Around	乱拍	3	1	Passives_Abnormality-mr7-extreme.json	141004
Fate's Favored Child	命运的宠儿	2	2	Passives_Abnormality-pilgrimage.json	128805
Phototaxic Procession	趋光队列	2	2	Passives_Abnormality-pilgrimage.json	129701
Time Hyperacceleration	时间超加速	2	2	Passives_Abnormality-tkt-re.json	122902
One Last Justice	仅存的正义	2	2	Passives_Abnormality-walpu6.json	122306
Despair-piercing Sword	刺穿绝望之剑	2	2	Passives_Abnormality-walpu6.json	122401
Wandering Ordeal	彷徨的考验	2	2	Passives_Abnormality-walpu8.json	136601
Bulging Chicken	鼓鼓的鸡	2	2	Passives_Abnormality-x1p1c1.json	136502
You Must Become Strong	你必须变强	2	2	Passives_Abnormality.json	801002
Pulsating Arms	血脉搏动的手臂	2	2	Passives_Abnormality.json	802401
Damaged Arms	受损的手臂	2	2	Passives_Abnormality.json	802402
Regenerating Shell	修复躯壳	2	2	Passives_Abnormality.json	802403
Frantic Eyes	狂乱的双眼	2	2	Passives_Abnormality.json	802404
Shimmering Rage	荡漾的暴怒	2	2	Passives_Abnormality.json	802503
Wriggling Instincts	蠢蠢欲动的本能	2	2	Passives_Abnormality.json	802804
Overflowing Ecstasy	满溢而出的狂喜	2	2	Passives_Abnormality.json	803001
Blooming Purity	绽放的纯粹	2	2	Passives_Abnormality.json	803002
Flawless Flesh	无瑕的肉身	2	2	Passives_Abnormality.json	803003
Boiling Blood	鲜血沸腾	3	1	Passives_Abnormality.json	803103
Spreading Ember	蔓延的火种	2	2	Passives_Abnormality.json	804701
나오면 안되는 텍스트 (번역 x)	不该出现的文本(翻译 x)	0	4	Passives_Abnormality.json	804901
Momentary Satiation	片刻的饕足	2	2	Passives_Abnormality.json	826301
Initiating Town Tour	小镇参观活动开始	2	2	Passives_Abnormality_Refraction.json	851901
Hora de Fiesta	派对时间	2	2	Passives_Abnormality_Refraction1BokGak.json	950901
Noble be Thy Sacrifice	高贵的牺牲在此	2	2	Passives_Abnormality_Refraction1BokGak.json	951701
Vain Heart	虚荣的心	2	2	Passives_Abnormality_Refraction2.json	853904
Apply Refracted Bleed	施加折射的流血	2	2	Passives_Abnormality_Refraction2.json	853906
Deteriorated Persistence	衰退的生命力	2	2	Passives_Abnormality_Refraction2.json	854101
Solid Exoskeleton	坚硬的甲壳	2	2	Passives_Abnormality_Refraction2.json	854102
Mitosis	细胞分裂	2	2	Passives_Abnormality_Refraction2.json	854201
Apply Refracted Burn	施加折射的烧伤	2	2	Passives_Abnormality_Refraction2.json	855105
Refracted Burn and Bleed	折射的烧伤与流血	2	2	Passives_Abnormality_Refraction2.json	855504
Overlapping Past	重叠的过去	2	2	Passives_Abnormality_Refraction2.json	855507
Eternal Yoke	永远的枷锁	2	2	Passives_Abnormality_Refraction2.json	855601
Broken Sign	损坏的告示牌	2	2	Passives_Abnormality_Refraction2.json	855602
Scattered Flesh	四散的肉块	2	2	Passives_Abnormality_Refraction2.json	855603
Singular Vine	汇为一体的藤蔓	2	2	Passives_Abnormality_Refraction2.json	855604
Shimmering Lust	摇曳的色欲	2	2	Passives_Abnormality_Refraction2.json	856503
Crushing Sloth	粉碎的怠惰	2	2	Passives_Abnormality_Refraction2.json	856603
Growing Gluttony	滋生的暴食	2	2	Passives_Abnormality_Refraction2.json	856703
Shimmering Gloom	摇曳的忧郁	2	2	Passives_Abnormality_Refraction2.json	856804
Overinflated Pride	膨胀的傲慢	2	2	Passives_Abnormality_Refraction2.json	856904
Glaring Envy	刺眼的嫉妒	2	2	Passives_Abnormality_Refraction2.json	857004
Sin-drenched Brambles	罪孽缠身的荆棘	2	2	Passives_Abnormality_Refraction2.json	855607
Gossypium Planting	种植棉花	2	2	Passives_Abnormality_Refraction3.json	857805
Peering Gaze	追随的目光	2	2	Passives_Abnormality_Refraction4.json	860601
Tarnished Body	污秽之躯	1	3	Passives_Abnormality_Refraction6.json	956901
The Inner Self	内在的自我	2	2	Passives_Assist-Cultivation.json	940000501
Spirit of Fixers	收尾人精神	2	2	Passives_Assist-Cultivation.json	940000503
<s>The Middle</s>	<s>中指</s>	0	4	Passives_Assist-twth.json	40003702
In the name of Love and Justice~ Here comes Magical Girl!	以爱与正义之名~此时此地，闪亮登场！	0	4	Passives_Assist-walpu6.json	40000301
Cetacean Strand	与鲸相连	2	2	Passives_Enemy-a1c5p1.json	9008301
Spreading Flames	蔓延的污垢	2	2	Passives_Enemy-a1c5p2.json	9008903
Rat Hunt	猎鼠	2	2	Passives_Enemy-a1c6p1.json	9012501
Off-mark Curse	偏离的诅咒	2	2	Passives_Enemy-a1c8p1.json	9019501
Talisman Sorcerer	符术士	2	2	Passives_Enemy-a1c8p2.json	9020801
I See Your Weakness	弱点洞察	1	3	Passives_Enemy-cultivation.json	9102301
Floods of Sorrow	流淌的忧郁	2	2	Passives_Enemy-mr7-extreme.json	7105502
Abyssal Horror	深海的恐怖	2	2	Passives_Enemy-pilgrimage.json	9102701
Final Brushstroke	最后的笔触	2	2	Passives_Enemy-twth.json	9104304
Internal Combustion Engine	内燃机	2	2	Passives_Enemy-walpu5.json	9017802
First Stop: Contact	起点站 - 遭遇	0	4	RailwayDungeonNode1BokGak.json	100101
Station #2: Restoration	第2站 - 复原	0	4	RailwayDungeonNode1BokGak.json	100102
Station #3: Sinkage	第3站 - 沉沦	0	4	RailwayDungeonNode1BokGak.json	100103
Station #4: Reunion	第4站 - 再会	0	4	RailwayDungeonNode1BokGak.json	100104
Station #5: Insulation	第5站 - 绝缘	0	4	RailwayDungeonNode1BokGak.json	100105
Station #6: Pickup	第6站 - 选拔	0	4	RailwayDungeonNode1BokGak.json	100106
Station #7: Headlessness	第7站 - 无首	0	4	RailwayDungeonNode1BokGak.json	100107
Station #8: Existence	第8站 - 存在	0	4	RailwayDungeonNode1BokGak.json	100108
Station #9: Serum	第9站 - 血清	0	4	RailwayDungeonNode1BokGak.json	100109
Station #10: Forked Tongue	第10站 - 岔舌	0	4	RailwayDungeonNode1BokGak.json	100110
Station #11: Energization	第11站 - 导电	0	4	RailwayDungeonNode1BokGak.json	100111
Station #12: Purity	第12站 - 纯粹	0	4	RailwayDungeonNode1BokGak.json	100112
Last Stop: Non-self	终点站 - 无我	0	4	RailwayDungeonNode1BokGak.json	100113
Clear Canto VIII	通过第8章	2	2	RailwayDungeonUI_1001.json	railway_dungeon_advice_1001_openCondition_desc
Special Rewards	特殊奖励	2	2	RailwayDungeonUI_2.json	railway_dungeon_2_special_reward_title
Clear Selection	重置选择	2	2	RailwayDungeonUI_4.json	railway_dungeon_4_formation_reset
Abyssal Basement	深邃的地下室	2	2	StageNode-a1c6p2.json	10622
Hearts Unbroken	同样的心	1	3	StageNode-a1c6p3.json	10647
The Will to Change	谋求改变的意志	2	2	StageNode-a1c8p3.json	10825
Temporary Truce	暂时休战	2	2	StageNode-a1c8p3.json	10831
That Single Thread	鲜明的一根	3	1	StageNode-a1c9p2.json	10933
Silent Night	平安夜	2	2	StageNode1-3.json	10313
Age of Humanity	人类时代	3	1	StageNode1-4.json	10416
Offer to Join	入职原因	2	2	StageNode1-4.json	10445
Meaningless Wrath	无意义的愤怒	2	2	StageNode91-14.json	911406
Directionless Sloth	迷失方向的怠惰	2	2	StageNode91-14.json	911407
The Price of Curiosity	好奇心的代价	2	2	StageNode91-14.json	911411
The Unknown Sea	陌生的大海	2	2	StageNode91-20.json	912001
Small Tide	小浪	2	2	StageNode91-20.json	912005
Three-way Agreement	三方协议	2	2	StageNode91-20.json	912008
Operation Lighthouse Retrieval	灯塔夺回作战	2	2	StageNode91-20.json	912009
A Tempting Offer	诱人的提案	2	2	StageNode91-5.json	910502
A Touching Reunion	感人的重逢	2	2	StageNode91-5.json	910505
To Find the Pair	寻找那两人	2	2	StageNode91-5.json	910506
Mentor and Fellows	金笠与友人们	2	2	StageNode91-7.json	910707
Stage 3 Peccatula	3阶罪种	2	2	StoryTheaterDanteNote_9.json	PeccatulaLv3
Court Circle - Sal	肉党	0	4	UnitKeyword-exem.json	UnitKeyword_S_CORP_SAL
Lake Entity	大湖生物	2	2	UnitKeyword.json	UnitKeyword_ON_THE_LAKE
Check underneath the ship	检查船体底部	1	2	AbEvents-a1c5p3.json	1050101
Frozen Sinners	冻结的罪人	1	2	AbEvents-pilgrimage.json	12880201
Poking at the Egg	触摸那颗卵	2	1	AbEvents.json	1040301
{0} <color=#e30000>loses {1} HP</color>	{0}<color=#e30000>失去{1}体力</color>	0	3	AbEventsResultLog-a1c5p3.json	810201_nk_failure_1_2
All allies <color=#80c9ff>heal {0} SP</color>	全体友方单位<color=#80c9ff>恢复{0}点理智值</color>	0	3	AbEventsResultLog-a1c5p3.json	810602_success_1_4
<color=#ebcaa2>[{0}]</color> gains %{2} [{1}]/%	对<color=#ebcaa2>[{0}]</color>施加%{2} [{1}]/%	0	3	AbEventsResultLog-a1c6p3.json	817101_log_1_1
<color=#ebcaa2>There’s a new path on the map!</color>	<color=#ebcaa2>地图中追加了新的道路！</color>	0	3	AbEventsResultLog.json	unlock_hidden_node
All allies gain %{1} {0}/% for this Encounter	本场战斗中全体友方单位获得%{0} {1}/%。	0	3	AbEventsResultLog_Refraction4.json	862901_2_3
All allies gain {0} for the rest of the Encounter	本场战斗中的全体友方单位获得{0}	0	3	AbEventsResultLog_Refraction4.json	862901_2_4
- When hit by Unbreakable Coins, take -20% damage	- 受到来自不可摧毁的硬币的伤害-20%	0	3	AbEventsResultLog_Refraction6.json	955101_1_3
- On Hit with Unbreakable Coins, deal +20% damage	- 不可摧毁的硬币命中时，造成的伤害+20%	0	3	AbEventsResultLog_Refraction6.json	955101_2_3
Refracted Sleeping Bag of a Bygone Day	折射的往昔的睡袋	0	3	AbEvents_Mirror6.json	97105801
Peccatulum Invidiae?	嫉妒罪种?	0	3	AbnormalityGuides_Refraction4.json	8292
환_도박	환_도박	0	3	ActionEvents-a1c8p2.json	10805
막바지_보너스	막바지_보너스	0	3	ActionEvents-a1c8p2.json	10813
Office Hours for Jia Xichun	贾惜春同学的课程回顾	0	3	ActionEvents-cultivation.json	971070
Iberians and the Ægirian	伊比利亚人与阿戈尔人	0	3	ActionEvents-pilgrimage.json	971074
A Story of Lighthouse Keepers and The Profound Silence	灯塔看守人与大静谧的故事	0	3	ActionEvents-pilgrimage.json	971076
Are You Happy?	你感到幸福吗？	0	3	ActionEvents.json	102003
강화인간 선택지2	改造人选项2	0	3	ActionEvents.json	801202
Picking a Row and Column	选择行与列	0	3	ActionEvents.json	1040402
Bamboo Hat & Dopo Robe Choice	斗笠，长袍 选项	0	3	ActionEvents_Mirror4.json	971017
LCE Recovers The Ring's Artwork	回收环指作品的LCE组员们	0	3	ActionEvents_twth.json	971104
The Golden Bough's Forced Arbitration	金枝的强制调律	0	3	BattleKeywords-a1c7p3.json	ConfinementOfGoldenBranch
Deathrite 【Halt】	咒杀【勿动】	0	3	BattleKeywords-a1c8p2.json	BurstStop
Deathrite 【Impede】	咒杀【掣肘】	0	3	BattleKeywords-a1c8p2.json	BurstSuppress
E.G.O Corrosion - N Corp.	E.G.O侵蚀-N公司	0	3	BattleKeywords-a1c8p3.json	EgoErodeReplica
Hurting Pest [Roaches]	攻击害虫[蜚蠊]	0	3	BattleKeywords-a1c9p3.json	OffenseBug
Tiansha Star's Bladewound [天殺星傷]	天杀星伤	0	3	BattleKeywords-a1c9p3.json	LvDownLittleFingerBossTwo
Shin (心) - A Certain Sinclair	心-某个辛克莱	0	3	BattleKeywords-a1c9p3.json	WillAwakenSinclair
Sign - Manifestation of the Future	印记-未来显现	0	3	BattleKeywords-a1c9p3.json	SignAwakenSinclair
Time Rescue Target	时间救援目标	1	2	BattleKeywords-tkt.json	TimeKillerWatch
The Living & The Departed	生蝶·亡蝶	0	3	BattleKeywords-walpu4.json	BulletLament
Faster!	再快点！	0	3	BattleKeywords.json	ATL_Agility
Declared Duel - Sinclair	决斗宣告-辛克莱	0	3	BattleKeywords.json	DuelDeclaration_Sinclair
Le Fauvisme - Masque de Chien	野兽派-犬面	0	3	BattleKeywords.json	FaubismMaskMeursault
Base Combat Gear	基本战斗装备	2	1	BattleKeywords_Mirror4.json	MDEMdc
Headstrong II	顽强 II	2	1	BattleKeywords_Mirror5.json	MD549
Status Infliction	增加异常状态	1	2	BattleKeywords_Mirror7.json	MD7Limit141
버프 이름	버프 이름	0	3	BattleKeywords_Refraction5.json	MRR504
Refracted Wrath	折射的暴怒	1	2	BattleKeywords_Refraction5.json	MRR558
Refracted Sloth	折射的怠惰	1	2	BattleKeywords_Refraction5.json	MRR560
Refracted Gloom	折射的忧郁	1	2	BattleKeywords_Refraction5.json	MRR562
Dragon's Spirit [龍氣]	龙气	0	3	BattleKeywords_Refraction6.json	YesdragonPower
Limbus Pass Rewards Available	可以领取边狱通行证奖励	1	2	BattlePass.json	battlepass_limbus_pass_benefit_reward
Max Pass Level Reward Upgraded	通行证超额奖励增加	0	3	BattlePass.json	battlepass_limbus_pass_benefit_ex_reward
Pass Level-up	通行证等级提升	1	2	BattlePass.json	battlepass_level_up
Pass Level Up	通行证等级提升	1	2	BattlePass.json	battlepass_level_upgrade
Time Relief Entitlement	时间救援目标	1	2	Bufs-tkt.json	TimeKillerWatch
Base Combat Gear	基础战斗装备	2	1	Bufs_Mirror4.json	MDEMdc
Headstrong II	顽强II	2	1	Bufs_Mirror5.json	MD549
Resilient XIV	强韧XIV	1	2	Bufs_Mirror6.json	MD6122
Inflict Status Effect	增加异常状态	1	2	Bufs_Mirror7.json	MD7Limit141
Golden Bough Resonance	金枝 共鸣	2	1	DanteAbilityUIText.json	dnateAbiltiy_Unlock_GoldenBranch_Resonance
Employee Waiting Room	员工等候室	2	1	DungeonArea1-1.json	dungeon_1_1_0202
Frozen Ruins	冰结废墟	2	1	DungeonArea1-2.json	dungeon_1_2_0302
Elite Training Quarters	精锐训练所	2	1	DungeonArea1-3.json	dungeon_1_3_0109
Blockade Zone	封锁区	2	1	DungeonArea1-3.json	dungeon_1_3_0112
Room of Echoing Screams	尖啸回响的房间	2	1	DungeonArea1-3.json	dungeon_1_3_0203
Church Door	教堂大门	2	1	DungeonArea1-3.json	dungeon_1_3_0208
Sacristy	圣器室	2	1	DungeonArea1-3.json	dungeon_1_3_0211
Altar of Penance	赎罪祭坛	2	1	DungeonArea1-3.json	dungeon_1_3_0213
Purificatory	涤罪所	2	1	DungeonArea1-3.json	dungeon_1_3_0214
The Judging Block	资格评判台	2	1	DungeonArea1-3.json	dungeon_1_3_0216
Path to Hallowed Ground	前往圣地之路	2	1	DungeonArea1-3.json	dungeon_1_3_0217
Contempt of the Gaze of Contempt	轻蔑的视线的轻蔑	0	3	EGOgift_MirrorDungeon-EventTheme_2.json	9755
Combustion Gloves	点火手套	1	2	EGOgift_MirrorDungeon-EventTheme_2.json	9772
Spiked Combat Boots	荆棘战斗靴	1	2	EGOgift_MirrorDungeon-EventTheme_2.json	9773
Economy Class Discount Voucher	经济舱折扣券	1	2	EGOgift_MirrorDungeon-mowe.json	9732
Nightvision Goggles	夜视镜	1	2	EGOgift_MirrorDungeon.json	9057
Clear Mirror, Calm Water	明镜止水	0	3	EGOgift_MirrorDungeon.json	9070
Lunar Memory	月之记忆	1	2	EGOgift_MirrorDungeon.json	9083
Distant Star	彼方之星	2	1	EGOgift_MirrorDungeon.json	9125
Once, A Blessing	曾经的祝福	0	3	EGOgift_MirrorDungeon.json	9144
Crushed Memory	粉碎的记忆	1	2	EGOgift_MirrorDungeon.json	9152
Imposed Weight	强压的重担	1	2	EGOgift_MirrorDungeon.json	9154
One with the Blade	人剑合一	1	2	EGOgift_MirrorDungeon_7.json	9228
Record Logs of That Day	那一日的记录	0	3	EGOgift_MirrorDungeon_7.json	9231
Mermaid Oil	人鱼油	2	1	EGOgift_StoryDungeon-a1c5p3.json	2021
Rusted Hook	生锈的铁钩	2	1	EGOgift_StoryDungeon-a1c5p3.json	2024
A Broken Dream	破碎的梦	1	2	EGOgift_StoryDungeon-a1c7p3.json	2047
A Hollow Dream	荒唐的梦	2	1	EGOgift_StoryDungeon-a1c7p3.json	2056
Toy Fist	玩具拳头	1	2	EGOgift_StoryDungeon.json	1011
Toy Foot	玩具腿	1	2	EGOgift_StoryDungeon.json	1012
Toy Screw	玩具螺丝	1	2	EGOgift_StoryDungeon.json	1013
Token of Innocence	纯粹之证	1	2	EGOgift_StoryDungeon.json	1038
Token of Tears	泪水之证	1	2	EGOgift_StoryDungeon.json	1039
Token of Atonement	赎罪之证	1	2	EGOgift_StoryDungeon.json	1043
Small Ampule	小型安瓿	2	1	EGOgift_StoryDungeon.json	2001
Flower Mound	花冢	1	2	EGOgift_a1c8p2.json	2071
Brilliant Lamplight	闪耀的提灯	1	2	EGOgift_pilgrimage.json	9835
Hacked K Corp. Regen Drone	被破解的K公司再生无人机	0	3	Enemies-a1c5p1.json	97405
Bloodbag of the Painful Parade	痛苦的游行血袋	0	3	Enemies-a1c7p2.json	90173
Bloodbag of the Rear Parade	紧随其后的游行血袋	0	3	Enemies-a1c7p2.json	90174
Bloodfiend of the Happy Parade	幸福的游行血魔	0	3	Enemies-a1c7p2.json	90175
Bloodfiend of the Joyful Parade	快乐的游行血魔	0	3	Enemies-a1c7p2.json	90176
Memories of the Dreaming Adventure	梦中的冒险记忆	0	3	Enemies-a1c7p3.json	8413
The Pinky Nursefather - Shiomi Yoru	小指 父辈 - 盐见夜	0	3	Enemies-a1c9p2.json	1322
The Middle Apprentice - Kira	中指 子辈 - 绮罗	0	3	Enemies-a1c9p3.json	1328
The Ring Nursefather - Callisto	环指 父辈 - 卡利斯托	0	3	Enemies-a1c9p3.json	1331
Recollected Festered G Corp. H. Manager	记忆中溃烂的G公司部长	0	3	Enemies.json	91002
Become Strong? Genuinely?	我变强了吗？当真？	0	3	Enemies.json	8010
Grown Powerful! For Realsies?	变得更强了！真的？	0	3	Enemies.json	8011
Clippity-cloppity? Tap Away!	嘎吱嘎吱？来吧！	0	3	Enemies.json	8015
Kromer the Dreamer of Human Wholeness	梦为完人的克罗默	0	3	Enemies.json	8030
Revived K Corp. Class 3 Staff	复活的K公司3级员工	0	3	Enemies.json	90068
Resentful Tree	长有疙瘩的树	2	1	Enemies.json	8057
Refracted Effloresced E.G.O::GasHarpoon	折射的绽放E.G.O::燃气捕鲸叉	0	3	Enemies_Refraction3.json	8582
Takeoff Module - E.G.O Spinning [ZAYIN]	跳跃成长模组 - E.G.O解析 [ZAYIN]	0	3	Items.json	238
To be Cleaved	当斩之物	2	1	MirrorDungeonTheme-1.json	1202
To be Pierced	当贯之物	2	1	MirrorDungeonTheme-1.json	1204
Emotional Judgment	被情感评判者	2	1	MirrorDungeonTheme-1.json	1321
La Manchaland Re-opening	重新开园的拉·曼却领	1	2	MirrorDungeonTheme-1.json	1019
Blade and Artwork	刀与作品	1	2	MirrorDungeonTheme-1.json	1026
Fairy Tale	精灵童话	2	1	MirrorDungeonTheme-1.json	1515
Current Rewards	当前奖励	2	1	MirrorDungeonUI.json	mirrordungeonui_current_reward
Halt Exploration	终止探索	1	2	MirrorDungeonUI.json	mirrordungeon_stop
Last Reached	最终探索区域	2	1	MirrorDungeonUI.json	dungeon_final_area
Product Catalogue	商品列表	1	2	MirrorDungeonUI_2.json	mirrordungeon_product_list
Enter Hard Dungeon	进入困难难度	1	2	MirrorDungeonUI_2.json	enter_hard_difficulty
Add a new Identity or E.G.O to the current team	为当前编队追加新的人格或E.G.O	0	3	MirrorDungeonUI_2.json	dungeon_shop_change_formation_desc
Claim the rewards?	是否领取奖励？	0	3	MirrorDungeonUI_2.json	mirrordungeon_acquire_rewards_no_chance_desc
Intense Training	极限锻炼	2	1	MirrorDungeonUI_2.json	mirror_dungeon_buffs_title_8
No effects active.	当前没有效果激活。	2	1	MirrorDungeonUI_2.json	list_of_applied_effects_is_empty
Triumphant Return	衣锦还乡	1	2	MirrorDungeonUI_2.json	mirror_dungeon_3_buffs_title_14
Selectable E.G.O Gift +1	出现的饰品数量+1	0	3	MirrorDungeonUI_2.json	md3_buffs_summaryDesc_103
[Shops] Cheaper Skill Replacement Cost	技能替换所需经费减少	0	3	MirrorDungeonUI_2.json	md3_buffs_summaryDesc_1093
Take -3% damage	受到的伤害-3%	0	3	MirrorDungeonUI_2.json	md3_buffs_summaryDesc_123
Exploring:	探索状态	0	3	MirrorDungeonUI_3.json	mirror_dungeon3_current_explore
Team Participants	编队人数	1	2	MirrorDungeonUI_3.json	mirror_dungeon_shop_change_formation_count
Cleared Floors	已通过层数	2	1	MirrorDungeonUI_3.json	number_of_cleared_floors
Itinerant Rain	阵雨	1	2	MirrorDungeonUI_4.json	mirror_dungeon_4_buffs_title_23
Tier 2 + Tier 3 => Tier 2	2级 + 3级 => 2级	0	3	MirrorDungeonUI_4.json	mirror_ego_gift_combine_guide_table_1_desc_5_0
Selected Floor Theme	选择阶层主题	2	1	MirrorDungeonUI_4.json	mirrordungeon_selected_floor_theme_label
Refresh Cost Refunded	[新品小册] 效果触发	2	1		
Featured E.G.O Gifts	出现E.G.O饰品列表	2	1	MirrorDungeonUI_4.json	mirror_dungeon_appeared_ego_gift
Tier 1 + Tier 1 + Tier 1	1级 + 1级 + 1级	0	3	MirrorDungeonUI_4.json	new_ego_gift_combine_guide_table_3_desc_1_0
Tier 1 + Tier 1 + Tier 2	1级 + 1级 + 2级	0	3	MirrorDungeonUI_4.json	new_ego_gift_combine_guide_table_3_desc_2_0
Tier 1 + Tier 1 + Tier 3	1级 + 1级 + 3级	0	3	MirrorDungeonUI_4.json	new_ego_gift_combine_guide_table_3_desc_3_0
Tier 1 + Tier 2 + Tier 2	1级 + 2级 + 2级	0	3	MirrorDungeonUI_4.json	new_ego_gift_combine_guide_table_3_desc_4_0
Tier 1 + Tier 2 + Tier 3	1级 + 2级 + 3级	0	3	MirrorDungeonUI_4.json	new_ego_gift_combine_guide_table_3_desc_5_0
Tier 1 + Tier 3 + Tier 3	1级 + 3级 + 3级	0	3	MirrorDungeonUI_4.json	new_ego_gift_combine_guide_table_3_desc_6_0
Tier 2 + Tier 2 + Tier 2	2级 + 2级 + 2级	0	3	MirrorDungeonUI_4.json	new_ego_gift_combine_guide_table_3_desc_7_0
Tier 2 + Tier 2 + Tier 3	2级 + 2级 + 3级	0	3	MirrorDungeonUI_4.json	new_ego_gift_combine_guide_table_3_desc_8_0
Tier 2 + Tier 3 + Tier 3	2级 + 3级 + 3级	0	3	MirrorDungeonUI_4.json	new_ego_gift_combine_guide_table_3_desc_9_0
Tier 3 + Tier 3 + Tier 3	3级 + 3级 + 3级	0	3	MirrorDungeonUI_4.json	new_ego_gift_combine_guide_table_3_desc_10_0
Grace of Stars Selected	星之恩惠 选择完毕	2	1	MirrorDungeonUI_5.json	mirror_start_buff_purchase_complete_modal_title
[{0}] Revived	触发星之恩惠效果	0	3		
Grace of Stars Passive	星之恩惠被动	1	2	MirrorDungeonUI_5.json	mirror_start_buff_applied_passive
Grace of the Dreaming Star	梦中的星之恩惠	0	3	MirrorDungeonUI_5.json	mirror_dungeon_start_buff_Panel_title
Heal Sinners	治疗罪人	1	2	MirrorDungeonUI_5.json	mirrordungeon_shop_heal_title
For Fusion & Sale Gifts obtained	触发星之恩惠效果	0	3		
Fusion E.G.O Gift Tier	合成E.G.O饰品等级	2	1	MirrorDungeonUI_5.json	mirrordungeon_egogift_combine_guide_result_tier_header
Until {0}	{0}为止	0	3	MirrorDungeonUI_5.json	mirrordungeon_start_bonus_personality_period
Free Refresh	免费刷新	2	1	MirrorDungeonUI_7.json	mirror_dungeon_shop_free_refresh_side_popup
Fusion Available	可合成	1	2	MirrorDungeonUI_7.json	mirror_dungeon_combine_panel_combinable_egoGift_tag
Tiantui Star's Blade - Overheat	天退星刀 过热	0	3	Passives-BossRaid.json	501912
Stawchnesh	觉乌	1	2	Passives-x1p1c1.json	40002901
Pwuckinesh	觉乌	1	2	Passives-x1p1c1.json	40003401
Respiration	喘息未定	2	1	Passives.json	1070201
Radio Comms	无线通讯	1	2	Passives.json	1020221
Divide in Two	一刀两断	1	2	Passives.json	1030321
Military Mindset	军人精神	1	2	Passives.json	1110121
Maneuver Training	机动训练	1	2	Passives.json	1050621
The Mistress's Voice...!	夫人在叫我…！	0	3	Passives.json	1110801
Blood Barrier	鲜血屏障	2	1	Passives.json	999904
Deep Cleaning	掸去积尘	2	1	Passives.json	1080901
One Step Ahead	快人一步	2	1	Passives.json	1051121
Heishou Mutation [Mao]	黑兽化[卯]	0	3	Passives.json	1041101
Purge Enforcer of the Famiglie	家族肃清者	0	3	Passives.json	1121301
Backed Against a River	背水之阵	1	2	Passives.json	1071421
The Orthodox Blade [整劍]	整剑	0	3	Passives.json	1101501
Singular Focus of the Mind	精神一到	0	3	Passives.json	1101502
Tranquility [靜念]	静念	0	3	Passives.json	1101521
Magnum Opus: Tibia	一生之作：提比娅	0	3	Passives.json	1061404
Please, Do Stop Running and Be Seated	四处走动的观众，请坐在椅子上欣赏	0	3	Passives.json	1061421
Fascia, My Precious Artwork	我珍贵的作品，法西娅	0	3	Passives.json	1021504
Sealed Sword [Lævateinn]	封印之剑[莱瓦汀]	0	3	Passives.json	1111503
Parenting	孩子的教育	2	1	Passives.json	1111504
Scouring Hunterband [推刷巾]	推刷巾	0	3	Passives.json	1061501
The Shame of Famiglia Bognatelli	伯纳特利家族之耻	0	3	Passives.json	1091603
Self-loathing	自我厌恶	2	1	Passives_Abnormality-a1c6p2.json	816401
A Place for Me	我的地盘	1	2	Passives_Abnormality-a1c6p2.json	816505
Fathomless Wrath	莫名的暴怒	1	2	Passives_Abnormality-a1c6p2.json	816407
Infernal Hound	地狱猎犬	2	1	Passives_Abnormality-a1c6p3.json	816606
Long-awaited Moment	等待已久的那一刻	2	1	Passives_Abnormality-a1c6p3.json	9101603
Erupting Wrath	暴怒爆发	2	1	Passives_Abnormality-a1c6p3.json	816103
I Don't Need Ugly Things!!	我不需要不美丽之物！！	0	3	Passives_Abnormality-a1c7p1.json	837203
Blood... Blood... Blood...!	血…血…血…！	0	3	Passives_Abnormality-a1c7p1.json	837208
The Parade's Lady	游行的主角	1	2	Passives_Abnormality-a1c7p2.json	838102
Shattering, Scattering Hardblood	破碎四散的硬血	0	3	Passives_Abnormality-a1c7p3.json	840301
Failed Ambush	奇袭失败	1	2	Passives_Abnormality-a1c8p2.json	113101
Deathrite [Halt (勿動)]	咒杀【勿动】	0	3	Passives_Abnormality-a1c8p2.json	113703
Deathrite [Impede (掣肘)]	咒杀【掣肘】	0	3	Passives_Abnormality-a1c8p2.json	113704
I still await your answer.	我还没有听到你的答案。	0	3	Passives_Abnormality-a1c8p2.json	114107
Lights Out	灯泡放电	2	1	Passives_Abnormality-a1c951.json	811302
Iron Maiden - Defibrillation	铁处女-除颤	0	3	Passives_Abnormality-a1c9p1.json	131903
Allow Me to Briefly Enjoy My Pupil's Exhibition	让我来欣赏一下徒弟的作品吧	0	3	Passives_Abnormality-a1c9p3.json	133106
Visitors Must Respect the Rules of the Gallery	画廊有其独有的欣赏规则	0	3	Passives_Abnormality-a1c9p3.json	133604
Am I doing this right, Papa?!	这样做就可以了吧，老爸！	0	3	Passives_Abnormality-a1c9p3.json	132801
Rien, The Index Nursefather	食指父辈 里恩	0	3	Passives_Abnormality-a1c9p3.json	134701
Rien, the Father [Imitation]	父辈 里恩[仿造品]	0	3	Passives_Abnormality-a1c9p3.json	134801
Oracle Device [Caduceus] - Full Unlock	神谕终端[双蛇杖]-完全解放	0	3	Passives_Abnormality-a1c9p3.json	134802
Plastered Training	烂醉修行	2	1	Passives_Abnormality-cultivation.json	127202
Tracking Traces	痕迹追踪	1	2	Passives_Abnormality-exme.json	144802
The Seventh Kindred	七代眷属	1	2	Passives_Abnormality-mowe.json	834802
I am yet to hear your answer.	我还没有听到你的答案。	0	3	Passives_Abnormality-mr6.json	118301
Rufo, a Docent of The Ring's School of Fauvism	环指 野兽派讲解员 卢佛	0	3	Passives_Abnormality-twth.json	142301
DON'T LET THE KIDS READ THIS	如果它出现了也是bug	0	3	Passives_Abnormality.json	800202
Severed Arm	被切断的手臂	2	1	Passives_Abnormality.json	803302
Connected Hurt	连结的痛楚	1	2	Passives_Abnormality_Refraction3.json	858601
Want to be Free	渴望自由	1	2	Passives_Abnormality_Refraction4.json	860803
Sharp Thorn	锋利的荆棘	1	2	Passives_Abnormality_Refraction5.json	863306
Dragon's Scale	龙鳞	1	2	Passives_Abnormality_Refraction6.json	956804
The Last Resort	最后的手段	1	2	Passives_Assist-a1c9p3.json	40000701
Deep Contemplation	深深思索	2	1	Passives_Assist-a1c9p3.json	40001001
Blood Barrier	血幕	2	1	Passives_Assist-a1c9p3.json	40001204
Halberd and Bastard Sword	长柄斧与手半剑	1	2	Passives_Assist-a1c9p3.json	40001304
Wading Through a Dream, the Self Nowhere to be Found [無我夢中]	无我梦中	0	3	Passives_Assist-a1c9p3.json	40001501
Swiftblade	快剑	1	2	Passives_Assist-exme.json	40003803
Thanks so much, everyone!	大家，太谢谢你们了！	0	3	Passives_Assist-walpu6.json	40000302
Connected Pain	连结的痛楚	1	2	Passives_Enemy-a1c5p1.json	9008302
Ain't That a Prick?	那儿不痛吗？	0	3	Passives_Enemy-a1c5p1.json	9008601
Huzzah, Men!	好耶！	0	3	Passives_Enemy-a1c5p1.json	9101203
Useless Fools...	没用的东西…	1	2	Passives_Enemy-a1c6p2.json	9101604
Focusing on Target	逐渐明确的目标	1	2	Passives_Enemy-a1c8p1.json	9019803
Honing in on Target	逐渐明确的目标	1	2	Passives_Enemy-a1c8p1.json	9020002
Plastered Training	酩酊修行	2	1	Passives_Enemy-a1c8p1.json	9102102
Golden Time I	黄金时间 I	1	2	Passives_Enemy-tkt.json	9014202
Time Recoil I	时间反冲 I	1	2	Passives_Enemy-tkt.json	9014203
Puffy Brume	烟气缭绕	1	2	Passives_Enemy-walpu5.json	9017801
Big Boss	老大哥	2	1	Passives_Enemy.json	9100301
Solid Exterior	坚固外壳	1	2	Passives_Enemy.json	9004602
Strangling Curse Talisman	捆缚的咒符	2	1	Passives_Enemy.json	9100902
Terminus: The Garden	终点站：庭院	0	3	RailwayDungeonNode1002.json	100206
Station #4: Interlude	第4站：幕间	0	3	RailwayDungeonNode3.json	304
Station #8: Interlude	第8站：幕间	0	3	RailwayDungeonNode3.json	308
Station {0}	第{0}站	0	3	RailwayDungeonUI.json	stage_number
Final Turn Count	总计清剿回合数	2	1	RailwayDungeonUI.json	final_clear_accumulated_turn
Operation Period	运行期间	1	2	RailwayDungeonUI.json	railway_dungeon_open_duration
Continue Travels	继续行进	1	2	RailwayDungeonUI.json	railway_dungeon_resume_operation
Total Clear Turn Count	累计通关回合数	1	2	RailwayDungeonUI.json	railway_clear_turn_count
No selected Buffs.	当前没有已选择的BUFF。	2	1	RailwayDungeonUI_1002.json	railway_1002_no_buff_in_list
Revivable	可复活	2	1	RailwayDungeonUI_2.json	railway_dungeon_resurrectable
Selected Buffs List	BUFF选择列表	1	2	RailwayDungeonUI_2.json	railway_dungeon_2_buff_effect_title
No selected Buffs.	没有可选择的BUFF。	2	1	RailwayDungeonUI_2.json	railway_dungeon_2_empty_selected_buffs
Save Team	保存编队	1	2	RailwayDungeonUI_3.json	railway_dungeon_save_formation
Total Participants	<size=200%>参战人数</size>	1	2	RailwayDungeonUI_4.json	formation_participate_battle_label
No effects active.	没有生效中的效果。	2	1	RailwayDungeonUI_6.json	railway_6_ui_empty_battle_effect_desc
No effect applied	无生效的效果	1	2	RailwayDungeonUI_6.json	railway_6_ui__attack_resistance_buff_for_ui_empty
Cannot be Edited	无法编辑	2	1	SeasonTitle-a1c7.json	unable_to_edit
Zàng Huā Yín	Zàng Huā Yín	0	3	SeasonTitle.json	season_title_6
COLLAB ONLY	联动限定	1	2	SeasonTitle.json	season_8000_collaboration_filter_title
The Lake and the Butterfly	湖与蝴蝶	0	3	StageNode-a1c5p2.json	10526
Ticking Sounds	钟表之音	2	1	StageNode-a1c6p3.json	10635
Actions of a Thief	小偷的行径	1	2	StageNode-a1c8p3.json	10824
Happiness, Wrath, Sorrow, and Joy	喜怒哀乐	0	3	StageNode-a1c8p3.json	10833
A Flawless Plan	完美的战术	1	2	StageNode1-2.json	10203
Class 1 2	1级 2	2	1	StageNode1-4.json	10442
Binding 2	纽带 2	2	1	StageNode1-4.json	10452
Thirty Days of Classes	三十日课程	2	1	StageNode91-19.json	911904
Chicken Attack	袭鸡	1	2	StageNode91-3.json	910301
Hen Havoc	袭鸡 2	2	1	StageNode91-3.json	910302
A Chicken in Hand	鸡在掌握	1	2	StageNode91-3.json	910305
An Unexpected Journey	意想不到的旅程	2	1	StageNode91-5.json	910503
District 20 Backstreets	20区 后巷	2	1	StageNode91-7.json	910701
Upgrading Identities	人格强化	1	2	StoryTheaterDanteNote_3.json	PersonalityUpgrade
Stage 2 Peccatula	2阶罪种	1	2	StoryTheaterDanteNote_6.json	PeccatulaLv2
A Wing's Decisive Weapon	翼的决战兵器	2	1	UnitKeyword-a1c9p3.json	UnitKeyword_WINGS_ULTIMATEWEAPON
LCE?	LCE？	0	3	UnitKeyword.json	UnitKeyword_LIMBUS_COMPANY_LCE_UNSETTLED
To the Arteries	前往动脉	1	1	AbEvents-a1c5p3.json	10503
Supply Crate 1	补给品 1	1	1	AbEvents-a1c5p3.json	1050501
Supply Crate 2	补给品 2	1	1	AbEvents-a1c5p3.json	1050502
Ahab 2	亚哈 2	1	1	AbEvents-a1c5p3.json	810602
Ahab 3	亚哈 3	1	1	AbEvents-a1c5p3.json	810603
낭떠러지_도전	낭떠러지_도전	0	2	AbEvents-a1c8p2.json	1080601
항아리_보기	항아리_보기	0	2	AbEvents-a1c8p2.json	1080801
공포_견디기	공포_견디기	0	2	AbEvents-a1c8p2.json	1081001
막바지_보너스_내기	막바지_보너스_내기	0	2	AbEvents-a1c8p2.json	1081301
Punish the You branch Heishou.	处罚黑兽 - 酉。	0	2	AbEvents-cultivation.json	97106801
Someone fenced Heishou Pack - Wu Branch gear	赃物：黑兽 - 午的装备	0	2	AbEvents-cultivation.json	97107301
The Last Knight and Rocinante	最后的骑士与罗辛南特	0	2	AbEvents-pilgrimage.json	12880301
The Glorious Past of Iberia	伊比利亚昔日的辉煌荣光	0	2	AbEvents-pilgrimage.json	97107501
Singing Machine Gift Option 2 - Harmony Guitar	歌唱机 饰品 选项2 - 和声吉他	0	2	AbEvents-walpu8.json	97109801
Singing Machine Gift Option 2 - Self-playing Bass	歌唱机 饰品 选项2 - 自动演奏贝斯	0	2	AbEvents-walpu8.json	97109901
A Rotting Corpse’s Memento	腐尸所遗留之物	0	2	AbEvents.json	1030601
{0} <color=#fe4b48>loses {1} SP</color>	{0} <color=#fe4b48>失去{1}点理智值</color>	0	2	AbEventsResultLog-a1c5p3.json	810001_skinPredector_success_1_1
{0} gains %{2} {1}/% and %{4} {3}/% for the encounter.	本关卡中，{0} 获得%{2} {1}/%，%{4} {3}/%。	0	2	AbEventsResultLog-a1c5p3.json	810001_skinPredector_success_1_3
1 {0} <color=#e30000>loses {1} HP</color>	{0}之一<color=#e30000>失去{1}体力</color>	0	2	AbEventsResultLog-a1c5p3.json	810201_nk_success_1_1
{0} gains %{2} [{1}]/% and %{4} [{3}]/%	{0}获得%{2} [{1}]/%，%{4} [{3}]/%	0	2	AbEventsResultLog-a1c5p3.json	810602_success_1_1
{0} <color=#80c9ff>fully heals SP</color>	{0}<color=#80c9ff>恢复至理智值上限</color>	0	2	AbEventsResultLog-a1c5p3.json	810602_success_1_2
{0} gains %{2} [{1}]/%	{0} 获得%{2} [{1}]/%	0	2	AbEventsResultLog-a1c5p3.json	810602_success_1_5
<color=#ebcaa2>[{0}]</color> gains %{2} [{1}]/%	<color=#ebcaa2>[{0}]</color>获得%{2} [{1}]/%	0	2	AbEventsResultLog-a1c6p3.json	816601_success_1
<color=#ebcaa2>[{0}]</color> gains %{2} [{1}]/% next turn	在下回合对<color=#ebcaa2>[{0}]</color>施加%{2} [{1}]/%	0	2	AbEventsResultLog-a1c6p3.json	816601_failure_1
<color=#ebcaa2>[{0}]</color> takes {1} SP damage	<color=#ebcaa2>[{0}]</color>受到{1}点理智值伤害	0	2	AbEventsResultLog-a1c6p3.json	816601_failure_2
[{0}] gains %{3} {2}/% for {1} turn(s)	[{0}]在{1}回合内获得%{3} {2}/%	0	2	AbEventsResultLog-a1c6p3.json	817304_success_2
<color=#ebcaa2>{0}</color> gains % [{2} {1}]/%	<color=#ebcaa2>{0}</color>获得%[{2} {1}]/%	0	2	AbEventsResultLog-pilgrimage.json	12880101_succeed_1
<color=#ebcaa2>The Golden Apple formed a new body!</color>	<color=#ebcaa2>金苹果生成了新的躯干！</color>	0	2	AbEventsResultLog.json	800801_muckwormedapple_success_1_1
<color=#ebcaa2>[{0}] gains %{2} [{1}]/%</color>	<color=#ebcaa2>[{0}] 增加%{2} [{1}] /%</color>	0	2	AbEventsResultLog.json	804501_electriccentipede_failure_1_1
<color=#ebcaa2>All Sinners</color> lose %{0}/%.	<color=#ebcaa2>全体罪人</color>失去 %{0}/%。	0	2	AbEventsResultLog_Refraction3.json	857701_abm_success_1_1
Gain {0} E.G.O resources for all affinities	获得所有E.G.O资源各{0}个	0	2	AbEventsResultLog_Refraction4.json	862902_2_1
Gain {0} E.G.O resource for all Affinities	获得所有E.G.O资源各{0}个	0	2	AbEventsResultLog_Refraction6.json	956801_3_1
Black Ledger Choice - Save the Civilians.	黑色账簿选项 - 拯救居民。	0	2	AbEvents_Mirror4.json	97101201
Ragged Bamboo Hat Choice - That's not what matters	破损的斗笠 判定 - 重要的另有其事	0	2	AbEvents_Mirror4.json	97101701
I gues so	似乎如此	1	1	AbEvents_Ycgd.json	97105001
Bamboo-hatted Kim's Past 5	金笠的过去 5	1	1	AbEvents_exme.json	1090601
We're the 'samples'.	我们就是样本。	0	2	AbEvents_lcbcheckup.json	97104301
Carefully look around.	仔细地观察周围。	1	1	AbEvents_lcbcheckup.json	97104801
A W Corp. Cleanup Agent is battling a group of Bloodbags.	一位W公司清扫人员正在与一群血袋战斗	0	2	AbEvents_mowe-re.json	97108402
Quiet Corridor of the Middle	寂静的中指走廊	0	2	AbEvents_twth.json	97110601
Peccatulum Gulae?	暴食罪种?	0	2	AbnormalityGuides-a1c6p2.json	8160
Peccatulum Irae Type 3	暴怒罪种 3型	1	1	AbnormalityGuides-a1c6p3.json	8161
Muddled Heishou of the Corpse Palanquin	混觉辒辌黑兽	0	2	AbnormalityGuides-a1c8p3.json	1146
Class 3 Peccatulum Pigritiae	怠惰罪种 3型	1	1	AbnormalityGuides-a1c9114.json	1080
Class 3 Peccatulum Morositatis	忧郁罪种 3型	1	1	AbnormalityGuides-a1c9114.json	1081
Passenger Bloodbag	乘客血袋	1	1	AbnormalityGuides-mowe.json	8349
W Corp. Bloodbag	W公司血袋	1	1	AbnormalityGuides-mowe.json	8348
Prosthetic Bloodbag	义体血袋	1	1	AbnormalityGuides-mowe.json	8346
Lobotomy E.G.O::Sunshower - Dongbaek	脑叶公司E.G.O::狐雨 - 冬柏	0	2	AbnormalityGuides.json	8043
Checking the Boat	检查船只	1	1	ActionEvents-a1c5p3.json	10501
Supply Crates	回收补给	1	1	ActionEvents-a1c5p3.json	10505
아파하는 테디 선택지 선택 이벤트	아파하는 테디 선택지 선택 이벤트	0	2	ActionEvents-a1c7p3.json	837901
Lobotomy Corporation Central Command	脑叶公司 中央本部	1	1	ActionEvents-walpu6.json	971062
Lobotomy Corporation Storage	脑叶公司 仓库	1	1	ActionEvents-walpu6.json	971063
Choice Event for resting	去往休息的选项	1	1	ActionEvents-walpu8.json	971092
Suspiciously Sparkly Vending Machine	可疑的闪光自动贩卖机	1	1	ActionEvents.json	102001
An Old Room with a Clockwork Mechanism	一间放着机械发条装置的破旧房间	0	2	ActionEvents.json	10301
A Vessel of Zeal	狂信之物	1	1	ActionEvents.json	10309
Exhibit of Human Parts	人体部位展览	1	1	ActionEvents.json	10311
Test of Worthiness	资格试炼	1	1	ActionEvents.json	103006
Mirror Room	镜之屋	1	1	ActionEvents.json	201002
ApproachingTheFlower	靠近花树	1	1	ActionEvents.json	10406
Black Ledger Choice #2	黑色账簿 选项2	0	2	ActionEvents_Mirror4.json	97101202
Fractured & Broken Blade Choice	破碎的刀刃，损坏的刀刃 选项	0	2	ActionEvents_Mirror4.json	971014
Poultry Memory	群之鸡忆	1	1	ActionEvents_Mirror7.json	971089
A merchant passenger	一位正在卖东西的乘客	1	1	ActionEvents_mowe-re.json	971083
May She... Wake in Torment!	愿她…在苦痛中醒来！	0	2	BattleKeywords-a1c6p3.json	AaCfPcBr
Declared Duel - Camille	决斗宣告-卡米尔	0	2	BattleKeywords-a1c7p1.json	DuelDeclaration_Camille
Blood-shooting!!	血猎！！	0	2	BattleKeywords-a1c7p1.json	BloodShooting
HOW RIGHTEOUS!!	正义至极！！	0	2	BattleKeywords-a1c7p1.json	RighteousFeeling
Declared Duel - Meursault	决斗宣告-默尔索	0	2	BattleKeywords-a1c7p1.json	DuelDeclarationMeursault
Focused Attack - Meursault	集中攻击-默尔索	0	2	BattleKeywords-a1c7p1.json	ConcentratedAttackMeursault
I will take responsibility, through my bloody tears.	含着血泪，我会承担起责任。	0	2	BattleKeywords-a1c7p1.json	RighteousFeelingSancho
Bloodfeast Consumed (shared)	共用消耗血宴总数	0	2	BattleKeywords-a1c7p3.json	BloodDinner_Common_Accumulation
Time to abandon my dream...	是时候放弃我的梦了…	0	2	BattleKeywords-a1c7p3.json	WeightOfResponsibility_LowMorale
... For my Family, as their Father...	作为父亲，为了家人…	0	2	BattleKeywords-a1c7p3.json	WeightOfResponsibility_Panic
WHICH TREATS THE BUS, THE COMPANIONS, AND THE ADVENTURES	与同伴们在巴士上一同经历了诸多冒险，	0	2	BattleKeywords-a1c7p3.json	FragmentOfHope
OF HOW SANCHO, OUR DON QUIXOTE, REFUSED TO END THE DREAM	梦永不迎来终焉的桑丘，也是我们的堂吉诃德的故事	0	2	BattleKeywords-a1c7p3.json	FragmentOfHopeTwo
Deathrite 【Wane】	咒杀【衰亡】	0	2	BattleKeywords-a1c8p2.json	BurstWave
Deathrite 【Enfeeble】	咒杀【弱化】	0	2	BattleKeywords-a1c8p2.json	BurstWeakness
Tremor - Scorch	震颤-灼热	0	2	BattleKeywords-a1c8p3.json	VibrationIgnition
Reload - Tactical	再次装填-余弹维持	0	2	BattleKeywords-a1c8p3.json	ReloadKeepAmmo
Beastly Instinct - Low Morale	猛兽本能-士气低落	0	2	BattleKeywords-a1c8p3.json	BeastEyes_LowMorale
Beastly Instinct - Panic	猛兽本能-陷入恐慌	0	2	BattleKeywords-a1c8p3.json	BeastEyes_Panic
My Heart, My Own Thoughts...	我的本心与想法…	0	2	BattleKeywords-a1c8p3.json	Honglu_EGOResourceup
Volatile E.G.O Attunement - Contempt	不稳定E.G.O感应-轻蔑	0	2	BattleKeywords-a1c8p3.json	GahwanEgoContempt
Volatile E.G.O Attunement - Fell Bullet	不稳定E.G.O感应-凶弹	0	2	BattleKeywords-a1c8p3.json	GuboEgoShooter
Deathrite【Haste】	咒杀【迅捷】	0	2	BattleKeywords-a1c9116.json	BurstAgility
Strider【Mao】	脚力【卯】	0	2	BattleKeywords-a1c9116.json	LegStrength
The Audacity...!	竟敢…！	0	2	BattleKeywords-a1c9p1.json	HowDareYouApple
Shin (心) - Sora	心-空	0	2	BattleKeywords-a1c9p2.json	Blandishment_Shin_Enemy
Shin(心) - The Yellow Harpoon	心-蜜黄标枪	0	2	BattleKeywords-a1c9p2.json	YellowHarpoonSin
Nested Harpoon [Beesting]	穿刺标枪[蜂针]	0	2	BattleKeywords-a1c9p2.json	BeeSting
Nested Harpoon [Waspsting]	穿刺标枪[胡蜂针]	0	2	BattleKeywords-a1c9p2.json	ArtifactBeeSting
Apic Flashburst Blade Art - Hwando	闪蜂光剑术-环刀	0	2	BattleKeywords-a1c9p2.json	CriticalDmgUpVespa
Twisted and Disjointed Memory and Recollection	相互纠缠、扭曲的记忆与回忆	0	2	BattleKeywords-a1c9p2.json	RyoshuParrySoji
Malkuth's Reign - Imperfect Manifestation	Malkuth的统治-不完全显现	0	2	BattleKeywords-a1c9p2.json	Malkuth_Imperfect
Shin (心) - Procuration	心-代行	0	2	BattleKeywords-a1c9p2.json	Blandishment_Shin
White Breath - Safeguard the Mind	白色吐息-精神守护	0	2	BattleKeywords-a1c9p3.json	MosesWhiteBreathMental
Red Breath - Strengthen the Body	红色吐息-身体强化	0	2	BattleKeywords-a1c9p3.json	MosesRedBreathBody
Red Breath - Protect	红色吐息-守护	0	2	BattleKeywords-a1c9p3.json	MosesRedBreathShield
Purple Breath - Hysteria	紫色吐息-歇斯底里	0	2	BattleKeywords-a1c9p3.json	MosesPurpleBreathBind
Red Breath - Push the Body's Limit	红色吐息-疾驰的身体	0	2	BattleKeywords-a1c9p3.json	MosesRedBreathAttack
Shin (心) - Moses	心-摩西	0	2	BattleKeywords-a1c9p3.json	MosesSin
Dimensional Bag - Allas Workshop	次元包-阿拉斯工坊	0	2	BattleKeywords-a1c9p3.json	DimensionalBagEzraA
Dimensional Bag - Nester Workshop	次元包-涅斯托尔工坊	0	2	BattleKeywords-a1c9p3.json	DimensionalBagEzraB
Dimensional Bag - Screw Atelier	次元包-螺丝工作室	0	2	BattleKeywords-a1c9p3.json	DimensionalBagEzraC
Shin (心) - Ezra	心-以斯拉	0	2	BattleKeywords-a1c9p3.json	MiddleFingerEzraSin
The Middle - Vengeance Tattoo [<s>Great Brother</s>]	中指-仇怨纹身[<s>长兄</s>]	0	2	BattleKeywords-a1c9p3.json	ReinforcedTattooSpider
Corpus Ingredient (Bones)	活体材料(骨)	0	2	BattleKeywords-a1c9p3.json	HumanBoneTheRings
Corpus Ingredient (Blood)	活体材料(血)	0	2	BattleKeywords-a1c9p3.json	HumanBloodTheRings
The Exhibition is Complete!	展览完成	0	2	BattleKeywords-a1c9p3.json	SpecimenTheRings
Blinding Blood [盲血]	盲血	0	2	BattleKeywords-a1c9p3.json	BloodBranch
Backward Flow - Bitterness	逆行-憎恶	0	2	BattleKeywords-a1c9p3.json	SojiAbiAgePast
Forward Flow - Compassion	顺行-怜悯	0	2	BattleKeywords-a1c9p3.json	SojiAbiAgeFuture
Paroxysm - Afterimage Entanglement	暴走-残像纠缠	0	2	BattleKeywords-a1c9p3.json	TimeEntangleUnstable
Dawn's First Crow (雞鳴)	鸡鸣	0	2	BattleKeywords-a1c9p3.json	SojiAbiBuffOne
The Sun's Descent (日入)	日入	0	2	BattleKeywords-a1c9p3.json	SojiAbiBuffTwo
Sever the Thread [切絲]	切丝	0	2	BattleKeywords-a1c9p3.json	CutoffRyoshu
Prescript: [Device] - Warning	指令[终端]-警告	0	2	BattleKeywords-a1c9p3.json	IndexPrescript_RienSecondPhase
Karmic Consequence [Fortuna]	业[福尔图娜]	0	2	BattleKeywords-a1c9p3.json	KarmaOfIndexRien_2Phase
Shin (心) - Rien	心-里恩	0	2	BattleKeywords-a1c9p3.json	Shin_Rien
Ketsuen [けつえん]	血缘[けつえん]	0	2	BattleKeywords-a1c9p3.json	Ryoshu_RienBattle_1Phase
Renketsuen [れんけつえん]	连血缘[れんけつえん]	0	2	BattleKeywords-a1c9p3.json	Ryoshu_RienBattle_2Phase
Swig (眞)	小酌（真）	0	2	BattleKeywords-cultivation.json	SipOfAlcoholJin
Bloodpour (血注)	血注	0	2	BattleKeywords-cultivation.json	DrunkBlood
Thrashing to Hatch Ⅰ	为破卵而出的挣扎Ⅰ	0	2	BattleKeywords-cultivation.json	StudyStatSinclair_A
Thrashing to Hatch ⅠⅠ	为破卵而出的挣扎Ⅱ	0	2	BattleKeywords-cultivation.json	StudyStatSinclair_B
Thrashing to Hatch ⅠⅠⅠ	为破卵而出的挣扎Ⅲ	0	2	BattleKeywords-cultivation.json	StudyStatSinclair_C
Thrashing to Hatch ⅠⅤ	为破卵而出的挣扎Ⅳ	0	2	BattleKeywords-cultivation.json	StudyStatSinclair_D
Thrashing to Hatch Ⅴ	为破卵而出的挣扎Ⅴ	0	2	BattleKeywords-cultivation.json	StudyStatSinclair_E
Brand - No [奴]	烙印[奴]	0	2	BattleKeywords-exme.json	BrandedKimSatgat
Candy?	糖果？	0	2	BattleKeywords-fools.json	CandyForCharon
Tick-Tock?!	滴答滴答？！	0	2	BattleKeywords-fools.json	TickTockTickTock
Little Handy - Wilderness Survival Module	小帮手-野外维生单元	0	2	BattleKeywords-pilgrimage.json	WildernessSurvivalModule
Little Handy - Housekeeping Assistant Module	小帮手-家政辅助模块	0	2	BattleKeywords-pilgrimage.json	HousekeepingAssistantModule
Little Handy - Incremental Motion Firmware	小帮手-运动增量固件	0	2	BattleKeywords-pilgrimage.json	IncrementalMotionFirmware
Little Handy - Mini Decontamination Kit	小帮手-迷你去污套组	0	2	BattleKeywords-pilgrimage.json	MiniDecontaminationKit
Little Handy - External Upgrade Module	小帮手-外置强力升级	0	2	BattleKeywords-pilgrimage.json	ExternalUpgradeModule
T Corp. Special Investigator Badge	T公司特别搜查官徽章	0	2	BattleKeywords-tkt.json	TcorpSpecialInvestigator
Le Fauvisme - Masque de Loup Ensanglanté	野兽派-染血狼面	0	2	BattleKeywords-twth.json	FaubismWolfMaskBlooded
<s>The Middle</s> - Grudge	<s>中指</s>-仇怨	0	2	BattleKeywords-twth.json	ResentmentSpiderDaughterTwo
<s>The Middle Styled</s> Augmentation Tattoos	<s>中指式</s>强化纹身	0	2	BattleKeywords-twth.json	ReinforcedTattooSpiderDaughterTwo
!!!OUDATED EFFECT!!!	过期状态	0	2	BattleKeywords-walpu4.json	SinkingBlack
Meat Gear: Coercion	血肉齿轮-强迫	0	2	BattleKeywords-walpu5.json	MeatGearForce
What use... am I...?	我…已无用处了…吗？	0	2	BattleKeywords-walpu6.json	FailedToAssistQueen
I used too much power	好像用力过猛了	0	2	BattleKeywords-walpu6.json	UsedTooMuchPower
Love/Justice	爱/正义	0	2	BattleKeywords-walpu6.json	PowerOfLoveAndJustice
Here Comes Magical Girl!	魔法少女登场！	0	2	BattleKeywords-walpu6.json	MagicalGirlAppear
Regressive Transformation - Reversed	反转-逆位	0	2	BattleKeywords-walpu6.json	NoVillain
AoE Attack	群体攻击	1	1	BattleKeywords.json	AreaAtk
Baba Yaga’s Coming!	迫近的芭芭雅嘎	0	2	BattleKeywords.json	BabayagaTimeLimit
Borrowed Time of the Fathoms	心象中的时间租赁	0	2	BattleKeywords.json	TimeRental
Aim True!	再准点！	0	2	BattleKeywords.json	ATL_Breath
Get 'Em!	拿下他！	0	2	BattleKeywords.json	ATL_Target
Declared Duel - Outis	决斗宣告-奥提斯	0	2	BattleKeywords.json	DuelDeclaration_Outis
Sword of the Homeland - Rending	本国剑-传授洗法	0	2	BattleKeywords.json	BladeResultUpTier1
Sword of the Homeland - Penetrating	本国剑-传授刺法	0	2	BattleKeywords.json	BladeResultUpTier2
Tremor - Decay	震颤-崩坏	0	2	BattleKeywords.json	VibrationCollapse
Tremor - Fracture	震颤-裂痕	0	2	BattleKeywords.json	VibrationCrack
Before the King in Binds	缚王御前	0	2	BattleKeywords.json	ForwardToTheBoundKing
Tremor - Reverb	震颤-回响	0	2	BattleKeywords.json	VibrationEcho
Tremor - Everlasting	震颤-永恒	0	2	BattleKeywords.json	VibrationContinue
Courier Trunk - Rodion	派送箱-罗佳	0	2	BattleKeywords.json	DevyatDimensionalSack
Tremor - Clockwinding	震颤-上弦	0	2	BattleKeywords.json	VibrationSpring
Courier Trunk - Sinclair	派送箱-辛克莱	0	2	BattleKeywords.json	DevyatDimensionalSackSinclair
Ammo - Atelier Logic	弹药-逻辑工作室	0	2	BattleKeywords.json	Bullet_LogicAtelier
Concentration【Sniper】	集中精神【狙击】	0	2	BattleKeywords.json	LogicAtelierAM
Nebulizer β	雾化吸入器β	0	2	BattleKeywords.json	NebulizerInhale
Nebulizer α	雾化吸入器α	0	2	BattleKeywords.json	NebulizerExhale
Nerve Strike - Don Quixote	点穴-堂吉诃德	0	2	BattleKeywords.json	DianxueDonQuixote
Book of Vengeance [Sinclair]	复仇账簿[辛克莱]	0	2	BattleKeywords.json	VengeanceBookSinclair
Deathrite【Venom】	咒杀【剧毒】	0	2	BattleKeywords.json	BurstPoison
Deathrite 【Fissure】	咒杀【破】	0	2	BattleKeywords.json	BurstZilu
(엄지 싱클 탄환 보급 받는 대상 이펙트)	(엄지 싱클 탄환 보급 받는 대상 이펙트)	0	2	BattleKeywords.json	SingBulletSupport
Life from Death [死中求活]	死中求活	0	2	BattleKeywords.json	HeishouDeathCount
Your Will Guides My Blade.	斩随意动。	0	2	BattleKeywords.json	HeishouAttack
Heishou Bolus Contamination [黑獣丸染]	黑兽丸染	0	2	BattleKeywords.json	HeishouComboCountHonglu
One Who Walks The Way of the Hegemon	践行霸道之人	0	2	BattleKeywords.json	DarkHongluQiuAndHonglu
You're Ridiculous, Big Brother.	多么可憎啊，兄长。	0	2	BattleKeywords.json	DarkHongluParryGahwan
No Matter How Many Must Bleed...	纵使令千万人血流成河…	0	2	BattleKeywords.json	DarkHonglu_EGOResourceup
Tremor - Hemorrhage	震颤-大出血	0	2	BattleKeywords.json	VibrationBleeding
Hand - Pine Crane Suit	组札-松上鹤	0	2	BattleKeywords.json	HanafudaOne
Hand - Susuki Grass Suit	组札-芒上月	0	2	BattleKeywords.json	HanafudaTwo
Hand - Blue Sakura Suit	组札-青染樱	0	2	BattleKeywords.json	HanafudaThree
Bright【光】	光札	0	2	BattleKeywords.json	HanafudaCombo
Burgeoning of Horns [發角]	生角	0	2	BattleKeywords.json	GrownHorns
The Udjat [Vanguard]	瓦吉特之眼[先锋]	0	2	BattleKeywords.json	TheUdjatOutis
Shin (心) - Fate	心-命运	0	2	BattleKeywords.json	Shin_IndexFingerYisang
Reload [Germination]	再次装填[孢子补充]	0	2	BattleKeywords.json	MeursaultSporeBulletReloading
Bullet - Solitude	弹药-孤独	0	2	BattleKeywords.json	BulletGodok
Somatic Frisson-inspiring Melody [Empowered]	以人体奏响的旋律[强化]	0	2	BattleKeywords.json	MelodyBodyArtChebello
The Self Unbound - Flow State	拘束解除-创作沉浸	0	2	BattleKeywords.json	SilverOpportunity
Book of Vengeance [Heathcliff]	复仇账簿[希斯克利夫]	0	2	BattleKeywords.json	VengeanceBookHeathcliff
Book of Vengeance [The House of Spiders]	复仇账簿[蜘蛛巢]	0	2	BattleKeywords.json	RetaliationBookSpiderOutis
Sword of the Homeland - Striking	本国剑-传授击法	0	2	BattleKeywords.json	BongukGiftEnhance
Shin (心) - Disgrace	心-不光彩	0	2	BattleKeywords.json	ObsessionAndGreedRodion
Nerve Strike - Hong Lu	点穴-鸿璐	0	2	BattleKeywords.json	DianxueHongLu
Witnessed - Eastern Cinq	公证-东部Cinq协会	0	2	BattleKeywords.json	DuelSousTemoinsEast
Affinity Res Up (Exc. Wrath)	罪孽抗性强化(除暴怒外)	0	2	BattleKeywords_Mirror3.json	MDcFbBa
Affinity Res Up (Exc. Lust)	罪孽抗性强化(除色欲外)	0	2	BattleKeywords_Mirror3.json	MDcFbBb
Affinity Res Up (Exc. Sloth)	罪孽抗性强化(除怠惰外)	0	2	BattleKeywords_Mirror3.json	MDcFbBc
Affinity Res Up (Exc. Glut.)	罪孽抗性强化(除暴食外)	0	2	BattleKeywords_Mirror3.json	MDcFbBd
Affinity Res Up (Exc. Gloom)	罪孽抗性强化(除忧郁外)	0	2	BattleKeywords_Mirror3.json	MDcFbBe
Affinity Res Up (Exc. Pride)	罪孽抗性强化(除傲慢外)	0	2	BattleKeywords_Mirror3.json	MDcFbBf
Affinity Res Up (Exc. Envy)	罪孽抗性强化(除嫉妒外)	0	2	BattleKeywords_Mirror3.json	MDcFbBg
O compatriots of my dear child	我孩子的同伴们啊	0	2	BattleKeywords_Mirror6.json	FragmentOfHopeFamilyMirror
Dream her dream together in my stead	代替我，与那孩子一同追寻梦想吧	0	2	BattleKeywords_Mirror6.json	FragmentOfHopeTwoFamilyMirror
Shin (心) - ???	心-???	0	2	BattleKeywords_Mirror7.json	BlandishmentShinEnemyDelete
Moderate Risk	中等风险	1	1	BattleKeywords_Refraction5.json	MRR550
Refracted Lust	折射的色欲	1	1	BattleKeywords_Refraction5.json	MRR559
Refracted Gluttony	折射的暴食	1	1	BattleKeywords_Refraction5.json	MRR561
Refracted Pride	折射的傲慢	1	1	BattleKeywords_Refraction5.json	MRR563
Hostile Refraction	攻击性折射	1	1	BattleKeywords_Refraction5.json	MRR566
Defensive Refraction	防御折射	1	1	BattleKeywords_Refraction5.json	MRR568
Damage Refraction	伤害折射	1	1	BattleKeywords_Refraction5.json	MRR569
In the Past (Deactivated)	过去状态（已禁用）	0	2	BattleKeywords_Refraction6.json	StackPast
In the Present (Deactivated)	现在状态（已禁用）	0	2	BattleKeywords_Refraction6.json	StackPresent
In the Future (Deactivated)	未来状态（已禁用）	0	2	BattleKeywords_Refraction6.json	StackFuture
Dragon's Blood [龍血]	龙血	0	2	BattleKeywords_Refraction6.json	CondensedBloodRefraction
{0} days {1} hours left	剩余{0}天{1}小时	0	2	BattlePass.json	battlepass_remain_time
Cannot Purchase Pass Level	无法购买通行证等级	1	1	BattlePass.json	battlepass_purchase_level_up_failed
{0}h left	剩余{0}小时	0	2	BattlePass.json	remain_hours_with_label
Progress Updated	通行证经验上升	1	1	BattlePass.json	update_progress
You don’t have enough paid Lunacy.	付费狂气不足。	0	2	BattlePass.json	lack_of_paid_lunacy
Max Level Reached	已达到最高等级	1	1	BattlePass.json	battlepass_unable_levelup_by_level
<font="BebasKai SDF">LIMBUS PASS</font> Package	边狱通行证组合包	0	2	BattlePass.json	battlepass_package_purchase
Until Season 6 Update	到第6赛季开始前	1	1	BattlePass.json	until_season_5_start
Various rewards included in the Limbus Pass	可以领取边狱通行证奖励	0	2	BattlePass.json	battlepass_purchase_desc_pass
Immediately gain 10 Pass Levels upon purchase	购买后立即提升10通行证等级	0	2	BattlePass.json	battlepass_purchase_desc_pass_level
... for my Family, as their Father...	作为父亲，为了家人…	0	2	Bufs-a1c7p3.json	WeightOfResponsibility_Panic
Accept the Pain!	接受痛苦吧！	0	2	Bufs.json	Cromer_Boredom
Perfect Shell	完整外壳	1	1	Bufs.json	Perfected
Unvented Anger	难以言表的愤怒	1	1	Bufs.json	Strong_Chicken
Piece of a Broken Bond	破碎纽带的残片	0	2	Bufs.json	EgoAwakenDongrangShardOfBrokenConnection
Unknown Wound	未知的伤口	1	1	Bufs.json	Choice_1040301
Wrath Boost	暴怒强化	1	1	Bufs.json	RailBuffForLine2_D_ALLY
Lust Boost	色欲强化	1	1	Bufs.json	RailBuffForLine2_E_ALLY
Sloth Boost	怠惰强化	1	1	Bufs.json	RailBuffForLine2_F_ALLY
Gluttony Boost	暴食强化	1	1	Bufs.json	RailBuffForLine2_G_ALLY
Gloom Boost	忧郁强化	1	1	Bufs.json	RailBuffForLine2_H_ALLY
Pride Boost	傲慢强化	1	1	Bufs.json	RailBuffForLine2_I_ALLY
Envy Boost	嫉妒强化	1	1	Bufs.json	RailBuffForLine2_J_ALLY
Burn Boost	烧伤强化	1	1	Bufs.json	RailBuffForLine2_M_ALLY
Bleed Boost	流血强化	1	1	Bufs.json	RailBuffForLine2_N_ALLY
Tremor Boost	震颤强化	1	1	Bufs.json	RailBuffForLine2_O_ALLY
Rupture Boost	破裂强化	1	1	Bufs.json	RailBuffForLine2_P_ALLY
Sinking Boost	沉沦强化	1	1	Bufs.json	RailBuffForLine2_Q_ALLY
Poise Boost	呼吸法强化	1	1	Bufs.json	RailBuffForLine2_R_ALLY
Charge Boost	充能强化	1	1	Bufs.json	RailBuffForLine2_S_ALLY
Blunt Power Down	打击威力降低	1	1	Bufs.json	HitResultDown
Pierce Power Down	突刺威力降低	1	1	Bufs.json	PenetrateResultDown
Slash Power Down	斩击威力降低	1	1	Bufs.json	SlashResultDown
Wrath Power Down	暴怒威力降低	1	1	Bufs.json	CrimsonResultDown
Lust Power Down	色欲威力降低	1	1	Bufs.json	ScarletResultDown
Gluttony Power Down	暴食威力降低	1	1	Bufs.json	ShamrockResultDown
Sloth Power Down	怠惰威力降低	1	1	Bufs.json	AmberResultDown
Gloom Power Down	忧郁威力降低	1	1	Bufs.json	AzureResultDown
Pride Power Down	傲慢威力降低	1	1	Bufs.json	IndigoResultDown
Envy Power Down	嫉妒威力降低	1	1	Bufs.json	VioletResultDown
Assistant Librarian of History	历史层助理司书	1	1	Bufs.json	LibrarianOfHistoryNormal
Unending Bereavement	无尽的丧失感	1	1	Bufs.json	AaCfPaBa_Alt1
Pouring Wrath	宣泄的暴怒	1	1	Bufs.json	AaCfPcBa_Alt1
Targeting Settings	目标设置	1	1	Bufs_Refraction5.json	FellBulletGroggy
Observe Battlefield	确认战斗状况	1	1	DanteAbilityUIText_a1c9p3.json	danteAbility_Personality_Selection_UIPopup_View_Battle_Status
Battlefield Status	当前战斗状况	1	1	DanteAbilityUIText_a1c9p3.json	danteAbility_view_battle_status
Ground Level Laboratory - Entrance n	地上实验室 第n入口	0	2	DungeonArea-a1c8p2.json	dungeon_1_8_0101
Quarantine Office	检疫室	1	1	DungeonArea-a1c8p2.json	dungeon_1_8_0103
Laboratory 4	第4实验室	1	1	DungeonArea-a1c8p2.json	dungeon_1_8_0106
Research Wing	研究楼	1	1	DungeonArea-a1c8p2.json	dungeon_1_8_0107
Experimentation Zone	实验区域	1	1	DungeonArea-a1c8p2.json	dungeon_1_8_0109
Laboratory 1	第1实验室	1	1	DungeonArea-a1c8p2.json	dungeon_1_8_0110
Closed Laboratory	被封锁的实验室	1	1	DungeonArea-a1c8p2.json	dungeon_1_8_0111
Laboratory 2	第2实验室	1	1	DungeonArea-a1c8p2.json	dungeon_1_8_0112
Containment Hall 3	第三收容走廊	1	1	DungeonArea1-1.json	dungeon_1_1_0105
Reserve Passageway	简易通道	1	1	DungeonArea1-1.json	dungeon_1_1_0206
Key Foothold	重要据点	1	1	DungeonArea1-1.json	dungeon_1_1_0303
Peccatula Enclosure	罪种收容设施	1	1	DungeonArea1-2.json	dungeon_1_2_0108
Paint Shop	涂装室	1	1	DungeonArea1-2.json	dungeon_1_2_0208
Drawbridge	吊桥	1	1	DungeonArea1-2.json	dungeon_1_2_0306
Ice Castle Where Neighbors Lie	邻里沉眠的冰霜城堡	0	2	DungeonArea1-2.json	dungeon_1_2_0307
Gate Entrance	关卡入口	1	1	DungeonArea1-3.json	dungeon_1_3_0101
Bridge of Suppuration	破碎之桥	1	1	DungeonArea1-3.json	dungeon_1_3_0205
N Corp's White Room	N公司的纯白房间	1	1	DungeonArea1-4.json	dungeon_1_4_0302
Hot ‘n Juicy Drumstick	火热多汁琵琶腿	0	2	EGOgift_MirrorDungeon-EventTheme.json	9701
Contaminated Needle & Thread	脏污的针与线	0	2	EGOgift_MirrorDungeon-EventTheme.json	9704
Sharp Needle & Thread	锐利的针与线	0	2	EGOgift_MirrorDungeon-EventTheme.json	9705
Oil-gunked Spanner	沾染油污的扳手	1	1	EGOgift_MirrorDungeon-EventTheme.json	9706
Twinkling Scrap	闪光废料	1	1	EGOgift_MirrorDungeon-EventTheme.json	9707
Pom-pom Hat	毛球帽	1	1	EGOgift_MirrorDungeon-EventTheme.json	9709
Huge Gift Sack	巨大的礼物袋	1	1	EGOgift_MirrorDungeon-EventTheme.json	9710
Sad Plushie	悲伤的毛绒玩偶	1	1	EGOgift_MirrorDungeon-EventTheme.json	9711
Pocket Watch : Type L	怀表：Type L	0	2	EGOgift_MirrorDungeon-EventTheme.json	9728
Pocket Watch : Type E	怀表：Type E	0	2	EGOgift_MirrorDungeon-EventTheme.json	9729
Pocket Watch : Type Y	怀表：Type Y	0	2	EGOgift_MirrorDungeon-EventTheme.json	9730
Pocket Watch : Type P	怀表：Type P	0	2	EGOgift_MirrorDungeon-EventTheme.json	9731
Snake Slough+	蛇蜕+	0	2	EGOgift_MirrorDungeon-EventTheme_2.json	19751
False Halo+	虚假的光相+	0	2	EGOgift_MirrorDungeon-EventTheme_2.json	19752
Metronome+	节拍器+	0	2	EGOgift_MirrorDungeon-EventTheme_2.json	19753
Bridle++	枷锁++	0	2	EGOgift_MirrorDungeon-EventTheme_2.json	29754
Contempt of the Gaze of Contempt+	轻蔑的视线的轻蔑+	0	2	EGOgift_MirrorDungeon-EventTheme_2.json	19755
Unhatched Embers+	未孵化的火种+	0	2	EGOgift_MirrorDungeon-EventTheme_2.json	19756
Vestiges of the King	王的残渣	1	1	EGOgift_MirrorDungeon-EventTheme_2.json	9758
Snuffed Candlestick	熄灭的烛台	1	1	EGOgift_MirrorDungeon-EventTheme_2.json	9760
Shadow Monster	影子怪物	1	1	EGOgift_MirrorDungeon-EventTheme_2.json	9761
Packaging Box	包装盒	1	1	EGOgift_MirrorDungeon-EventTheme_2.json	9762
Packaging Ribbon	包装缎带	1	1	EGOgift_MirrorDungeon-EventTheme_2.json	9763
Jolly Plushie	快乐的毛绒玩偶	1	1	EGOgift_MirrorDungeon-EventTheme_2.json	9765
Implicit Contract Renewal	默示契约更新	1	1	EGOgift_MirrorDungeon-EventTheme_2.json	9766
Darkflame Smoking Pipe	黑焰烟斗	1	1	EGOgift_MirrorDungeon-EventTheme_2.json	9767
Swift Command	迅捷指挥	1	1	EGOgift_MirrorDungeon-EventTheme_2.json	9769
Gear Shrapnel	齿轮碎片	1	1	EGOgift_MirrorDungeon-EventTheme_2.json	9770
CQC Manual	近身格斗术教材	1	1	EGOgift_MirrorDungeon-EventTheme_2.json	9771
Re-ignition Plug	重燃火花塞	1	1	EGOgift_MirrorDungeon-EventTheme_2.json	9774
Enhancer Mk.4	强化剂Mk.4	1	1	EGOgift_MirrorDungeon-EventTheme_2.json	9775
Regular Operational Gear	常规作战用装备	1	1	EGOgift_MirrorDungeon-EventTheme_2.json	9778
High-risk Operational Gear	高危作战用装备	1	1	EGOgift_MirrorDungeon-EventTheme_2.json	9780
Swarmcloud	丛云	1	1	EGOgift_MirrorDungeon-EventTheme_2.json	9785
Strange Glyph Talisman	异文符咒	1	1	EGOgift_MirrorDungeon-EventTheme_2.json	9787
Strange Glyph Inscriptions	镌刻的异文	1	1	EGOgift_MirrorDungeon-EventTheme_2.json	9790
Shadow Bamboo Hat	影织斗笠	1	1	EGOgift_MirrorDungeon-EventTheme_2.json	9791
Everlasting Chains of Bond	永恒的缘分锁链	1	1	EGOgift_MirrorDungeon-EventTheme_2.json	9792
Glyph of Glass Shards	漆字琉璃钿	1	1	EGOgift_MirrorDungeon-EventTheme_2.json	9793
Contained Maggots	封装蛆虫	1	1	EGOgift_MirrorDungeon-StoryTheme.json	9404
Haunted Shoes	鬼附鞋	1	1	EGOgift_MirrorDungeon-StoryTheme.json	9408
Frozen Cries	冰封的哀嚎	1	1	EGOgift_MirrorDungeon-StoryTheme.json	9409
Hoarfrost Footprint	霜冻足迹	1	1	EGOgift_MirrorDungeon-StoryTheme.json	9410
Spicebush Branch	山茶花枝	1	1	EGOgift_MirrorDungeon-StoryTheme.json	9419
Broken Glasses	破碎的眼镜	1	1	EGOgift_MirrorDungeon-StoryTheme.json	9423
Unmailed Letter	未寄出的信	1	1	EGOgift_MirrorDungeon-StoryTheme.json	9424
Harpoon Prosthetic Leg	捕鲸枪义腿	1	1	EGOgift_MirrorDungeon-StoryTheme.json	9429
Guiding Gas Lamp	照亮前方的汽灯	1	1	EGOgift_MirrorDungeon-StoryTheme.json	9430
Chief Butler's Secret Arts	首席管家的秘籍	1	1	EGOgift_MirrorDungeon-StoryTheme.json	9433
Handheld Mirror	手镜	1	1	EGOgift_MirrorDungeon-StoryTheme.json	9434
Town-protecting Harpoon+	守镇鱼叉+	0	2	EGOgift_MirrorDungeon-StoryTheme_2.json	19427
Broken Violin+	损坏的小提琴+	0	2	EGOgift_MirrorDungeon-StoryTheme_2.json	19431
Manor-shaped Music Box	宅邸模型八音盒	1	1	EGOgift_MirrorDungeon-StoryTheme_2.json	9432
Butler Style Binding Arts+	管家式束缚法+	0	2	EGOgift_MirrorDungeon-StoryTheme_2.json	19435
Refraction Glass Pod	折射玻璃管	1	1	EGOgift_MirrorDungeon-StoryTheme_2.json	9436
WB Flask	全血烧瓶	1	1	EGOgift_MirrorDungeon-mowe-re.json	9205
Sanguine Fragrance Descends	血香降临	1	1	EGOgift_MirrorDungeon-mowe-re.json	9206
Discarded Dimensional Gauntlet+	被遗落的次元护手+	0	2	EGOgift_MirrorDungeon-mowe-re.json	19818
Blue Starshard+	蓝星碎片+	0	2	EGOgift_MirrorDungeon-mowe-re.json	19817
Biogenerative Battery	生物发电电池	1	1	EGOgift_MirrorDungeon-mowe.json	9736
Cardiovascular Reactive Module	心脏反应模块	1	1	EGOgift_MirrorDungeon-mowe.json	9737
Prosthetic Joint Servos	义体关节伺服电机	1	1	EGOgift_MirrorDungeon-mowe.json	9738
Automated Joints	自动式关节	1	1	EGOgift_MirrorDungeon-mowe.json	9740
Overcharged Battery	过度充能电池	1	1	EGOgift_MirrorDungeon-mowe.json	9741
Perpetual Generator Servos	永动伺服电机	1	1	EGOgift_MirrorDungeon-mowe.json	9742
Hearts-powered Jewel	心动力宝石	1	1	EGOgift_MirrorDungeon-mowe.json	9743
Hellterfly’s Dream+	地狱蝶之梦+	0	2	EGOgift_MirrorDungeon.json	19001
Ashes to Ashes+	尘归尘+	0	2	EGOgift_MirrorDungeon.json	19003
Wound Clerid+	拟伤虫+	0	2	EGOgift_MirrorDungeon.json	19005
Fiery Down+	炽热的羽毛+	0	2	EGOgift_MirrorDungeon.json	19009
Bloody Gadget+	鲜血装饰+	0	2	EGOgift_MirrorDungeon.json	19010
Today’s Expression	此刻的神色	0	2	EGOgift_MirrorDungeon.json	9012
Talisman Bundle+	成捆的符咒+	0	2	EGOgift_MirrorDungeon.json	19013
Blood, Sweat, and Tears+	膏血+	0	2	EGOgift_MirrorDungeon.json	19015
Green Spirit+	绿光果实+	0	2	EGOgift_MirrorDungeon.json	19016
Crown of Roses+	玫瑰王冠+	0	2	EGOgift_MirrorDungeon.json	19018
White Gossypium+	白棉花+	0	2	EGOgift_MirrorDungeon.json	19020
Thunderbranch+	雷击木+	0	2	EGOgift_MirrorDungeon.json	19023
Late-bloomer’s Tattoo	刺青：大器晚成	0	2	EGOgift_MirrorDungeon.json	9026
Lowest Star+	谷底之星+	0	2	EGOgift_MirrorDungeon.json	19027
Nixie Divergence+	辉光变动仪+	0	2	EGOgift_MirrorDungeon.json	19031
Voodoo Doll+	巫毒娃娃+	0	2	EGOgift_MirrorDungeon.json	19035
Carmilla+	卡蜜拉+	0	2	EGOgift_MirrorDungeon.json	19036
Tomorrow’s Fortune	明日的运势	0	2	EGOgift_MirrorDungeon.json	9040
Red Order+	赤色指令+	0	2	EGOgift_MirrorDungeon.json	19041
Smokes and Wires+	烟霾与铁丝网+	0	2	EGOgift_MirrorDungeon.json	19042
Employee Card+	员工证+	0	2	EGOgift_MirrorDungeon.json	19043
Oscillating Bracelet+	震荡手环+	0	2	EGOgift_MirrorDungeon.json	19044
Glimpse of Flames+	炎鳞+	0	2	EGOgift_MirrorDungeon.json	19045
Barbed Lasso+	荆棘套索+	0	2	EGOgift_MirrorDungeon.json	19047
Rusted Cutting Knife+	锈蚀的美工刀+	0	2	EGOgift_MirrorDungeon.json	19048
Thorny Path+	荆棘之路+	0	2	EGOgift_MirrorDungeon.json	19049
Red-stained Gossypium+	红染棉花+	0	2	EGOgift_MirrorDungeon.json	19050
Stone Tomb+	石冢+	0	2	EGOgift_MirrorDungeon.json	19051
Portable Battery Socket+	便携式电源插座+	0	2	EGOgift_MirrorDungeon.json	19052
Dust to Dust+	土归土+	0	2	EGOgift_MirrorDungeon.json	19053
Melted Spring	融化的时钟发条	1	1	EGOgift_MirrorDungeon.json	9054
Downpour+	暴雨+	0	2	EGOgift_MirrorDungeon.json	19055
Disk Fragment	星象盘碎片	1	1	EGOgift_MirrorDungeon.json	9058
Thrill+	快感+	0	2	EGOgift_MirrorDungeon.json	19060
Skeletal Crumbs	遗骸碎片	1	1	EGOgift_MirrorDungeon.json	9061
Curriculum Vitae+	简历+	0	2	EGOgift_MirrorDungeon.json	19062
Pendant of Nostalgia+	追忆吊坠+	0	2	EGOgift_MirrorDungeon.json	19063
Broken Revolver	损坏的左轮手枪	1	1	EGOgift_MirrorDungeon.json	9064
Artistic Sense+	美感+	0	2	EGOgift_MirrorDungeon.json	19065
Nebulizer+	雾化吸入器+	0	2	EGOgift_MirrorDungeon.json	19066
Special Contract	特别合约	1	1	EGOgift_MirrorDungeon.json	9067
Wrist Guards+	护腕+	0	2	EGOgift_MirrorDungeon.json	19069
Clear Mirror, Calm Water+	明镜止水+	0	2	EGOgift_MirrorDungeon.json	19070
Charred Disk	烧焦的圆盘	1	1	EGOgift_MirrorDungeon.json	9071
Lightning Rod+	避雷针+	0	2	EGOgift_MirrorDungeon.json	19072
Endorphin Kit+	内啡肽试剂组+	0	2	EGOgift_MirrorDungeon.json	19073
Headless Portrait+	无头肖像+	0	2	EGOgift_MirrorDungeon.json	19074
Charge-type Gloves+	充能式手套+	0	2	EGOgift_MirrorDungeon.json	19075
First-aid Kit	便携式急救包	1	1	EGOgift_MirrorDungeon.json	9076
Voracious Hammer	贪婪之锤	1	1	EGOgift_MirrorDungeon.json	9078
Milepost of Survival	生存的里程标	1	1	EGOgift_MirrorDungeon.json	9080
Piece of Relationship+	缘分残片+	0	2	EGOgift_MirrorDungeon.json	19082
Burning Intellect+	炽热的智慧+	0	2	EGOgift_MirrorDungeon.json	19087
Rusted Muzzle+	锈蚀的笼头+	0	2	EGOgift_MirrorDungeon.json	19089
Bloody Mist	血雾	1	1	EGOgift_MirrorDungeon.json	9090
Bell of Truth+	真理之钟+	0	2	EGOgift_MirrorDungeon.json	19091
Coupled Oscillation	震颤耦合	1	1	EGOgift_MirrorDungeon.json	9092
Fluorescent Lamp+	荧光灯+	0	2	EGOgift_MirrorDungeon.json	19093
Enrapturing Trance	恍惚镜	1	1	EGOgift_MirrorDungeon.json	9094
Broken Compass+	破碎罗盘+	0	2	EGOgift_MirrorDungeon.json	19095
Black Sheet Music	黑色乐谱	1	1	EGOgift_MirrorDungeon.json	9096
Ornamental Horseshoe+	马蹄铁饰物+	0	2	EGOgift_MirrorDungeon.json	19097
Lucky Pouch	福袋	1	1	EGOgift_MirrorDungeon.json	9098
Material Interference Force Field+	物理屏蔽力场+	0	2	EGOgift_MirrorDungeon.json	19099
T-1 Perpetual Motion Machine	第一类永动机	1	1	EGOgift_MirrorDungeon.json	9100
Melted Paraffin+	熔化的石蜡+	0	2	EGOgift_MirrorDungeon.json	19101
Polarization+	偏振光+	0	2	EGOgift_MirrorDungeon.json	19102
Pain of Stifled Rage+	郁火+	0	2	EGOgift_MirrorDungeon.json	19103
Fragment of Hellfire	业火残片	1	1	EGOgift_MirrorDungeon.json	9105
Arrested Hymn+	被扣留的颂歌+	0	2	EGOgift_MirrorDungeon.json	19106
Tangled Bundle+	纠缠捆束+	0	2	EGOgift_MirrorDungeon.json	19107
Awe+	敬畏+	0	2	EGOgift_MirrorDungeon.json	19108
Fragment of Allurement	魅惑残片	1	1	EGOgift_MirrorDungeon.json	9110
Bio-venom Vial+	生物剧毒药瓶+	0	2	EGOgift_MirrorDungeon.json	19111
Venomous Skin+	剧毒外皮+	0	2	EGOgift_MirrorDungeon.json	19112
Sour Liquor Aroma+	酸味的酒香+	0	2	EGOgift_MirrorDungeon.json	19113
Mirror Tactile Synaesthesia	镜触觉通感	1	1	EGOgift_MirrorDungeon.json	9114
Fragment of Inertia	惰性残片	1	1	EGOgift_MirrorDungeon.json	9116
Bone Stake	骨桩	1	1	EGOgift_MirrorDungeon.json	9118
Ragged Umbrella+	破损的雨伞+	0	2	EGOgift_MirrorDungeon.json	19119
Deathseeker	寻死者	1	1	EGOgift_MirrorDungeon.json	9120
Fragment of Desire	欲望残片	1	1	EGOgift_MirrorDungeon.json	9121
Eldtree Snare+	古木陷阱+	0	2	EGOgift_MirrorDungeon.json	19122
Rags+	破布+	0	2	EGOgift_MirrorDungeon.json	19123
Grandeur+	庄严+	0	2	EGOgift_MirrorDungeon.json	19124
Fragment of Decay	蚕食残片	1	1	EGOgift_MirrorDungeon.json	9126
Devil's Share+	魔鬼所享+	0	2	EGOgift_MirrorDungeon.json	19127
Emerald Elytra+	绿色鞘翅+	0	2	EGOgift_MirrorDungeon.json	19128
Old Wooden Doll+	陈旧的木雕人偶+	0	2	EGOgift_MirrorDungeon.json	19129
Fragment of Conceit	骄慢残片	1	1	EGOgift_MirrorDungeon.json	9131
UPS System+	不间断电源装置+	0	2	EGOgift_MirrorDungeon.json	19132
Uncapped Defibrilator+	解除限制的除颤仪+	0	2	EGOgift_MirrorDungeon.json	19133
Patrolling Flashlight+	巡逻用手电筒+	0	2	EGOgift_MirrorDungeon.json	19134
Imitative Generator	仿造发电机	1	1	EGOgift_MirrorDungeon.json	9135
Fragment of Friction	摩擦残片	1	1	EGOgift_MirrorDungeon.json	9136
Scalpel+	手术用刀+	0	2	EGOgift_MirrorDungeon.json	19137
Deceptive Accord+	虚饰的和平+	0	2	EGOgift_MirrorDungeon.json	19138
Tailor's Scissors+	裁缝用剪刀+	0	2	EGOgift_MirrorDungeon.json	19139
Resolution+	决意+	0	2	EGOgift_MirrorDungeon.json	19140
Moment of Sentencing+	宣判之刻+	0	2	EGOgift_MirrorDungeon.json	19141
Sundered Memory	切开的记忆	1	1	EGOgift_MirrorDungeon.json	9142
Carpenter's Nail+	木工用长钉+	0	2	EGOgift_MirrorDungeon.json	19143
Once, A Blessing+	曾经的祝福+	0	2	EGOgift_MirrorDungeon.json	19144
Torn Bandolier+	撕裂的弹带+	0	2	EGOgift_MirrorDungeon.json	19145
Keenbranch+	磨尖的树枝+	0	2	EGOgift_MirrorDungeon.json	19146
Punctured Memory	洞穿的记忆	1	1	EGOgift_MirrorDungeon.json	9147
Burial Curse+	作祟+	0	2	EGOgift_MirrorDungeon.json	19148
Compression Bandage+	加压绷带+	0	2	EGOgift_MirrorDungeon.json	19149
Temporal Bridle+	时间的枷锁+	0	2	EGOgift_MirrorDungeon.json	19150
Clasped Sculpture+	紧握的雕像+	0	2	EGOgift_MirrorDungeon.json	19151
Reverberation+	残响+	0	2	EGOgift_MirrorDungeon.json	19086
Smoking Gunpowder+	有烟火药+	0	2	EGOgift_MirrorDungeon.json	19117
Decamillennial Stewpot	万年炖锅	1	1	EGOgift_MirrorDungeon.json	9155
Secret Cookbook	烹饪秘诀书	1	1	EGOgift_MirrorDungeon.json	9157
Millarca	蜜拉卡	1	1	EGOgift_MirrorDungeon.json	9159
Interlocked Cogs	啮合的齿轮	1	1	EGOgift_MirrorDungeon.json	9165
Thorny Rope Cuffs	荆棘捕绳	1	1	EGOgift_MirrorDungeon.json	9169
Tangled Bones	碎裂的骨片	1	1	EGOgift_MirrorDungeon.json	9174
T-1B Octagonal Bolt	1B型八角螺栓	1	1	EGOgift_MirrorDungeon.json	9182
Special Catalogue	特别目录	1	1	EGOgift_MirrorDungeon.json	9187
Pre-order Discount	预约优惠券	1	1	EGOgift_MirrorDungeon.json	9188
Renewed Merch	翻新的商品	1	1	EGOgift_MirrorDungeon.json	9189
Trial Plan Guide	试用计划指南	1	1	EGOgift_MirrorDungeon.json	9190
Prestige Card	贵宾卡	1	1	EGOgift_MirrorDungeon.json	9191
Brilliant Vestige	辉煌的残影	1	1	EGOgift_MirrorDungeon.json	9994
Lunar Vestige	月之残影	1	1	EGOgift_MirrorDungeon.json	9995
Overused Whetstone	磨损的砥石	1	1	EGOgift_MirrorDungeon.json	9193
Short Cane Sword+	拐杖短剑+	0	2	EGOgift_MirrorDungeon.json	19194
Cloudpattern Gourd Bottle+	云纹鹤颈瓶+	0	2	EGOgift_MirrorDungeon.json	19195
Broken Greatsword	破碎的巨剑	1	1	EGOgift_MirrorDungeon.json	9196
High-tensility Shoes	高弹性钢鞋	1	1	EGOgift_MirrorDungeon.json	9197
Plume of Proof+	见证的羽饰+	0	2	EGOgift_MirrorDungeon.json	19198
Torn Hems+	磨破的衣袖+	0	2	EGOgift_MirrorDungeon.json	19199
Dueling Manual Book 3	决斗教材第三卷	1	1	EGOgift_MirrorDungeon.json	9200
Dimensional Recycle Bin	次元分类回收箱	1	1	EGOgift_MirrorDungeon.json	9201
Pocket Flashcards+	口袋助记卡+	0	2	EGOgift_MirrorDungeon.json	19202
Dimensional Perception Modifier	次元知觉变体	1	1	EGOgift_MirrorDungeon.json	9203
Decamillennial Hearthflame	万年炉火	1	1	EGOgift_MirrorDungeon_2.json	9156
Purloined Flame	盗来的火焰	1	1	EGOgift_MirrorDungeon_2.json	9158
Hemorrhagic Shock	失血性休克	1	1	EGOgift_MirrorDungeon_2.json	9162
Gemstone Oscillator	宝石振子	1	1	EGOgift_MirrorDungeon_2.json	9163
Omnivibro-octovecti-bell	无振八方钟	1	1	EGOgift_MirrorDungeon_2.json	9167
Shard of Apocalypse	终末的碎片	1	1	EGOgift_MirrorDungeon_2.json	9168
Eerie Effigy	奇怪的石像	1	1	EGOgift_MirrorDungeon_2.json	9170
Cantabile	如歌	1	1	EGOgift_MirrorDungeon_2.json	9172
Faded Overcoat	褪色的外套	1	1	EGOgift_MirrorDungeon_2.json	9173
Surging Globe	浪景球	1	1	EGOgift_MirrorDungeon_2.json	9175
Impending Wave	袭来的浪潮	1	1	EGOgift_MirrorDungeon_2.json	9176
Cask Spirits	桶装烈酒	1	1	EGOgift_MirrorDungeon_2.json	9180
Insulator	绝缘子	1	1	EGOgift_MirrorDungeon_2.json	9183
T-5 Perpetual Motion Machine	第五类永动机	1	1	EGOgift_MirrorDungeon_2.json	9184
Sorrowful Exhale	悲闷的吐息	1	1	EGOgift_MirrorDungeon_6.json	9796
Shatterbound Cannon	注定破碎的火炮	1	1	EGOgift_MirrorDungeon_6.json	9797
Coveting Thorn	贪欲之棘	1	1	EGOgift_MirrorDungeon_6.json	9798
Meat Tenderizer+	松肉锤+	0	2	EGOgift_MirrorDungeon_7.json	19210
Chance & Choice	概率与选择	0	2	EGOgift_MirrorDungeon_7.json	9207
Miniature Ferris Wheel	微型摩天轮	1	1	EGOgift_MirrorDungeon_7.json	9213
Searing Hammer	灼热之锤	1	1	EGOgift_MirrorDungeon_7.json	9214
Red Necktie	红领带	1	1	EGOgift_MirrorDungeon_7.json	9215
Someone's Device	某人的终端	1	1	EGOgift_MirrorDungeon_7.json	9217
Providence of the Prescript	指令的庇护	1	1	EGOgift_MirrorDungeon_7.json	9218
Omni-tool+	万能工具+	0	2	EGOgift_MirrorDungeon_7.json	19219
Stolen Fixer Magazine	被盗的收尾人杂志	1	1	EGOgift_MirrorDungeon_7.json	9220
Pure-white Canvas	空白画布	1	1	EGOgift_MirrorDungeon_7.json	9222
The Spider's Thread+	蜘蛛网+	0	2	EGOgift_MirrorDungeon_7.json	19225
Someone's Azure Blade	某人的青刀	1	1	EGOgift_MirrorDungeon_7.json	9226
Imperfect Eye of Precognition	不完善的预知眼	1	1	EGOgift_MirrorDungeon_7.json	9256
The Abandoned Oracle	遗落的神谕	1	1	EGOgift_MirrorDungeon_7.json	9257
A Maestro's Ring-Turned-Artwork	化为作品的大师指环	1	1	EGOgift_MirrorDungeon_7.json	9259
Mid-range K Corp. Ampule	量产型K公司安瓿	1	1	EGOgift_MirrorDungeon_7.json	9250
Burning Fate	燃烧的命运	1	1	EGOgift_MirrorDungeon_7.json	9251
Carousel Figurine	旋转木马模型	1	1	EGOgift_MirrorDungeon_7.json	9253
Another Round!	再来一杯！	0	2	EGOgift_MirrorDungeon_7.json	9254
Spiderweb Entangled in Red	赤红纠缠的蜘蛛巢	1	1	EGOgift_MirrorDungeon_7.json	9273
Baekja Water Dropper	白瓷砚滴	1	1	EGOgift_MirrorDungeon_7.json	9276
Flagroot Cane Sword	菖蒲剑	1	1	EGOgift_MirrorDungeon_7.json	9277
Crushed Wooden Manacle	粉碎的木制刑具	1	1	EGOgift_MirrorDungeon_7.json	9278
Unadorned Sword-guard	无纹的刀镡	1	1	EGOgift_MirrorDungeon_7.json	9279
Wing-shaped Waxen Candle	翼形蜡烛	1	1	EGOgift_MirrorDungeon_7.json	9282
Tributary Cigar	奉纳的雪茄	1	1	EGOgift_MirrorDungeon_7.json	9283
Reverse Knot	反向结	1	1	EGOgift_StoryDungeon-a1c5p3.json	2018
Melted LCCB Employee Badge	融化的LCCB员工证	1	1	EGOgift_StoryDungeon-a1c5p3.json	2019
Crossed Knot	十字结	1	1	EGOgift_StoryDungeon-a1c5p3.json	2022
Compulsive's Knot	强迫结	1	1	EGOgift_StoryDungeon-a1c5p3.json	2023
Standard Issue Mag	补给弹匣	1	1	EGOgift_StoryDungeon-a1c5p3.json	2025
La Manchaland Standard Pass	拉·曼却领常规通行券	1	1	EGOgift_StoryDungeon-a1c7p3.json	2049
Self-flagellation Whip	告解之鞭	1	1	EGOgift_StoryDungeon-a1c7p3.json	2051
A Little Dream	小小的梦	1	1	EGOgift_StoryDungeon-a1c7p3.json	2055
The Dream Begins Anew	再一次做的梦	1	1	EGOgift_StoryDungeon-a1c7p3.json	2057
Shoddy Dressing	破旧绷带	1	1	EGOgift_StoryDungeon.json	1002
Festered Fragment	腐烂碎片	1	1	EGOgift_StoryDungeon.json	1003
Etched Doomsday	终末浮雕	1	1	EGOgift_StoryDungeon.json	1006
Rainbow Mainspring	彩色发条	1	1	EGOgift_StoryDungeon.json	1014
Rusty Mainspring	生锈发条	1	1	EGOgift_StoryDungeon.json	1015
Emergency Surgical Kit	紧急手术套件	1	1	EGOgift_StoryDungeon.json	1016
Writhing Ribbon	蠢蠢欲动的丝带	1	1	EGOgift_StoryDungeon.json	1018
Torch Stack	一堆火把	1	1	EGOgift_StoryDungeon.json	1032
Sparkling Skull	发光颅骨	1	1	EGOgift_StoryDungeon.json	1040
Sniggering Tongue	窃笑的舌头	1	1	EGOgift_StoryDungeon.json	1042
Green Skin	绿色外皮	1	1	EGOgift_StoryDungeon.json	1046
Topfhelm	钢盔	1	1	EGOgift_StoryDungeon.json	1048
Piece of Crumbled Egg	破碎之卵的残片	1	1	EGOgift_StoryDungeon.json	2002
Cold Illusion	冰冷的幻想	1	1	EGOgift_StoryDungeon.json	2003
Sharp Illusion	尖锐的幻想	1	1	EGOgift_StoryDungeon.json	2004
Fragrant Illusion	芬芳的幻想	1	1	EGOgift_StoryDungeon.json	2005
Trace of Stars	星迹	1	1	EGOgift_StoryDungeon.json	2006
Pungent Bud	香气刺鼻的花蕾	1	1	EGOgift_StoryDungeon.json	2007
Hot Tears	热烈的泪水	1	1	EGOgift_StoryDungeon.json	2008
Cooled Tear	冰冷的泪水	1	1	EGOgift_StoryDungeon.json	2009
Memories of Fragments	碎片的记忆	1	1	EGOgift_StoryDungeon.json	2010
Piece of Reversing Memories	追忆流转的残片	1	1	EGOgift_StoryDungeon.json	2016
Universal Skeleton	万物的骨架	1	1	EGOgift_TwiningThreads.json	9262
The Middle Styled Knuckle-dusters	中指式指虎	1	1	EGOgift_TwiningThreads.json	9265
Unoccupied Birdcage	空荡的鸟笼	1	1	EGOgift_TwiningThreads.json	9266
Searing Brass+	灼热的铜管+	0	2	EGOgift_TwiningThreads.json	19267
Universal Instinct	万物的本能	1	1	EGOgift_TwiningThreads.json	9268
Heavenly King's Heartmending Pill	天王补心丹	1	1	EGOgift_a1c8p2.json	2063
Tranquil Lotus Bolus	静莲丸	1	1	EGOgift_a1c8p2.json	2064
Sanguine Blossom Bolus	血花丸	1	1	EGOgift_a1c8p2.json	2065
Accursed Codex	被诅咒的古代文书	1	1	EGOgift_a1c8p2.json	2068
Madness-inscribed Codex	寄宿疯狂的古代文书	1	1	EGOgift_a1c8p2.json	2069
Heartrender Talisman	破心符	1	1	EGOgift_a1c8p2.json	2073
Bloodsevering Blade	绝血刀	1	1	EGOgift_a1c8p2.json	2074
Faded Poster	褪色的海报	1	1	EGOgift_a1c8p2.json	2076
Deep Claw Marks	深深的爪痕	1	1	EGOgift_a1c8p2.json	2077
Blackiron Barding	黑铁马胄	1	1	EGOgift_cultivation.json	9820
Shaoxing Wine+	绍兴酒+	0	2	EGOgift_cultivation.json	19826
The Family's Resentment	家人的怨恨	1	1	EGOgift_cultivation.json	9827
For the Capo	为了指挥官	1	1	EGOgift_cultivation.json	9828
Rules of the Middle	中指规矩	1	1	EGOgift_cultivation.json	9829
Kkomi's Mini-Gift	可米的小小礼物	1	1	EGOgift_cultivation.json	9830
Someone's Dropped Employee Card	某人遗落的员工证	1	1	EGOgift_lcbcheckup-re.json	9246
Boombox of Dramatic Entrances	登场专用音响	1	1	EGOgift_night-clean-up-re.json	9269
Shadowlurking	暗中行动	1	1	EGOgift_night-clean-up-re.json	9272
Sea Terror Notes	恐鱼研究记录	1	1	EGOgift_pilgrimage.json	9831
Goldforged Compass	黄金罗盘	1	1	EGOgift_pilgrimage.json	9832
Silver Key Bundle	银色的钥匙串	1	1	EGOgift_pilgrimage.json	9833
Sea Terror Jerky	恐鱼干	1	1	EGOgift_pilgrimage.json	9834
Aged Sheet Music	古旧乐谱残章	1	1	EGOgift_pilgrimage.json	9836
Metal Construct	金属构造体	1	1	EGOgift_pilgrimage.json	9837
Moonmirror Wine Cup	宿月酒盏	1	1	EGOgift_pilgrimage.json	9838
Classical-design Letter Opener	造型古典的拆信刀	1	1	EGOgift_pilgrimage.json	9839
Interlinked Time+	交织的时间+	0	2	EGOgift_tktRe.json	19812
Emergency Investigator Badge+	紧急授予型搜查官徽章+	0	2	EGOgift_tktRe.json	19813
Entanglement Override Sequencer+	强制纠缠定序器+	0	2	EGOgift_tktRe.json	19814
Microprecision Time Accelerator	超精密时间加速装置	1	1	EGOgift_tktRe.json	9816
Filial Love	孝心	1	1	EGOgift_walpu4.json	9744
Misaligned Transistor	错位的晶体管	1	1	EGOgift_walpu4.json	9745
Mental Corruption Boosting Gas	精神污染加速气体	1	1	EGOgift_walpu4.json	9746
Leaked Enkephalin	泄露的脑啡肽	1	1	EGOgift_walpu4.json	9747
The Unchosen	未被选中之人	1	1	EGOgift_walpu6.json	9806
Magical Girl's Lovely Gift	魔法少女的爱之礼物	1	1	EGOgift_walpu6.json	9808
Value Disposal	价值处置	1	1	EGOgift_walpu6.json	9811
Staticky Two-way Radio	夹杂着噪音的对讲机	1	1	EGOgift_walpu8.json	9233
Beak-shaped Necklace	喙形项链	1	1	EGOgift_walpu8.json	9234
Harmonics+	泛音+	0	2	EGOgift_walpu8.json	19236
Walking Bass+	行进贝斯+	0	2	EGOgift_walpu8.json	19237
Pink Bouquet	粉红花束	1	1	EGOgift_walpu8.json	9239
Royal Jelly Perfume	蜂王浆香水	1	1	EGOgift_walpu8.json	9240
Whale of the Porous Hand Mermaid	穴掌鲸人鱼	0	2	Enemies-a1c5p1.json	90083
Whale of the Porous Hand Soldier Mermaid	穴掌鲸 士兵人鱼	0	2	Enemies-a1c5p1.json	91011
Twinhook Pirates First Mate Smee	双钩海盗团大副 斯米	0	2	Enemies-a1c5p1.json	91012
Terrified K Corp. Checkpoint Security	惊恐的K公司检查站安保人员	0	2	Enemies-a1c5p1.json	97401
Stiffened K Corp. Checkpoint Security	僵直的K公司检查站安保人员	0	2	Enemies-a1c5p1.json	97402
Threatened K Corp. Class 1 Staff	受到威胁的K公司1级员工	0	2	Enemies-a1c5p1.json	97403
Unnerved K Corp. Class 1 Staff	焦虑的K公司1级员工	0	2	Enemies-a1c5p1.json	97404
Revived K Corp. Class 3 Empowered Staff	复活的K公司3级员工 - 强化	0	2	Enemies-a1c5p1.json	97410
Whale of the Thousand Strands Mermaid	千缕鲸人鱼	0	2	Enemies-a1c5p2.json	90088
Hefty Dead Rabbits Henchman	健硕的死兔帮成员	1	1	Enemies-a1c6p1.json	90116
Slow Dead Rabbits Henchman	迟缓的死兔帮成员	1	1	Enemies-a1c6p1.json	90117
Fierce Dead Rabbits Henchman	凶猛的死兔帮成员	1	1	Enemies-a1c6p1.json	90118
Sharp Dead Rabbits Henchman	敏锐的死兔帮成员	1	1	Enemies-a1c6p1.json	90119
Enamored Researcher of the Ring?	忘我的环指研究员？	0	2	Enemies-a1c6p2.json	90131
Mad Researcher of the Ring?	发狂的环指研究员？	0	2	Enemies-a1c6p2.json	90132
Pointillist Researcher of the Ring?	点彩派环指研究员？	0	2	Enemies-a1c6p2.json	90133
Peccatulum Irae??	暴怒罪种??	0	2	Enemies-a1c6p3.json	8161
Well-dressed Bloodbag	穿着得体的血袋	1	1	Enemies-a1c7p1.json	90152
Embellished Bloodbag	打扮过的血袋	1	1	Enemies-a1c7p1.json	90153
Insane Fashionista Bloodfiend	疯狂的时尚血魔	1	1	Enemies-a1c7p1.json	90154
Mad Fashionista Bloodfiend	失去理智的时尚血魔	1	1	Enemies-a1c7p1.json	90155
No-good Bandit	坏盗贼	1	1	Enemies-a1c7p1.json	90160
Big, Scary Bear	可怕的巨熊	0	2	Enemies-a1c7p1.json	90161
Eerie Bloodbag	阴森森的血袋	1	1	Enemies-a1c7p2.json	90169
Sinister Bloodbag	可怖的血袋	1	1	Enemies-a1c7p2.json	90170
Budding Bloodbag	发芽的血袋	1	1	Enemies-a1c7p3.json	90162
Budding Zwei Fixer	发芽的Zwei收尾人	1	1	Enemies-a1c7p3.json	8394
Budding Bloodfiend	盛开的血魔	1	1	Enemies-a1c7p3.json	90166
Blossomed Bloodfiend	绽放的血魔	1	1	Enemies-a1c7p3.json	90167
Bloomed Bloodfiend	盛放的血魔	1	1	Enemies-a1c7p3.json	90168
Peccatulum Luxuriae?	色欲罪种?	0	2	Enemies-a1c7p3.json	8373
Peccatulum Superbiae?	傲慢罪种?	0	2	Enemies-a1c7p3.json	8374
Budding Cinq West Fixer	发芽的Cinq西部收尾人	1	1	Enemies-a1c7p3.json	8375
Budding Zwei West Fixer	发芽的Zwei西部收尾人	1	1	Enemies-a1c7p3.json	90165
The Wheel of La Manchaland	大摩天轮	0	2	Enemies-a1c7p3.json	839001
Dreamshard	梦之碎片	1	1	Enemies-a1c7p3.json	841101
Hardblood Fragment	硬血碎片	1	1	Enemies-a1c7p3.json	841201
Talisman Jar Monster	贴着符咒的瓮怪物	1	1	Enemies-a1c8p1.json	90195
Nailed Jar Monster	被钉住的瓮怪物	1	1	Enemies-a1c8p1.json	90196
Entangled Jar Monster	被束缚的瓮怪物	1	1	Enemies-a1c8p1.json	90197
Furtive Podao Assailant	隐秘的朴刀袭击者	1	1	Enemies-a1c8p1.json	90198
Swift Podao Assailant	敏捷的朴刀袭击者	1	1	Enemies-a1c8p1.json	90199
Large Podao Assailant	魁梧的朴刀袭击者	1	1	Enemies-a1c8p1.json	90200
Bandaged Wooden Dummy	裹着绷带的木人桩	1	1	Enemies-a1c8p1.json	90201
Spiked Wooden Dummy	带刺的木人桩	1	1	Enemies-a1c8p1.json	90202
Swift Ambushing Stranger	敏捷突袭的怪人	1	1	Enemies-a1c8p1.json	90203
Swift Pursuing Stranger	敏捷追击的怪人	1	1	Enemies-a1c8p1.json	90204
Impaled Failure	被穿刺的失败品	1	1	Enemies-a1c8p2.json	90205
Blooming Failure	盛开的失败品	1	1	Enemies-a1c8p2.json	90206
Entangled Failure	纠缠的失败品	1	1	Enemies-a1c8p2.json	90207
Evil-possessed Deathrite Monk	饱含邪气的咒杀僧	1	1	Enemies-a1c8p2.json	90209
Swift Shi Family Mercenary	灵敏的史家私兵	1	1	Enemies-a1c8p2.json	90210
Veteran Shi Family Mercenary	干练的史家私兵	1	1	Enemies-a1c8p2.json	90211
Heavy Shi Family Mercenary	稳重的史家私兵	1	1	Enemies-a1c8p2.json	90212
Shi Hua... something?	史华？	0	2	Enemies-a1c8p2.json	1167
Muddled Heishou of the Corpse Palanquin [混覺轀輬黑獸]	混觉辒辌黑兽	0	2	Enemies-a1c8p3.json	1152
Heavenly Elder	天之长辈	1	1	Enemies-a1c8p3.json	1154
Earthly Elder	地之长辈	1	1	Enemies-a1c8p3.json	1155
Brain Elder	脑之长辈	1	1	Enemies-a1c8p3.json	1156
Manager Gnome	科长小矮人	1	1	Enemies-a1c951.json	90104
Peccatulum Pigritiae??	怠惰罪种??	0	2	Enemies-a1c971.json	1080
Peccatulum Morositatis??	忧郁罪种??	0	2	Enemies-a1c971.json	1081
The Ring Corporist Automanikin - Researcher	环指人体派自动人偶 - 研究员	0	2	Enemies-a1c9p1.json	91036
The Ring Corporist Automanikin - Combatant	环指人体派自动人偶 - 战斗员	0	2	Enemies-a1c9p1.json	91037
The Ring Corporist Automanikin - Roseate Desire Corrosion	环指人体派自动人偶 - 粉红欲望 侵蚀	0	2	Enemies-a1c9p1.json	91038
The Pinky Apprentice - Ren	小指 子辈 - 莲	0	2	Enemies-a1c9p1.json	1318
The Index Apprentice - Sora	食指 子辈 - 空	0	2	Enemies-a1c9p2.json	1325
Flash Phenomenon - Im Gyeong-eop	闪光现象 - 林庆业	0	2	Enemies-exme.json	1450
Hateful Blade Lineage Salsu	心怀怨恨的剑契组杀手	1	1	Enemies-exme.json	91057
Resentful Blade Lineage Salsu	寄宿怨恨的剑契组杀手	1	1	Enemies-exme.json	91058
Imagined Im Gyeong-eop	心象中的林庆业	1	1	Enemies-exme.json	1451
Craving Bloodbag Passenger	渴求的血袋乘客	1	1	Enemies-mowe.json	90145
Violent Bloodbag Passenger	发狂的血袋乘客	1	1	Enemies-mowe.json	90146
Aggressive Bloodbag Passenger	好斗的血袋乘客	1	1	Enemies-mowe.json	90147
Merciless Bloodbag Cleanup Agent	无情的血袋清扫人员	1	1	Enemies-mowe.json	90148
Feral Bloodbag Cleanup Agent	凶猛的血袋清扫人员	1	1	Enemies-mowe.json	90149
Hungering Bloodbag Cleanup Agent	饥饿的血袋清扫人员	1	1	Enemies-mowe.json	90150
Bloodbag Prosthetic Fixer	血袋义体收尾人	1	1	Enemies-mowe.json	90151
Deceitful Tri-axe Office Fixer	卑鄙的三斧事务所收尾人	1	1	Enemies-sweep.json	90183
Tough-looking Stranger	表情坚毅的怪人	1	1	Enemies-sweep.json	90184
Awkward Tri-axe Office Fixer	左右为难的三斧事务所收尾人	1	1	Enemies-sweep.json	90193
Sharp-looking Stranger	表情犀利的怪人	1	1	Enemies-sweep.json	90194
The City's Sweeper A	都市的清道夫A	1	1	Enemies-sweep.json	90187
The City's Sweeper B	都市的清道夫B	1	1	Enemies-sweep.json	90188
The City's Sweeper C	都市的清道夫C	1	1	Enemies-sweep.json	90189
The City's Sweeper D	都市的清道夫D	1	1	Enemies-sweep.json	90190
Aggressive Yurodivy	过激的圣愚活动成员	1	1	Enemies-tkt.json	90140
Quick-witted Yurodivy	敏捷的圣愚活动成员	1	1	Enemies-tkt.json	90141
District 20 Yurodiviye Captain	20区 圣愚 队长	1	1	Enemies-tkt.json	91017
Unfolded Time Rippers	展开的时间杀人魔们	1	1	Enemies-tkt.json	8279
Prescript-chasing Proselyte of the Index	追随指令的食指苦行者	0	2	Enemies-twth.json	91034
Prescript-conforming Proselyte of the Index	遵从指令的食指苦行者	0	2	Enemies-twth.json	91035
Impulsive Fauvist Student of the Ring	冲动的环指野兽派学徒	0	2	Enemies-twth.json	91043
Instinctive Fauvist Student of the Ring	依照本能的环指野兽派学徒	0	2	Enemies-twth.json	91044
Feral Fauvist Student of the Ring	充满野性的环指野兽派学徒	0	2	Enemies-twth.json	91045
Spontaneous Fauvist Student of the Ring	即兴的环指野兽派学徒	0	2	Enemies-twth.json	91046
Dawn of Green - Doubt - α	绿色的黎明 - 疑问 - α	0	2	Enemies-walpu2.json	8147
Dawn of Green - Doubt - β	绿色的黎明 - 疑问 - β	0	2	Enemies-walpu2.json	8148
Threatening Gear Worshipper	危险的齿轮信徒	1	1	Enemies-walpu5.json	90178
Nimble Gear Worshipper	敏捷的齿轮信徒	1	1	Enemies-walpu5.json	90179
Da Boingy Empworoar	凤凤皇地	1	1	Enemies-x1p1c1.json	1365
False Bongy	假小凤	1	1	Enemies-x1p1c1.json	1387
Distorting Bamboo-hatted Kim	正在扭曲的金笠	1	1	Enemies-ycgd.json	8153
Scruffy Veteran	褴褛的残兵	1	1	Enemies.json	90010
Slumber-broken Neighbor	长梦初醒的邻居	1	1	Enemies.json	8019
Rearisen Neighbor	重新站起的邻居	1	1	Enemies.json	8020
Freezing Miner Slave	冻结的奴隶矿工	1	1	Enemies.json	8021
Shivering Miner Slave	寒冷的奴隶矿工	1	1	Enemies.json	8022
Everything There of an Inquisitor	无所不有的异端审判官	0	2	Enemies.json	8026
Crawling Inquisitor	爬行的异端审判官	1	1	Enemies.json	8027
Calm K Corp. Checkpoint Security	沉着的K公司检查站安保人员	0	2	Enemies.json	90028
Reliable K Corp. Checkpoint Security	可靠的K公司检查站安保人员	0	2	Enemies.json	90031
Wriggling Beast	蠢蠢欲动的野兽	1	1	Enemies.json	8033
Dongbaek E.G.O::Spicebush	冬柏E.G.O::山茶花	0	2	Enemies.json	8044
Crude Sawblade Bot	粗制的锯刃无人机	1	1	Enemies.json	90047
Crude Wrecking Ball Bot	粗制的破坏球无人机	1	1	Enemies.json	90048
Complete Sawblade Bot	完整的锯刃无人机	1	1	Enemies.json	90049
Complete Wrecking Ball Bot	完整的破坏球无人机	1	1	Enemies.json	90050
Solid Combined Bot	坚固的复合机械	1	1	Enemies.json	91007
Confident Rosespanner Workshop Fixer	自信的玫瑰扳手工坊收尾人	1	1	Enemies.json	90051
Prideful Rosespanner Workshop Fixer	高傲的玫瑰扳手工坊收尾人	1	1	Enemies.json	90052
Shaking Rosespanner Workshop Fixer	颤抖的玫瑰扳手工坊收尾人	1	1	Enemies.json	90053
Rosespanner Workshop Rep Niko	玫瑰扳手工坊代表 尼柯	1	1	Enemies.json	91008
Lobotomy E.G.O::Red Sheet - Marile	脑叶公司E.G.O::朱符 - 马里勒	0	2	Enemies.json	91009
Reawakened Lobotomy E.G.O::Red Sheet	复活的脑叶公司E.G.O::朱符	0	2	Enemies.json	90063
K Corp. Arrest Drone	K公司 拘捕无人机	1	1	Enemies.json	90071
Fully Bloomed Flower	盛开的花朵	1	1	Enemies.json	8055
Tree of Vanity	虚荣之树	1	1	Enemies.json	8056
Fruit of Vanity	虚荣之果	1	1	Enemies.json	805601
Lured Festered G Corp. H. Manager	受诱且溃烂的G公司部长	0	2	Enemies.json	8081
Refracted Alleyway Watchdog	折射的巷头恶犬	1	1	Enemies_Refraction.json	8518
Refracted Headless Ichthys	折射的断首鱼	1	1	Enemies_Refraction.json	8537
Refracted Drifting Fox	折射的流浪狐狸	1	1	Enemies_Refraction2.json	8539
Refracted Old Umbrella	折射的旧伞	1	1	Enemies_Refraction2.json	8540
Refracted Shock Centipede	折射的电击蜈蚣	1	1	Enemies_Refraction2.json	8541
Refracted Fairy-Long-Legs	折射的长腿精灵	1	1	Enemies_Refraction2.json	8545
Refracted Faelantern	折射的精灵提灯	1	1	Enemies_Refraction2.json	8549
Refracted Wayward Passenger	折射的迷失的乘客	1	1	Enemies_Refraction2.json	8550
Left Blade	左刃	1	1	Enemies_Refraction2.json	855001
Right Blade	右刃	1	1	Enemies_Refraction2.json	855002
Refracted Steam Transport Machine	折射的蒸汽运输机	1	1	Enemies_Refraction2.json	8555
Refracted Sign of Roses	折射的玫瑰告示牌	1	1	Enemies_Refraction2.json	8556
Refracted Hemorrhaging Dimension	折射的血流成河的次元	1	1	Enemies_Refraction2.json	8560
Refracted Poisonous Dimension	折射的剧毒沸腾的次元	1	1	Enemies_Refraction2.json	8561
Refracted Tremoring Dimension	折射的震颤不止的次元	1	1	Enemies_Refraction2.json	8562
Refracted Electrifying Dimension	折射的电流涌动的次元	1	1	Enemies_Refraction2.json	8563
Refracted Wrath-drenched Rose	折射的浸染暴怒的玫瑰	1	1	Enemies_Refraction2.json	8564
Refracted Lust-drenched Rose	折射的浸染色欲的玫瑰	1	1	Enemies_Refraction2.json	8565
Refracted Sloth-drenched Rose	折射的浸染怠惰的玫瑰	1	1	Enemies_Refraction2.json	8566
Refracted Gluttony-drenched Rose	折射的浸染暴食的玫瑰	1	1	Enemies_Refraction2.json	8567
Refracted Gloom-drenched Rose	折射的浸染忧郁的玫瑰	1	1	Enemies_Refraction2.json	8568
Refracted Pride-drenched Rose	折射的浸染傲慢的玫瑰	1	1	Enemies_Refraction2.json	8569
Refracted Envy-drenched Rose	折射的浸染嫉妒的玫瑰	1	1	Enemies_Refraction2.json	8570
Refracted Ardor Blossom Moth	折射的红焰蛾	1	1	Enemies_Refraction3.json	8577
Refracted Drenched Gossypium	折射的浸染棉花	1	1	Enemies_Refraction3.json	8578
Refracted Spiral of Contempt	折射的轻蔑螺旋	1	1	Enemies_Refraction3.json	8585
Refracted Skin Prophet	折射的人皮预言者	1	1	Enemies_Refraction3.json	8571
Refracted Candle	折射的蜡烛	1	1	Enemies_Refraction3.json	8572
Refracted Ambling Pearl	折射的陆行珍珠	1	1	Enemies_Refraction3.json	8573
Refracted Green Slime	折射的绿色黏液	1	1	Enemies_Refraction3.json	8574
Refracted Dream-Devouring Siltcurrent	折射的噬梦的浊流	1	1	Enemies_Refraction3.json	8575
Refracted Flotsam	折射的漂流物	1	1	Enemies_Refraction3.json	8576
Refracted Ahab	折射的亚哈	1	1	Enemies_Refraction3.json	8579
Refracted Queequeg	折射的魁魁格	1	1	Enemies_Refraction3.json	8580
Refracted Starbuck	折射的斯达巴克	1	1	Enemies_Refraction3.json	8581
Refracted Blinded Pequod Town Villager	折射的被蒙住双眼的裴廓德镇居民	0	2	Enemies_Refraction3.json	8583
Refracted Gagged Pequod Town Villager	折射的被堵上嘴的裴廓德镇居民	0	2	Enemies_Refraction3.json	8584
Refracted Moustachioed Twinhooks Pirate	折射的留胡子的双钩海盗团成员	1	1	Enemies_Refraction3.json	8590
Refracted Bandana-wearing Twinhooks Pirate	折射的戴头巾的双钩海盗团成员	1	1	Enemies_Refraction3.json	8591
Refracted Agile Twinhooks Pirate	折射的敏捷的双钩海盗团成员	1	1	Enemies_Refraction3.json	8592
Refracted Tough Twinhooks Pirate	折射的坚实的双钩海盗团成员	1	1	Enemies_Refraction3.json	8593
Refracted Pallidified Thing-Shield	折射的苍白之物-盾	1	1	Enemies_Refraction3.json	8595
Refracted Pallidified Thing-Club	折射的苍白之物-棍棒	1	1	Enemies_Refraction3.json	8596
Refracted Pallidified Thing-Pirate	折射的苍白之物-海盗	1	1	Enemies_Refraction3.json	8597
Refracted Pallidified Thing-Hook	折射的苍白之物-钩	1	1	Enemies_Refraction3.json	8598
Refracted Pallid White Mermaid	折射的苍白的白色人鱼	1	1	Enemies_Refraction3.json	8599
Refracted Pallid Blue Mermaid	折射的苍白的蓝色人鱼	1	1	Enemies_Refraction3.json	8600
Refracted Pallid Entwined Mermaid	折射的苍白的纠缠人鱼	1	1	Enemies_Refraction3.json	8601
Refracted Grasp	折射的掌	1	1	Enemies_Refraction3.json	8604
Refracted Dreaming Electric Sheep	折射的梦中的电子羊	1	1	Enemies_Refraction4.json	8608
Refracted Generator	折射的发电机	1	1	Enemies_Refraction4.json	8628
Refracted Nelly	折射的耐莉	1	1	Enemies_Refraction4.json	8627
Refracted Veteran Edgar Family Butler	折射的资深的埃德加家族管家	0	2	Enemies_Refraction4.json	8613
Refracted Josephine	折射的约瑟芬	1	1	Enemies_Refraction4.json	8617
Refracted Determined Kurokumo Henchman	折射的坚定的黑云会成员	1	1	Enemies_Refraction4.json	8619
Refracted Tense Kurokumo Henchman	折射的紧张的黑云会成员	1	1	Enemies_Refraction4.json	8620
Refracted Adept Kurokumo Henchwoman	折射的娴熟的黑云会成员	1	1	Enemies_Refraction4.json	8621
Refracted Tired Kurokumo Henchwoman	折射的昏昏欲睡的黑云会成员	1	1	Enemies_Refraction4.json	8622
Refracted Hurting Teddy Bear	折射的痛苦泰迪	1	1	Enemies_Refraction5.json	8635
Refracted Rose Hunter	折射的玫瑰猎人	1	1	Enemies_Refraction5.json	8636
Refracted Barbed Lasso	折射的荆棘套索	1	1	Enemies_Refraction5.json	8637
The Refracted Priest	折射的神父	1	1	Enemies_Refraction5.json	8643
Refracted Despairing Bloodbag	折射的绝望的血袋	1	1	Enemies_Refraction5.json	8651
Refracted Disgraced Bloodbag	折射的堕落的血袋	1	1	Enemies_Refraction5.json	8652
Refracted Downcast Veteran	折射的变本加厉的残兵	1	1	Enemies_Refraction5.json	8684
Refracted Flower-burying Pin	折射的葬花针	1	1	Enemies_Refraction6.json	9571
The Refracted Index Nursefather - Rien	折射的食指 父辈 - 里恩	0	2	Enemies_Refraction6.json	9551
[Season 7] Nominable Egoshard Crate	[第7赛季]自我碎片自选箱	0	2	Items-a1c9p1.json	1207
Identity Takeoff Ticket - ver.3	人格跳跃成长券 - ver.3	0	2	Items-a1c9p1.json	236
Nominable S3 Identity Ticket	第3赛季人格自选券	1	1	Items-a1c9p1.json	503
Spinchains	解析锁链	1	1	Items-egoFifth.json	202
Kkomi's Gift	可米的礼物	1	1	Items-fools.json	9001
Sinnerlings' Chicken-scratch Farewells	字迹稚嫩的寄语	1	1	Items-x1p1c1.json	9002
[Season 3] Nominable Egoshard Crate	[第3赛季]自我碎片自选箱	0	2	Items.json	1203
Nominable S2 Identity Ticket	第2赛季人格自选券	1	1	Items.json	502
Identity Takeoff Ticket - ver.2	人格跳跃成长券 - ver.2	0	2	Items.json	235
Starlight of Immortality	永生的星芒	1	1	Items.json	30006
Takeoff Module - E.G.O Spinning [TETH]	跳跃成长模组 - E.G.O解析 [TETH]	0	2	Items.json	237
White Chrysanthemum	白色雏菊	1	1	MirrorDungeonAbName.json	mirrordungeon_egogift_temp_ab_name_9020
Indistinguishable Space	无法确定的空间	1	1	MirrorDungeonNode1-1.json	2010000
The Forgotten	被遗忘者们	1	1	MirrorDungeonTheme-1.json	1001
Flat-broke Gamblers	身无分文的赌徒	1	1	MirrorDungeonTheme-1.json	1003
Automated Factory	自动工厂	1	1	MirrorDungeonTheme-1.json	1004
Tearful Things	落泪者们	1	1	MirrorDungeonTheme-1.json	1011
Lake World	湖的世界	1	1	MirrorDungeonTheme-1.json	1013
Crawling Abyss	伏行深渊	1	1	MirrorDungeonTheme-1.json	1014
Dregs of the Manor	宅邸的副产物	1	1	MirrorDungeonTheme-1.json	1016
Repressed Wrath	压抑的暴怒	1	1	MirrorDungeonTheme-1.json	1301
Unbound Wrath	解放的暴怒	1	1	MirrorDungeonTheme-1.json	1302
Emotional Repression	受情感压迫者	1	1	MirrorDungeonTheme-1.json	1303
Addicting Lust	沉迷的色欲	1	1	MirrorDungeonTheme-1.json	1304
Tangling Lust	束缚的色欲	1	1	MirrorDungeonTheme-1.json	1305
Emotional Seduction	因情感困惑者	1	1	MirrorDungeonTheme-1.json	1306
Treadwheel Sloth	空转的怠惰	1	1	MirrorDungeonTheme-1.json	1307
Inert Sloth	停滞的怠惰	1	1	MirrorDungeonTheme-1.json	1308
Emotional Indolence	待情感懒惰者	1	1	MirrorDungeonTheme-1.json	1309
Devoured Gluttony	吞噬的暴食	1	1	MirrorDungeonTheme-1.json	1310
Excessive Gluttony	漫溢的暴食	1	1	MirrorDungeonTheme-1.json	1311
Emotional Craving	对情感饥渴者	1	1	MirrorDungeonTheme-1.json	1312
Degraded Gloom	堕落的忧郁	1	1	MirrorDungeonTheme-1.json	1313
Sunk Gloom	沉溺的忧郁	1	1	MirrorDungeonTheme-1.json	1314
Emotional Flood	于情感沉溺者	1	1	MirrorDungeonTheme-1.json	1315
Vain Pride	虚张声势的傲慢	1	1	MirrorDungeonTheme-1.json	1316
Tyrannical Pride	自以为是的傲慢	1	1	MirrorDungeonTheme-1.json	1317
Emotional Subservience	向情感屈从者	1	1	MirrorDungeonTheme-1.json	1318
Insignificant Envy	寒微的嫉妒	1	1	MirrorDungeonTheme-1.json	1319
Pitiful Envy	凄惨的嫉妒	1	1	MirrorDungeonTheme-1.json	1320
Burning Haze	燃烧的摇曳	1	1	MirrorDungeonTheme-1.json	1401
Season of the Flame	盛火时节	1	1	MirrorDungeonTheme-1.json	1402
Trickled Sanguine Blood	渗出的赤血	1	1	MirrorDungeonTheme-1.json	1403
Dizzying Waves	缭乱的波动	1	1	MirrorDungeonTheme-1.json	1405
Crushing External Force	破坏性外力	1	1	MirrorDungeonTheme-1.json	1407
Sinking Pang	沉于苦痛	1	1	MirrorDungeonTheme-1.json	1409
Poised Breathing	循环呼吸	1	1	MirrorDungeonTheme-1.json	1412
Rising Power Supply	动力渐盈	1	1	MirrorDungeonTheme-1.json	1413
Four Houses and Greed	四大家族与欲念	1	1	MirrorDungeonTheme-1.json	1022
Efflorescing Greenery	绽放的绿林	1	1	MirrorDungeonTheme-1.json	1502
Bridle of Infinity	永劫的枷锁	1	1	MirrorDungeonTheme-1.json	1504
S.E.A. C.R	去·海·边·激·蟹	1	1	MirrorDungeonTheme-1.json	1505
Who Couldn't be Bloodfiends	无法成为血魔的人们	1	1	MirrorDungeonTheme-1.json	1507
Charm, Wander, Doubt	魅惑、彷徨、猜疑	0	2	MirrorDungeonTheme-1.json	1024
Bearers of Weight	身负重担者们	1	1	MirrorDungeonTheme-1.json	1512
Identity Acquired	已获得人格	1	1	MirrorDungeonUI.json	mirrordungeonui_acquire_new_character
Identity Upgraded	人格升级完毕	1	1	MirrorDungeonUI.json	mirrordungeonui_level_up_complete
Will you continue exploration?	要继续探索吗？	0	2	MirrorDungeonUI.json	mirrordungeonui_continue
Daily Pass EXP Bonus	额外通行证经验	1	1	MirrorDungeonUI.json	mirrordungeon_additional_exp
Enter Mirror World	进入镜像世界	1	1	MirrorDungeonUI.json	mirrordungeon_select_start_character
Weekly Pass EXP Bonus	周常通行证经验加成	1	1	MirrorDungeonUI.json	mirrordungeon_additional_exp_weekly
Resume Simulation	继续模拟	1	1	MirrorDungeonUI.json	mirrordungeon_resume_simulation
Halt Simulation	终止模拟	1	1	MirrorDungeonUI.json	mirrordungeon_stop_simulation
◆ No Enkephalin Cost	◆ 不会消耗脑啡肽	0	2	MirrorDungeonUI.json	mirrordungeon_simulation_info_1
Enhancements Used	可进行人格升级的次数	1	1	MirrorDungeonUI.json	mirrordungeon_ask_select_character_level_up
Exploration Complete	探索完成	1	1	MirrorDungeonUI.json	explore_dungeon_finished
Total Progress	总进度	1	1	MirrorDungeonUI.json	total_progress_rate
Enter Normal Dungeon	进入普通难度	1	1	MirrorDungeonUI_2.json	enter_normal_difficulty
stage's Starter Buffs first.	您需要先对上一阶段的增益	1	1		
Don't purchase.	不进行购买。	1	1	MirrorDungeonUI_2.json	dungeon_shop_return_title
Move to Shop	跳转到商店	1	1	MirrorDungeonUI_2.json	dungeon_shop_return_desc
Choose the expensive tonic.	选择昂贵的滋养强壮剂。	1	1	MirrorDungeonUI_2.json	dungeon_shop_heal_title_one
Choose the energy drinks.	选择能量饮料。	1	1	MirrorDungeonUI_2.json	dungeon_shop_heal_title_all
Heal Sinner	<size=90%>治疗罪人</size>	1	1	MirrorDungeonUI_2.json	dungeon_shop_heal_character
Pay a moderate price.	付一笔合适的费用。	1	1	MirrorDungeonUI_2.json	dungeon_shop_upgrade_personality_0_title
Pay a large sum.	付一大笔费用。	1	1	MirrorDungeonUI_2.json	dungeon_shop_upgrade_personality_1_title
Pay a tremendous price.	付一笔极其昂贵的费用。	1	1	MirrorDungeonUI_2.json	dungeon_shop_upgrade_personality_2_title
Select Event Effect	选择事件效果	1	1	MirrorDungeonUI_2.json	mirrordungeon_select_buffs_title
Half a Step More	再进半步	1	1	MirrorDungeonUI_2.json	mirror_dungeon_buffs_title_1
Focusing Vulnerabilities	弱点专注	1	1	MirrorDungeonUI_2.json	mirror_dungeon_buffs_title_5
Glimpse of Earnestness	窥见决心	1	1	MirrorDungeonUI_2.json	mirror_dungeon_buffs_title_7
Autogenic	自体再生	1	1	MirrorDungeonUI_2.json	mirror_dungeon_buffs_title_9
Just One Pocket	多带一袋	1	1	MirrorDungeonUI_2.json	mirror_dungeon_buffs_title_11
Fortuitous Find	偶然所得	1	1	MirrorDungeonUI_2.json	mirror_dungeon_buffs_title_13
Distinct Pocket	再带一袋	1	1	MirrorDungeonUI_2.json	mirror_dungeon_buffs_title_14
Solid Defense	固若金汤	1	1	MirrorDungeonUI_2.json	mirror_dungeon_buffs_title_15
Quick Legs	快步前行	1	1	MirrorDungeonUI_2.json	mirror_dungeon_buffs_title_16
Fleet-footed	飞毛腿	1	1	MirrorDungeonUI_2.json	mirror_dungeon_buffs_title_17
Grazing Attack	小小擦伤	1	1	MirrorDungeonUI_2.json	mirror_dungeon_buffs_title_18
Thick Rumbling Hum	震音作响的空间	1	1	MirrorDungeonUI_2.json	mirrordungeon_2_shop_stageinfo_title
Dense Quietness	一片寂静的空间	1	1	MirrorDungeonUI_2.json	mirrordungeon_2_resting_stageinfo_title
E.G.O Gift Info	E.G.O饰品信息	1	1	MirrorDungeonUI_2.json	ego_gift_info
Choose the Sinner that looks tired.	选择看上去疲倦的罪人。	0	2	MirrorDungeonUI_2.json	mirrordungeon_shop_heal_one_who_right
Give Up Rewards	放弃奖励	1	1	MirrorDungeonUI_2.json	give_up_rewards
Cancel All Selected	取消全部所选	1	1	MirrorDungeonUI_2.json	mirror_dungeon_change_formation_release_character
Refuse Gift	拒绝饰品	1	1	MirrorDungeonUI_2.json	mirror_dungeon_give_up_ego_gift
Continue without choosing an E.G.O Gift?	确定不选择E.G.O饰品，直接继续吗？	0	2	MirrorDungeonUI_2.json	mirror_dungeon_give_up_ego_gift_ask
A Journey's Start	旅程伊始	1	1	MirrorDungeonUI_2.json	mirror_dungeon_3_buffs_title_1
Fruits of Labor	劳动果实	1	1	MirrorDungeonUI_2.json	mirror_dungeon_3_buffs_title_4
Worthy Prize	丰硕成果	1	1	MirrorDungeonUI_2.json	mirror_dungeon_3_buffs_title_5
More the Better	多多益善	1	1	MirrorDungeonUI_2.json	mirror_dungeon_3_buffs_title_8
Established Trust	稳固信任	1	1	MirrorDungeonUI_2.json	mirror_dungeon_3_buffs_title_9
Fame and Feats	丰功伟绩	1	1	MirrorDungeonUI_2.json	mirror_dungeon_3_buffs_title_12
Tier 3 Gift Appearance	出现3级饰品	1	1	MirrorDungeonUI_2.json	md3_buffs_summaryDesc_101
Gain +50 Starting Cost	获得50点初始经费	0	2	MirrorDungeonUI_2.json	md3_buffs_summaryDesc_105
Introduce 3 new Gifts	追加出现3款饰品	1	1	MirrorDungeonUI_2.json	md3_buffs_summaryDesc_106
Cheaper Enhancement Cost	强化所需经费减少	1	1	MirrorDungeonUI_2.json	md3_buffs_summaryDesc_110
Gain more Cost from selling Gifts	售卖饰品可获得的经费增加	0	2	MirrorDungeonUI_2.json	md3_buffs_summaryDesc_111
Cheaper Gift Purchase Cost	购买饰品所需经费减少	1	1	MirrorDungeonUI_2.json	md3_buffs_summaryDesc_112
E.G.O Gift Selection +1	可选择E.G.O饰品数量+1	0	2	MirrorDungeonUI_2.json	md3_buffs_summaryDesc_151
Starting Cost +250	初始经费+250	0	2	MirrorDungeonUI_2.json	md3_buffs_summaryDesc_152
Enhance Gifts	<size=90%>强化饰品</size>	1	1	MirrorDungeonUI_3.json	dungeon_shop_ego_gift_upgrade
Fuse Gifts	<size=90%>合成饰品</size>	1	1	MirrorDungeonUI_3.json	dungeon_shop_ego_gift_composite
Sell Gifts	<size=90%>售卖饰品</size>	1	1	MirrorDungeonUI_3.json	dungeon_shop_ego_gift_sell
Cannot Refresh	无法刷新	1	1	MirrorDungeonUI_3.json	mirror_dungeon_shop_could_not_refresh
Cleared Nodes	已通过节点数	1	1	MirrorDungeonUI_3.json	number_of_cleared_nodes
Starlight Nodes	星芒节点数	1	1	MirrorDungeonUI_3.json	number_of_starlight_nodes
Pass XP Reward	通行证经验值奖励	1	1	MirrorDungeonUI_3.json	battlepass_progress_reward
No E.G.O Gifts owned.	暂未持有E.G.O饰品。	1	1	MirrorDungeonUI_3.json	side_content_not_have_any_ego_gift
Wish of Stars	星星的愿望	1	1	MirrorDungeonUI_3.json	mirror_dungeon_select_chip_effect
Quick Edit	快速编辑	1	1	MirrorDungeonUI_3.json	mirrordungeon_edit_start_buff_activation
Featured Boss	出现头目	1	1	MirrorDungeonUI_4.json	mirrordungeon_theme_pack_boss
Enter Simulation	进入模拟难度	1	1	MirrorDungeonUI_4.json	enter_simulation_difficulty
Enter Ritornello	进入Ritornello难度	1	1	MirrorDungeonUI_4.json	enter_ritournelle_difficulty
Path of Stars	星之归路	1	1	MirrorDungeonUI_4.json	mirror_dungeon_4_start_buff_name
Eye of the Storm	暴风眼	1	1	MirrorDungeonUI_4.json	mirror_dungeon_4_buffs_title_1
Cascade of Levin	雷瀑	1	1	MirrorDungeonUI_4.json	mirror_dungeon_4_buffs_title_5
Gathering Storm	聚集的风暴	1	1	MirrorDungeonUI_4.json	mirror_dungeon_4_buffs_title_6
Tornado	龙卷风	1	1	MirrorDungeonUI_4.json	mirror_dungeon_4_buffs_title_7
Faint Evenfall	朦胧暮色	1	1	MirrorDungeonUI_4.json	mirror_dungeon_4_buffs_title_9
Black Polar Night	漆黑极夜	1	1	MirrorDungeonUI_4.json	mirror_dungeon_4_buffs_title_10
Still Dawn	寂静黎明	1	1	MirrorDungeonUI_4.json	mirror_dungeon_4_buffs_title_11
Wintry Daybreak	冰冷拂晓	1	1	MirrorDungeonUI_4.json	mirror_dungeon_4_buffs_title_12
Nightless City	不夜城	1	1	MirrorDungeonUI_4.json	mirror_dungeon_4_buffs_title_13
Sheepback Clouds	羊云	1	1	MirrorDungeonUI_4.json	mirror_dungeon_4_buffs_title_14
Grand Sea of Clouds	浩浩云海	1	1	MirrorDungeonUI_4.json	mirror_dungeon_4_buffs_title_15
Katabatic Wind	山风	1	1	MirrorDungeonUI_4.json	mirror_dungeon_4_buffs_title_16
Fierce Gust	汹汹疾风	1	1	MirrorDungeonUI_4.json	mirror_dungeon_4_buffs_title_17
Updraft	上升气流	1	1	MirrorDungeonUI_4.json	mirror_dungeon_4_buffs_title_19
Night Rain	夜雨	1	1	MirrorDungeonUI_4.json	mirror_dungeon_4_buffs_title_19_1
Feast of Lightning	落雷飨宴	1	1	MirrorDungeonUI_4.json	mirror_dungeon_4_buffs_title_20
Impending Thunder	紧随的雷鸣	1	1	MirrorDungeonUI_4.json	mirror_dungeon_4_buffs_title_21
Hazy Mist	浓厚迷雾	1	1	MirrorDungeonUI_4.json	mirror_dungeon_4_buffs_title_22
Endless Current	无尽的对流	1	1	MirrorDungeonUI_4.json	mirror_dungeon_4_buffs_title_24
Event Horizon	事件视界	1	1	MirrorDungeonUI_4.json	mirror_dungeon_4_buffs_title_25
Milky Way	银河	1	1	MirrorDungeonUI_4.json	mirror_dungeon_4_buffs_title_26
Impending Comet	逼近的彗星	1	1	MirrorDungeonUI_4.json	mirror_dungeon_4_buffs_title_27
Number of Floor Theme Choices +1	[阶层主题]	0	2		
Combining Gifts with different Keywords	不同关键词的情况	0	2	MirrorDungeonUI_4.json	mirror_ego_gift_combine_guide_table_diffrent_keyword
Tier 1 + Tier 1 => Tier 1	1级 + 1级 => 1级	0	2	MirrorDungeonUI_4.json	mirror_ego_gift_combine_guide_table_1_desc_1_0
Tier 1 + Tier 1 => <color=#f8c200>Tier 2</color>	1级 + 1级 => <color=#f8c200>2级</color>	0	2	MirrorDungeonUI_4.json	mirror_ego_gift_combine_guide_table_1_desc_1_1
Tier 1 + Tier 2 => Tier 1	1级 + 2级 => 1级	0	2	MirrorDungeonUI_4.json	mirror_ego_gift_combine_guide_table_1_desc_2_0
Tier 1 + Tier 2 => <color=#f8c200>Tier 2</color>	1级 + 2级 => <color=#f8c200>2级</color>	0	2	MirrorDungeonUI_4.json	mirror_ego_gift_combine_guide_table_1_desc_2_1
Tier 1 + Tier 1 + Tier 3 => Tier 2	1级 + 1级 + 3级 => 2级	0	2	MirrorDungeonUI_4.json	mirror_ego_gift_combine_guide_table_3_desc_3_0
Tier 1 + Tier 2 + Tier 2 => Tier 2	1级 + 2级 + 2级 => 2级	0	2	MirrorDungeonUI_4.json	mirror_ego_gift_combine_guide_table_3_desc_4_0
Tier 1 + Tier 3 + Tier 3 => Tier 3	1级 + 3级 + 3级 => 3级	0	2	MirrorDungeonUI_4.json	mirror_ego_gift_combine_guide_table_3_desc_6_0
Tier 2 + Tier 2 + Tier 2 => Tier 3	2级 + 2级 + 2级 => 3级	0	2	MirrorDungeonUI_4.json	mirror_ego_gift_combine_guide_table_3_desc_7_0
Tier 2 + Tier 2 + Tier 3 => Tier 3	2级 + 2级 + 3级 => 3级	0	2	MirrorDungeonUI_4.json	mirror_ego_gift_combine_guide_table_3_desc_8_0
Tier 2 + Tier 2 + Tier 2 => Tier 3	2级 + 2级 + 3级 => 3级	0	2	MirrorDungeonUI_4.json	mirror_ego_gift_combine_guide_table_3_desc_8_1
Tier 3 + Tier 3 + Tier 3 => Tier 4	3级 + 3级 + 3级 => 4级	0	2	MirrorDungeonUI_4.json	mirror_ego_gift_combine_guide_table_3_desc_10_0
Fusion Guide	合成指南	1	1	MirrorDungeonUI_4.json	mirror_ego_gift_combine_guide_popup_title
By Tier	按等级排序	1	1	MirrorDungeonUI_4.json	mirrordungeon_ego_gift_sort_by_tier
By Keyword	按关键词排序	1	1	MirrorDungeonUI_4.json	mirrordungeon_ego_gift_sort_by_keyword
Enhancement Cost Refunded	[返利礼券] 效果触发	1	1		
Select a Keyword.	请选择关键词。	1	1	MirrorDungeonUI_4.json	ego_gift_combine_ui_plz_select_keyword
Fusion - Keyword Selection	合成 - 关键词选择	0	2	MirrorDungeonUI_4.json	ego_gift_select_keyword_ui_title
Ingredient E.G.O Gift Tiers	作为合成材料的E.G.O饰品等级	1	1	MirrorDungeonUI_4.json	new_ego_gift_combine_guide_table_2_col_1_title
Encounter Reward Cards Guide	遭遇战奖励卡指南	1	1	MirrorDungeonUI_4.json	mirror_battle_reward_card_guide_popup_title
Mirror Dungeon Simulation	镜像迷宫 模拟	1	1	MirrorDungeonUI_4.json	mirror_battle_reward_card_guide_table_1_desc_0_1
Mirror Dungeon Ritornello	镜像迷宫 Ritornello	1	1	MirrorDungeonUI_4.json	mirror_battle_reward_card_guide_table_1_desc_0_2
Clear Effect Selection	重置效果选项	1	1	MirrorDungeonUI_5.json	mirror_dungeon_start_buff_Panel_reset_selection
Activated Effects	已生效的效果	1	1	MirrorDungeonUI_5.json	mirror_dungeon_start_buff_Panel_applied_effect
Trial Gained	苦难追加	1	1	MirrorDungeonUI_5.json	mirror_acquired_random_enemy_buff_popup_title
No Active Effects	未持有任何效果	1	1	MirrorDungeonUI_5.json	user_enemy_buff_empty_list
Grace of Star Clusters	群星之恩惠	1	1	MirrorDungeonUI_5.json	mirror_start_buff_type
Revive Selected Sinner	复活所选罪人	1	1	MirrorDungeonUI_5.json	dungeon_shop_heal_desc_one_revive
Revive All Sinners	复活全体罪人	1	1	MirrorDungeonUI_5.json	dungeon_shop_heal_desc_all_revive
None Selected	未选中	1	1	MirrorDungeonUI_5.json	mirror_start_buff_purchase_modal_not_selected_any_buff
Moderately heal every Sinner.	全体罪人少量恢复。	1	1	MirrorDungeonUI_5.json	dungeon_shop_heal_title_all_season5
Revive a single Sinner.	复活一名罪人。	1	1	MirrorDungeonUI_5.json	dungeon_shop_revive_title_one_season5
Point Tally	点数统计	1	1	MirrorDungeonUI_5.json	mirrordungeon_egogift_combine_guide_result_total_header
10- Points	10点以下	1	1	MirrorDungeonUI_5.json	mirrordungeon_egogift_combine_guide_result_total_1
On Next Floor?	下一阶层	0	2		
Star of the Beginning	起始之星	1	1	MirrorDungeonUI_5.json	mirror_dungeon_5_buffs_title_100
Cumulating Starcloud	层积星云	1	1	MirrorDungeonUI_5.json	mirror_dungeon_5_buffs_title_101
Interstellar Travel	星际旅行	1	1	MirrorDungeonUI_5.json	mirror_dungeon_5_buffs_title_102
Star-shower	倾落的流星雨	1	1	MirrorDungeonUI_5.json	mirror_dungeon_5_buffs_title_103
Binary Star-shop	双星商店	1	1	MirrorDungeonUI_5.json	mirror_dungeon_5_buffs_title_104
Moon Star-shop	卫星商店	1	1	MirrorDungeonUI_5.json	mirror_dungeon_5_buffs_title_105
Favor of the Nebulae	星云的宠爱	1	1	MirrorDungeonUI_5.json	mirror_dungeon_5_buffs_title_106
Starlight Guidance	星芒的引导	1	1	MirrorDungeonUI_5.json	mirror_dungeon_5_buffs_title_107
Chance Comet	偶然的彗星	1	1	MirrorDungeonUI_5.json	mirror_dungeon_5_buffs_title_108
Perfected Possibility	全面的可能性	1	1	MirrorDungeonUI_5.json	mirror_dungeon_5_buffs_title_109
9- Points	9点以下	1	1	MirrorDungeonUI_5.json	mirrordungeon_egogift_combine_guide_result_total_1_upgrade
10 ~ 14 Points	10~14点	0	2	MirrorDungeonUI_5.json	mirrordungeon_egogift_combine_guide_result_total_2_upgrade
Exceeded purchasable Pass Level	超过可购买的通行证等级	1	1	MirrorDungeonUI_5.json	mirrordungeon_purchase_achievement_block_by_max_level
Pass Level maxed out	达到最大通行证等级	1	1	MirrorDungeonUI_5.json	mirrordungeon_achievement_max_level
Parallel Superposition Engaged	平行叠加模式已激活	1	1	MirrorDungeonUI_5_InfinityFloor.json	mirrordungeon_infinityFloor_Entrance_ThemeSelectPanel
Cannot spend Starlight.	无法消耗星芒。	1	1	MirrorDungeonUI_6.json	side_title_not_use_starlight
Will be updated at a later date	将在后续更新中开放。	0	2	MirrorDungeonUI_6.json	on_click_mirrordungeon_theme_list_hard_button
Random Keyword Chance.	随机关键词概率。	1	1	MirrorDungeonUI_6.json	side_desc_is_all_collect_egogift
Under Construction	施工中	1	1	MirrorDungeonUI_6.json	mirrordungeon_infinity_open_condition_no_have_infinity_data
Hard Pack Floors Cleared	已清剿的困难阶层数	1	1	MirrorDungeonUI_6.json	number_of_cleared_hard_floors
Parallel Superposition Floors Cleared	已清剿的平行叠加阶层数	1	1	MirrorDungeonUI_6.json	mirror_cleared_floor_count_over_6
Refraction Railway Packs Cleared	已清剿的折射轨道主题卡包数	1	1	MirrorDungeonUI_6.json	mirror_cleared_railway_theme_pack_count
Grace of the Immortal Star	永生之星的恩惠	0	2	MirrorDungeonUI_6.json	mirror_dungeon_start_buff_Panel_title_md6
Convert Starlight to Cost	将星芒兑换为经费	1	1	MirrorDungeonUI_6.json	mirror_start_buff_purchase_modal_check_box
Loadout Bonus Mult.	编队加成倍率	1	1	MirrorDungeonUI_6.json	mirror_starlight_result_formation_bonus_multiplier
Pre-dungeon Reserve	已拥有量	1	1	MirrorDungeonUI_6.json	mirror_starlight_result_owned_before_enter_dungeon
Net Amount	总拥有量	1	1	MirrorDungeonUI_6.json	mirror_starlight_result_total_owned_point_after_dungeon_play
Grace of Stars Purchased	购买星之恩惠	1	1	MirrorDungeonUI_6.json	mirror_starlight_result_consumed_points_on_start_tooltip_item_purchased
Exploration Score Details	探索点数详情	1	1	MirrorDungeonUI_6.json	mirror_starlight_result_dungeon_play_point_tooltip_title
Loadout Starlight Bonus Mult.	编队星芒加成倍率	1	1	MirrorDungeonUI_6.json	mirror_starlight_result_formation_bonus_multiplier_tooltip_title
Sum Expenditure	总消耗量	1	1	MirrorDungeonUI_6.json	mirror_starlight_result_formation_total_consumed_point
Adversity Rewards	制约奖励	1	1	MirrorDungeonUI_6.json	mirror_select_constraint_slot_reward_title
Mirror of Immortality Projection	永生之镜 投影	1	1	MirrorDungeonUI_6.json	mirror_finished_panel_mirror_pass_exp_reward_label_name_format
Adversity Bonus Mult.	制约加成倍率	1	1	MirrorDungeonUI_6.json	mirror_finished_panel_constraint_bonus_starlight_tooltip_title
Weekly Cap Reached	达到每周上限	1	1	MirrorDungeonUI_6.json	mirror_finished_panel_mirror_pass_detail_weekly_limit
Selected Trials	选择苦难	1	1	MirrorDungeonUI_6.json	mirror_finished_panel_enemy_buff_section_title
Cumulative Adversity Score	累计制约点数	1	1	MirrorDungeonUI_6.json	mirror_dungeon_select_constraint_accumulated_score
Current Area	当前探索区域	1	1	MirrorDungeonUI_6.json	mirror_dungeon_finished_panel_preview_version_last_sector_label
Auto-Restore MD Deployment Order	自动恢复镜像迷宫编队顺序	1	1	MirrorDungeonUI_6.json	mirror_dungeon_option_participation_modification
Adversity - EXTREME	制约-极限模式	0	2	MirrorDungeonUI_6_Achievement.json	mirrordungeon_mission_category_title_MIRROR_DUNGEON6_EXTREME
E.G.O Gift Refresh	E.G.O饰品刷新	1	1	MirrorDungeonUI_7.json	mirror_starlight_result_tooltip_item_refresh_egogift
Skills Owned	当前持有技能	1	1	MirrorDungeonUI_7.json	mirrordungeon_shop_change_skill_popup_skill_pool_desc
Grace of the Star of Names and Spiders	名与蛛的星之恩惠	0	2	MirrorDungeonUI_7.json	mirror_dungeon_start_buff_Panel_title_md7
Select All Graces	选择全部恩惠	1	1	MirrorDungeonUI_7.json	mirror_dungeon_start_buff_select_all
Enhance All	全部强化	1	1	MirrorDungeonUI_7.json	mirror_dungeon_start_buff_select_all_level
Heal again.	额外恢复。	1	1	MirrorDungeonUI_7.json	mirror_dungeon_shop_back_to_heal_again_button
Featured Floors	出现阶层	1	1	MirrorDungeonUI_7.json	mirror_dungeon_card_theme_appear_floor
No Theme Packs unlocked.	没有已解锁的主题卡包。	1	1	MirrorDungeonUI_7.json	mirror_dungeon_theme_list_popup_no_theme_on_list
No Theme Packs selected.	没有已选择的主题卡包。	1	1	MirrorDungeonUI_7.json	mirror_dungeon_theme_list_popup_no_selected_theme_on_list
Too Grave a Sin	那罪孽太深重了	1	1	Passives-BossRaid.json	500103
Familial Love	亲情	1	1	Passives-BossRaid.json	500105
Location-type Distortion: Photo Lab	场所型扭曲：显影室	0	2	Passives-BossRaid.json	501401
Swordplay of the Homeland [Sal] - Great Hwando	本国剑术[肉]-大环刀	0	2	Passives-BossRaid.json	501201
Dujeong Brigandine [Sal] - Iron Bulwark	布面甲[肉]-铁壁	0	2	Passives-BossRaid.json	501202
Swordplay of the Homeland [Sal] - Rend Flesh from Flesh	本国剑术[肉]-斩肉[Sal]于箭[Sal]	0	2	Passives-BossRaid.json	501301
Dujeong Brigandine [Sal] - Great Mountain	布面甲[肉]-泰山	0	2	Passives-BossRaid.json	501305
The Thumb's Officer, Capo IIII	拇指干部 指挥官IIII	0	2	Passives-BossRaid.json	501901
Measured Clashes	迎合交锋	1	1	Passives-a1c9116.json	9018301
Suppressed Movements	抑制行动	1	1	Passives-a1c9116.json	9019301
Strider [Mao]	脚力[卯]	0	2	Passives-a1c9116.json	9018502
Vigor [Mao]	气势[卯]	0	2	Passives-a1c9116.json	9018503
Dominator [Mao]	压制[卯]	0	2	Passives-a1c9116.json	9018504
Corpse Cleanup	清理尸体	1	1	Passives-a1c9116.json	9018702
Infowmashun Weway	心息团递	1	1	Passives-x1p1c1.json	40002501
Infowmashun Newtwawiwashun	心息灰总	1	1	Passives-x1p1c1.json	40002502
Anawytic Ewe	分西	1	1	Passives-x1p1c1.json	40002601
Keen Obsewashun	观擦	1	1	Passives-x1p1c1.json	40002602
Wicheous Retwibyushun	正一层界	1	1	Passives-x1p1c1.json	40002701
Indiscwiminate Awt	万班歇艺	1	1	Passives-x1p1c1.json	40002801
Hustlwe	吹波护澜	1	1	Passives-x1p1c1.json	40002802
Backap	掩付	1	1	Passives-x1p1c1.json	40002902
Entewtainment	玩是护恭	1	1	Passives-x1p1c1.json	40003001
Fwivowous Jokes	胡心寄言	1	1	Passives-x1p1c1.json	40003002
Reshenshimen	胡名怨愤	1	1	Passives-x1p1c1.json	40003101
Spite-dwiven	意系用似	1	1	Passives-x1p1c1.json	40003102
Las-ditch Stwuggle	坠后一波	1	1	Passives-x1p1c1.json	40003201
Detewminashun to Suwiwe	生村决意	1	1	Passives-x1p1c1.json	40003202
Spwit Ewil	短饿	1	1	Passives-x1p1c1.json	40003301
Gamblwr	土徒	1	1	Passives-x1p1c1.json	40003302
Gwudge	护仇决意	1	1	Passives-x1p1c1.json	40003402
Executewor	鼠决	1	1	Passives-x1p1c1.json	40003501
Miwitawy Minset	勋人星神	1	1	Passives-x1p1c1.json	40003502
Fowced Suwival	求死户得	1	1	Passives-x1p1c1.json	40003601
Jean Cod G-0	稀因编码G-0	1	1	Passives-x1p1c1.json	40003602
Deep Slash	深斩	1	1	Passives-ycgd.json	9011002
Information Relay	信息传递	1	1	Passives.json	1010101
Righteous Retribution	正义惩戒	1	1	Passives.json	1030101
Quick Recharge	快速充能	1	1	Passives.json	1030201
Indiscriminate Art	万般皆艺	1	1	Passives.json	1040101
C. I. H.	刀·断	1	1	Passives.json	1040201
Last-ditch Struggle	最后一搏	1	1	Passives.json	1080101
Eye for Weakness	弱点识破	1	1	Passives.json	1080401
Split Evil	断恶	1	1	Passives.json	1090101
Forced Survival	求死不得	1	1	Passives.json	1120101
Emergency Rations	应急食粮	1	1	Passives.json	1120301
Information Neutralization	信息汇总	1	1	Passives.json	1010121
Ice Breaker	破局者	1	1	Passives.json	1040221
Muscle in Charge	行动队长	1	1	Passives.json	1040321
Friction Point	砺火燃薪	1	1	Passives.json	1050221
Frivolous Jokes	无心戏言	1	1	Passives.json	1060121
Syndicate Payback	帮派清算	1	1	Passives.json	1060221
Self-neglect	不顾己身	1	1	Passives.json	1070221
Determination to Survive	生存决意	1	1	Passives.json	1080121
By the Manual	照章办事	1	1	Passives.json	1080421
Dark Cloud Swordsmanship	黑云剑术	1	1	Passives.json	1090221
Bloodied Hands	血染双手	1	1	Passives.json	1100221
Jugar con Enemigos	戏敌为乐	1	1	Passives.json	1100421
Double Tap	补刀	1	1	Passives.json	1110221
Gene Code G-0	基因编码G-0	1	1	Passives.json	1120121
Rushing Heart	疾驰之心	1	1	Passives.json	1120221
Gene Code G-3	基因编码G-3	1	1	Passives.json	1120321
Obsessive Hammer	执念之锤	1	1	Passives.json	1050401
Rising Faith	信仰的满足	1	1	Passives.json	1090421
Relay Intelligence	情报共享	1	1	Passives.json	1110421
Artistic Flavor	艺术风味	1	1	Passives.json	1040421
Packed Pies	打包肉派	1	1	Passives.json	1120401
Culinary Aid	协助烹饪	1	1	Passives.json	1120421
Hammer of Zealotry	盲目之锤	1	1	Passives.json	1030421
Resonant Spanner	共振扳手	1	1	Passives.json	1090521
Chronic Fatigue	慢性疲劳	1	1	Passives.json	1050501
Leave by Suggestion	劝告休假	1	1	Passives.json	1050521
Rain of Tears	泪雨	1	1	Passives.json	1070501
Sawblade Fired Up	启动锯刃	1	1	Passives.json	1120501
Sawblade Maintenance	保养锯刃	1	1	Passives.json	1120521
Pungent Spring Breeze	刺鼻春风	1	1	Passives.json	1010421
Corrosive Slime	黏液腐蚀	1	1	Passives.json	1080521
Regeneration Ampule Activation	激活再生安瓿	1	1	Passives.json	1060501
High-grade Ampule	高浓度安瓿	1	1	Passives.json	1060521
Unfixing Talismans	符咒剥离	1	1	Passives.json	1100601
Wishing Talisman	祈愿符	1	1	Passives.json	1100621
Activate rrR-#4 Suit Pressurization	rrR-#4装甲增压运作	0	2	Passives.json	1050601
Defensive Breathing	守势呼吸	1	1	Passives.json	1090601
A Noble Duel	崇高决斗	1	1	Passives.json	1030501
Crushin' Crabs	粉碎螃蟹	1	1	Passives.json	1080701
Unstable Power Output	不稳定功率	1	1	Passives.json	1100701
Modified Power Output	功率改造	1	1	Passives.json	1100721
Combat Shield	战斗盾牌	1	1	Passives.json	1120601
Protection Request Received	受理保护委托	1	1	Passives.json	1020521
Dimensional Refraction Edge - Type: Blade Mk7	次元折射刃- Type: Blade Mk7	0	2	Passives.json	1040521
Train Cleanup Manual	传递列车清扫手册	1	1	Passives.json	1060621
Before the Tea Cools...	在茶冷掉之前…	1	1	Passives.json	1020601
In Times Like These...	越战越勇…	1	1	Passives.json	1010501
Drinking Boast	英勇事迹	1	1	Passives.json	1110501
Incandescent Enlightenment	开悟之光	1	1	Passives.json	1090701
Missionary of Knowledge	传道使命	1	1	Passives.json	1090721
Mass-produced Bionic Gear	量产型活体装备	1	1	Passives.json	1060721
Cleanup Demonstration	清扫示范培训	1	1	Passives.json	1010621
Favoritism	偏袒	1	1	Passives.json	1030621
The First Mate's Harpoon	大副的鱼叉	1	1	Passives.json	1010701
The First Mate's Acumen	大副的本领	1	1	Passives.json	1010721
Lingering Bladepoint	缠绵剑锋	1	1	Passives.json	1020821
Passionate Cheer	热烈鼓舞	1	1	Passives.json	1090821
Verify Obligation Fulfillment	确认义务履行	1	1	Passives.json	1070821
Stigma Workshop Weaponry / Passion	烙印工造/激情	0	2	Passives.json	1100901
Flaring Brand	炽热之刃	1	1	Passives.json	1100921
N.O.	镇·支	1	1	Passives.json	1040901
The A.I.	助·感	1	1	Passives.json	1040921
In the Culprit's Shoes	如果我是犯人的话…？	1	1	Passives.json	1060921
T Corp. Martial Arts	T公司式格斗术	1	1	Passives.json	1090921
Study Hall	自习指示	1	1	Passives.json	1051001
Diligent Learning	勤勉学习	1	1	Passives.json	1051021
Charging Module Installation	充能模块安装	1	1	Passives.json	1070921
Endless Lamentation	无尽悲叹	1	1	Passives.json	1071021
Spiderhead/Skullface	蜘蛛头/骷髅头	0	2	Passives.json	1041001
E.G.O Assimilation	E.G.O 同化	1	1	Passives.json	1041002
Eat and Sleep	吃完就快睡	1	1	Passives.json	1041021
Hand of Salvation	救赎之手	1	1	Passives.json	1011021
Outstanding Courier	优秀派送员	1	1	Passives.json	1091021
Begin Protection Mission	开始保护任务	1	1	Passives.json	1101001
Contract Target Protection	保护委托对象	1	1	Passives.json	1101021
WRONG COSTUME!!!	不是那件！！！	0	2	Passives.json	1111101
Don Quixote Hardblood Arts 6: Whip	堂吉诃德派硬血6式鞭	0	2	Passives.json	1121021
Speedy Courier	高速派送员	1	1	Passives.json	1101121
Suppressing Fire	压制射击	1	1	Passives.json	1061121
Spotter	观察手	1	1	Passives.json	1071121
Flame Moth	火蛾	1	1	Passives.json	1021111
Residual Heat	余热	1	1	Passives.json	1021121
Cloud Workshop Blade	云工坊之刃	1	1	Passives.json	1081121
I'm the only survivor...	只有我活下来了…	1	1	Passives.json	1121101
Partial Heishou Mutation Training	部分黑兽化修炼	1	1	Passives.json	1041121
A Husk of Hares	成群之兔	1	1	Passives.json	1111221
Heishou Mutation [Si]	黑兽化[巳]	0	2	Passives.json	1121201
Intravascular Venom	血中游毒	1	1	Passives.json	1091221
Volatilized Memory	挥发的回忆	1	1	Passives.json	1011302
Magical Girl of Love / Queen of Hatred	爱之魔法少女/憎恶皇后	0	2	Passives.json	1031201
Magical Power Charging Support	魔力充能支援	1	1	Passives.json	1031221
Magical Girl of Justice / Knight of Despair	正义之魔法少女/绝望骑士	0	2	Passives.json	1091301
For All Those Who Despair...	为所有绝望之人…	0	2	Passives.json	1091321
Let's Get Battle-drunk	沉醉于战斗中吧	1	1	Passives.json	1101401
Adept Vanguard	魁首先锋	1	1	Passives.json	1011403
@#$'s Hand I Let Slip	未能握住的@#$之手	0	2	Passives.json	1041201
Grasp that Forbids Falling	为不被打倒而紧握之掌	1	1	Passives.json	1041202
It flows and cries	那在流动、彻响	1	1	Passives.json	1041221
Aiming for the Bullseye	一箭入魂	1	1	Passives.json	1021321
Defence-Oriented Charge	防御性充能	1	1	Passives.json	1071301
'Bloodied, Masked, and as Blood Commands'	“披上鲜血、戴上面具，听从血液的驱使吧”	0	2	Passives.json	1051301
Flood the Chalice	杯中满溢	1	1	Passives.json	1051321
Stacking the Deck	抽洗控牌	1	1	Passives.json	1081301
Painless Mercy	无痛的慈悲	1	1	Passives.json	1121302
Aim for the Gap	乘隙瞄准	1	1	Passives.json	1121321
Bloody Storm of Blades	互搏血斗	1	1	Passives.json	1071401
Flame Rooster's Death Defiance [炎鳥不死戰]	炎鸟不死战	0	2	Passives.json	1071403
Flesh-Rending Horn Growth	破肉而生之角	1	1	Passives.json	1031321
Carol of Dying Comrades	于颂歌声中，死去的同伴们	1	1	Passives.json	1091421
The Scepter of Horus - Replica	荷鲁斯之杖-仿制	0	2	Passives.json	1111402
Eagle Eye	苍鹰之眼	1	1	Passives.json	1111421
Prescript Delivered on Paper Slips	由纸条所传达的指令	0	2	Passives.json	1021402
The Middle Never Forgets, Y'know?	中指可是永不遗忘的	0	2	Passives.json	1081401
Grace of God	神的加护	1	1	Passives.json	1011521
A Void that Cannot be Filled	无法填满的空虚	0	2	Passives.json	1041402
Spring's Genesis	春之诞	1	1	Passives.json	1041421
Alternating Discharge Support	交流放电支援	1	1	Passives.json	1121503
Take the Lead. I'll Provide You Support.	带路吧。我会支援你的。	0	2	Passives.json	1121501
Armor of Protection and Repression	保护与抑制用甲胄	0	2	Passives.json	1021503
Iron Maiden - Spikes	铁处女-棘	0	2	Passives.json	1021521
Impastoed Scar	反复叠涂的疤痕	1	1	Passives.json	1051521
Vengeance Tattoo Resonance	仇怨纹身共鸣	1	1	Passives.json	1071503
Thanks... Kiddo.	闺女…谢了。	1	1	Passives.json	1111506
Spiteful Pursuit	受执念驱使的追击	1	1	Passives.json	1061521
Saikai [再会] - The Thumb	再会-拇指	0	2	Passives.json	1071604
In One-on-one Duels...	如果是一对一决斗…	1	1	Passives.json	1071621
Weaklings, Not Worth Shit	一帮废物	0	2	Passives.json	1091621
Morgenfeuer [Stigma Workshop]	晨炎[烙印工坊]	0	2	Passives.json	1121601
Stigma Workshop Prosthesis	烙印工坊的义体	1	1	Passives.json	1121621
Heatproof Coat	隔热大衣	1	1	Passives.json	1021602
Feuerfalter [Stigma Workshop]	炎蝶[烙印工坊]	0	2	Passives.json	1021601
The Lone Fixer	孤独的收尾人	1	1	Passives.json	1021621
VelocityAndCoordinatesAndVelocity	速度YU坐标YU速度	1	1	Passives.json	1011601
LetManOutrunEvenTheRayOfLight	人啊，逃DE比光GENG快吧	1	1	Passives.json	1011621
A Duel Witnessed	受公证的决斗	1	1	Passives.json	1061602
Clouded Mind	浑浊的精神	1	1	Passives_Abnormality-a1c5p3.json	810306
Muddled Orders	模糊命令	1	1	Passives_Abnormality-a1c5p3.json	810503
Coldhearted Decision	冷酷的决断	1	1	Passives_Abnormality-a1c5p3.json	810504
Pip's Sin and Innocence	比普的罪与清白	1	1	Passives_Abnormality-a1c5p3.json	810602
Starbuck's Fears	斯达巴克的恐惧	1	1	Passives_Abnormality-a1c5p3.json	810603
Queequeg's Atonement	魁魁格的忏悔	1	1	Passives_Abnormality-a1c5p3.json	810605
Price of Nobility	崇高的代价	1	1	Passives_Abnormality-a1c5p3.json	810607
Endless Insecurity	无尽的自卑感	1	1	Passives_Abnormality-a1c6p2.json	816501
Directed Wrath	被指引的暴怒	1	1	Passives_Abnormality-a1c6p2.json	816502
Sin Nullification	罪孽抵抗	1	1	Passives_Abnormality-a1c6p3.json	816101
Proliferating Flame	火焰转移	1	1	Passives_Abnormality-a1c6p3.json	816102
Chaotic Hunt	纠缠的狩猎	1	1	Passives_Abnormality-a1c6p3.json	816601
Humanity Abandoned	抛弃的人性	1	1	Passives_Abnormality-a1c6p3.json	816602
Release From Binds	捆缚解除	1	1	Passives_Abnormality-a1c6p3.json	817104
Spreading Emotions	蔓延的情感	1	1	Passives_Abnormality-a1c6p3.json	817201
Amalgamated Resentment	凝聚的怨恨	1	1	Passives_Abnormality-a1c6p3.json	817202
Continuing Revenge	无尽的复仇	1	1	Passives_Abnormality-a1c6p3.json	817203
A Distant Identity	另一个人格	1	1	Passives_Abnormality-a1c6p3.json	817401
Cold Body	冰冷的躯体	1	1	Passives_Abnormality-a1c6p3.json	817402
A Shaky Ego	摇摇欲坠的自我	1	1	Passives_Abnormality-a1c6p3.json	817403
Misery-severing Hand	斩断不幸之手	1	1	Passives_Abnormality-a1c6p3.json	819201
Moment of Vengeance	复仇之时	1	1	Passives_Abnormality-a1c6p3.json	816408
Casual Opportunity	从容的机会	1	1	Passives_Abnormality-a1c7p1.json	837101
Leisurely Breathing	轻松地调整呼吸	1	1	Passives_Abnormality-a1c7p1.json	837102
Hardblood Scissor	硬血剪刀	1	1	Passives_Abnormality-a1c7p1.json	837202
Bloodsteeped Scissors	带血的剪刀	1	1	Passives_Abnormality-a1c7p1.json	837206
Eternal Parade of Happiness	永远的幸福游行	1	1	Passives_Abnormality-a1c7p2.json	838105
This isn't how it ends	不能就这样结束	0	2	Passives_Abnormality-a1c7p2.json	838106
A Close Match	惊险的比试	1	1	Passives_Abnormality-a1c7p2.json	838902
Unctio Extrema	终油圣礼	1	1	Passives_Abnormality-a1c7p3.json	837801
Sacramentum Paenitentiae	忏悔圣礼	1	1	Passives_Abnormality-a1c7p3.json	837802
The Once-loved Ones	曾所爱之人	1	1	Passives_Abnormality-a1c7p3.json	837901
Please Don't be Sick	愿不再疼痛	1	1	Passives_Abnormality-a1c7p3.json	837905
A Single Strangling Flower	束缚的一朵	1	1	Passives_Abnormality-a1c7p3.json	837503
Bramble Steed	藤蔓缠绕的马	1	1	Passives_Abnormality-a1c7p3.json	837602
Interlocking Brambles	纠缠的棘蔓	1	1	Passives_Abnormality-a1c7p3.json	837603
An Unfamiliar Banquet	陌生的晚宴	1	1	Passives_Abnormality-a1c7p3.json	841003
Reminders of Determination	咬紧牙关的意志	1	1	Passives_Abnormality-a1c7p3.json	841302
Hardblood Wedge Gaol	硬血楔禁锢	1	1	Passives_Abnormality-a1c7p3.json	841201
Internal Blood Crystallization	从内部开始结晶的血	1	1	Passives_Abnormality-a1c7p3.json	841203
Total Blood Coagulation	所有凝固的血	1	1	Passives_Abnormality-a1c7p3.json	841204
The adventure ends here.	冒险在此结束。	1	1	Passives_Abnormality-a1c7p3.json	841104
Jia Qiu's Test	贾丘的试炼	1	1	Passives_Abnormality-a1c8p2.json	113102
Effloresced E.G.O::Érlì	绽放E.G.O::而立	0	2	Passives_Abnormality-a1c8p2.json	113701
Infinite Song of Erudition	弦歌不辍	1	1	Passives_Abnormality-a1c8p2.json	113709
Unleashed Curse	被解放的诅咒	1	1	Passives_Abnormality-a1c8p2.json	115702
Returning the Pain	偿还痛苦	1	1	Passives_Abnormality-a1c8p2.json	115703
Rupture by Feathers	羽之破裂伤	1	1	Passives_Abnormality-a1c8p2.json	115804
Deploy Lightning Shield	电击刀 护盾展开	1	1	Passives_Abnormality-a1c8p2.json	116705
That's how you use your human resources	这便是人尽其用	0	2	Passives_Abnormality-a1c8p2.json	116001
E.G.O Temporary Max Attunement	E.G.O瞬间感应度 最大化	1	1	Passives_Abnormality-a1c8p3.json	113504
Better avert your gazes	可不能只盯上我啊	1	1	Passives_Abnormality-a1c8p3.json	113505
Knowledge of Immortality	不老不死的知识	1	1	Passives_Abnormality-a1c8p3.json	115403
Santata's Guffaw	桑塔塔的笑声	1	1	Passives_Abnormality-a1c951.json	811301
Armor of Protection & Repression	保护与抑制用甲胄	0	2	Passives_Abnormality-a1c9p1.json	131901
Corpus Spent as Material	已作为材料使用的肉体	1	1	Passives_Abnormality-a1c9p1.json	131904
Training to Inherit the Name of a Star	为承星名之修行	0	2	Passives_Abnormality-a1c9p1.json	131801
Unsheathing Dihui Star's Blade	地慧星刀 拔刀	1	1	Passives_Abnormality-a1c9p2.json	132208
Supply Resources	支援补给	1	1	Passives_Abnormality-a1c9p2.json	132005
Annihilation Form	抹杀姿态	1	1	Passives_Abnormality-a1c9p2.json	132505
Corpus-centric Art	以人体为中心的艺术	1	1	Passives_Abnormality-a1c9p3.json	133102
Ingredient Harvest	收获材料	1	1	Passives_Abnormality-a1c9p3.json	133202
Escape from the Art	从艺术中生还	1	1	Passives_Abnormality-a1c9p3.json	133203
Flammable Material	可燃性素材	1	1	Passives_Abnormality-a1c9p3.json	133204
With this Artwork, I will Prove Myself before the Maestro	我会在大师面前，用作品证明自己	0	2	Passives_Abnormality-a1c9p3.json	133606
Vengeance Tattoos Max Output... Unseal Lævateinn!	仇怨纹身最大输出…莱瓦汀封印解除！	0	2	Passives_Abnormality-a1c9p3.json	134101
Praise is the Wind in Her Sail	给她个好脸就上天	0	2	Passives_Abnormality-a1c9p3.json	132803
I'm pretty sure the Middle never forgets	我说过，中指绝对会如数奉还	0	2	Passives_Abnormality-a1c9p3.json	132804
Crumbling Form	摇摇欲坠的姿势	1	1	Passives_Abnormality-a1c9p3.json	132602
Lucio, you useless little shit!	卢西奥，你这没用的废物	0	2	Passives_Abnormality-a1c9p3.json	131406
Ingredient Selection	材料选定	1	1	Passives_Abnormality-a1c9p3.json	134605
132218	132218	1	1	Passives_Abnormality-a1c9p3.json	132218
Afterimage of the Future	未来的残像	1	1	Passives_Abnormality-a1c9p3.json	132214
132217	132217	1	1	Passives_Abnormality-a1c9p3.json	132217
From Dawn till Dusk	自夜明直至黄昏	1	1	Passives_Abnormality-a1c9p3.json	132222
The Emperor's Subjects	皇帝的臣民	1	1	Passives_Abnormality-a1c9p3.json	133901
The Emperor's Mantle	皇帝的披风	1	1	Passives_Abnormality-a1c9p3.json	133902
The Emperor's Blood	皇帝之血	1	1	Passives_Abnormality-a1c9p3.json	133904
The Unwrapped Present	撕开的包装纸	1	1	Passives_Abnormality-a1c9p3.json	133905
The Emperor's Wrath	皇帝的震怒	1	1	Passives_Abnormality-a1c9p3.json	133906
I'll scrape every filthy scale off your skin...	将肮脏的鳞片踏至一片不留…	0	2	Passives_Abnormality-cultivation.json	124704
Sparring Complete	切磋结束	1	1	Passives_Abnormality-cultivation.json	124801
Reversed Circuitry	电路反转	1	1	Passives_Abnormality-cultivation.json	124901
Slightly Relieved Burdens	负荷稍降	1	1	Passives_Abnormality-cultivation.json	125001
Rule by Fear	恐怖统治	1	1	Passives_Abnormality-cultivation.json	125101
Twisted Determination	扭曲的意志	1	1	Passives_Abnormality-cultivation.json	125103
Arranged Information	整理完毕的情报	1	1	Passives_Abnormality-exme.json	145201
Firm Nailing	坚固钉击	1	1	Passives_Abnormality-exme.json	145202
From Memory to Record	从记忆到记录	1	1	Passives_Abnormality-exme.json	146002
Nightmare of La Manchaland	拉·曼却领的噩梦	1	1	Passives_Abnormality-mowe-re.json	123806
Sanguivore - Coagulation	血食-硬化	0	2	Passives_Abnormality-mowe-re.json	123805
Prosthesis Model - L37	义体型号- L37	0	2	Passives_Abnormality-mowe-re.json	130502
Must Retain Blood	血液不可耗尽	1	1	Passives_Abnormality-mowe.json	835002
The Prince's Frenzy	王子的反抗	1	1	Passives_Abnormality-mowe.json	835003
Rough Bloodsucking	贪婪吸血	1	1	Passives_Abnormality-mowe.json	9014801
Power Leakage	漏电	1	1	Passives_Abnormality-mowe.json	9014802
Blood to Brain	血液供脑	1	1	Passives_Abnormality-mowe.json	9015101
A Young Kindred	年幼的眷属	1	1	Passives_Abnormality-mowe.json	9015201
Burst Bloodbag	爆裂的血袋	1	1	Passives_Abnormality-mowe.json	834801
I'm Stuffed	我吃不下了	1	1	Passives_Abnormality-mr6.json	124301
Got Candy?	有糖果吗？	0	2	Passives_Abnormality-mr6.json	124303
Let the Blood Festival Flow	血祭开幕	0	2	Passives_Abnormality-mr7-extreme.json	139001
Let the Fire Festival Ignite	火祭开幕	0	2	Passives_Abnormality-mr7-extreme.json	139003
Let the Star Festival Fall	星祭开幕	0	2	Passives_Abnormality-mr7-extreme.json	139006
SplishSplashSplish	拍拍拍	1	1	Passives_Abnormality-mr7-extreme.json	141204
Authority Unbroken	维持威信	1	1	Passives_Abnormality-mr7.json	137901
Overlook of All-life	俯视苍生	1	1	Passives_Abnormality-pilgrimage.json	128803
Adversary of the Tides	猎潮者	1	1	Passives_Abnormality-pilgrimage.json	128804
Rage Against the Waves	大潮的愤怒	1	1	Passives_Abnormality-pilgrimage.json	128806
Galloping Rocinante	疾行的罗辛南特	1	1	Passives_Abnormality-pilgrimage.json	128807
The Knight's Delusion	骑士的妄念	1	1	Passives_Abnormality-pilgrimage.json	128808
Ego of Responsibility	责任的自我	1	1	Passives_Abnormality-pilgrimage.json	129702
Adrift Compassion	漂流的善意	1	1	Passives_Abnormality-pilgrimage.json	129703
Coaxing Kins	劝诱同族	1	1	Passives_Abnormality-pilgrimage.json	129705
Cell Membrane	细胞膜	1	1	Passives_Abnormality-pilgrimage.json	129103
Rescued Time	救援的时间	1	1	Passives_Abnormality-tkt.json	827701
Accelerated Regeneration	加速再生修复	1	1	Passives_Abnormality-tkt.json	827702
Everyone's Time	所有人的时间	1	1	Passives_Abnormality-tkt.json	827801
Equal Expense	公平的支出	1	1	Passives_Abnormality-tkt.json	827802
For the Time Community	为了时间共同体	1	1	Passives_Abnormality-tkt.json	827803
Casque de Fauve - Empreinte Vitale	寄宿着人生的兽面	0	2	Passives_Abnormality-twth.json	142204
Le Fauvisme - Masque de Loup : Résurgence de la Sauvagerie	野兽派-狼面：觉醒的野性	0	2	Passives_Abnormality-twth.json	142302
Le Fauvisme - Maximum Paint Tolerance Dose	野兽派-颜料注入极限值	0	2	Passives_Abnormality-twth.json	142304
Remnant of Art	艺术的痕迹	1	1	Passives_Abnormality-twth.json	142401
BLACK Damage	侵蚀伤害	1	1	Passives_Abnormality-walpu4.json	836301
River of Helpless Tears	流下无力之泪	1	1	Passives_Abnormality-walpu6.json	122302
Tailored for the Palate	直击味蕾	1	1	Passives_Abnormality-walpu8.json	136602
The Secret of Taste	味道的秘密	1	1	Passives_Abnormality-walpu8.json	136603
Lasting Ordeal	接连不断的考验	1	1	Passives_Abnormality-walpu8.json	136902
Fragile Orange Bubble	脆弱的橙子气泡	1	1	Passives_Abnormality-walpu8.json	136903
Food Production	食品生产	1	1	Passives_Abnormality-walpu8.json	136904
Dignity of the B.E.	凤·皇的威严	1	1	Passives_Abnormality-x1p1c1.json	136501
It was All... for the Kids.	都是为了孩子们	0	2	Passives_Abnormality-x1p1c1.json	138703
NOT FOR DISPLAY1	如果它出现了就是bug1	1	1	Passives_Abnormality.json	800102
NOT FOR DISPLAY2	如果它出现了就是bug2	1	1	Passives_Abnormality.json	800103
Cracked Gold	碎裂的黄金	1	1	Passives_Abnormality.json	800801
Frail Core	中枢毁坏	1	1	Passives_Abnormality.json	800902
Rotting Apple	腐烂的苹果	1	1	Passives_Abnormality.json	800903
Wavering Desires	摇晃的欲望	1	1	Passives_Abnormality.json	801301
Ensnaring Desires	束缚的欲望	1	1	Passives_Abnormality.json	801302
Shuddering Terror	深入肌肤的恐惧	1	1	Passives_Abnormality.json	801904
You Must Accept the Pain!	接受痛苦吧！	0	2	Passives_Abnormality.json	802903
Bliss of Execution	处刑的欢愉	1	1	Passives_Abnormality.json	802904
Inconsolable Sorrow	无法自拔的悲伤	1	1	Passives_Abnormality.json	804102
Downed by the Horns	完全无力化	1	1	Passives_Abnormality.json	804104
Motioning Nerves	活动的神经	1	1	Passives_Abnormality.json	804502
Perilous Mind	岌岌可危的精神	1	1	Passives_Abnormality.json	804301
Walled Heart	封闭的心	1	1	Passives_Abnormality.json	805301
Flowering Mind	盛开的内心	1	1	Passives_Abnormality.json	804402
Cost of Blooming	开花的代价	1	1	Passives_Abnormality.json	804404
Growing Flower	茁壮成长的花	1	1	Passives_Abnormality.json	805401
Self Salvation	自我救赎	1	1	Passives_Abnormality.json	804904
Price of Neglect	背道而驰的代价	1	1	Passives_Abnormality.json	805004
Inefficient Judgement	低效的判断	1	1	Passives_Abnormality.json	805006
Exhausting Endeavor	体力耗尽	1	1	Passives_Abnormality.json	805007
Exposed Base	露出的根系	1	1	Passives_Abnormality.json	805802
Spare Lure	额外的饵料	1	1	Passives_Abnormality.json	805803
Discovered Weakness	暴露的弱点	1	1	Passives_Abnormality.json	805804
Connected Weakness	相连的弱点	1	1	Passives_Abnormality.json	805805
Torn Arm	被撕裂的手臂	1	1	Passives_Abnormality.json	826303
Invitation to a Meal	就餐邀请	1	1	Passives_Abnormality.json	826304
The Queen's Defenders	女王护卫	1	1	Passives_Abnormality.json	124501
Ferocious Acidic Crust	凶恶的酸性甲壳	1	1	Passives_Abnormality91-4.json	806301
Stolen Rupturing Shell	偷来的破裂外壳	1	1	Passives_Abnormality91-4.json	806302
Looming Presence	巨物尊容	1	1	Passives_Abnormality91-4.json	806305
Gloomy Noises	忧郁之声	1	1	Passives_Abnormality_Refraction.json	851001
Septic Weakness	溃烂的弱点	1	1	Passives_Abnormality_Refraction.json	851003
Damage Detected!	检测到破损！	0	2	Passives_Abnormality_Refraction.json	852001
Refracted Burn and Rupture	折射的烧伤与破裂	1	1	Passives_Abnormality_Refraction2.json	855004
Apply Refracted Tremor	施加折射的震颤	1	1	Passives_Abnormality_Refraction2.json	855005
One-sided Desire	单方面的欲望	1	1	Passives_Abnormality_Refraction2.json	856501
Yellow Rose 2	黄色玫瑰2	1	1	Passives_Abnormality_Refraction2.json	856602
Yellow Rose 4	黄色玫瑰4	1	1	Passives_Abnormality_Refraction2.json	856604
Green Rose 2	绿色玫瑰2	1	1	Passives_Abnormality_Refraction2.json	856702
Green Rose 4	绿色玫瑰4	1	1	Passives_Abnormality_Refraction2.json	856704
Blue Rose 3	蓝色玫瑰3	1	1	Passives_Abnormality_Refraction2.json	856803
Blue Rose 5	蓝色玫瑰5	1	1	Passives_Abnormality_Refraction2.json	856805
Azure Rose 3	靛色玫瑰3	1	1	Passives_Abnormality_Refraction2.json	856903
Azure Rose 5	靛色玫瑰5	1	1	Passives_Abnormality_Refraction2.json	856905
Purple Rose 3	紫色玫瑰3	1	1	Passives_Abnormality_Refraction2.json	857003
Purple Rose 5	紫色玫瑰5	1	1	Passives_Abnormality_Refraction2.json	857005
Binding Roots	纠缠的根	1	1	Passives_Abnormality_Refraction3.json	857802
Flowering Gossypium	盛开的棉花	1	1	Passives_Abnormality_Refraction3.json	857806
Contempt and Gaze	轻蔑与视线	1	1	Passives_Abnormality_Refraction3.json	858501
Crushing Grasp	粉碎之掌	1	1	Passives_Abnormality_Refraction3.json	858503
Compounded Contempt	附加的轻蔑	1	1	Passives_Abnormality_Refraction3.json	858504
Penetrated Gaze	贯穿的视线	1	1	Passives_Abnormality_Refraction3.json	858505
Portrait Afterimage Sighting	目击肖像残影	1	1	Passives_Abnormality_Refraction4.json	860501
Throwing Out the Interloper	赶走不速之客	1	1	Passives_Abnormality_Refraction4.json	860502
Interloper Hunt	狩猎不速之客	1	1	Passives_Abnormality_Refraction4.json	860503
A Familiar Connector	熟悉的插头	1	1	Passives_Abnormality_Refraction4.json	860801
Overcurrent	过流	1	1	Passives_Abnormality_Refraction4.json	860802
Detached Anti-Ovine Grounding Plug	断开的对羊接地插头	1	1	Passives_Abnormality_Refraction4.json	862802
Safety Plug	安全插头	1	1	Passives_Abnormality_Refraction4.json	862803
Prelude of the Banquet	宴会开幕	1	1	Passives_Abnormality_Refraction4.json	862901
Closing of the Banquet	宴会闭幕	1	1	Passives_Abnormality_Refraction4.json	862902
Snapping Bandages	崩裂的绷带	1	1	Passives_Abnormality_Refraction4.json	862904
Retainer of the King in Binds	受缚之王的仆从	0	2	Passives_Abnormality_Refraction4.json	828001
Refracted Struggle	折射的挣扎	1	1	Passives_Abnormality_Refraction4.json	860506
Summon Targets	召唤靶子	1	1	Passives_Abnormality_Refraction5.json	863003
Oxygen Supply	氧气供给	1	1	Passives_Abnormality_Refraction5.json	863201
Oxygen-saturated	氧气饱和状态	1	1	Passives_Abnormality_Refraction5.json	863203
Shattered Ribcage	肋骨破坏	1	1	Passives_Abnormality_Refraction5.json	863204
Ribcage Regeneration	肋骨再生	1	1	Passives_Abnormality_Refraction5.json	863205
Excruciating Suffering	断绝痛苦	1	1	Passives_Abnormality_Refraction5.json	863206
Indulgent Petals	沉溺的花瓣	1	1	Passives_Abnormality_Refraction5.json	863301
Bloodthirsty Stench	残酷的血香	1	1	Passives_Abnormality_Refraction5.json	863304
Refracted Sin	折射的罪孽	1	1	Passives_Abnormality_Refraction5.json	863305
Endless Thirst	无尽的饥渴	1	1	Passives_Abnormality_Refraction5.json	863307
Endless Yearning	无尽的渴望	1	1	Passives_Abnormality_Refraction5.json	863308
Increased Refraction Rate	折射率提升	1	1	Passives_Abnormality_Refraction5.json	863309
Designated Execution	指定射杀	1	1	Passives_Abnormality_Refraction5.json	863101
First Strike Wins	先手必胜	1	1	Passives_Abnormality_Refraction5.json	863102
Time of Forging	锻造的岁月	1	1	Passives_Abnormality_Refraction6.json	956402
Erosion of Kalpas	永劫的侵蚀	1	1	Passives_Abnormality_Refraction6.json	956602
Moment of Entangled Lives	罗生之时	1	1	Passives_Abnormality_Refraction6.json	956705
Life Hanging on a Wedge [一櫼之命]	一楔之命	0	2	Passives_Abnormality_Refraction6.json	956801
The Unreachable Heavens	不可升入之天	1	1	Passives_Abnormality_Refraction6.json	956805
Broken Scale	损坏的鳞	1	1	Passives_Abnormality_Refraction6.json	956903
Broken Skull	受损的头	1	1	Passives_Abnormality_Refraction6.json	956904
Dragon's Vein [龍脈]	龙脉	0	2	Passives_Abnormality_Refraction6.json	957001
The Dragon's Bleeding Vein	流溢的龙脉	1	1	Passives_Abnormality_Refraction6.json	957002
Lofty Energy	孤高的精气	1	1	Passives_Abnormality_Refraction6.json	957004
Refracted Egress	折射的出口	1	1	Passives_Abnormality_Refraction6.json	957006
Return to Origin [物歸原主]	物归原主	0	2	Passives_Abnormality_Refraction6.json	957101
No More Playtime	已然结束的游戏	1	1	Passives_Abnormality_Refraction6.json	955603
Attachment Plushie	依恋的玩偶	1	1	Passives_Abnormality_Refraction6.json	955604
Widening Knowledge	拓展的知识	1	1	Passives_Assist-Cultivation.json	940000502
How to Survive	生存之法	1	1	Passives_Assist-Cultivation.json	940000506
Apathetic Response	无感情地回应	1	1	Passives_Assist-Cultivation.json	940000507
POW Torture Technique	战俘拷问技术	1	1	Passives_Assist-Cultivation.json	940000508
The Reassuring Heart	安抚他人的心	1	1	Passives_Assist-Cultivation.json	940000509
God of Gamblers	赌神	1	1	Passives_Assist-Cultivation.json	940000510
Aiding Stab	援助刺击	1	1	Passives_Assist-a1c8p2.json	40000202
Siphoning Fulfillment	呼吸协调	1	1	Passives_Assist-a1c8p2.json	40000203
The Yellow Harpoon (named by: Ezra)	蜜黄标枪(命名者：以斯拉)	0	2	Passives_Assist-a1c9p2.json	40000601
E.G.O Resonance Boost	E.G.O共鸣度 增加	1	1	Passives_Assist-a1c9p3.json	40000704
Dimensional Bag [Ezra]	次元包[以斯拉]	0	2	Passives_Assist-a1c9p3.json	40001101
Dismantle Prosthesis	义体解体	1	1	Passives_Assist-a1c9p3.json	40001302
Withstand the Smoke	烟霾耐性	1	1	Passives_Assist-a1c9p3.json	40001309
In the end, I'm... just like the others?	我也…最终还是和其他人一样吗？	0	2	Passives_Assist-walpu6.json	40000303
Ba Jiao Banana Bolus	芭蕉丹丸	1	1	Passives_Assist.json	40000102
Easy Breathing	轻松喘息	1	1	Passives_Enemy-a1c5p1.json	9008401
Two Sides Of a Coin	硬币的两面	0	2	Passives_Enemy-a1c5p1.json	9008402
Ineffable Shape	难以言表的形状	1	1	Passives_Enemy-a1c5p2.json	9008801
Crashing Filth	袭来的否定	1	1	Passives_Enemy-a1c5p2.json	9008902
Healing Resentment	治愈心结	1	1	Passives_Enemy-a1c5p2.json	9009101
Cumulating Organic Material	堆积有机物	1	1	Passives_Enemy-a1c5p2.json	9009201
Disintegrating Inorganic Material	分解无机材料	1	1	Passives_Enemy-a1c5p2.json	9009202
Intertwined Organic Material	纠缠的有机物	1	1	Passives_Enemy-a1c5p2.json	9009301
Scattered Inorganic Material	被破坏的无机材料	1	1	Passives_Enemy-a1c5p2.json	9009302
Organic Breathing	有机呼吸	1	1	Passives_Enemy-a1c5p2.json	9009401
Organic Hardening	有机硬化	1	1	Passives_Enemy-a1c5p2.json	9009501
Little Vengeance	些许仇怨	1	1	Passives_Enemy-a1c5p2.json	9009602
Suppressed Pallidification	被抑制的苍白化	1	1	Passives_Enemy-a1c5p3.json	9009801
Crashing Pallidification	崩溃的苍白化	1	1	Passives_Enemy-a1c5p3.json	9009804
I'll Clean You Up...	好好收拾干净…	1	1	Passives_Enemy-a1c6p1.json	9101401
Lenient Rule Fulfillment	散漫的执行	1	1	Passives_Enemy-a1c6p2.json	9012801
Natural Style	本色	1	1	Passives_Enemy-a1c6p2.json	9013101
Threa...	威…	1	1	Passives_Enemy-a1c6p3.json	9013606
Opp... tta	机…了	1	1	Passives_Enemy-a1c6p3.json	9013607
Tou...	砰…	1	1	Passives_Enemy-a1c6p3.json	9013804
Dir...	被指…	1	1	Passives_Enemy-a1c6p3.json	817002
Pred...	捕…	1	1	Passives_Enemy-a1c6p3.json	817003
Aggressive Hunting Techniques	激进的狩猎技巧	1	1	Passives_Enemy-a1c7p1.json	9015602
Anti-Bloodfiend Hammer	对血魔专用锤	1	1	Passives_Enemy-a1c7p1.json	9015603
Weakling Mark	弱者印记	1	1	Passives_Enemy-a1c7p1.json	9016001
Clumsy Bloodsucking	生疏的吸血	1	1	Passives_Enemy-a1c7p2.json	9015801
Festive Mood	庆典的氛围	1	1	Passives_Enemy-a1c7p2.json	9017501
Festive Sounds	庆典的声音	1	1	Passives_Enemy-a1c7p2.json	9017301
Easy Money	轻松的任务	1	1	Passives_Enemy-a1c8p1.json	9020301
Upgradable Training Dummy	升级的训练用木人桩	1	1	Passives_Enemy-a1c8p1.json	9020102
Remember the Basics	巩固基本功	1	1	Passives_Enemy-a1c8p1.json	9020103
Cursed Spirit Jar	咒鬼之瓮	1	1	Passives_Enemy-a1c8p1.json	9102202
Rival Candidate	对家主候选人的牵制	1	1	Passives_Enemy-a1c8p2.json	9021001
Charge Circuitry Activation	充能回路发动	1	1	Passives_Enemy-a1c8p2.json	9021003
Severe Overload	残酷的过载	1	1	Passives_Enemy-a1c8p2.json	9021201
Proliferating Misfortune	转移不祥	1	1	Passives_Enemy-a1c8p2.json	9020802
Skilled Talisman Sorcerer	杰出的符术士	1	1	Passives_Enemy-a1c8p2.json	9020901
Soul Siphon Technique	吸魂疗法	1	1	Passives_Enemy-a1c8p2.json	9020902
Regola Infranta	混乱的纪律	1	1	Passives_Enemy-a1c8p3.json	9021703
Tasty Flesh	鲜美血肉	1	1	Passives_Enemy-a1c8p3.json	9021302
Mine-omes	是我的那份诺姆	1	1	Passives_Enemy-a1c951.json	9010102
The Ring Nursefather's Artwork	环指父辈的作品	1	1	Passives_Enemy-a1c9p1.json	9103601
Bonebound Knot	束缚骨骼的结	1	1	Passives_Enemy-a1c9p1.json	9103801
I Spy an Opportunity	时机洞察	1	1	Passives_Enemy-cultivation.json	9102302
Snake Deathvenom	极蛇毒	1	1	Passives_Enemy-cultivation.json	9102303
Fruits of Education	教学的成果	1	1	Passives_Enemy-cultivation.json	9102602
A Breath Taken Together	共同呼吸过的气息	1	1	Passives_Enemy-exme.json	9105702
Dipped Blade	浸染之剑	1	1	Passives_Enemy-pilgrimage.json	128902
Abyssal Worship	深海崇拜	1	1	Passives_Enemy-pilgrimage.json	128903
Survival Reflexes	生存反射	1	1	Passives_Enemy-pilgrimage.json	9102903
In-depth Cognition	深度认知	1	1	Passives_Enemy-pilgrimage.json	9103001
Propagatory Instinct	扩张本能	1	1	Passives_Enemy-pilgrimage.json	9103002
Debris Removal	残骸清除	1	1	Passives_Enemy-pilgrimage.json	9103201
Collective Achievement	大家的成果	1	1	Passives_Enemy-tkt.json	9101701
Emergency Time Loan	时间紧急贷款	1	1	Passives_Enemy-tkt.json	9014201
Ready to Borrow Time	准备时间租赁	1	1	Passives_Enemy-tkt.json	9014204
Golden Time II	黄金时间 II	1	1	Passives_Enemy-tkt.json	9014301
Time Recoil II	时间反冲 II	1	1	Passives_Enemy-tkt.json	9014302
Alacritous Expression	敏捷表现	1	1	Passives_Enemy-twth.json	9104503
Internal Combustion Engine Malfunction	内燃机故障	1	1	Passives_Enemy-walpu5.json	9017805
Hollowed Chicken	空空的鸡	1	1	Passives_Enemy-x1p1c1.json	9103902
Verminous Body	虫的肉体	1	1	Passives_Enemy.json	90001
Nutritive Reinforcements	补充养分	1	1	Passives_Enemy.json	90002
Injured Augmentation	负伤的强化肉体	1	1	Passives_Enemy.json	9000101
Corroded Augmentation	被侵蚀的强化肉体	1	1	Passives_Enemy.json	9000103
Se Acabó la Fiesta	派对结束	0	2	Passives_Enemy.json	9100402
Hammer of the One Who Grips	执柄者之锤	0	2	Passives_Enemy.json	9100501
Mechanical Mentality	机械精神	1	1	Passives_Enemy.json	9004601
Damageable Disuniter	破裂功能受损	1	1	Passives_Enemy.json	9004901
Damageable Thumper	震颤功能受损	1	1	Passives_Enemy.json	9005001
Overheating Attack Function	攻击功能过热	1	1	Passives_Enemy.json	9100701
Breakable Disuniter	破裂功能完全受损	1	1	Passives_Enemy.json	9100702
Breakable Thumper	震颤功能完全受损	1	1	Passives_Enemy.json	9100703
Spanner Up	扳手启动	1	1	Passives_Enemy.json	9100801
Guess I'm the Last	就剩我了吗	1	1	Passives_Enemy.json	9100803
Entangling Curse Talisman	绞缠的咒符	1	1	Passives_Enemy.json	9100901
Multiplying Curse Talisman	增殖的咒符	1	1	Passives_Enemy.json	9100903
Encroaching Curse Talisman	侵蚀的咒符	1	1	Passives_Enemy.json	9100904
Terror Device	恐怖装置	1	1	Passives_Enemy.json	9005401
Emergency Ampule Overdose	紧急安瓿过量	1	1	Passives_Enemy.json	9006803
The Red Aura	猩红气场	1	1	Passives_fools.json	899902
Fully heal selected Identity	所选人格的体力完全恢复	1	1	RailwayDungeonBuff.json	HealHpMaxForSelected
Cycle #1: Curse-Servitude-Rainfall	第1巡回：诅咒-奴役-落雨	0	2	RailwayDungeonNode1002.json	100201
Cycle #2: Curse-Odd Stench-Exploitation-Servitude	第2巡回：诅咒-异味-榨取-奴役	0	2	RailwayDungeonNode1002.json	100202
Cycle #3: Curse-Arrears-Odd Stench-Rainfall	第3巡回：诅咒-滞纳-异味-落雨	0	2	RailwayDungeonNode1002.json	100203
Cycle #4: Curse-Lure-Odd Stench-Arrears-Cycle	第4巡回：诅咒-引诱-异味-滞纳-巡回	0	2	RailwayDungeonNode1002.json	100204
Station #4: Arrears	第4站：滞纳	0	2	RailwayDungeonNode2.json	204
Station #7: Odd Stench	第7站：异味	0	2	RailwayDungeonNode2.json	207
Section #1 : Banquet/Well Basin/Twisted	第1区段：宴会-井底-歪曲	0	2	RailwayDungeonNode4.json	401
Station #4 : Interlude	第4站：幕间休息	0	2	RailwayDungeonNode4.json	402
Section #2 : Chiseling/Cloudbrume/Boneflesh	第2区段：锤钉-云雾-骨肉	0	2	RailwayDungeonNode4.json	403
Station #8 : Interlude	第8站：幕间休息	0	2	RailwayDungeonNode4.json	404
Section #3 : Forgery/Dreaming	第3区段：赝作-梦想	0	2	RailwayDungeonNode4.json	405
Station #11 : Interlude	第11站：幕间休息	0	2	RailwayDungeonNode4.json	406
Section #4 : Adamantine Wall/Feast	第4区段：难关-盛宴	0	2	RailwayDungeonNode4.json	407
Section #1 : Attachment/Hunt/Fountainhead/Misting	第1区段：依恋-狩猎-源头-喷雾	0	2	RailwayDungeonNode5.json	501
Section #2 : Ironstrike/Rampage/Oblivion	第2区段：击锤-狂奔-忘却	0	2	RailwayDungeonNode5.json	502
Section #3 : Motherhood/Treason/Blood Sin/Yearning	第3区段：母性-反叛-血罪-渴望	0	2	RailwayDungeonNode5.json	503
Section #1 : Weighing of Robes	第1区段：悬衣	0	2	RailwayDungeonNode6.json	601
Section #2 : Tarnishing	第2区段：染污	0	2	RailwayDungeonNode6.json	602
Section #3 : Heart of Innocence - Face of Things	第3区段：童心-现象	0	2	RailwayDungeonNode6.json	603
Section #4 : Tangled Knots - Drowning Desire - Blind Folly	第4区段：盘错-沉溺-蒙昧	0	2	RailwayDungeonNode6.json	604
Section #5 : Advent	第5区段：到来	0	2	RailwayDungeonNode6.json	605
Station Data	站点信息	1	1	RailwayDungeonUI.json	stage_info
No rewards to claim.	没有可领取的奖励。	1	1	RailwayDungeonUI.json	no_more_rewards_remains_desc
Refraction Railway - Clear Station {0}	折射轨道 - 清剿第{0}站后	0	2	RailwayDungeonUI.json	railway_dungeon_1_banner_reward_condition_1
Line Diagram	线路运行图	1	1	RailwayDungeonUI.json	railway_dungeon_route_map
Line Info	线路情报	1	1	RailwayDungeonUI.json	railway_dungeon_station_info
Line Closure	行程结束	1	1	RailwayDungeonUI.json	railway_dungeon_operation_closed
Final Cycle Count	累计清剿巡回数	1	1	RailwayDungeonUI.json	final_clear_accumulated_round
Record Date	记录日期	1	1	RailwayDungeonUI.json	railway_clear_date
Completed Cycle Count	已完成巡回数	1	1	RailwayDungeonUI_1002.json	ui_railway_dungeon_upper_status_ui_rotation_count
Clear the Terminus	通过终点站时	1	1	RailwayDungeonUI_1002.json	ui_railway_dungeon_reward_condition_clear_boss_after_cycle
Clear Refraction Railway Line 2 BokGak	通过折射轨道2号线 复刻	0	2	RailwayDungeonUI_1002.json	railway_1002_bgm_reward_desc
Clear Refraction Railway Line 1 BokGak	通过折射轨道1号线 复刻	0	2	RailwayDungeonUI_1002.json	railway_1001_bgm_reward_desc
Clear Refraction Railway Line 6	通过折射轨道6号线	0	2	RailwayDungeonUI_1002.json	railway_6_bgm_reward_desc
No Recoverable ID	没有可以恢复的人格	1	1	RailwayDungeonUI_2.json	railway_dungeon_alarm_buff_no_one_select_for_heal
No Revivable ID	没有可以复活的人格	1	1	RailwayDungeonUI_2.json	railway_dungeon_alarm_buff_no_one_select_for_resurrect
Obtained by clearing Line 2 with {1} or more Cycle Counts	巡回数不少于{1}时通关2号线获得	0	2	RailwayDungeonUI_2.json	railway_dungeon_2_banner_reward_condition_1
No active Buffs.	尚未持有任何BUFF。	1	1	RailwayDungeonUI_2.json	railway_dungeon_2_no_owned_buff_desc
Buff Status	BUFF现状	1	1	RailwayDungeonUI_2.json	railway_dungeon_2_current_buff
Fixed Choice	固定选择	1	1	RailwayDungeonUI_2.json	railway_dungeon_2_buff_fixed_selection
Select Ally Buff	选择友方BUFF	1	1	RailwayDungeonUI_2.json	railway_dungeon_2_select_ally_buff
Select Enemy Buff	选择敌方BUFF	1	1	RailwayDungeonUI_2.json	railway_dungeon_2_select_enemy_buff
Select Identity to Revive	选择需要复活的人格	1	1	RailwayDungeonUI_2.json	railway_dungeon_2_select_resurrect
Return to state immediately before entering this stage?	是否回到进入目前关卡前的时刻？	0	2	RailwayDungeonUI_2.json	railway_dungeon_2_ask_retry_when_defeat
Fixed Enemy Buffs	固定敌方BUFF	1	1	RailwayDungeonUI_2.json	railway_dungeon_2_fixed_enemy_buff
Pass Station	途经站	1	1	RailwayDungeonUI_2.json	railway_dungeon_2_pass_station
HP and SP have been restored.	体力与理智值已恢复。	0	2	RailwayDungeonUI_3.json	railway_dungeon_3_unit_recovered
- Identities : Uptie Tier 4, Level 45	- 人格：同步 4阶段，45级	0	2	RailwayDungeonUI_4.json	railway_dungeon_4_entrance_recommended_level
Remaining Resources	剩余E.G.O资源	1	1	RailwayDungeonUI_5.json	railway5_clear_info_ego_stock
Clear Canto VII	通过第7章	1	1	RailwayDungeonUI_5.json	railway_dungeon_advice_5_openCondition_desc
{0} Resistance + 0.25	{0}抗性+0.25	0	2	RailwayDungeonUI_6.json	railway_6_ui_attack_resistance_buff_for_ui_only_one
COLLABORATION - LIMITED	联动限定	0	2	SeasonTitle.json	season_8000_collaboration
Kumo no ito · oti on akA	Kumo no ito · oti on akA	0	2	SeasonTitle.json	season_title_7
The Club 2	会所 2	1	1	StageNode-a1c5p1.json	10507
The Club 3	会所 3	1	1	StageNode-a1c5p1.json	10508
The First Mate 2	大副 2	1	1	StageNode-a1c5p1.json	10510
Shipping Containers 2	集装箱 2	1	1	StageNode-a1c5p1.json	10512
Mr. Pilot 2	皮利托 2	1	1	StageNode-a1c5p1.json	10514
Pirates 2	海盗 2	1	1	StageNode-a1c5p1.json	10517
The Waves 2	浪潮 2	1	1	StageNode-a1c5p1.json	10519
Cruise Party 2	游轮宴会 2	1	1	StageNode-a1c5p2.json	10521
Cruise Party 3	游轮宴会 3	1	1	StageNode-a1c5p2.json	10522
Cruise Party 4	游轮宴会 4	1	1	StageNode-a1c5p2.json	10523
The Big Brother 2	幼兄 2	1	1	StageNode-a1c5p2.json	10533
The Pallid Whale 2	白鲸 2	1	1	StageNode-a1c5p2.json	10538
There's no TIME 2	没时间了 2	1	1	StageNode-a1c6p1.json	10603
A Warm Reception	热情欢迎	1	1	StageNode-a1c6p1.json	10609
The Corridor 2	走廊 2	1	1	StageNode-a1c6p1.json	10615
The Corridor 3	走廊 3	1	1	StageNode-a1c6p1.json	10616
The Dead Rabbits 2	死兔帮 2	1	1	StageNode-a1c6p1.json	10618
The Diary 2	日记本 2	1	1	StageNode-a1c6p1.json	10620
Abyssal Basement 2	深邃的地下室 2	1	1	StageNode-a1c6p2.json	10623
Imitations 2	赝品 2	1	1	StageNode-a1c6p2.json	10626
Imitations 3	赝品 3	1	1	StageNode-a1c6p2.json	10627
Nostalgic Face	令人怀念的面容	1	1	StageNode-a1c6p2.json	10628
Imitations 4	赝品 4	1	1	StageNode-a1c6p2.json	10629
The Wild Hunt 2	狂猎 2	1	1	StageNode-a1c6p3.json	10639
The Wild Hunt 3	狂猎 3	1	1	StageNode-a1c6p3.json	10640
The Tale of a Great Fixer Who Once Reached for The Dream	伟大的收尾人追求梦想的故事	0	2	StageNode-a1c7p3.json	10736
Disruption 2	妨碍2	1	1	StageNode-a1c8p1.json	10804
Declaration of Participation	宣言参加	1	1	StageNode-a1c8p1.json	10813
Night Ambush 2	夜袭2	1	1	StageNode-a1c8p1.json	10817
Momentary Power Vacuum	刹那的空位	1	1	StageNode-a1c8p3.json	10822
Justice of Others	他人的正义	1	1	StageNode-a1c8p3.json	10823
The Second Battlefield	再临战场	1	1	StageNode-a1c8p3.json	10827
Those Who Do Not Decide	不做判断之人	0	2	StageNode-a1c8p3.json	10828
Ambush in the Dark	暗中袭击	1	1	StageNode-a1c9p1.json	10901
Paradox of the Spiral	螺旋悖论	1	1	StageNode-a1c9p1.json	10907
A Distinct Objective	推断目标	1	1	StageNode-a1c9p1.json	10912
Sanguine Artistry	鲜红艺术	1	1	StageNode-a1c9p1.json	10915
Children 2	孩子 2	1	1	StageNode-a1c9p2.json	10920
New Hires 2	新员工 2	1	1	StageNode-a1c9p2.json	10922
Shock Centipede 2	电击蜈蚣 2	1	1	StageNode-a1c9p2.json	10926
The Contract 2	契约 2	1	1	StageNode-a1c9p2.json	10928
The Contract 3	契约 3	1	1	StageNode-a1c9p2.json	10929
A Beautiful Hue of Teal	美丽的青光	0	2	StageNode-a1c9p2.json	10932
The Bus Deck	巴士平层	1	1	StageNode1-1.json	10103
Branch D-02	D-02支部	1	1	StageNode1-1.json	10111
Let That S.Y.N.C. In	折·脖 2	1	1	StageNode1-2.json	10211
An Overstayed Welcome	热烈欢迎 2	1	1	StageNode1-2.json	10214
Branch J-03	J-03支部	1	1	StageNode1-2.json	10219
Verboten	禁忌 2	1	1	StageNode1-3.json	10305
The Deal They Struck	他们达成的交易	1	1	StageNode1-3.json	10309
Inquisitors 2	异端审判官 2	1	1	StageNode1-3.json	10311
Inquisitors 3	异端审判官 3	1	1	StageNode1-3.json	10312
Scheiterhaufen	篝火 2	1	1	StageNode1-3.json	10318
Branch K-02	K-02支部	1	1	StageNode1-3.json	10322
Talent and Genius	人才与天才	1	1	StageNode1-4.json	10402
Drones and Abnormalities 2	无人机与异想体 2	1	1	StageNode1-4.json	10404
Drones and Abnormalities 3	无人机与异想体 3	1	1	StageNode1-4.json	10405
Terrorist Organization 2	恐怖组织 2	1	1	StageNode1-4.json	10411
Decay Ampules 2	崩解安瓿 2	1	1	StageNode1-4.json	10413
Decay Ampules 3	崩解安瓿 3	1	1	StageNode1-4.json	10414
Best Employee 2	最优秀的员工 2	1	1	StageNode1-4.json	10419
Best Employee 3	最优秀的员工 3	1	1	StageNode1-4.json	10420
Traitor 2	叛徒 2	1	1	StageNode1-4.json	10422
Traitor 3	叛徒 3	1	1	StageNode1-4.json	10423
Traitor 4	叛徒 4	1	1	StageNode1-4.json	10424
Traitor 5	叛徒 5	1	1	StageNode1-4.json	10425
A Red Line	一条红线	1	1	StageNode1-4.json	10426
Seized 2	抢夺 2	1	1	StageNode1-4.json	10432
Bright Villains 2	聪明的恶人 2	1	1	StageNode1-4.json	10434
Urgent Call 2	紧急呼叫 2	1	1	StageNode1-4.json	10436
Urgent Call 3	紧急呼叫 3	1	1	StageNode1-4.json	10437
Glorious Past 2	辉煌的过往 2	1	1	StageNode1-4.json	10439
Glorious Past 3	辉煌的过往 3	1	1	StageNode1-4.json	10440
Offer to Join 2	入职原因 2	1	1	StageNode1-4.json	10446
Nothing 2	没什么 2	1	1	StageNode1-4.json	10450
Reminisced League of Nine	记忆中的九人会	1	1	StageNode1-4.json	10454
Disappearing Passengers	消失的乘客	1	1	StageNode91-10.json	911003
Painting of Hell 2	地狱般的图景 2	1	1	StageNode91-10.json	911007
Next Car 2	下一节车厢 2	1	1	StageNode91-10.json	911011
The One Who Lords	主宰者	1	1	StageNode91-10.json	911013
Unexpected Foe	意外之敌	1	1	StageNode91-16.json	911610
The Family Hierarch's Proof	家主的证明	1	1	StageNode91-19.json	911901
Twelve Teachers	十二位老师	1	1	StageNode91-19.json	911902
Another Student	另一名学生	1	1	StageNode91-19.json	911903
Hierarch Rescue Operation 2	家主解救作战 2	1	1	StageNode91-19.json	911907
Hierarch Rescue Operation 3	家主解救作战 3	1	1	StageNode91-19.json	911910
Village of the Dead Lighthouse	死寂灯塔之村	0	2	StageNode91-20.json	912002
Relics and the Sign	遗物与印记	1	1	StageNode91-25.json	912504
Search for the Inflection Point	寻找反曲点	0	2	StageNode91-27.json	912703
Pursuit 2	追踪 2	1	1	StageNode91-27.json	912710
Iron Chicken Chef	铁血鸡厨	1	1	StageNode91-3.json	910307
Master Chicken Chef	大师鸡厨	1	1	StageNode91-3.json	910308
A Restaurateur’s Mild Fathoms	老板的原味心道	0	2	StageNode91-3.json	910309
Mudflat Scrapyard	废料海滩	1	1	StageNode91-4.json	910402
The Boatwrights	船夫	1	1	StageNode91-4.json	910404
Makeshift Bus Mods	废料巴士改造	1	1	StageNode91-4.json	910406
Time to Collect Scrap...	废料收集时间……	1	1	StageNode91-4.json	910409
Troubled Waters	尴尬时间	1	1	StageNode91-4.json	910410
The Last Scrap	最后的废料	1	1	StageNode91-4.json	910411
King Trash Crab Hunt	帝王废料蟹狩猎	1	1	StageNode91-4.json	910412
Monstrous Gifts	怪物们的礼物	1	1	StageNode91-5.json	910504
For Whom the Gnomes Pack	礼物为谁而做	0	2	StageNode91-5.json	910508
The Gift-giving Giant	礼物派送巨人	1	1	StageNode91-5.json	910511
A Journey's End	旅程的终点	1	1	StageNode91-5.json	910512
To Yong-jin Building 2	前往龙进大楼 2	1	1	StageNode91-7.json	910706
Mentor and Fellows 2	金笠与友人们 2	1	1	StageNode91-7.json	910708
Origin of Sin	罪之根源	1	1	StageNode91-7.json	910709
A Scandal in Time	时间税丑闻	1	1	StageNode91-9.json	910901
Timekilling Puzzle	时间杀人之谜	1	1	StageNode91-9.json	910905
The White-scarved League	白围巾联盟	1	1	StageNode91-9.json	910906
The Rewinding Clock	倒转的时钟	1	1	StageNode91-9.json	910907
A Trail Gone Cold	丢失的痕迹	1	1	StageNode91-9.json	910908
The Dying Detective	临终的侦探	1	1	StageNode91-9.json	910909
The Yurodiviye Mystery	圣愚之谜	1	1	StageNode91-9.json	910910
Twisted Time	歪曲的时间	1	1	StageNode91-9.json	910913
Uncategorized	目前难以分类	1	1	StoryTheaterDanteNote_5.json	Misc
PDA Device	PDA终端	1	1	StoryTheaterDanteNote_7.json	PDA
Abnormality Corrosion	异想侵蚀	1	1	UnitKeyword-a1c7p3.json	UnitKeyword_ABNORMALITY_EROSION
Lord of all Roaches	全体蜚蠊之王	1	1	UnitKeyword-a1c9p3.json	UnitKeyword_KING_OF_ALL_COCKROACHES
Emperor of Pests	害虫的皇帝	1	1	UnitKeyword-a1c9p3.json	UnitKeyword_EMPEROR_OF_PESTS
For Crunchy Frying	用于炸至酥脆	1	1	UnitKeyword-x1p1c1.json	UnitKeyword_X1P1C1_KEYWORD_1
For Sweet Stewing	用于香甜炖菜	1	1	UnitKeyword-x1p1c1.json	UnitKeyword_X1P1C1_KEYWORD_2
For Tangy Braising	用于酸甜焖煮	1	1	UnitKeyword-x1p1c1.json	UnitKeyword_X1P1C1_KEYWORD_3
Soldato III	士兵III	1	1	UnitKeyword.json	UnitKeyword_THUMB_LEVEL_SOLDATO_THREE
막힌_길_장치_조작	막힌_길_장치_조작	0	1	AbEvents-a1c8p2.json	1080101
죄인_벌주기_1차	죄인_벌주기_1차	0	1	AbEvents-a1c8p2.json	1080701
죄인_벌주기_2차	죄인_벌주기_2차	0	1	AbEvents-a1c8p2.json	1080702
Iberians and the Ægir - #3	伊比利亚人与阿戈尔人 #3	0	1	AbEvents-pilgrimage.json	97107402
A Story of Lighthouse Keepers and The Profound Silence - #3	灯塔看守人与大静谧的故事 #3	0	1	AbEvents-pilgrimage.json	97107602
백설선택지1	白雪选项1	0	1	AbEvents.json	800101
백설선택지2	白雪选项2	0	1	AbEvents.json	800102
백설선택지4	백설선택지4	0	1	AbEvents.json	800104
백설선택지5	백설선택지5	0	1	AbEvents.json	800105
구더기사과선택지1	구더기사과선택지1	0	1	AbEvents.json	800801
아즈텍원판선택지2	아즈텍원판선택지2	0	1	AbEvents.json	800202
아즈텍원판선택지4	아즈텍원판선택지4	0	1	AbEvents.json	800204
아즈텍원판선택지6	아즈텍원판선택지6	0	1	AbEvents.json	800206
분홍신선택지2	분홍신선택지2	0	1	AbEvents.json	801502
던전 103003 선택지	던전 103003 선택지	0	1	AbEvents.json	103003
던전 103004 선택지 : 짓무름의 의식	던전 103004 선택지 : 짓무름의 의식	0	1	AbEvents.json	103004
던전 103004 선택지 : 속죄의 의식	던전 103004 선택지 : 속죄의 의식	0	1	AbEvents.json	103005
던전 103006 2차 선택지	던전 103006 2차 선택지	0	1	AbEvents.json	10300601
늑대선택지1	늑대선택지1	0	1	AbEvents.json	802501
뱀선택지1	뱀선택지1	0	1	AbEvents.json	802801
크로머선택지1	크로머선택지1	0	1	AbEvents.json	802901
크로머선택지2	크로머선택지2	0	1	AbEvents.json	803001
단수어선택지1	단수어선택지1	0	1	AbEvents.json	803101
골목파수견선택지1	골목파수견선택지1	0	1	AbEvents.json	803201
{0} gains %{2} {1}/% for the encounter.	本关卡中，{0} 获得%{2} {1}/%。	0	1	AbEventsResultLog-a1c5p3.json	810001_skinPredector_success_1_2
All Identities gain %{1} {0}/% and %{3} {2}/%.	所有人格获得%{1} {0}/%，%{3} {2}/%。	0	1	AbEventsResultLog-a1c5p3.json	810001_skinPredector_failure_1_2
{0} gains %{2} {1}/%	{0}获得%{2} {1}/%。	0	1	AbEventsResultLog-a1c5p3.json	810201_nk_success_1_2
{0} <color=#fe4b48>loses {1} SP</color>	{0}<color=#fe4b48>失去{1}点理智值</color>	0	1	AbEventsResultLog-a1c5p3.json	810101_walkingPearl_success_1_1
{0} %loses {2} {1}/%	{0} %失去{2} {1}/%	0	1	AbEventsResultLog-a1c5p3.json	810101_walkingPearl_success_1_3
All allies gain %{1} [{0}]/%	全体友方单位获得%{1} [{0}]/%	0	1	AbEventsResultLog-a1c5p3.json	810602_success_1_3
<color=#ebcaa2>[{0}]</color> gains %{2} [{1}]/% next turn	<color=#ebcaa2>[{0}]</color>在下回合获得%{2} [{1}]/%	0	1	AbEventsResultLog-a1c6p3.json	816601_success_2
<color=#ebcaa2>[{0}]</color> heals {1} HP and {2} SP	<color=#ebcaa2>[{0}]</color>恢复{1}点体力与点{2}理智值	0	1	AbEventsResultLog-a1c6p3.json	816602_success_2
<color=#ebcaa2>[{0}]</color> heals {1} HP to Core and Part	<color=#ebcaa2>[{0}]</color> 的本体和部位恢复{1}点体力	0	1	AbEventsResultLog-a1c6p3.json	816602_failure_1
<color=#ebcaa2>All Sinners</color> heal {0} SP	<color=#ebcaa2>全体友方单位</color> 恢复{0}点理智值	0	1	AbEventsResultLog-a1c6p3.json	817302_success_1
<color=#ebcaa2>[{0}]</color> heals {1} SP	<color=#ebcaa2>罪人[{0}]</color>恢复{1}点理智值	0	1	AbEventsResultLog-a1c6p3.json	817304_success_1
[{0}] <color=#80c9ff>fully heals SP</color>	[{0}]的<color=#80c9ff>理智值恢复至上限</color>	0	1	AbEventsResultLog-a1c6p3.json	817305_1
[{0}]'s {1} changes to {2}	[{0}]的{1}变为{2}	0	1	AbEventsResultLog-a1c6p3.json	817305_3
<color=#ebcaa2>[{0}]</color> gains %{2} [{1}]/% every turn	<color=#ebcaa2>[{0}]</color>每回合对自身施加%{2} [{1}]/%	0	1	AbEventsResultLog-a1c7p3.json	837902_2
<color=#ebcaa2>Fairy is Staggered!</color>	<color=#ebcaa2>精灵部位陷入混乱</color>	0	1	AbEventsResultLog-a1c9p1.json	130801_success_1
<color=#ebcaa2>Fairy permanently gains {1} {0}</color>	<color=#ebcaa2>精灵部位对自身永久施加 {1} {0} </color>	0	1	AbEventsResultLog-a1c9p1.json	130801_success_2
<color=#ebcaa2>{0}</color> gains %[{1}]/%	<color=#ebcaa2>{0}</color>获得%[{1}]/%	0	1	AbEventsResultLog-pilgrimage.json	12880302_succeed_2
Apply %[{2} {1}]/% on <color=#ebcaa2>{0}</color>	对<color=#ebcaa2>{0}</color>施加%[{2} {1}]/%	0	1	AbEventsResultLog-pilgrimage.json	12880302_failure_2
All of [{0}]’s parts gain %{3} {2} for {1} turn(s)/%.	[{0}]的所有部位</color>获得%持续{1}回合的{3}{2}/%。</color>	0	1	AbEventsResultLog.json	800801_muckwormedapple_failure_1_2
<color=#ebcaa2>Abnormality Suppressed!</color>	<color=#ebcaa2>异想体镇压完成</color>	0	1	AbEventsResultLog.json	800206_aztec_circle_success_1_3
<color=#ebcaa2>Investigating the factory…</color>	<color=#ebcaa2>我们决定调查工厂。</color>	0	1	AbEventsResultLog.json	801201_reinforcedHuman_1_1
<color=#ebcaa2>Pressed “Yes”.</color>	<color=#ebcaa2>按下了“是”的按钮。</color>	0	1	AbEventsResultLog.json	801202_reinforcedHuman_1_1
<color=#ebcaa2>Pressed “No”.</color>	<color=#ebcaa2>按下了“不是”的按钮。</color>	0	1	AbEventsResultLog.json	801202_reinforcedHuman_2_1
<color=#ebcaa2>All enemies become %[{0}]/%.</color>	<color=#ebcaa2>全体敌方单位进入%[{0}]/%状态</color>	0	1	AbEventsResultLog.json	801502_pinkshoe_failure_1_3
<color=#ff8000>Combat Encounter!</color>	<color=#ff8000>触发遭遇战！</color>	0	1	AbEventsResultLog.json	102002_action_2_2
<color=#ebcaa2>Got an E.G.O Gift!</color>	<color=#ebcaa2>获得E.G.O饰品！</color>	0	1	AbEventsResultLog.json	acquire_ego_gift
<color=#ebcaa2>Combat Encounter!</color>	<color=#ebcaa2>触发遭遇战！</color>	0	1	AbEventsResultLog.json	battle_occurrence
<color=#ebcaa2>Enemy waves reduced by {0}!</color>	<color=#ebcaa2>敌人的波次减少{0}波！</color>	0	1	AbEventsResultLog.json	enemy_wave_decrease
<color=#ebcaa2>[{0}]’s Karma was resolved.</color>	<color=#ebcaa2>解除[{0}]的业报</color>	0	1	AbEventsResultLog.json	852701_statue_failure_1_1
Karma strikes every Sinner randomly!	对全体人格随机施加业报。	0	1	AbEventsResultLog.json	852701_statue_failure_1_2
<color=#ebcaa2>[{0}] loses %{2} [{1}]/%</color>	<color=#ebcaa2>[{0}] 减少%{2} [{1}] /%</color>	0	1	AbEventsResultLog.json	804501_electriccentipede_success_1_1
[{0}] gains <color=#00ff9c>{2} {1}</color> next turn	下回合对罪人[{0}]施加<color=#00ff9c>{2} {1}</color>	0	1	AbEventsResultLog.json	804701_nobodygonnacry_success_1_2
<color=#ebcaa2>[{0}] loses %{2} [{1}]/%</color>	<color=#ebcaa2>[{0}] 减少%{2} [{1}]/%</color>	0	1	AbEventsResultLog_Refraction2.json	854101_success_1_1
[{0}] gains <color=#00ff9c>{2} {1}</color> next turn	下回合对[{0}]施加<color=#00ff9c>{2} {1}</color>	0	1	AbEventsResultLog_Refraction2.json	854401_success_1_2
<color=#ebcaa2>{0} is Staggered</color>	<color=#ebcaa2>[{0}]陷入混乱</color>	0	1	AbEventsResultLog_Refraction2.json	854501_success_1_1
<color=#ebcaa2>Fairy is Staggered!</color>	<color=#ebcaa2>精灵陷入混乱</color>	0	1	AbEventsResultLog_Refraction2.json	854901_success_1_1
All characters deal {0}% damage	所有角色造成的伤害{0}%	0	1	AbEventsResultLog_Refraction2.json	855601_1_1
All characters take {0}% damage	所有角色受到的伤害{0}%	0	1	AbEventsResultLog_Refraction2.json	855601_1_2
<color=#ebcaa2>{0}</color> loses %{2} {1}/%	<color=#ebcaa2>{0}</color> 减少 %{2} {1}/%	0	1	AbEventsResultLog_Refraction3.json	857701_abm_success_1_2
All allies gain {0} for the rest of the Encounter.	本场战斗中的全体友方单位获得{0}。	0	1	AbEventsResultLog_Refraction4.json	862901_1_4
Halve all allies' {0} Potency and Count	全体友方单位的{0}强度与层数减半	0	1	AbEventsResultLog_Refraction4.json	862903_success_1
<color=#ebcaa2>{0} gains {1} Shield</color>	<color=#ebcaa2>{0} 获得 {1} 护盾</color>	0	1	AbEventsResultLog_Refraction5.json	8630_SHIELD
<color=#ebcaa2>All allies fully heal HP and SP</color>	<color=#ebcaa2>全体友方单位恢复全部理智值与体力</color>	0	1	AbEventsResultLog_Refraction6.json	956801_1_1
All allies <color=#00ff9c>heal 30 HP</color>	全体友方单位<color=#00ff9c>恢复30点体力</color>	0	1	AbEventsResultLog_walpu4.json	836602_1_1
All allies <color=#80c9ff>heal 30 SP</color>	全体友方单位<color=#80c9ff>恢复30点理智值</color>	0	1	AbEventsResultLog_walpu4.json	836602_2_1
All allies <color=#00ff9c>heal 3 HP every turn</color>	全体友方单位<color=#00ff9c>每回合恢复3点体力</color>	0	1	AbEventsResultLog_walpu4.json	836602_3_1
All allies <color=#80c9ff>heal 3 SP every turn</color>	全体友方单位<color=#80c9ff>每回合恢复3点理智值</color>	0	1	AbEventsResultLog_walpu4.json	836602_3_2
Rusted Hilt - To wield a blade is to Slash with it	锈蚀的刀柄 判定 - 剑术乃斩击	0	1	AbEvents_Mirror4.json	97101301
Fractured Blade Choice - Draw of the Sword	破碎的刀刃 选项 - 拔剑	0	1	AbEvents_Mirror4.json	97101401
Broken Blade Choice - Let the sword hang to the side	损坏的刀刃 选项 - 垂剑	0	1	AbEvents_Mirror4.json	97101402
Red Tassel Choice - Small fries	红色流苏 选项 - 殃及池鱼	0	1	AbEvents_Mirror4.json	97101601
Old Dopo Cloak - What's right is right	陈旧的长袍 选项 - 是则是	0	1	AbEvents_Mirror4.json	97101702
Rusted Hilt - To wield a blade is to Slash with it	锈蚀的刀柄选项 - 剑术乃斩击	0	1	AbEvents_Ycgd.json	1050701
Fractured Blade Choice - Draw of the Sword	破碎的刀刃选项 - 拔剑	0	1	AbEvents_Ycgd.json	1050801
Broken Blade Choice - Let the sword hang to the side	损坏的刀刃选项 - 垂剑	0	1	AbEvents_Ycgd.json	1050802
Red Tassel Choice - Small fries	红色流苏选项 - 殃及池鱼	0	1	AbEvents_Ycgd.json	1050901
Old Dopo Cloak - What's right is right	陈旧的长袍选项 - 是则是	0	1	AbEvents_Ycgd.json	1051002
LCE Recovers The Ring's Artwork - Corporist Piece	回收环指作品的LCE组员们 - 人体派作品	0	1	AbEvents_twth.json	97110401
LCE Recovers The Ring's Artwork - Fauvist Piece	回收环指作品的LCE组员们 - 野兽派作品	0	1	AbEvents_twth.json	97110402
Peccatulum Luxuriae??	色欲罪种??	0	1	AbnormalityGuides-a1c7p3.json	8373
Peccatulum Superbiae??	傲慢罪种??	0	1	AbnormalityGuides-a1c7p3.json	8374
막힌길_뚫기	막힌길_뚫기	0	1	ActionEvents-a1c8p2.json	10801
부적_떼기_북	부적_떼기_북	0	1	ActionEvents-a1c8p2.json	1080201
부적_떼기_중앙	부적_떼기_중앙	0	1	ActionEvents-a1c8p2.json	1080202
부적_떼기_서	부적_떼기_서	0	1	ActionEvents-a1c8p2.json	1080203
부적_떼기_끝	부적_떼기_끝	0	1	ActionEvents-a1c8p2.json	1080204
붉은_출입증_획득_전투	붉은_출입증_획득_전투	0	1	ActionEvents-a1c8p2.json	10803
죄수_꽃뜯기	죄수_꽃뜯기	0	1	ActionEvents-a1c8p2.json	10804
환_도박_코인_성공	환_도박_코인_성공	0	1	ActionEvents-a1c8p2.json	1080501
환_도박_코인_실패	환_도박_코인_실패	0	1	ActionEvents-a1c8p2.json	1080502
죄인_고문	죄인_고문	0	1	ActionEvents-a1c8p2.json	10807
항아리_보기_뽀개기	항아리_보기_뽀개기	0	1	ActionEvents-a1c8p2.json	10808
타임어택_인형_전투	타임어택_인형_전투	0	1	ActionEvents-a1c8p2.json	10809
공포_견디기_내기	공포_견디기_내기	0	1	ActionEvents-a1c8p2.json	10810
붉은_출입증_사용	붉은_출입증_사용	0	1	ActionEvents-a1c8p2.json	10811
가문_기물_획득	가문_기물_획득	0	1	ActionEvents-a1c8p2.json	10812
막바지_보너스_내기_패배	막바지_보너스_내기_패배	0	1	ActionEvents-a1c8p2.json	1081302
Mayors, the Yearning Flotsam's first Choice Event	梅厄斯，羡望漂流 首个选项事件	0	1	ActionEvents-pilgrimage.json	129701
Mayors, the Yearning Flotsam's second Choice Event	梅厄斯，羡望漂流 第二个选项事件	0	1	ActionEvents-pilgrimage.json	129702
Iberians and the Ægirian - #2	伊比利亚人与阿戈尔人 #2	0	1	ActionEvents-pilgrimage.json	97107401
A Story of Lighthouse Keepers and The Profound Silence - #2	灯塔看守人与大静谧的故事 #2	0	1	ActionEvents-pilgrimage.json	97107601
An Inquisitor Locked in a Fight Against Sea Terrors	与海嗣激战正酣的审判官	0	1	ActionEvents-pilgrimage.json	971078
Education & Machine Console	培训与机械装置	0	1	ActionEvents-walpu4.json	971032
One Sin SP Healing E.G.O Gift Giveaway	一罪百善理智值恢复E.G.O饰品获取	0	1	ActionEvents-walpu4.json	971034
Heal HP, SP, or gain Cost	恢复体力、恢复理智值或获得经费	0	1	ActionEvents-walpu4.json	971035
Miracle in District 20 Hard Event 1	20区的奇迹困难事件1	0	1	ActionEvents-walpu4.json	971036
Miracle in District 20 Hard Event 2	20区的奇迹困难事件2	0	1	ActionEvents-walpu4.json	971037
The Knight of Despair Containment Unit	绝望骑士 收容单元	0	1	ActionEvents-walpu6.json	971060
The Queen of Hatred Containment Unit	憎恶皇后 收容单元	0	1	ActionEvents-walpu6.json	971061
Alriune Choice Event (#1)	爱娜温 选项(#1)	0	1	ActionEvents-walpu8.json	971093
Alriune Choice Event (#2)	爱娜温 选项(#2)	0	1	ActionEvents-walpu8.json	971094
Alriune Choice Event (#3)	爱娜温 选项(#3)	0	1	ActionEvents-walpu8.json	971095
An Encounter with the Unbearable	与无法忍受的存在相遇	0	1	ActionEvents.json	101003
Are You Happy? 2	你感到幸福吗？2	0	1	ActionEvents.json	10200301
A Room Full of Crates	装满箱子的房间	0	1	ActionEvents.json	10304
[Hel. P. Me. He. Lp.]	[救。救。我。救。救。]	0	1	ActionEvents.json	10307
아즈텍원판 선택지1	阿兹特克历法石选项1	0	1	ActionEvents.json	800201
아즈텍원판 선택지3	阿兹特克历法石选项3	0	1	ActionEvents.json	800203
아즈텍원판 선택지5	阿兹特克历法石选项5	0	1	ActionEvents.json	800205
강화인간 선택지1	改造人选项1	0	1	ActionEvents.json	801201
강화인간 선택지2-그렇다	改造人选项2-是	0	1	ActionEvents.json	801203
강화인간 선택지2-아니다	改造人选项2-不是	0	1	ActionEvents.json	801204
분홍신 선택지1	粉红鞋选项1	0	1	ActionEvents.json	801501
Vending Machine and Oceanic Waves	传来潮声的自动贩卖机	0	1	ActionEvents.json	201001
강화앰플교환삽입소	强化安瓿交换注射所	0	1	ActionEvents.json	201003
Hell's Chicken Dungeon Renewal - Starting Point Choice	地狱鸡迷宫更新 - 起点选项	0	1	ActionEvents.json	910303
T Corp. Time Prepayment Apparatus	T公司 时间预付机	0	1	ActionEvents_Mirror7.json	971086
Audio Logs of That Day	那一日的语音记录	0	1	ActionEvents_Mirror7.json	971087
Recurring Faith and Promise 2	循环的信念与承诺2	0	1	ActionEvents_Mirror7.json	97108801
Recurring Faith and Promise 3	循环的信念与承诺3	0	1	ActionEvents_Mirror7.json	97108802
'Yield My Flesh to Claim Their Bones' Renewal Hard Fusion	肉斩骨断迷宫更新 困难合成	0	1	ActionEvents_Ycgd.json	911501
Story Dungeon Starting Choice Event	剧情迷宫起始选项事件	0	1	ActionEvents_exme.json	10901
Hardblood weapon found while resting	休息时发现的硬血武器	0	1	ActionEvents_mowe-re.json	971080
Timekilling Time Dungeon Renewal Starting Point	时间杀人时间迷宫 更新起点	0	1	ActionEvents_tkt.json	910901
Timekilling Time Dungeon Renewal Fusion	时间杀人时间迷宫 更新合成	0	1	ActionEvents_tkt.json	910902
Every skill consists of at least 1 Coin.	每个技能都至少包含1枚硬币。	0	1	BattleHint.json	2
Sinners with low Sanity will be corroded by E.G.O.	理智值到达下限的罪人会被E.G.O侵蚀。	0	1	BattleHint.json	6
Speed determines the formation of units in combat.	速度值决定了敌我双方的角色在战斗中的站位。	0	1	BattleHint.json	13
Cancelling E.G.O before using it will return its resources.	在E.G.O使用之前将其取消会返还其消耗的E.G.O资源。	0	1	BattleHint.json	17
Every Identity has a Combat Passive and a Support Passive.	所有人格都拥有一个战斗被动技能和一个支援被动技能。	0	1	BattleHint.json	23
Identities participating in combat use Combat Passives.	参与战斗的人格可以使用战斗被动技能。	0	1	BattleHint.json	24
E.G.O skills are placed at the bottom of a Sinner’s column.	E.G.O技能将会固定生成在仪表盘最下方的行动槽。	0	1	BattleHint.json	33
Clashes occur when two Attack Skills target each other.	使用攻击技能对峙时，将会进行拼点。	0	1	BattleHint.json	34
- Until Season 8 Update	- 到第8赛季开始前	0	1	BattlePass-a1c9.json	until_season_7_start
Paid {0} Free {1}	付费{0} 免费{1}	0	1	BattlePass.json	battlepass_freeandpaid
Level up the Pass using [Paid Lunacy]?	要消耗[付费狂气]来提升通行证等级吗？	0	1	BattlePass.json	battlepass_level_up_ask
<color=#f8c200>Max Pass Level</color> reached.	已达到<color=#f8c200>最高等级</color>。	0	1	BattlePass.json	battlepass_level_max
{0}m left	剩余{0}分	0	1	BattlePass.json	remain_minutes_with_label
Eligible for Max Pass Level rewards	可以领取战斗通行证超额奖励	0	1	BattlePass.json	able_to_acquire_ex_pass_level_reward
Spend {0} Paid Lunacy to purchase Pass Levels?	要消耗 {0} 付费狂气来购买通行证等级吗？	0	1	BattlePass.json	ask_to_use_paid_lunacy_to_level_up_pass
※ Purchasing Battle Pass Levels costs 300 Paid Lunacy.	※购买通行证等级需要花费300付费狂气。	0	1	BattlePass.json	only_paid_lunacy_for_battlepass_levelup
{0} Update	{0} 更新	0	1	BattlePass.json	battlepass_reward_opened_at
+ [LIMBUS PASS] Activation	+ [边狱通行证] 赠品	0	1	BattlePass.json	battlepass_package_desc_banner
Spend {0} Paid Lunacy to purchase this Package?	要消耗 {0} 付费狂气来购买这个组合包吗？	0	1	BattlePass.json	battlepass_package_ask_purchase
Select Pass/Package	选择通行证/组合包	0	1	BattlePass.json	battlepass_select_product_popup_title
※ Purchasing a Pass Level costs {0} Paid Lunacy.	※购买 1 通行证等级需要花费{0}付费狂气。	0	1	BattlePass.json	only_paid_lunacy_for_battlepass_levelup_with_number
~ Until Season 4 Update	~ 到第4赛季开始前	0	1	BattlePass.json	until_season_4_start
{0} Owned	持有{0}	0	1	BattlePass.json	owned_count
10% Discount	10%折扣	0	1	BattlePass.json	battle_pass_sale_10
- Until Season 7 Update	- 到第7赛季开始前	0	1	BattlePass.json	until_season_6_start
Season 6: Zàng Huā Yín	第6赛季：葬花吟	0	1	BattlePass_Banner-a1c8.json	battlepass_season_6
Clear any stage {0} time(s)	清剿{0}次任意关卡	0	1	BattlePass_Mission.json	CLEAR_STAGE
Defeat {0} enemies	击败{0}个敌人	0	1	BattlePass_Mission.json	KILL_ENEMY_ANY
Suppress {0} Abnormalities	镇压{0}个异想体	0	1	BattlePass_Mission.json	KILL_ENEMY_ABNORMALITY
Have {1} in battle {0} time(s)	派遣{1}进行{0}场战斗	0	1	BattlePass_Mission.json	SOMEONE_PARTICIPATED_IN_BATTLE
Enter the Mirror Dungeon {0} time(s)	进入镜像迷宫{0}次	0	1	BattlePass_Mission.json	MIRROR_DUNGEON_TRY
Clear Mirror Dungeons {0} time(s)	清剿镜像迷宫{0}次	0	1	BattlePass_Mission.json	MIRROR_DUNGEON_CLEAR
Reach Battle Pass Level {0}	战斗通行证等级达到{0}	0	1	BattlePass_Mission.json	BATTLEPASS_LEVELUP
Use Ryōshū’s 4th Match Flame {0} time(s)	使用{0}次良秀的“第四根火柴之焰”E.G.O	0	1	BattlePass_Mission.json	USE_EGO_20402
Have Gregor as the Announcer {0} time(s)	让格里高尔进行{0}次播报	0	1	BattlePass_Mission.json	USE_ANNOUNCER_2
{0} daily log-ins	每日登录{0}次	0	1	BattlePass_Mission.json	LOGIN_ONCE
{0} total daily log-ins	累计登录达到{0}天	0	1	BattlePass_Mission.json	LOGIN_MULTIPLE
Clear EXP Luxcavation {0} time(s)	清剿经验采光{0}次	0	1	BattlePass_Mission.json	EXPDUNGEON_CLEAR
Clear Thread Luxcavation {0} time(s)	清剿纺锤采光{0}次	0	1	BattlePass_Mission.json	THREADDENGEON_CLEAR
Assemble {0} Enkephalin Module(s)	制作脑啡肽模块{0}次	0	1	BattlePass_Mission.json	PURCHASE_ENKEPHALIN_MODULE
(더미)	(더미)	0	1	BattleResultHint-a1c9p3.json	battleTip_none
Try prioritizing enemies with low HP first.	推荐优先击杀体力较低的敌方单位。	0	1	BattleResultHint-a1c9p3.json	battleTip_10943_2
Nursefathers are difficult enemies for the Sinners.	父辈是罪人难以应对的敌人。	0	1	BattleResultHint-a1c9p3.json	battleTip_10938_1
Reduce The Thumb Apprentice's HP to below half.	需要将拇指子辈的体力减少至一半以下。	0	1	BattleResultHint-a1c9p3.json	battleTip_10942_phase1_2
N Corp. Staff reinforcements occur only in N Corp.	后续人员补充只会在N公司发生。	0	1	BattleResultHint-exme.json	battleTip_912710_3
Atrophied (Low Morale)	畏缩(士气低落)	0	1	Bufs.json	Daunted_LowMorale
Overwhelmed (Low Morale)	无措(士气低落)	0	1	Bufs.json	Overwhelm_LowMorale
Kromer’s Whistles	克罗默的哨音	0	1	Bufs.json	ReinforcedAssemble
Mirror of Mirrors - F2	镜中之镜 - 第二层	0	1	Bufs.json	S2Mirror2ndFloor
Mirror of Mirrors - F3	镜中之镜 - 第三层	0	1	Bufs.json	S2Mirror3rdFloor
Mirror of Mirrors - F4	镜中之镜 - 第四层	0	1	Bufs.json	S2Mirror4thFloor
Mirror of Mirrors - F5	镜中之镜 - 第五层	0	1	Bufs.json	S2Mirror5thFloor
Mirror of Mirrors Hard - F2	镜中之镜困难 - 第二层	0	1	Bufs.json	S2Mirror2ndFloor_Hard
Mirror of Mirrors Hard - F3	镜中之镜困难 - 第三层	0	1	Bufs.json	S2Mirror3rdFloor_Hard
Mirror of Mirrors Hard - F4	镜中之镜困难 - 第四层	0	1	Bufs.json	S2Mirror4thFloor_Hard
Mirror of Mirrors Hard - F5	镜中之镜困难 - 第五层	0	1	Bufs.json	S2Mirror5thFloor_Hard
Mirror of Mirrors Hard - F1	镜中之镜困难 - 第一层	0	1	Bufs.json	S2Mirror1stFloor_Hard
Select Sapling of Light Ability	选择光之树苗能力	0	1	DanteAbilityUIText.json	danteAbility_UIPopup_Title
Select the ability to use.	选择要使用的能力。	0	1	DanteAbilityUIText.json	tutorial_battle_danteAbility_02_desc_01
Cannot use this Sapling of Light ability.	无法使用此光之树苗能力。	0	1	DanteAbilityUIText.json	IsUnavailableDanteAbility_TitleText
Already used this Sapling of Light ability today.	今天已经使用过该光之树苗能力。	0	1	DanteAbilityUIText.json	IsUnavailableDanteAbility_DescText_IsActivatedAbility
No remaining activations for today.	今天的使用次数已用尽。	0	1	DanteAbilityUIText.json	IsUnavailableDanteAbility_DescText_RemainingCountIsZero
{0}: Select Sinner	{0}：选择罪人	0	1	DanteAbilityUIText_a1c9p3.json	danteAbility_Personality_Selection_UIPopup_Title
Will you apply {0} on <color=#f8c200>[{1}]</color>?	要对<color=#f8c200>[{1}]</color>使用{0}吗？	0	1	DanteAbilityUIText_a1c9p3.json	danteAbility_Personality_Selection_UIPopup_Confirm_Desc
Gate #1	第一关口	0	1	DungeonArea1-3.json	dungeon_1_3_0104
Gate #2	第二关口	0	1	DungeonArea1-3.json	dungeon_1_3_0204
Meditator’s Pulpit	冥想讲坛	0	1	DungeonArea1-3.json	dungeon_1_3_0207
Gate #3	第三关口	0	1	DungeonArea1-3.json	dungeon_1_3_0215
League of Nine Littérateurs Lab - Spring	春天的九人会实验室	0	1	DungeonArea1-4.json	dungeon_1_4_0101
League of Nine Littérateurs Lab - Autumn	秋天的九人会实验室	0	1	DungeonArea1-4.json	dungeon_1_4_0201
League of Nine Littérateurs Lab - Summer	夏天的九人会实验室	0	1	DungeonArea1-4.json	dungeon_1_4_0202
League of Nine Littérateurs Lab - Winter	冬天的九人会实验室	0	1	DungeonArea1-4.json	dungeon_1_4_0301
Snake Slough++	蛇蜕++	0	1	EGOgift_MirrorDungeon-EventTheme_2.json	29751
False Halo++	虚假的光相++	0	1	EGOgift_MirrorDungeon-EventTheme_2.json	29752
Metronome++	节拍器++	0	1	EGOgift_MirrorDungeon-EventTheme_2.json	29753
Contempt of the Gaze of Contempt++	轻蔑的视线的轻蔑++	0	1	EGOgift_MirrorDungeon-EventTheme_2.json	29755
Unhatched Embers++	未孵化的火种++	0	1	EGOgift_MirrorDungeon-EventTheme_2.json	29756
Anti-Ovine Grounding Plug+	对羊接地插头+	0	1	EGOgift_MirrorDungeon-EventTheme_2.json	19757
Enh. Tattoos - The Middle	强化纹身-中指	0	1	EGOgift_MirrorDungeon-EventTheme_2.json	9786
Town-protecting Harpoon++	守镇鱼叉++	0	1	EGOgift_MirrorDungeon-StoryTheme_2.json	29427
Broken Violin++	损坏的小提琴++	0	1	EGOgift_MirrorDungeon-StoryTheme_2.json	29431
Butler Style Binding Arts++	管家式束缚法++	0	1	EGOgift_MirrorDungeon-StoryTheme_2.json	29435
Mask of the Parade+	游行的面具+	0	1	EGOgift_MirrorDungeon-StoryTheme_2.json	19440
W Corp. Standard Issue Cap	W公司制式帽子	0	1	EGOgift_MirrorDungeon-mowe-re.json	9840
Cleanup Agent Gear Set C	C型清扫人员装备套组	0	1	EGOgift_MirrorDungeon-mowe-re.json	9841
Bloody Flesh, Fleshy Blood	由血而成之肉，由肉而成之血	0	1	EGOgift_MirrorDungeon-mowe-re.json	9842
Discarded Dimensional Gauntlet++	被遗落的次元护手++	0	1	EGOgift_MirrorDungeon-mowe-re.json	29818
Blue Starshard++	蓝星碎片++	0	1	EGOgift_MirrorDungeon-mowe-re.json	29817
Hellterfly’s Dream++	地狱蝶之梦++	0	1	EGOgift_MirrorDungeon.json	29001
Ashes to Ashes++	尘归尘++	0	1	EGOgift_MirrorDungeon.json	29003
Wound Clerid++	拟伤虫++	0	1	EGOgift_MirrorDungeon.json	29005
Fiery Down++	炽热的羽毛++	0	1	EGOgift_MirrorDungeon.json	29009
Bloody Gadget++	鲜血装饰++	0	1	EGOgift_MirrorDungeon.json	29010
Talisman Bundle++	成捆的符咒++	0	1	EGOgift_MirrorDungeon.json	29013
Blood, Sweat, and Tears++	膏血++	0	1	EGOgift_MirrorDungeon.json	29015
Green Spirit++	绿光果实++	0	1	EGOgift_MirrorDungeon.json	29016
Crown of Roses++	玫瑰王冠++	0	1	EGOgift_MirrorDungeon.json	29018
White Gossypium++	白棉花++	0	1	EGOgift_MirrorDungeon.json	29020
Thunderbranch++	雷击木++	0	1	EGOgift_MirrorDungeon.json	29023
Lowest Star++	谷底之星++	0	1	EGOgift_MirrorDungeon.json	29027
Nixie Divergence++	辉光变动仪++	0	1	EGOgift_MirrorDungeon.json	29031
Voodoo Doll++	巫毒娃娃++	0	1	EGOgift_MirrorDungeon.json	29035
Carmilla++	卡蜜拉++	0	1	EGOgift_MirrorDungeon.json	29036
Red Order++	赤色指令++	0	1	EGOgift_MirrorDungeon.json	29041
Smokes and Wires++	烟霾与铁丝网++	0	1	EGOgift_MirrorDungeon.json	29042
Employee Card++	员工证++	0	1	EGOgift_MirrorDungeon.json	29043
Oscillating Bracelet++	震荡手环++	0	1	EGOgift_MirrorDungeon.json	29044
Glimpse of Flames++	炎鳞++	0	1	EGOgift_MirrorDungeon.json	29045
Barbed Lasso++	荆棘套索++	0	1	EGOgift_MirrorDungeon.json	29047
Rusted Cutting Knife++	锈蚀的美工刀++	0	1	EGOgift_MirrorDungeon.json	29048
Thorny Path++	荆棘之路++	0	1	EGOgift_MirrorDungeon.json	29049
Red-stained Gossypium++	红染棉花++	0	1	EGOgift_MirrorDungeon.json	29050
Stone Tomb++	石冢++	0	1	EGOgift_MirrorDungeon.json	29051
Portable Battery Socket++	便携式电源插座++	0	1	EGOgift_MirrorDungeon.json	29052
Dust to Dust++	土归土++	0	1	EGOgift_MirrorDungeon.json	29053
Downpour++	暴雨++	0	1	EGOgift_MirrorDungeon.json	29055
Thrill++	快感++	0	1	EGOgift_MirrorDungeon.json	29060
Curriculum Vitae++	简历++	0	1	EGOgift_MirrorDungeon.json	29062
Pendant of Nostalgia++	追忆吊坠++	0	1	EGOgift_MirrorDungeon.json	29063
Artistic Sense++	美感++	0	1	EGOgift_MirrorDungeon.json	29065
Nebulizer++	雾化吸入器++	0	1	EGOgift_MirrorDungeon.json	29066
Wrist Guards++	护腕++	0	1	EGOgift_MirrorDungeon.json	29069
Clear Mirror, Calm Water++	明镜止水++	0	1	EGOgift_MirrorDungeon.json	29070
Lightning Rod++	避雷针++	0	1	EGOgift_MirrorDungeon.json	29072
Endorphin Kit++	内啡肽试剂组++	0	1	EGOgift_MirrorDungeon.json	29073
Headless Portrait++	无头肖像++	0	1	EGOgift_MirrorDungeon.json	29074
Charge-type Gloves++	充能式手套++	0	1	EGOgift_MirrorDungeon.json	29075
Piece of Relationship++	缘分残片++	0	1	EGOgift_MirrorDungeon.json	29082
Burning Intellect++	炽热的智慧++	0	1	EGOgift_MirrorDungeon.json	29087
Rusted Muzzle++	锈蚀的笼头++	0	1	EGOgift_MirrorDungeon.json	29089
Bell of Truth++	真理之钟++	0	1	EGOgift_MirrorDungeon.json	29091
Fluorescent Lamp++	荧光灯++	0	1	EGOgift_MirrorDungeon.json	29093
Broken Compass++	破碎罗盘++	0	1	EGOgift_MirrorDungeon.json	29095
Ornamental Horseshoe++	马蹄铁饰物++	0	1	EGOgift_MirrorDungeon.json	29097
Material Interference Force Field++	物理屏蔽力场++	0	1	EGOgift_MirrorDungeon.json	29099
Melted Paraffin++	熔化的石蜡++	0	1	EGOgift_MirrorDungeon.json	29101
Polarization++	偏振光++	0	1	EGOgift_MirrorDungeon.json	29102
Pain of Stifled Rage++	郁火++	0	1	EGOgift_MirrorDungeon.json	29103
Arrested Hymn++	被扣留的颂歌++	0	1	EGOgift_MirrorDungeon.json	29106
Tangled Bundle++	纠缠捆束++	0	1	EGOgift_MirrorDungeon.json	29107
Awe++	敬畏++	0	1	EGOgift_MirrorDungeon.json	29108
Bio-venom Vial++	生物剧毒药瓶++	0	1	EGOgift_MirrorDungeon.json	29111
Venomous Skin++	剧毒外皮++	0	1	EGOgift_MirrorDungeon.json	29112
Sour Liquor Aroma++	酸味的酒香++	0	1	EGOgift_MirrorDungeon.json	29113
Ragged Umbrella++	破损的雨伞++	0	1	EGOgift_MirrorDungeon.json	29119
Eldtree Snare++	古木陷阱++	0	1	EGOgift_MirrorDungeon.json	29122
Rags++	破布++	0	1	EGOgift_MirrorDungeon.json	29123
Grandeur++	庄严++	0	1	EGOgift_MirrorDungeon.json	29124
Devil's Share++	魔鬼所享++	0	1	EGOgift_MirrorDungeon.json	29127
Emerald Elytra++	绿色鞘翅++	0	1	EGOgift_MirrorDungeon.json	29128
Old Wooden Doll++	陈旧的木雕人偶++	0	1	EGOgift_MirrorDungeon.json	29129
UPS System++	不间断电源装置++	0	1	EGOgift_MirrorDungeon.json	29132
Uncapped Defibrilator++	解除限制的除颤仪++	0	1	EGOgift_MirrorDungeon.json	29133
Patrolling Flashlight++	巡逻用手电筒++	0	1	EGOgift_MirrorDungeon.json	29134
Scalpel++	手术用刀++	0	1	EGOgift_MirrorDungeon.json	29137
Deceptive Accord++	虚饰的和平++	0	1	EGOgift_MirrorDungeon.json	29138
Tailor's Scissors++	裁缝用剪刀++	0	1	EGOgift_MirrorDungeon.json	29139
Resolution++	决意++	0	1	EGOgift_MirrorDungeon.json	29140
Moment of Sentencing++	宣判之刻++	0	1	EGOgift_MirrorDungeon.json	29141
Carpenter's Nail++	木工用长钉++	0	1	EGOgift_MirrorDungeon.json	29143
Once, A Blessing++	曾经的祝福++	0	1	EGOgift_MirrorDungeon.json	29144
Torn Bandolier++	撕裂的弹带++	0	1	EGOgift_MirrorDungeon.json	29145
Keenbranch++	磨尖的树枝++	0	1	EGOgift_MirrorDungeon.json	29146
Burial Curse++	作祟++	0	1	EGOgift_MirrorDungeon.json	29148
Compression Bandage++	加压绷带++	0	1	EGOgift_MirrorDungeon.json	29149
Temporal Bridle++	时间的枷锁++	0	1	EGOgift_MirrorDungeon.json	29150
Clasped Sculpture++	紧握的雕像++	0	1	EGOgift_MirrorDungeon.json	29151
Reverberation++	残响++	0	1	EGOgift_MirrorDungeon.json	29086
Smoking Gunpowder++	有烟火药++	0	1	EGOgift_MirrorDungeon.json	29117
Recollection of a Certain Day	某日的记忆	0	1	EGOgift_MirrorDungeon.json	9177
Layered Bandages+	重叠的创可贴+	0	1	EGOgift_MirrorDungeon.json	19192
Short Cane Sword++	拐杖短剑++	0	1	EGOgift_MirrorDungeon.json	29194
Cloudpattern Gourd Bottle++	云纹鹤颈瓶++	0	1	EGOgift_MirrorDungeon.json	29195
Plume of Proof++	见证的羽饰++	0	1	EGOgift_MirrorDungeon.json	29198
Torn Hems++	磨破的衣袖++	0	1	EGOgift_MirrorDungeon.json	29199
Pocket Flashcards++	口袋助记卡++	0	1	EGOgift_MirrorDungeon.json	29202
For You Who Love the City	献给热爱都市的你	0	1	EGOgift_MirrorDungeon_7.json	9209
Meat Tenderizer++	松肉锤++	0	1	EGOgift_MirrorDungeon_7.json	29210
The End of all Evil	万恶之终结	0	1	EGOgift_MirrorDungeon_7.json	9212
Uniform - Liu Assoc.	制式服装-六协会	0	1	EGOgift_MirrorDungeon_7.json	9216
Omni-tool++	万能工具++	0	1	EGOgift_MirrorDungeon_7.json	29219
The Spider's Thread++	蜘蛛网++	0	1	EGOgift_MirrorDungeon_7.json	29225
The Book of Vengeance: Annex	复仇账簿：附录	0	1	EGOgift_MirrorDungeon_7.json	9258
Clappity Clap!	拍手啪啪！	0	1	EGOgift_MirrorDungeon_7.json	9255
N Corp. Service des Clous Briefcase	N公司定格小队的包	0	1	EGOgift_MirrorDungeon_7.json	9275
The Book of the Homeland Swordplay [本國劍譜]	本国剑谱	0	1	EGOgift_MirrorDungeon_7.json	9280
Bloodied Mask of a Devotee	染血信徒面具	0	1	EGOgift_StoryDungeon.json	1004
Old Warehouse’s Key	破旧仓库的钥匙	0	1	EGOgift_StoryDungeon.json	1033
Ritualist’s Right	仪式资格	0	1	EGOgift_StoryDungeon.json	1044
Piece of a Torn Spring	破碎之春的残片	0	1	EGOgift_StoryDungeon.json	2011
Piece of a Torn Summer	破碎之夏的残片	0	1	EGOgift_StoryDungeon.json	2012
Piece of a Torn Autumn	破碎之秋的残片	0	1	EGOgift_StoryDungeon.json	2013
Piece of a Torn Winter	破碎之冬的残片	0	1	EGOgift_StoryDungeon.json	2014
Artwork: Pulsation	作品：跃动	0	1	EGOgift_TwiningThreads.json	9260
Artwork: Ferity	作品：野性	0	1	EGOgift_TwiningThreads.json	9261
Artwork: Evolving Pulsation	杰作：正在进化的跃动	0	1	EGOgift_TwiningThreads.json	9263
Artwork: Taxidermied Ferity	杰作：制成标本的野性	0	1	EGOgift_TwiningThreads.json	9264
Searing Brass++	灼热的铜管++	0	1	EGOgift_TwiningThreads.json	29267
The Memory of Kong Family Annihilation	孔灭日的记忆	0	1	EGOgift_a1c8p2.json	2078
Red Cloth that Closes the Heart	蒙蔽心扉的红布	0	1	EGOgift_cultivation.json	9821
Virtue - Zhi (智)	品德 - 智	0	1	EGOgift_cultivation.json	9822
Virtue - Yong (勇)	品德 - 勇	0	1	EGOgift_cultivation.json	9823
Virtue - Ren (仁)	品德 - 仁	0	1	EGOgift_cultivation.json	9824
Cultivation: Cut, File, Carve, Polish	切磋琢磨	0	1	EGOgift_cultivation.json	9825
Shaoxing Wine++	绍兴酒++	0	1	EGOgift_cultivation.json	29826
Trial Extraction : A.B.S	试验提取：红艳煞	0	1	EGOgift_lcbcheckup-re.json	9243
Trial Extraction : Lantern	试验提取：提灯	0	1	EGOgift_lcbcheckup-re.json	9244
Modified Extraction : AEDD	变形提取：AEDD	0	1	EGOgift_lcbcheckup-re.json	9245
Spicebush, Glasses, and Mailed Letter	山茶花、眼镜和送达的信	0	1	EGOgift_lcbcheckup-re.json	9248
A Small, Lovely Violin	小巧而精致的小提琴	0	1	EGOgift_lcbcheckup-re.json	9249
ENTER: The B.B.	幼·兄登场	0	1	EGOgift_night-clean-up-re.json	9270
Heishou Bolus - Mao	黑兽丸 - 卯	0	1	EGOgift_night-clean-up-re.json	9271
Interlinked Time++	交织的时间++	0	1	EGOgift_tktRe.json	29812
Emergency Investigator Badge++	紧急授予型搜查官徽章++	0	1	EGOgift_tktRe.json	29813
Entanglement Override Sequencer++	强制纠缠定序器++	0	1	EGOgift_tktRe.json	29814
Spent Use, Forming Hate	可用之处已尽，郁积的憎恶	0	1	EGOgift_walpu6.json	9809
Harmonics++	泛音++	0	1	EGOgift_walpu8.json	29236
Walking Bass++	行进贝斯++	0	1	EGOgift_walpu8.json	29237
Stubborn Öufi Fixer	顽固的Öufi协会收尾人	0	1	Enemies-a1c6p2.json	90128
Precise Öufi Fixer	严谨的Öufi协会收尾人	0	1	Enemies-a1c6p2.json	90129
Josephine of the Wild Hunt	狂猎 约瑟芬	0	1	Enemies-a1c6p3.json	8167
Hindley of the Wild Hunt	狂猎 亨德利	0	1	Enemies-a1c6p3.json	8168
Linton of the Wild Hunt	狂猎 林顿	0	1	Enemies-a1c6p3.json	8169
The Reaved Lamenter of the Wild Hunt	狂猎 因被夺取而哭嚎的亨德利	0	1	Enemies-a1c6p3.json	8170
Left Hand of Every Catherine	所有凯瑟琳 左手	0	1	Enemies-a1c6p3.json	8192
Right Hand of Every Catherine	所有凯瑟琳 右手	0	1	Enemies-a1c6p3.json	8193
Cinq West Section 3 Camille	Cinq协会西部3科 卡米尔	0	1	Enemies-a1c7p1.json	8371
"Ghost" Bloodfiend of Failed Penitence	扮演不知悔改的幽灵的血魔	0	1	Enemies-a1c7p2.json	90171
"Ghost" Bloodfiend of Prayers	扮演祈祷的幽灵的血魔	0	1	Enemies-a1c7p2.json	90172
Monster from the Gorged and Devoured Jar of Loneliness	互相吞食的蛊毒瓮怪物	0	1	Enemies-a1c8p1.json	91022
Swift N Corp. E.G.O::Sticking	敏捷的N公司E.G.O::黏稠	0	1	Enemies-a1c8p3.json	1139
Nimble N Corp. E.G.O::Sticking	灵敏的N公司E.G.O::黏稠	0	1	Enemies-a1c8p3.json	1140
Rigid Soldato of the Thumb	穿戴整齐的拇指士兵	0	1	Enemies-a1c8p3.json	90218
N Corp. E.G.O::Contempt, Awe Jia Huan	N公司 E.G.O::轻蔑，敬畏 贾环	0	1	Enemies-a1c8p3.json	1135
N Corp. E.G.O::Fell Bullet Gubo	N公司 E.G.O::凶弹 仇甫	0	1	Enemies-a1c8p3.json	1136
Censored Lobotomy Corp. L3 Agent	被审查的脑叶公司3级员工	0	1	Enemies-a1c971.json	90181
Censored Lobotomy Corp. L3 Agent	被审查的脑叶公司2级员工	0	1	Enemies-a1c971.json	90182
The Pinky Nursefather - ???	小指 父辈 - ???	0	1	Enemies-a1c9p3.json	1324
True Night Drifter of the Drunken Palm	真-醉手夜客	0	1	Enemies-cultivation.json	1272
Heishou Pack - Si : Veilstriker	黑兽 - 巳：隐袭	0	1	Enemies-cultivation.json	90215
Heishou Pack - Si : Shadestriker	黑兽 - 巳：阴袭	0	1	Enemies-cultivation.json	90216
Heishou Pack - Si : Depthstriker	黑兽 - 巳：潜袭	0	1	Enemies-cultivation.json	91023
Ch'unokkun - Incapacitate	推奴人 - 压制	0	1	Enemies-exme.json	1448
Ch'unokkun - Bind	推奴人 - 捕缚	0	1	Enemies-exme.json	1449
Icy N Corp. Class 2 Staff	冷漠的N公司2级员工	0	1	Enemies-exme.json	1452
Reticent N Corp. Class 2 Staff	静默的N公司2级员工	0	1	Enemies-exme.json	1453
Kkomi and Vergilius?	可米与维吉里乌斯？	0	1	Enemies-fools.json	8999
Swift Cultist of the Deep	敏捷的深海教徒	0	1	Enemies-pilgrimage.json	1289
Steadfast Cultist of the Deep	倔强的深海教徒	0	1	Enemies-pilgrimage.json	1290
Heishou Pack - Mao: Featherstriker	黑兽 - 卯：迅击	0	1	Enemies-sweep.json	90185
Heishou Pack - Mao: Umbrastriker	黑兽 - 卯：暗袭	0	1	Enemies-sweep.json	90186
T Corp. Class 3 Collector - Neutralize	T公司 3级征收人员 - 射杀	0	1	Enemies-tkt.json	90143
T Corp. Class 3 Collector - Suppress	T公司 3级征收人员 - 压制	0	1	Enemies-tkt.json	90144
Quiet K Corp. Checkpoint Security	沉默的K公司检查站安保人员	0	1	Enemies.json	90029
Stern K Corp. Checkpoint Security	正经的K公司检查站安保人员	0	1	Enemies.json	90030
Confused K Corp. Checkpoint Security	混乱的K公司检查站安保人员	0	1	Enemies.json	90042
Swamped K Corp. Checkpoint Security	头晕眼花的K公司检查站安保人员	0	1	Enemies.json	90043
Hazed K Corp. Checkpoint Security	窘迫的K公司检查站安保人员	0	1	Enemies.json	90044
Stunned K Corp. Checkpoint Security	眼前一黑的K公司检查站安保人员	0	1	Enemies.json	90045
Reawakened Lobotomy E.G.O::Sloshing	复活的脑叶公司E.G.O::荡漾	0	1	Enemies.json	90062
Imagined T Corp. Class 3 Collector	心象中的T公司3级征收人员	0	1	Enemies.json	90070
Reawakened Lobotomy E.G.O::Red Sheet - Marile	复活的脑叶公司E.G.O::朱符 - 马里勒	0	1	Enemies.json	91010
Shaking K Corp. Checkpoint Security	颤抖的K公司检查站安保人员	0	1	Enemies.json	90074
Timid K Corp. Checkpoint Security	警惕的K公司检查站安保人员	0	1	Enemies.json	90076
K Corp. Class 3 Empowered Staff	K公司3级员工-强化	0	1	Enemies_Refraction.json	8523
Refracted So That No One Will Cry	折射的因而无人哭泣	0	1	Enemies_Refraction2.json	8544
Refracted Whale of the Porous Hand Mermaid	折射的穴掌鲸人鱼	0	1	Enemies_Refraction3.json	8586
Refracted Whale of the Porous Hand Soldier Mermaid	折射的穴掌鲸 士兵人鱼	0	1	Enemies_Refraction3.json	8587
Refracted Twinhook Pirates First Mate Smee	折射的双钩海盗团大副 斯米	0	1	Enemies_Refraction3.json	8594
Refracted Pallid and Blue Mermaid	折射的苍白而泛青的人鱼	0	1	Enemies_Refraction3.json	8602
Refracted Whale of the Thousand Strands Mermaid	折射的千缕鲸人鱼	0	1	Enemies_Refraction3.json	8603
Refracted Portrait of a Certain Day	折射的某日的肖像	0	1	Enemies_Refraction4.json	8605
Refracted Enamored Researcher of the Ring?	折射的忘我的环指研究员？	0	1	Enemies_Refraction4.json	8624
Refracted Mad Researcher of the Ring?	折射的发狂的环指研究员？	0	1	Enemies_Refraction4.json	8625
Refracted Pointillist Researcher of the Ring?	折射的点彩派环指研究员？	0	1	Enemies_Refraction4.json	8626
Refracted Hindley, The Reaved Lamenter	折射的因被夺取而哭嚎的亨德利	0	1	Enemies_Refraction4.json	8618
Refracted Swift Edgar Family Butler	折射的灵敏的埃德加家族管家	0	1	Enemies_Refraction4.json	8611
Refracted Fast Edgar Family Butler	折射的迅捷的埃德加家族管家	0	1	Enemies_Refraction4.json	8612
Refracted Shifty Edgar Family Butler	折射的诡诈的埃德加家族管家	0	1	Enemies_Refraction4.json	8614
Refracted Trained Edgar Family Butler	折射的熟练的埃德加家族管家	0	1	Enemies_Refraction4.json	8615
Refracted Hostile Wuthering Heights Butler	折射的险恶的呼啸山庄管家	0	1	Enemies_Refraction4.json	8609
Refracted Trained Wuthering Heights Butler	折射的受训的呼啸山庄管家	0	1	Enemies_Refraction4.json	8610
The Refracted King in Binds	折射的受缚之王	0	1	Enemies_Refraction4.json	8629
Refracted Kurokumo Clan Captain Jun	折射的黑云会 副会长 俊	0	1	Enemies_Refraction4.json	8623
Refracted Peccatulum Invidiae?	折射的嫉妒罪种?	0	1	Enemies_Refraction4.json	8292
Refracted Der Fluchschütze	折射的凶弹射手	0	1	Enemies_Refraction5.json	8630
Refracted Old G Corp. Head Manager	折射的旧G公司部长	0	1	Enemies_Refraction5.json	8631
Refracted Bloodbag of the Painful Parade	折射的痛苦的游行血袋	0	1	Enemies_Refraction5.json	8639
Refracted Bloodbag of the Rear Parade	折射的紧随其后的游行血袋	0	1	Enemies_Refraction5.json	8640
Refracted Bloodfiend of the Happy Parade	折射的幸福的游行血魔	0	1	Enemies_Refraction5.json	8641
Refracted Bloodfiend of the Joyful Parade	折射的快乐的游行血魔	0	1	Enemies_Refraction5.json	8642
Refracted Combative Fanghunt Office Fixer	折射的好斗的猎牙事务所收尾人	0	1	Enemies_Refraction5.json	8646
Refracted Prideful Fanghunt Office Fixer	折射的心高气傲的猎牙事务所收尾人	0	1	Enemies_Refraction5.json	8647
Refracted Peccatulum Pigritiae??	折射的怠惰罪种??	0	1	Enemies_Refraction5.json	8648
Refracted Peccatulum Morositatis??	折射的忧郁罪种??	0	1	Enemies_Refraction5.json	8649
Refracted Peccatulum Irae??	折射的暴怒罪种??	0	1	Enemies_Refraction5.json	8683
Refracted Butterfly of Entangled Lives::The Pupa	折射的罗生蝶::蛹	0	1	Enemies_Refraction6.json	9563
Refracted Illusory Butterfly of Entangled Lives::The Past	折射的罗生蝶幻影::过去	0	1	Enemies_Refraction6.json	9564
Refracted Illusory Butterfly of Entangled Lives::The Future	折射的罗生蝶幻影::未来	0	1	Enemies_Refraction6.json	9566
Refracted Butterfly of Entangled Lives::Imago	折射的罗生蝶::蝶	0	1	Enemies_Refraction6.json	9567
Refracted Will You Play?	折射的玩吗？	0	1	Enemies_Refraction6.json	9556
Refracted Hongyu, the Crimson Jade [紅玉]	折射的红玉	0	1	Enemies_Refraction6.json	9570
The Refracted Pinky Nursefather - Shiomi Yoru	折射的小指 父辈 - 盐见夜	0	1	Enemies_Refraction6.json	9550
The Refracted Ring Nursefather - Callisto	折射的环指 父辈 - 卡利斯托	0	1	Enemies_Refraction6.json	9554
The Refracted Ring Apprentice - Albina	折射的环指 子辈 - 阿尔比娜	0	1	Enemies_Refraction6.json	9555
[Season 4] 3★ Guarantee Decaextraction Ticket	[第4赛季]3★人格必得十连提取券	0	1	Items-a1c6.json	107
[Season 4] Egoshard Crate	[第4赛季]自我碎片箱	0	1	Items-a1c6.json	1104
[Season 4] Nominable Egoshard Crate	[第4赛季]自我碎片自选箱	0	1	Items-a1c6.json	1204
[Season 4] Yi Sang’s Egoshard	[第4赛季]自我碎片-李箱	0	1	Items-a1c6.json	10104
[Season 4] Faust’s Egoshard	[第4赛季]自我碎片-浮士德	0	1	Items-a1c6.json	10204
[Season 4] Don Quixote’s Egoshard	[第4赛季]自我碎片-堂吉诃德	0	1	Items-a1c6.json	10304
[Season 4] Ryōshū’s Egoshard	[第4赛季]自我碎片-良秀	0	1	Items-a1c6.json	10404
[Season 4] Meursault’s Egoshard	[第4赛季]自我碎片-默尔索	0	1	Items-a1c6.json	10504
[Season 4] Hong Lu’s Egoshard	[第4赛季]自我碎片-鸿璐	0	1	Items-a1c6.json	10604
[Season 4] Heathcliff’s Egoshard	[第4赛季]自我碎片-希斯克利夫	0	1	Items-a1c6.json	10704
[Season 4] Ishmael’s Egoshard	[第4赛季]自我碎片-以实玛利	0	1	Items-a1c6.json	10804
[Season 4] Rodion's Egoshard	[第4赛季]自我碎片-罗佳	0	1	Items-a1c6.json	10904
[Season 4] Sinclair’s Egoshard	[第4赛季]自我碎片-辛克莱	0	1	Items-a1c6.json	11004
[Season 4] Outis’s Egoshard	[第4赛季]自我碎片-奥提斯	0	1	Items-a1c6.json	11104
[Season 4] Gregor’s Egoshard	[第4赛季]自我碎片-格里高尔	0	1	Items-a1c6.json	11204
Season 4 [Selected Sinner]’s Egoshard	第4赛季 [选择的罪人] 自我碎片	0	1	Items-a1c6.json	10004
[Season 5] 3★ Guarantee Decaextraction Ticket	[第5赛季]3★人格必得十连提取券	0	1	Items-a1c7p1.json	108
[Season 5] Egoshard Crate	[第5赛季]自我碎片箱	0	1	Items-a1c7p1.json	1105
[Season 5] Nominable Egoshard Crate	[第5赛季]自我碎片自选箱	0	1	Items-a1c7p1.json	1205
[Season 5] Yi Sang’s Egoshard	[第5赛季]自我碎片-李箱	0	1	Items-a1c7p1.json	10105
[Season 5] Faust’s Egoshard	[第5赛季]自我碎片-浮士德	0	1	Items-a1c7p1.json	10205
[Season 5] Don Quixote’s Egoshard	[第5赛季]自我碎片-堂吉诃德	0	1	Items-a1c7p1.json	10305
[Season 5] Ryōshū’s Egoshard	[第5赛季]自我碎片-良秀	0	1	Items-a1c7p1.json	10405
[Season 5] Meursault’s Egoshard	[第5赛季]自我碎片-默尔索	0	1	Items-a1c7p1.json	10505
[Season 5] Hong Lu’s Egoshard	[第5赛季]自我碎片-鸿璐	0	1	Items-a1c7p1.json	10605
[Season 5] Heathcliff’s Egoshard	[第5赛季]自我碎片-希斯克利夫	0	1	Items-a1c7p1.json	10705
[Season 5] Ishmael’s Egoshard	[第5赛季]自我碎片-以实玛利	0	1	Items-a1c7p1.json	10805
[Season 5] Rodion's Egoshard	[第5赛季]自我碎片-罗佳	0	1	Items-a1c7p1.json	10905
[Season 5] Sinclair’s Egoshard	[第5赛季]自我碎片-辛克莱	0	1	Items-a1c7p1.json	11005
[Season 5] Outis’s Egoshard	[第5赛季]自我碎片-奥提斯	0	1	Items-a1c7p1.json	11105
[Season 5] Gregor’s Egoshard	[第5赛季]自我碎片-格里高尔	0	1	Items-a1c7p1.json	11205
Season 5 Uptie & Threadspinning only Shard (Universal)	第5赛季同步&异想解析专用碎片（通用）	0	1	Items-a1c7p1.json	12005
Season 5 [Selected Sinner]’s Egoshard	第5赛季 [选择的罪人] 自我碎片	0	1	Items-a1c7p1.json	10005
[Season 6] 3★ Guarantee Decaextraction Ticket	[第6赛季]3★人格必得十连提取券	0	1	Items-a1c8p1.json	109
[Season 6] Egoshard Crate	[第6赛季]自我碎片箱	0	1	Items-a1c8p1.json	1106
[Season 6] Nominable Egoshard Crate	[第6赛季]自我碎片自选箱	0	1	Items-a1c8p1.json	1206
[Season 6] Yi Sang’s Egoshard	[第6赛季]自我碎片-李箱	0	1	Items-a1c8p1.json	10106
[Season 6] Faust’s Egoshard	[第6赛季]自我碎片-浮士德	0	1	Items-a1c8p1.json	10206
[Season 6] Don Quixote’s Egoshard	[第6赛季]自我碎片-堂吉诃德	0	1	Items-a1c8p1.json	10306
[Season 6] Ryōshū’s Egoshard	[第6赛季]自我碎片-良秀	0	1	Items-a1c8p1.json	10406
[Season 6] Meursault’s Egoshard	[第6赛季]自我碎片-默尔索	0	1	Items-a1c8p1.json	10506
[Season 6] Hong Lu’s Egoshard	[第6赛季]自我碎片-鸿璐	0	1	Items-a1c8p1.json	10606
[Season 6] Heathcliff’s Egoshard	[第6赛季]自我碎片-希斯克利夫	0	1	Items-a1c8p1.json	10706
[Season 6] Ishmael’s Egoshard	[第6赛季]自我碎片-以实玛利	0	1	Items-a1c8p1.json	10806
[Season 6] Rodion's Egoshard	[第6赛季]自我碎片-罗佳	0	1	Items-a1c8p1.json	10906
[Season 6] Sinclair’s Egoshard	[第6赛季]自我碎片-辛克莱	0	1	Items-a1c8p1.json	11006
[Season 6] Outis’s Egoshard	[第6赛季]自我碎片-奥提斯	0	1	Items-a1c8p1.json	11106
[Season 6] Gregor’s Egoshard	[第6赛季]自我碎片-格里高尔	0	1	Items-a1c8p1.json	11206
Season 6 Uptie & Threadspinning only Shard (Universal)	第6赛季同步&异想解析专用碎片（通用）	0	1	Items-a1c8p1.json	12006
Season 6 [Selected Sinner]’s Egoshard	第6赛季 [选择的罪人] 自我碎片	0	1	Items-a1c8p1.json	10006
[Season 7] 3★ Guarantee Decaextraction Ticket	[第7赛季]3★人格必得十连提取券	0	1	Items-a1c9p1.json	110
[Season 7] Egoshard Crate	[第7赛季]自我碎片箱	0	1	Items-a1c9p1.json	1107
[Season 7] Yi Sang’s Egoshard	[第7赛季]自我碎片-李箱	0	1	Items-a1c9p1.json	10107
[Season 7] Faust’s Egoshard	[第7赛季]自我碎片-浮士德	0	1	Items-a1c9p1.json	10207
[Season 7] Don Quixote’s Egoshard	[第7赛季]自我碎片-堂吉诃德	0	1	Items-a1c9p1.json	10307
[Season 7] Ryōshū’s Egoshard	[第7赛季]自我碎片-良秀	0	1	Items-a1c9p1.json	10407
[Season 7] Meursault’s Egoshard	[第7赛季]自我碎片-默尔索	0	1	Items-a1c9p1.json	10507
[Season 7] Hong Lu’s Egoshard	[第7赛季]自我碎片-鸿璐	0	1	Items-a1c9p1.json	10607
[Season 7] Heathcliff’s Egoshard	[第7赛季]自我碎片-希斯克利夫	0	1	Items-a1c9p1.json	10707
[Season 7] Ishmael’s Egoshard	[第7赛季]自我碎片-以实玛利	0	1	Items-a1c9p1.json	10807
[Season 7] Rodion's Egoshard	[第7赛季]自我碎片-罗佳	0	1	Items-a1c9p1.json	10907
[Season 7] Sinclair’s Egoshard	[第7赛季]自我碎片-辛克莱	0	1	Items-a1c9p1.json	11007
[Season 7] Outis’s Egoshard	[第7赛季]自我碎片-奥提斯	0	1	Items-a1c9p1.json	11107
[Season 7] Gregor’s Egoshard	[第7赛季]自我碎片-格里高尔	0	1	Items-a1c9p1.json	11207
Season 7 Uptie & Threadspinning only Shard (Universal)	第7赛季同步&异想解析专用碎片（通用）	0	1	Items-a1c9p1.json	12007
Season 7 [Selected Sinner]’s Egoshard	第7赛季 [选择的罪人] 自我碎片	0	1	Items-a1c9p1.json	10007
[Season 1] 3★ Guarantee Decaextraction Ticket	[第1赛季]3★人格必得十连提取券	0	1	Items.json	104
[Season 2] 3★ Guarantee Decaextraction Ticket	[第2赛季]3★人格必得十连提取券	0	1	Items.json	105
[Season 3] 3★ Guarantee Decaextraction Ticket	[第3赛季]3★人格必得十连提取券	0	1	Items.json	106
[Season 1] Egoshard Crate	[第1赛季]自我碎片箱	0	1	Items.json	1101
[Season 1] Nominable Egoshard Crate	[第1赛季]自我碎片自选箱	0	1	Items.json	1201
[Season 2] Egoshard Crate	[第2赛季]自我碎片箱	0	1	Items.json	1102
[Season 2] Nominable Egoshard Crate	[第2赛季]自我碎片自选箱	0	1	Items.json	1202
[Season 3] Egoshard Crate	[第3赛季]自我碎片箱	0	1	Items.json	1103
[Season 1] Yi Sang’s Egoshard	[第1赛季]自我碎片-李箱	0	1	Items.json	10101
[Season 1] Faust’s Egoshard	[第1赛季]自我碎片-浮士德	0	1	Items.json	10201
[Season 1] Don Quixote’s Egoshard	[第1赛季]自我碎片-堂吉诃德	0	1	Items.json	10301
[Season 1] Ryōshū’s Egoshard	[第1赛季]自我碎片-良秀	0	1	Items.json	10401
[Season 1] Meursault’s Egoshard	[第1赛季]自我碎片-默尔索	0	1	Items.json	10501
[Season 1] Hong Lu’s Egoshard	[第1赛季]自我碎片-鸿璐	0	1	Items.json	10601
[Season 1] Heathcliff’s Egoshard	[第1赛季]自我碎片-希斯克利夫	0	1	Items.json	10701
[Season 1] Ishmael’s Egoshard	[第1赛季]自我碎片-以实玛利	0	1	Items.json	10801
[Season 1] Rodion’s Egoshard	[第1赛季]自我碎片-罗佳	0	1	Items.json	10901
[Season 1] Sinclair’s Egoshard	[第1赛季]自我碎片-辛克莱	0	1	Items.json	11001
[Season 1] Outis’s Egoshard	[第1赛季]自我碎片-奥提斯	0	1	Items.json	11101
[Season 1] Gregor’s Egoshard	[第1赛季]自我碎片-格里高尔	0	1	Items.json	11201
Season 1 [Selected Sinner]’s Egoshard	第1赛季 [选择的罪人] 自我碎片	0	1	Items.json	10001
[Season 2] Yi Sang’s Egoshard	[第2赛季]自我碎片-李箱	0	1	Items.json	10102
[Season 2] Faust’s Egoshard	[第2赛季]自我碎片-浮士德	0	1	Items.json	10202
[Season 2] Don Quixote’s Egoshard	[第2赛季]自我碎片-堂吉诃德	0	1	Items.json	10302
[Season 2] Ryōshū’s Egoshard	[第2赛季]自我碎片-良秀	0	1	Items.json	10402
[Season 2] Meursault’s Egoshard	[第2赛季]自我碎片-默尔索	0	1	Items.json	10502
[Season 2] Hong Lu’s Egoshard	[第2赛季]自我碎片-鸿璐	0	1	Items.json	10602
[Season 2] Heathcliff’s Egoshard	[第2赛季]自我碎片-希斯克利夫	0	1	Items.json	10702
[Season 2] Ishmael’s Egoshard	[第2赛季]自我碎片-以实玛利	0	1	Items.json	10802
[Season 2] Rodion’s Egoshard	[第2赛季]自我碎片-罗佳	0	1	Items.json	10902
[Season 2] Sinclair’s Egoshard	[第2赛季]自我碎片-辛克莱	0	1	Items.json	11002
[Season 2] Outis’s Egoshard	[第2赛季]自我碎片-奥提斯	0	1	Items.json	11102
[Season 2] Gregor’s Egoshard	[第2赛季]自我碎片-格里高尔	0	1	Items.json	11202
[Season 3] Yi Sang’s Egoshard	[第3赛季]自我碎片-李箱	0	1	Items.json	10103
[Season 3] Faust’s Egoshard	[第3赛季]自我碎片-浮士德	0	1	Items.json	10203
[Season 3] Don Quixote’s Egoshard	[第3赛季]自我碎片-堂吉诃德	0	1	Items.json	10303
[Season 3] Ryōshū’s Egoshard	[第3赛季]自我碎片-良秀	0	1	Items.json	10403
[Season 3] Meursault’s Egoshard	[第3赛季]自我碎片-默尔索	0	1	Items.json	10503
[Season 3] Hong Lu’s Egoshard	[第3赛季]自我碎片-鸿璐	0	1	Items.json	10603
[Season 3] Heathcliff’s Egoshard	[第3赛季]自我碎片-希斯克利夫	0	1	Items.json	10703
[Season 3] Ishmael’s Egoshard	[第3赛季]自我碎片-以实玛利	0	1	Items.json	10803
[Season 3] Rodion’s Egoshard	[第3赛季]自我碎片-罗佳	0	1	Items.json	10903
[Season 3] Sinclair’s Egoshard	[第3赛季]自我碎片-辛克莱	0	1	Items.json	11003
[Season 3] Outis’s Egoshard	[第3赛季]自我碎片-奥提斯	0	1	Items.json	11103
[Season 3] Gregor’s Egoshard	[第3赛季]自我碎片-格里高尔	0	1	Items.json	11203
Season 2 [Selected Sinner]’s Egoshard	第2赛季 [选择的罪人] 自我碎片	0	1	Items.json	10002
Nominable S1 Battle Pass E.G.O Ticket	第1赛季通行证E.G.O自选券	0	1	Items.json	601
Season 4 Uptie & Threadspinning only Shard (Universal)	第4赛季同步&异想解析专用碎片（通用）	0	1	Items.json	12004
Starlight of Names and Spiders	名与蛛的星芒	0	1	Items.json	30007
Nominable Announcer Ticket [Yisang Exchange]	播报员自选券[理想兑换]	0	1	Items.json	751
Gain a random Tier {0} E.G.O Gift	随机获得一件{0}级E.G.O饰品	0	1	MirrorDungeonBattleRewardCase.json	dungeon_battle_reward_case_format_random_gift_acquisition
E.G.O Resource +{1} for {0} different Affinities	随机{0}种E.G.O资源各+{1}	0	1	MirrorDungeonBattleRewardCase.json	dungeon_battle_reward_case_format_random_ego_resource_acquisition
E.G.O Resource +{1} for {0} of the least-owned Affinities	最少的{0}种E.G.O资源各+{1}	0	1	MirrorDungeonBattleRewardCase.json	dungeon_battle_reward_case_format_least_ego_resource_acquisition
Mirror of Mirrors - Normal	镜中之镜 - 普通	0	1	MirrorDungeonName.json	mirrordungeon_name_2_0
Mirror of Mirrors - Hard	镜中之镜 - 困难	0	1	MirrorDungeonName.json	mirrordungeon_name_2_1
Mirror of the Lake - Normal	湖之镜 - 普通	0	1	MirrorDungeonName.json	mirrordungeon_name_3_0
Mirror of the Lake - Hard	湖之镜 - 困难	0	1	MirrorDungeonName.json	mirrordungeon_name_3_1
Mirror of the Wuthering - Simulation	呼啸之镜 - 模拟	0	1	MirrorDungeonName.json	mirrordungeon_name_4_0
Mirror of the Wuthering - Ritornello	呼啸之镜 - Ritornello	0	1	MirrorDungeonName.json	mirrordungeon_name_4_1
Mirror of the Dreaming [NORMAL]	梦中之镜[普通]	0	1	MirrorDungeonName.json	mirrordungeon_name_5_0
Mirror of the Dreaming [HARD]	梦中之镜[困难]	0	1	MirrorDungeonName.json	mirrordungeon_name_5_1
Mirror of Immortality [NORMAL]	永生之镜 [NORMAL]	0	1	MirrorDungeonName.json	mirrordungeon_name_6_0
Mirror of Immortality [HARD]	永生之镜 [HARD]	0	1	MirrorDungeonName.json	mirrordungeon_name_6_1
Mirror of Names and Spiders [NORMAL]	名与蛛之镜 [NORMAL]	0	1	MirrorDungeonName.json	mirrordungeon_name_7_0
Mirror of Names and Spiders [HARD]	名与蛛之镜 [HARD]	0	1	MirrorDungeonName.json	mirrordungeon_name_7_1
Faith & Erosion	信仰与侵蚀	0	1	MirrorDungeonTheme-1.json	1007
Nest, Workshop, and Technology	巢、工坊、技术	0	1	MirrorDungeonTheme-1.json	1009
Slicers & Dicers	斩切者们	0	1	MirrorDungeonTheme-1.json	1201
Piercers & Penetrators	穿刺者们	0	1	MirrorDungeonTheme-1.json	1203
Crushers & Breakers	粉碎者们	0	1	MirrorDungeonTheme-1.json	1205
Mountain of Corpses, Sea of Blood	尸山血海	0	1	MirrorDungeonTheme-1.json	1404
Line 4 - Section #3	4号线 - 第3区段	0	1	MirrorDungeonTheme-1.json	1111
Line 4 - Section #4	4号线 - 第4区段	0	1	MirrorDungeonTheme-1.json	1112
Line 3 - Terminus	3号线 - 终点站	0	1	MirrorDungeonTheme-1.json	1503
Line 1 : MADNESS	1号线 : 疯狂	0	1	MirrorDungeonTheme-1.json	1513
Complete & Total Extermination	即刻处刑时间	0	1	MirrorDungeonTheme-1.json	1517
The Master of La Manchaland	拉·曼却领之主	0	1	MirrorDungeonTheme-1.json	1518
Choose Identity to Level Up	选择进行升级的人格	0	1	MirrorDungeonUI.json	mirrordungeonui_level_up
Will you enhance the selected Identity?	要升级选中的人格吗？	0	1	MirrorDungeonUI.json	mirrordungeonui_ask_level_up
Identity Powered Up!	人格已强化！	0	1	MirrorDungeonUI.json	mirrordungeon_success_to_levelup
Terminate the ongoing simulation?	要终止正在进行的模拟吗？	0	1	MirrorDungeonUI.json	mirrordungeon_entrance_quit_former_simulation
{0} Simulation Progress	{0} 模拟进度	0	1	MirrorDungeonUI.json	mirrordungeon_progress_rate_simulation
◆ No Rewards	◆ 不会获得奖励	0	1	MirrorDungeonUI.json	mirrordungeon_simulation_info_2
{0} Simulation	{0}的模拟	0	1	MirrorDungeonUI.json	mirrordungeon_dungeon_name_simulation
Are you sure you wish to proceed?	未装备E.G.O。	0	1		
◆ No Enkephalin Module Cost	◆ 不会消耗脑啡肽模块	0	1	MirrorDungeonUI.json	mirrordungeon_simulation_info_no_use_module
Level Up #{0}	已达到阶段{0}	0	1	MirrorDungeonUI.json	mirrordungeon_after_levelup
! Simulating… !	！模拟中	0	1	MirrorDungeonUI.json	mirrordungeon_simulation_on
Data was lost due to a server error.	由于服务器错误，数据丢失。	0	1	MirrorDungeonUI.json	mirror_dungeon_error_desc
The selected Sinner heals {0}% HP and {1} SP	所选罪人恢复{0}%体力和{1}点理智值	0	1	MirrorDungeonUI_2.json	dungeon_shop_heal_desc_one_hp_perc_mp_int
All Sinners heal {0}% HP and {1} SP	全体罪人恢复{0}%体力和{1}点理智值	0	1	MirrorDungeonUI_2.json	dungeon_shop_heal_desc_all_hp_perc_mp_int
Pick up a mirror shard amid the crumbs.	拾起在碎屑中发现的镜子碎片。	0	1	MirrorDungeonUI_2.json	dungeon_shop_change_formation_title
Replace {0}'s Skill	替换{0}的技能	0	1	MirrorDungeonUI_2.json	dungeon_shop_upgrade_personality
Clear Mirror of Mirrors on Normal to unlock	通过镜中之镜普通难度时解锁	0	1	MirrorDungeonUI_2.json	mirrordungeon_2_hard_open_at
Mirror Dungeon {0}	镜像迷宫 {0}	0	1	MirrorDungeonUI_2.json	mirrordungeon_with_number
Spend your 「Weekly Bonuses」 to claim the bonus rewards?	要消耗“每周加成”以领取额外奖励吗？	0	1	MirrorDungeonUI_2.json	mirrordungeon_acquire_rewards_using_chance_desc
End expedition without claiming rewards?	要在不领取奖励的情况下结束探索吗？	0	1	MirrorDungeonUI_2.json	mirror_dungeon_exit_without_acquire_rewards
The selected Sinner heals {0}% HP	所选罪人恢复{0}%的体力	0	1	MirrorDungeonUI_2.json	mirrordungeon_resting_heal_desc_1
All Sinners heal {0}% HP	全体罪人恢复{0}%的体力	0	1	MirrorDungeonUI_2.json	mirrordungeon_resting_heal_desc_2
Place the crumb on the table.	将碎屑放到桌面上。	0	1	MirrorDungeonUI_2.json	mirrordungeon_resting_change_formation_title
Clear Main Story 4-54 and Mirror of the Beginning to unlock	通过主线4-54和起始之镜时解锁	0	1	MirrorDungeonUI_2.json	mirrordungeon_2_normal_open_at
Pick up a mirror shard amid the crumbs.	捡起在碎屑中看到的镜子碎片。	0	1	MirrorDungeonUI_2.json	dungeon_resting_change_formation_title
Place the most tired Sinner in the chair.	让最疲劳的罪人在椅子上休息。	0	1	MirrorDungeonUI_2.json	dungeon_resting_heal_title_one
All Sinners take a seat to rest.	让全体罪人坐在椅子上休息。	0	1	MirrorDungeonUI_2.json	dungeon_resting_heal_title_all
The bizarre and curious things draw your attention.	一些神奇而怪诞的事物吸引了你的注意力。	0	1	MirrorDungeonUI_2.json	mirrordungeon_shop_gift_entrance
You hear something drop with a clang.	你听到什么东西掉落的声音。	0	1	MirrorDungeonUI_2.json	mirrordungeon_shop_gift_purchase
Anything else to buy?	要再买点什么吗？	0	1	MirrorDungeonUI_2.json	mirrordungeon_reenter
Exploring Floor {0}	正在探索第{0}层	0	1	MirrorDungeonUI_2.json	dungeon_explore_floor
Who should take the rest?	座位并不宽敞。	0	1		
Leave the shop?	要离开商店吗？	0	1	MirrorDungeonUI_2.json	mirrordungeon_exit_shop
Leave the rest stop?	要离开休息点吗？	0	1	MirrorDungeonUI_2.json	mirrordungeon_exit_resting
Spend the Cost to deploy the selected Identities and E.G.O?	是否确认花费经费以编入所选人格与E.G.O？	0	1	MirrorDungeonUI_2.json	mirrordungeon_change_formation_confirm_exact_participants
Activate Challenge Mode?	要激活挑战模式吗？	0	1	MirrorDungeonUI_2.json	mirror_dungeon_challenge_mode_ask
- Identity Levels 45	- 人格等级 45	0	1	MirrorDungeonUI_2.json	mirror_dungeon_hard_require_condition_level
- E.G.O Threadspin Tier 3	- E.G.O异想解析 3阶段	0	1	MirrorDungeonUI_2.json	mirror_dungeon_hard_require_condition_ego_gacksung
- Identity Uptie Tier 3	- 人格同步 3阶段	0	1	MirrorDungeonUI_2.json	mirror_dungeon_hard_require_condition_personality_gacksung
- All Starter Buffs Active	- 开局增益全部激活	0	1	MirrorDungeonUI_2.json	mirror_dungeon_hard_require_condition_start_buf
Higher Tier Burn Gifts appear	出现烧伤类饰品的概率提高	0	1	MirrorDungeonUI_2.json	md3_buffs_summaryDesc_1011
Higher Tier Bleed Gifts appear	出现流血类饰品的概率提高	0	1	MirrorDungeonUI_2.json	md3_buffs_summaryDesc_1012
Higher Tier Tremor Gifts appear	出现震颤类饰品的概率提高	0	1	MirrorDungeonUI_2.json	md3_buffs_summaryDesc_1013
Higher Tier Rupture Gifts appear	出现破裂类饰品的概率提高	0	1	MirrorDungeonUI_2.json	md3_buffs_summaryDesc_1014
Higher Tier Sinking Gifts appear	出现沉沦类饰品的概率提高	0	1	MirrorDungeonUI_2.json	md3_buffs_summaryDesc_1015
Higher Tier Poise Gifts appear	出现呼吸法类饰品的概率提高	0	1	MirrorDungeonUI_2.json	md3_buffs_summaryDesc_1016
Higher Tier Charge Gifts appear	出现充能类饰品的概率提高	0	1	MirrorDungeonUI_2.json	md3_buffs_summaryDesc_1017
Higher Tier Random Gifts appear	出现随机饰品的概率提高	0	1	MirrorDungeonUI_2.json	md3_buffs_summaryDesc_1018
Tier 4+ Gifts appear & Higher Tier Gifts appear	出现4级以上饰品&出现饰品等级提高	0	1	MirrorDungeonUI_2.json	md3_buffs_summaryDesc_102
Selectable Burn E.G.O Gift +1	出现的烧伤类饰品数量+1	0	1	MirrorDungeonUI_2.json	md3_buffs_summaryDesc_1041
Selectable Bleed E.G.O Gift +1	出现的流血类饰品数量+1	0	1	MirrorDungeonUI_2.json	md3_buffs_summaryDesc_1042
Selectable Tremor E.G.O Gift +1	出现的震颤类饰品数量+1	0	1	MirrorDungeonUI_2.json	md3_buffs_summaryDesc_1043
Selectable Rupture E.G.O Gift +1	出现的破裂类饰品数量+1	0	1	MirrorDungeonUI_2.json	md3_buffs_summaryDesc_1044
Selectable Sinking E.G.O Gift +1	出现的沉沦类饰品数量+1	0	1	MirrorDungeonUI_2.json	md3_buffs_summaryDesc_1045
Selectable Poise E.G.O Gift +1	出现的呼吸法类饰品数量+1	0	1	MirrorDungeonUI_2.json	md3_buffs_summaryDesc_1046
Selectable Charge E.G.O Gift +1	出现的充能类饰品数量+1	0	1	MirrorDungeonUI_2.json	md3_buffs_summaryDesc_1047
Selectable Random E.G.O Gift +1	出现的随机饰品数量+1	0	1	MirrorDungeonUI_2.json	md3_buffs_summaryDesc_1048
Introduce 2 new Burn Gifts	追加出现2款烧伤类饰品	0	1	MirrorDungeonUI_2.json	md3_buffs_summaryDesc_1061
Introduce 2 new Bleed Gifts	追加出现2款流血类饰品	0	1	MirrorDungeonUI_2.json	md3_buffs_summaryDesc_1062
Introduce 2 new Tremor Gifts	追加出现2款震颤类饰品	0	1	MirrorDungeonUI_2.json	md3_buffs_summaryDesc_1063
Introduce 2 new Rupture Gifts	追加出现2款破裂类饰品	0	1	MirrorDungeonUI_2.json	md3_buffs_summaryDesc_1064
Introduce 2 new Sinking Gifts	追加出现2款沉沦类饰品	0	1	MirrorDungeonUI_2.json	md3_buffs_summaryDesc_1065
Introduce 2 new Poise Gifts	追加出现2款呼吸法类饰品	0	1	MirrorDungeonUI_2.json	md3_buffs_summaryDesc_1066
Introduce 2 new Charge Gifts	追加出现2款充能类饰品	0	1	MirrorDungeonUI_2.json	md3_buffs_summaryDesc_1067
Gain more Cost from Combat Encounters	在战斗中获得的经费增加	0	1	MirrorDungeonUI_2.json	md3_buffs_summaryDesc_107
Gain more Cost from Regular Encounters	在常规遭遇战中获得的经费增加	0	1	MirrorDungeonUI_2.json	md3_buffs_summaryDesc_1071
Gain more Cost from Focused Encounters	在集中遭遇战中获得的经费增加	0	1	MirrorDungeonUI_2.json	md3_buffs_summaryDesc_1072
Gain more Cost from Risky Encounters	在危险遭遇战中获得的经费增加	0	1	MirrorDungeonUI_2.json	md3_buffs_summaryDesc_1073
Gain more Cost from Floor Boss Encounters	在阶层头目战中获得的经费增加	0	1	MirrorDungeonUI_2.json	md3_buffs_summaryDesc_1074
Gift Choice +1	可选择饰品数量+1	0	1	MirrorDungeonUI_2.json	md3_buffs_summaryDesc_108
Small chance for a free Refresh	较低概率免费进行刷新	0	1	MirrorDungeonUI_2.json	md3_buffs_summaryDesc_1092
Small chance for a free Enhance	较低概率免费进行强化	0	1	MirrorDungeonUI_2.json	md3_buffs_summaryDesc_1101
Cheaper Burn Gift Enhancement Cost	强化烧伤类饰品所需经费减少	0	1	MirrorDungeonUI_2.json	md3_buffs_summaryDesc_1102
Cheaper Bleed Gift Enhancement Cost	强化流血类饰品所需经费减少	0	1	MirrorDungeonUI_2.json	md3_buffs_summaryDesc_1103
Cheaper Tremor Gift Enhancement Cost	强化震颤类饰品所需经费减少	0	1	MirrorDungeonUI_2.json	md3_buffs_summaryDesc_1104
Cheaper Rupture Gift Enhancement Cost	强化破裂类饰品所需经费减少	0	1	MirrorDungeonUI_2.json	md3_buffs_summaryDesc_1105
Cheaper Sinking Gift Enhancement Cost	强化沉沦类饰品所需经费减少	0	1	MirrorDungeonUI_2.json	md3_buffs_summaryDesc_1106
Cheaper Poise Gift Enhancement Cost	强化呼吸法类饰品所需经费减少	0	1	MirrorDungeonUI_2.json	md3_buffs_summaryDesc_1107
Cheaper Charge Gift Enhancement Cost	强化充能类饰品所需经费减少	0	1	MirrorDungeonUI_2.json	md3_buffs_summaryDesc_1108
Cheaper Burn Gift Purchase Cost	购买烧伤类饰品所需经费减少	0	1	MirrorDungeonUI_2.json	md3_buffs_summaryDesc_1121
Cheaper Bleed Gift Purchase Cost	购买流血类饰品所需经费减少	0	1	MirrorDungeonUI_2.json	md3_buffs_summaryDesc_1122
Cheaper Tremor Gift Purchase Cost	购买震颤类饰品所需经费减少	0	1	MirrorDungeonUI_2.json	md3_buffs_summaryDesc_1123
Cheaper Rupture Gift Purchase Cost	购买破裂类饰品所需经费减少	0	1	MirrorDungeonUI_2.json	md3_buffs_summaryDesc_1124
Cheaper Sinking Gift Purchase Cost	购买沉沦类饰品所需经费减少	0	1	MirrorDungeonUI_2.json	md3_buffs_summaryDesc_1125
Cheaper Poise Gift Purchase Cost	购买呼吸法类饰品所需经费减少	0	1	MirrorDungeonUI_2.json	md3_buffs_summaryDesc_1126
Cheaper Charge Gift Purchase Cost	购买充能类饰品所需经费减少	0	1	MirrorDungeonUI_2.json	md3_buffs_summaryDesc_1127
Cheaper Keywordless Gift Purchase Cost	购买泛用型饰品所需经费减少	0	1	MirrorDungeonUI_2.json	md3_buffs_summaryDesc_1128
Deal +4% Slash Damage	斩击伤害+4%	0	1	MirrorDungeonUI_2.json	md3_buffs_summaryDesc_1224
Deal +4% Pierce Damage	突刺伤害+4%	0	1	MirrorDungeonUI_2.json	md3_buffs_summaryDesc_1225
Deal +4% Blunt Damage	打击伤害+4%	0	1	MirrorDungeonUI_2.json	md3_buffs_summaryDesc_1226
Slash Resistance -0.1	斩击抗性-0.1	0	1	MirrorDungeonUI_2.json	md3_buffs_summaryDesc_1234
Pierce Resistance -0.1	突刺抗性-0.1	0	1	MirrorDungeonUI_2.json	md3_buffs_summaryDesc_1235
Blunt Resistance -0.1	打击抗性-0.1	0	1	MirrorDungeonUI_2.json	md3_buffs_summaryDesc_1236
Fuse the selected E.G.O Gifts?	是否合成E.G.O饰品？	0	1	MirrorDungeonUI_3.json	ego_gift_combine_ui_main_text
Clear Canto IV to Unlock	通过第4章后解锁	0	1	MirrorDungeonUI_3.json	mirror_dungeon3_entrance_hard_hint_before_release
Summary/Details	概要/详情	0	1	MirrorDungeonUI_3.json	mirror_dungeon3_start_buff_summary_detail
Select the E.G.O Gift you would like to sell.	请选择要售卖的E.G.O饰品。	0	1	MirrorDungeonUI_3.json	guided_sell_ego_gift
Sell [{0}] for {1} Cost?	是否以{1}点经费的售价售卖[{0}]？	0	1	MirrorDungeonUI_3.json	ego_gift_sell_confirm_format
Starter Buffs - Astral Milestones	开局增益 - 星位里程碑	0	1	MirrorDungeonUI_3.json	mirror_dungeon_3_start_buff_name
! Exploring !	! 探索中 !	0	1	MirrorDungeonUI_3.json	mirror_dungeon_exploring
Normal Floor {0}	普通难度第{0}层	0	1	MirrorDungeonUI_3.json	mirror_dungeon_progress_text_3_normal
※ Difficulty: {0} [x{1}]	※ 难度： {0} [x{1}]	0	1	MirrorDungeonUI_3.json	starchip_ui_difficulty_ratio_format
This E.G.O Gift cannot be Enhanced.	该E.G.O饰品无法强化。	0	1	MirrorDungeonUI_3.json	side_content_ego_gift_is_not_upgradeable
This E.G.O Gift is already fully Enhanced.	该E.G.O饰品已达到强化极限。	0	1	MirrorDungeonUI_3.json	side_content_ego_gift_is_maximum_upgraded
You need to own at least 2 E.G.O Gifts.	需要至少2件E.G.O饰品。	0	1	MirrorDungeonUI_3.json	side_content_need_more_ego_gift
You can select only Tier 3 or lower E.G.O Gifts.	只可选择3级以下的E.G.O饰品。	0	1	MirrorDungeonUI_3.json	side_content_need_lower_tier_ego_gift
You cannot sell this E.G.O Gift.	该E.G.O饰品无法售卖。	0	1	MirrorDungeonUI_3.json	side_content_ego_gift_is_not_for_sale
Refresh (Once)	刷新（1次）	0	1	MirrorDungeonUI_3.json	mirror_dungeon_reload_select_ego_gift_category
Hard Floor {0}	困难{0}层	0	1	MirrorDungeonUI_3.json	mirror_dungeon_progress_text_3_hard
This E.G.O Gift cannot be Fused.	该E.G.O饰品无法合成。	0	1	MirrorDungeonUI_3.json	side_content_ego_gift_is_unable_combine
{0} - Featured Theme Packs	{0} - 主题卡包	0	1	MirrorDungeonUI_4.json	mirrordungeon_appear_able_theme_pack_title
Simulation Floor {0}	模拟第{0}层	0	1	MirrorDungeonUI_4.json	mirror_dungeon_progress_text_4_normal
Ritornello Floor {0}	Ritornello第{0}层	0	1	MirrorDungeonUI_4.json	mirror_dungeon_progress_text_4_hard
Ringing of the New Year's Eve	除夕夜的钟声	0	1	MirrorDungeonUI_4.json	mirror_dungeon_4_buffs_title_8
Path of the West Wind	西风归路	0	1	MirrorDungeonUI_4.json	mirror_dungeon_4_buffs_title_18
(NOT USED)	(未使用)	0	1	MirrorDungeonUI_4.json	md4_buffs_summaryDesc_1024
Combining Gifts with the same Keyword	相同关键词的情况	0	1	MirrorDungeonUI_4.json	mirror_ego_gift_combine_guide_table_identical_keyword
Combining Gifts when only 2/3 Gifts share the Keyword	有两个关键词相同而一个不同的情况	0	1	MirrorDungeonUI_4.json	mirror_ego_gift_combine_guide_table_two_same_keywords
Tier 1 + Tier 1 + Tier 1 => Tier 1	1级 + 1级 + 1级 => 1级	0	1	MirrorDungeonUI_4.json	mirror_ego_gift_combine_guide_table_3_desc_1_0
Tier 1 + Tier 1 + Tier 1 => <color=#f8c200>Tier 2</color>	1级 + 1级 + 1级 => <color=#f8c200>2级</color>	0	1	MirrorDungeonUI_4.json	mirror_ego_gift_combine_guide_table_3_desc_1_1
Tier 1 + Tier 1 + Tier 2 => Tier 1	1级 + 1级 + 2级 => 1级	0	1	MirrorDungeonUI_4.json	mirror_ego_gift_combine_guide_table_3_desc_2_0
Tier 1 + Tier 1 + Tier 2 => <color=#f8c200>Tier 2</color>	1级 + 1级 + 2级 => <color=#f8c200>2级</color>	0	1	MirrorDungeonUI_4.json	mirror_ego_gift_combine_guide_table_3_desc_2_1
Tier 1 + Tier 2 + Tier 3 => Tier 2	1级 + 2级 + 3级 => 2级	0	1	MirrorDungeonUI_4.json	mirror_ego_gift_combine_guide_table_3_desc_5_0
Tier 1 + Tier 2 + Tier 3 => <color=#f8c200>Tier 3</color>	1级 + 2级 + 3级 => <color=#f8c200>3级</color>	0	1	MirrorDungeonUI_4.json	mirror_ego_gift_combine_guide_table_3_desc_5_1
Tier 2 + Tier 3 + Tier 3 => Tier 3	2级 + 3级 + 3级 => 3级	0	1	MirrorDungeonUI_4.json	mirror_ego_gift_combine_guide_table_3_desc_9_0
Tier 2 + Tier 3 + Tier 3 => <color=#f8c200>Tier 4</color>	2级 + 3级 + 3级 => <color=#f8c200>4级</color>	0	1	MirrorDungeonUI_4.json	mirror_ego_gift_combine_guide_table_3_desc_9_1
Select Floor {0} Theme Pack	选择{0}层主题卡包	0	1	MirrorDungeonUI_4.json	mirrordungeon_select_theme_pack_at_floor
Did Not Gain an E.G.O Gift	E.G.O饰品获取失败	0	1	MirrorDungeonUI_4.json	mirror_dungeon_cannot_acquired_ego_gift
Shop - Keyword Refresh	商店 - 关键词刷新	0	1	MirrorDungeonUI_4.json	mirror_dungeon_shop_keyword_refresh_popup_title
Please choose a Keyword you want to Fuse into.	请选择一个关键词。	0	1	MirrorDungeonUI_4.json	ego_gift_select_keyword_ui_desc
Number of ingredient E.G.O Gifts used for Fusion	作为合成材料的E.G.O饰品的数量	0	1	MirrorDungeonUI_4.json	new_ego_gift_combine_guide_table_1_col_1_title
Rates for an E.G.O Gift with your selected Keyword	所选关键词出现概率	0	1	MirrorDungeonUI_4.json	new_ego_gift_combine_guide_table_1_col_2_title
Enemy Level Up +{0}	敌方等级增加+{0}	0	1	MirrorDungeonUI_5.json	mirror_enemy_addenemylevel_desc
A Trial has been added.	苦难已追加。	0	1	MirrorDungeonUI_5.json	mirror_acquired_enemy_buff_popup_desc
Grace of Stars has been selected.	星之恩惠已选择完毕。	0	1	MirrorDungeonUI_5.json	mirror_start_buff_purchase_complete_modal_desc
What should we do?	可以恢复或是复活罪人。	0	1		
HP and SP healed for {0}.	罪人{0}的体力与理智值恢复了。	0	1	MirrorDungeonUI_5.json	dungeon_shop_heal_select_one
All Sinners' HP and SP have been healed.	全体罪人的体力与理智值恢复了。	0	1	MirrorDungeonUI_5.json	dungeon_shop_heal_all
{0}, revived, returns to battle.	罪人{0}复活，可以重新参与战斗。	0	1	MirrorDungeonUI_5.json	dungeon_shop_heal_revive_select_one
At {0}+ Starlight Bonus	星芒奖励不低于{0}	0	1	MirrorDungeonUI_5.json	mirror_start_buff_unlock_condition_needs_held_buff_points
Continue with selected effects?	要选择此效果吗？	0	1	MirrorDungeonUI_5.json	mirror_start_buff_purchase_modal_description
Remaining Starlight Bonus will be converted to Cost	剩余的星芒奖励将转换为经费。	0	1	MirrorDungeonUI_5.json	mirror_start_buff_purchase_modal_purchase_description
Greatly heal a single Sinner.	1名罪人大量恢复。	0	1	MirrorDungeonUI_5.json	dungeon_shop_heal_title_one_season5
Select the Sinner to revive.	选择要复活的罪人。	0	1	MirrorDungeonUI_5.json	dungeon_shop_revive_one_select_ask
Mirror of the Dreaming - F{0}	梦中之镜第{0}层	0	1	MirrorDungeonUI_5.json	mirror_dungeon_progress_text_5
11~16 Points	11~16点	0	1	MirrorDungeonUI_5.json	mirrordungeon_egogift_combine_guide_result_total_2
17 ~ 24 Points	17~24点	0	1	MirrorDungeonUI_5.json	mirrordungeon_egogift_combine_guide_result_total_3
25+ Points	25点以上	0	1	MirrorDungeonUI_5.json	mirrordungeon_egogift_combine_guide_result_total_4
<color=#990000>Super Shop</color>	<color=#990000>特殊商店</color>	0	1	MirrorDungeonUI_5.json	mirrordungeon_upgrade_shop_title
4+ Gifts	4件以上	0	1	MirrorDungeonUI_5.json	new_ego_gift_combine_guide_table_1_desc_3_0
Identity Levels +3	获得长线战斗奖励	0	1		
At [10]+ Starlight Bonus	星芒不低于[10]点	0	1	MirrorDungeonUI_5.json	mirror_dungeon_5_buffs_over10
At [20]+ Starlight Bonus	星芒不低于[20]点	0	1	MirrorDungeonUI_5.json	mirror_dungeon_5_buffs_over20
At [30]+ Starlight Bonus	星芒不低于[30]点	0	1	MirrorDungeonUI_5.json	mirror_dungeon_5_buffs_over30
At [40]+ Starlight Bonus	星芒不低于[40]点	0	1	MirrorDungeonUI_5.json	mirror_dungeon_5_buffs_over40
At [50]+ Starlight Bonus	星芒不低于[50]点	0	1	MirrorDungeonUI_5.json	mirror_dungeon_5_buffs__over50
At [60]+ Starlight Bonus	星芒不低于[60]点	0	1	MirrorDungeonUI_5.json	mirror_dungeon_5_buffs__over60
15 ~ 21 Points	15~21点	0	1	MirrorDungeonUI_5.json	mirrordungeon_egogift_combine_guide_result_total_3_upgrade
22+ Points	22点以上	0	1	MirrorDungeonUI_5.json	mirrordungeon_egogift_combine_guide_result_total_4_upgrade
※ Purchasing {0} Projection Rate costs {1} Paid Lunacy.	※ 购买 {0} 投影度需要花费 {1} 付费狂气。	0	1	MirrorDungeonUI_5.json	mirrordungeon_purchase_achievement_level_using_lunacy_desc
Spend {0} Paid Lunacy to purchase Projection Rate?	要消耗 {0} 付费狂气来购买投影度吗？	0	1	MirrorDungeonUI_5.json	mirrordungeon_purchase_achievement_level_ask_using_lunacy
Parallel Superposition Mode :	平行叠加模式：	0	1	MirrorDungeonUI_5_InfinityFloor.json	InfinityFloor_Mode_Button_Title
Search Theme Packs for Floor {0}	观测第{0}阶层主题卡包	0	1	MirrorDungeonUI_6.json	mirror_dungeon_detect_theme_pack_list_popup_title_format
'{0}' Pack will be replaced with '{1}' Pack.	主题卡包“{0}”将被“{1}”替换。	0	1	MirrorDungeonUI_6.json	mirror_dungeon_detect_theme_pack_comfirm_modal_desc_format
Spend 5 Starlight to improve Fusion chance?	是否要消耗5星芒以提升合成概率？	0	1	MirrorDungeonUI_6.json	combineUI_enableStarlight_confirm_desc
This is a guaranteed E.G.O Gift Fusion Recipe.	此为固定的E.G.O饰品合成配方。	0	1	MirrorDungeonUI_6.json	side_desc_is_fixed_combine_egogift
This Theme Pack is already available.	该主题卡包已在可选列表中。	0	1	MirrorDungeonUI_6.json	mirror_dungeon_detect_theme_pack_side_popup_already_in_pool
This Theme Pack's unlock conditions need to be met first.	您必须先满足该主题卡包的解锁条件。	0	1	MirrorDungeonUI_6.json	mirror_dungeon_detect_theme_pack_side_popup_locked_by_unlockcode_1
Not enough Starlight to Observe Theme Packs.	用于观测该主题卡包的星芒不足。	0	1	MirrorDungeonUI_6.json	mirror_dungeon_detect_theme_pack_not_enough_point
Clear Canto 7 to Unlock.	通关第7章后解锁。	0	1	MirrorDungeonUI_6.json	mirrordungeon_theme_hard_blocked_6
Hard Difficulty will be updated at a later date.	困难难度将在后续更新中开放。	0	1	MirrorDungeonUI_6.json	mirrordungeon_theme_difficulty_button_no_hard_data
Fusion Forecast cannot exceed 100%.	合成概率无法超过100%。	0	1	MirrorDungeonUI_6.json	side_desc_is_already_success_percent
Mirror of Immortality - F{0}	永生之镜 第{0}层	0	1	MirrorDungeonUI_6.json	mirror_dungeon_progress_text_6
At {0}+ Starlight	{0}星芒以上	0	1	MirrorDungeonUI_6.json	mirror_starlight_unlock_condition_needs_held_buff_points
Unused Starlight have been added to the Clear Rewards.	未使用的星芒已并入清剿奖励。	0	1	MirrorDungeonUI_6.json	mirrordungeon_additional_reserved_starlight_from_startBuff
※ Rounded down.	※小数点后舍去。	0	1	MirrorDungeonUI_6.json	mirror_starlight_result_formation_bonus_multiplier_tooltip_item_desc
Forgo E.G.O Gift Search?	要放弃E.G.O饰品观测吗？	0	1	MirrorDungeonUI_6.json	mirror_dungeon_ask_give_up_ego_gift_observation
You do not have enough Starlight for this Gift Search.	您现在可用的星芒量，少于饰品观测的星芒所需量。	0	1	MirrorDungeonUI_6.json	mirror_observation_lack_starlight_desc
No Grace of Stars Selected	未选择星之恩惠	0	1	MirrorDungeonUI_6.json	mirror_dungeon_finished_panel_not_selected_startBuff
Season {0} Battle Pass	第{0}赛季通行证	0	1	MirrorDungeonUI_6.json	mirror_finished_panel_battle_pass_exp_label_name_format
Accept results and return to Stage select	接受结果并前往关卡入场界面	0	1	MirrorDungeonUI_6.json	mirror_dungeon_ask_after_defeat_accept_title
All participating Sinners have been killed.	参加战斗的全体罪人已经死亡。	0	1	MirrorDungeonUI_6.json	mirror_dungeon_ask_after_defeat_desc
Remaining Units:	当前剩余人员：	0	1	MirrorDungeonUI_6.json	mirror_dungeon_ask_after_defeat_remain_unit_desc
Dimension Reversal Zone - COGNITION ERROR WARNING	次元反转区域 - 认知错误警告	0	1	MirrorDungeonUI_6.json	mirror_dungeon_hidden_stage_title
Deployment Order has been restored via ally revival.	由于友方复活，已恢复编队顺序	0	1	MirrorDungeonUI_6.json	mirror_dungeon_auto_participate_order_adjustment_notice
Mirror of Names and Spiders - F{0}	名与蛛之镜 第{0}层	0	1	MirrorDungeonUI_7.json	mirror_dungeon_progress_text_7
No E.G.O Gifts available for Refresh.	没有可刷新的E.G.O饰品。	0	1	MirrorDungeonUI_7.json	mirror_dungeon_side_notice_desc_cannot_refresh_by_lack_of_egogift_pool
Not enough Starlight for Refresh.	用于刷新的星芒不足。	0	1	MirrorDungeonUI_7.json	mirror_dungeon_side_notice_desc_cannot_refresh_by_lack_of_starlight
Grace of Stars <{0}> Activated: Gained Vestige(s)	触发星之恩惠<{0}>效果：获得残影	0	1	MirrorDungeonUI_7.json	mirror_dungeon_acquire_material_ego_gift_by_start_buff_notice
Clear Canto VIII to Unlock.	通关第8章后解锁。	0	1	MirrorDungeonUI_7.json	mirrordungeon_theme_hard_blocked_7
({0} battles won)	(当前{0}场)	0	1	MirrorDungeonUI_7.json	mirror_dungeon_ego_gift_cursed_to_blessing_remain_count
Select a Sinner for Skill Replacement.	请选择要替换技能的罪人。	0	1	MirrorDungeonUI_7.json	ui_blocker_mirror_dungeon_detect_personality_skill
Return to healing type selection	选择恢复类型	0	1	MirrorDungeonUI_7.json	mirror_dungeon_shop_back_to_heal_again_button_desc
Cannot Enhance to the same Tier.	该E.G.O饰品已强化，无法继续强化。	0	1	MirrorDungeonUI_7.json	mirror_dungeon_side_notice_desc_already_upgraded_ego_gift
You need more Cost to Enhance this E.G.O Gift.	用于强化的经费不足。	0	1	MirrorDungeonUI_7.json	mirror_dungeon_side_notice_desc_cannot_upgrade_ego_gift_by_low_cost
Cannot be Enhanced to the selected Tier.	无法强化至该阶段。	0	1	MirrorDungeonUI_7.json	mirror_dungeon_side_notice_desc_not_exist_level
[Entanglement]	无法合成[纠缠]	0	1	MirrorDungeonUI_7.json	mirror_dungeon_will_be_uncombineable
{0} Projection	{0}投影	0	1	MirrorDungeonUI_7.json	mirror_finished_panel_mirror_pass_exp_reward_label_name_format_base
Filter - Keyword	筛选-关键词	0	1	MirrorDungeonUI_7.json	mirror_dungeon_ego_gift_keyword_filter
Filter - Acquisition	筛选-拥有情况	0	1	MirrorDungeonUI_7.json	mirror_dungeon_ego_gift_acquire_status_filter
Current Theme Pack-Exclusive - Fusion	当前主题卡包限定-合成	0	1	MirrorDungeonUI_7.json	mirror_dungeon_ego_gift_list_popup_combine_scroll_tag_theme_limited_combine_ego_gift
That's Goin' in the Book	写进账簿吧	0	1	Passives-BossRaid.json	500102
Don't Resist and Accept Your Punishments	老实接受执行吧	0	1	Passives-BossRaid.json	500104
That Heishou's Left Me a Smarting Ache	黑兽混蛋留下的伤口真疼啊	0	1	Passives-BossRaid.json	500106
You're The Middle's Priority Revenge Target	中指的优先复仇对象	0	1	Passives-BossRaid.json	500107
Júbilo Hedonista	随兴游乐	0	1	Passives.json	1100401
Flaring Up~	真火热呢~	0	1	Passives.json	1060401
Isn’t It Warm?	很温暖吧？	0	1	Passives.json	1060421
Thou Shalt Hammer!	汝当锤！	0	1	Passives.json	1030401
Here’s to Getting Off Early~	祝提前下班~	0	1	Passives.json	1090501
Carrot & Stick	恩威并用	0	1	Passives.json	1110521
Eyes of a Friend Who ████	■■■■的朋友之眼	0	1	Passives.json	999905
Vibroweld Morph-combat Cane (Unauthorized Invention)	震动结合变形战斗拐杖(未许可发明)	0	1	Passives.json	1060901
Golden Time - Extracting	黄金时间-收取	0	1	Passives.json	1030901
T Corp. Physics Distortion Field	T公司制物理扭曲场	0	1	Passives.json	1030921
Golden Time - Standoff	黄金时间-对抗	0	1	Passives.json	1090901
Overcharge / Cleanup Order	过度充能/清扫指示	0	1	Passives.json	1111001
Lemme go and I swear I'll make it in time!	放我一马我保证一定会好好完成派送的！	0	1	Passives.json	1091002
Bloodfiend Hunting Manual - Styptics	血魔狩猎教程-止血	0	1	Passives.json	1061021
Don Quixote Hardblood Arts 8: Scissors	堂吉诃德派硬血8式剪刀	0	1	Passives.json	1111121
"Blossom with Blood..."	“令血盛开…”	0	1	Passives.json	1091121
I'll do better next time...	下次会好好派送的…	0	1	Passives.json	1101102
Bearer of the Blood Kin	背负血族之人	0	1	Passives.json	1031003
‘Feed your repressed hunger, my Family’	“族人们啊，去满足压抑已久的饥饿吧”	0	1	Passives.json	1031021
E.G.O disintegration is not unlike decomposition of compost	E.G.O崩溃之时，将尽数分解为养分	0	1	Passives.json	1011121
District 12 Special Workshop Fuel	12区特制工坊燃料	0	1	Passives.json	1121102
I hope they're from our Office...	希望那是我们事务所的制服…	0	1	Passives.json	1121121
Like a Serpent: Flexible, Elastic, and Unpredictable	蛇行突袭	0	1	Passives.json	1121221
Heishou Mutation [Mao] / Mao Branch Adept	黑兽化【卯】/卯 魁首	0	1	Passives.json	1021201
Rupture-breathing Resolve [破吸自桓]	破吸自桓	0	1	Passives.json	1081201
Lingering Resolve [餘桓]	余桓	0	1	Passives.json	1081221
Whispers of the Betrayed Knight	受叛骑士之私语	0	1	Passives.json	1091303
Break, Tear, and Pierce	摧毁、撕裂、刺穿	0	1	Passives.json	1091304
Golden Time - Microcavity	黄金时间-共振	0	1	Passives.json	1111301
Expeditious Execution of Official Duties	迅速执行公务	0	1	Passives.json	1111321
Please be traceless in your deeds.	行事勿留把柄，扫清痕迹。	0	1	Passives.json	1061321
The Steed's Houndlike Loyalty [狗馬之心]	犬马之心	0	1	Passives.json	1011402
Obsidian Exoskeleton Shall Rend and Protect My Flesh	裂肉而生之玄甲，守护我身	0	1	Passives.json	1011421
Let me show everyone something very interesting	给你们都看点有趣的	0	1	Passives.json	1041203
Snipe - Archery	狙击-弓	0	1	Passives.json	1021302
One day I'll wear me Armour for Cancelled Trains	“总有一天我会穿上停运列车清理用装甲的”	0	1	Passives.json	1071321
Responsibility of a Former Prince	曾为王子的责任	0	1	Passives.json	1051303
Lament of the Lost Sheep [亡羊之嘆]	亡羊之叹	0	1	Passives.json	1031302
Unlock / Effloresced E.G.O::Procuration	解放/绽放E.G.O::代行	0	1	Passives.json	1031404
The Great Magicked Beeper Knoweth My Desire!	魔法哔哔大人果真明白吾之心愿呢！	0	1	Passives.json	1031401
This, too, is the Grace of the Great Magicked Beeper!	此亦为魔法哔哔大人之恩惠吧	0	1	Passives.json	1031421
Hey, Are Ya Into Fixers, Too?	你…也喜欢收尾人吗？	0	1	Passives.json	1081421
Were There More Lives to be Saved?	还有需要拯救的生命吗	0	1	Passives.json	1121421
The Oracle's Proxy / Unlock	神谕代行者/解放	0	1	Passives.json	1011503
E.G.O Alteration / Spore Round	E.G.O变调/孢子弹	0	1	Passives.json	1051402
Needs a Rougher Touch for this Part...!	这里稍微狂野一点…！	0	1	Passives.json	1091501
Nice and Slow, Don't Let It Break...	轻轻地，不要把它弄坏…	0	1	Passives.json	1091521
The Master's Tutelage [師事]	师事	0	1	Passives.json	1041521
Book of Vengeance - The House of Spiders Special Clause	复仇账簿-蜘蛛巢特别条款	0	1	Passives.json	1111501
Smell of Blood and Fire	血与火的气息	0	1	Passives.json	1111502
Saikai [再会] - The Middle	再会-中指	0	1	Passives.json	1111505
Someone Mess With the Family?	谁对我的家人动手了	0	1	Passives.json	1111521
Cut Down What Must Be Felled	斩而杀之，仅此而已	0	1	Passives.json	1081521
I'll Melt Open the Way Out	退路我就先熔掉咯	0	1	Passives.json	1061621
Receiving Arts 9: Binding	迎客之道第9式 捆缚	0	1	Passives_Abnormality-a1c6p3.json	817103
I'll Cut You First!	从你开始切吧！	0	1	Passives_Abnormality-a1c7p1.json	837201
The Enthralling Tales, the Beating Passion	侧耳倾听的故事与激荡的心情	0	1	Passives_Abnormality-a1c7p3.json	838001
If we can be freed from this excruciating sickness	若能摆脱这可怖的疾病	0	1	Passives_Abnormality-a1c7p3.json	838002
Can I go on an adventure, too?	我也能去冒险吗	0	1	Passives_Abnormality-a1c7p3.json	838003
But I have my Father and my Family whom I cannot abandon	但我有亲族、有家人，不能视而不见	0	1	Passives_Abnormality-a1c7p3.json	838007
This Explosive Insanity!	像疯了一样爆炸！	0	1	Passives_Abnormality-a1c7p3.json	840302
Fix Core HP to 1	本体的体力维持为1	0	1	Passives_Abnormality-a1c7p3.json	839001
La Manchaland, Abandoned and Festering	被遗弃而溃烂的拉·曼却领	0	1	Passives_Abnormality-a1c7p3.json	839002
The Eternal Cycle of Windmills, Wheels, and Us	永远转动的风车，大摩天轮，以及我们	0	1	Passives_Abnormality-a1c7p3.json	839003
Here we go... another lap.	再次…再次旋转…	0	1	Passives_Abnormality-a1c7p3.json	839004
Broken Fragment of a Futile, Naive Dream	空虚而安逸之梦的碎片	0	1	Passives_Abnormality-a1c7p3.json	841101
A Selfish Wish at the Expense of the Family	牺牲了家族的自私愿望	0	1	Passives_Abnormality-a1c7p3.json	841102
I never should've dreamed this irresponsible dream	不可奢求的那不负责任的梦	0	1	Passives_Abnormality-a1c7p3.json	841103
Deteriorate (削貶)	削贬	0	1	Passives_Abnormality-a1c8p2.json	113702
This is where your path ends	你的道就到此为止了吗	0	1	Passives_Abnormality-a1c8p2.json	113707
Shin (心) Radiance	心之焕发	0	1	Passives_Abnormality-a1c8p2.json	113302
Bolus of... Immortality?	不老不死之丸？	0	1	Passives_Abnormality-a1c8p2.json	115801
I'VE NEVER FELT BETTER!	感觉最棒了！	0	1	Passives_Abnormality-a1c8p2.json	115802
MY REVENGEANCE HAS JUST BEGUN!	余的复仇开始啦！	0	1	Passives_Abnormality-a1c8p2.json	115803
Master of the Deathrite Monks	役使咒杀僧之人	0	1	Passives_Abnormality-a1c8p2.json	115902
Dammit... Take them out!	妈的…处理掉那些家伙！	0	1	Passives_Abnormality-a1c8p2.json	115904
Ugh... these damn engravings...!	呃…那该死的纹样…！	0	1	Passives_Abnormality-a1c8p2.json	116701
Your shabby weapons are incomparable to mine	跟你那破烂武器不在一个次元	0	1	Passives_Abnormality-a1c8p2.json	116702
Is that all you've got?	就这点能耐？	0	1	Passives_Abnormality-a1c8p2.json	116703
Jin Gang, Unbreakable Diamond	金刚不坏	0	1	Passives_Abnormality-a1c8p2.json	116002
My Little Brother's Hand I Let Slip	未能握住的弟弟之手	0	1	Passives_Abnormality-a1c8p3.json	113501
The Cost of Fell Bullets	凶弹的代价	0	1	Passives_Abnormality-a1c8p3.json	113601
A new era is upon us, my dear fellow.	友人啊，新时代即将到来。	0	1	Passives_Abnormality-a1c8p3.json	113603
Please, dedicate yourself for the new ideal.	请为崭新的理想献身吧。	0	1	Passives_Abnormality-a1c8p3.json	113604
Golden Bough Assimilation - Malattunement	金枝同化-未感应	0	1	Passives_Abnormality-a1c8p3.json	114604
Forbidden Pill of Hongyuan - Completed Heixian Bolus [全黑仙丸]	鸿园禁药-全黑仙丸	0	1	Passives_Abnormality-a1c8p3.json	114605
Golden Bough Assimilation - Distortion	金枝同化-扭曲	0	1	Passives_Abnormality-a1c8p3.json	115202
Rot and Decay in the Husk of Gold and Jade [金玉其外 敗絮其中]	金玉其外 败絮其中	0	1	Passives_Abnormality-a1c8p3.json	115207
Witness Me, O Revered Xianren!	仙人啊，请看吧！	0	1	Passives_Abnormality-a1c8p3.json	115301
Duties of the Precious Jade	宝玉的本分	0	1	Passives_Abnormality-a1c8p3.json	115302
Refute the Evil; Restore Justice [破邪顯正]	破邪显正	0	1	Passives_Abnormality-a1c8p3.json	115304
O The Supreme Xianren of Immortality	至高无上的不死仙人	0	1	Passives_Abnormality-a1c8p3.json	115401
Let us be eternally free from aging and death	永生永世的不老不死	0	1	Passives_Abnormality-a1c8p3.json	115402
Deeper in the World of Bristly	变得愈加蓬乱的头发	0	1	Passives_Abnormality-a1c9116.json	112703
I CAN'T BAG THE GIFTS!!	礼物塞不下啦！！	0	1	Passives_Abnormality-a1c951.json	811304
Palermitan Rapier / The Cleaving Blade	巴勒莫剑/切斩刀	0	1	Passives_Abnormality-a1c9p1.json	130603
A Textbook with a Singular Purpose	只为一个目的制作的教材	0	1	Passives_Abnormality-a1c9p1.json	130605
Searching Arm - Partial Deterrence Release	寻找着某物的手臂-抑制力部分解除	0	1	Passives_Abnormality-a1c9p1.json	130701
Ebony Queen - Partial Deterrence Release	黑檀女王-抑制力部分解除	0	1	Passives_Abnormality-a1c9p1.json	130702
Increased Aggression - Partial Deterrence Release	攻击性强化-抑制力部分解除	0	1	Passives_Abnormality-a1c9p1.json	130807
Lacerating Afterimages from Myriad Moments	从多重时间斩来的残像	0	1	Passives_Abnormality-a1c9p2.json	132205
'I Shall Give You Some Quarter'	“适当应付一下吧”	0	1	Passives_Abnormality-a1c9p2.json	132216
Living Nerves - Partial Deterrence Release	鲜活的神经-抑制力部分解除	0	1	Passives_Abnormality-a1c9p2.json	132101
Flaming Wings - Partial Deterrence Release	燃烧的双翼-抑制力部分解除	0	1	Passives_Abnormality-a1c9p2.json	132006
Artwork Pleasing to the Senses	令人满意的艺术	0	1	Passives_Abnormality-a1c9p3.json	133105
The Pulse and Beat of Corpus-turned-Ingredient	作为材料的肉体的搏动	0	1	Passives_Abnormality-a1c9p3.json	133601
Whoa... That looks mad dangerous!	呜哇…好像超不妙的？	0	1	Passives_Abnormality-a1c9p3.json	134202
Healthy Corpus Leads to Healthy Ingredient	优良的素材来自于优良的肉体	0	1	Passives_Abnormality-a1c9p3.json	134509
Former Heishou - Wu Adept	原黑兽 - 午 魁首	0	1	Passives_Abnormality-cultivation.json	124701
I will trample... and crush you to mulch	践踏…直至将你们踏作齑粉	0	1	Passives_Abnormality-cultivation.json	124702
Soul Lost in Daylight (魂飛中天)	魂飞中天	0	1	Passives_Abnormality-cultivation.json	124703
Intrepid trespasser...!	竟敢前来此处，你们当这里是什么地方…！	0	1	Passives_Abnormality-cultivation.json	124705
I've got nothing to fear with a bottle of wine by my side	与酒偕行，心无所畏	0	1	Passives_Abnormality-cultivation.json	127203
River of Blooddrops (血滴成河)	血滴成河	0	1	Passives_Abnormality-cultivation.json	127205
It's going to be so much fun, hmm?	不觉得很有趣吗？	0	1	Passives_Abnormality-cultivation.json	125102
Kkomi's not a Piñata	就算打可米也不会爆出糖的	0	1	Passives_Abnormality-mr6.json	124304
Roar of the Rogue Waves	激潮的咆哮	0	1	Passives_Abnormality-pilgrimage.json	128802
Take Theirs First!	拿走那家伙的时间！	0	1	Passives_Abnormality-tkt.json	827804
Passive for the Arm Part	手臂部位被动	0	1	Passives_Abnormality-walpu4.json	836602
The Sword Points Toward Those Who Could Not be Protected	剑锋所指乃是所有未能守护之人	0	1	Passives_Abnormality-walpu6.json	122403
I'll Just Have to Force-feed You!	直接塞进嘴里！	0	1	Passives_Abnormality-x1p1c1.json	138701
Let's All Cook Together!	大家一起来做菜吧	0	1	Passives_Abnormality-x1p1c1.json	138702
An Apple’s Twilight	苹果的黄金期	0	1	Passives_Abnormality.json	800101
Booze Makes You Hicc!	醉意令人打嗝！	0	1	Passives_Abnormality.json	804801
Stimulating Smell, Isn't It?	香气四溢吧？	0	1	Passives_Abnormality.json	804802
To be Drenched in Blood	以血浸染	0	1	Passives_Abnormality_Refraction3.json	857804
Ooh, Dear Master...	啊啊，主人…	0	1	Passives_Abnormality_Refraction4.json	860507
You Must Be the Interloper's Family?	你也是不速之客吗？	0	1	Passives_Abnormality_Refraction4.json	860505
Eclosion - Life That Was	羽化-前生	0	1	Passives_Abnormality_Refraction6.json	956401
Eclosion - Life That Is	羽化-今生	0	1	Passives_Abnormality_Refraction6.json	956501
Kṣaṇa of Circumvolution	刹那之一巡	0	1	Passives_Abnormality_Refraction6.json	956502
Eclosion - Life That Will Be	羽化-来生	0	1	Passives_Abnormality_Refraction6.json	956601
Erumpent Flower-burying Efflorescence [梅花滿開]	梅花盛开	0	1	Passives_Abnormality_Refraction6.json	956907
One Last Radiance [回光返照]	回光返照	0	1	Passives_Abnormality_Refraction6.json	957003
Let's Play Tag! Here I Go!	鬼抓人开始咯	0	1	Passives_Abnormality_Refraction6.json	955601
Will You Play? Will You Play? Will You Play?	来玩吗？来玩吗？来玩吗？	0	1	Passives_Abnormality_Refraction6.json	955602
The Past - Segmentation [分節]	过去-分节	0	1	Passives_Abnormality_Refraction6.json	957201
The Past - Origination [緣起]	过去-缘起	0	1	Passives_Abnormality_Refraction6.json	957202
The Present - Segmentation [分節]	现在-分节	0	1	Passives_Abnormality_Refraction6.json	957301
The Present - Origination [緣起]	现在-缘起	0	1	Passives_Abnormality_Refraction6.json	957302
The Future - Segmentation [分節]	未来-分节	0	1	Passives_Abnormality_Refraction6.json	957401
The Future - Origination [緣起]	未来-缘起	0	1	Passives_Abnormality_Refraction6.json	957402
How to Prepare for War	备战之法	0	1	Passives_Assist-Cultivation.json	940000505
My Bestie and a Rival	最佳拍档兼宿敌	0	1	Passives_Assist-Cultivation.json	940000511
Like a Moth to a Flame	如同飞蛾扑火	0	1	Passives_Assist-a1c9p3.json	40000705
Its Eyes Have Watched Over the Entire Black Forest	其目一直注视着整个黑森林	0	1	Passives_Assist-a1c9p3.json	40000805
The Wasp of the Distortion Detective Office	扭曲侦探事务所的胡蜂	0	1	Passives_Assist-a1c9p3.json	40000902
Detecti—I mean, Team Leader! We've Got Your Back!	侦探…！不…队长，请相信我们！	0	1	Passives_Assist-a1c9p3.json	40001102
Effloresced E.G.O::Lavacrum Sanguinis	绽放E.G.O::血之洗礼	0	1	Passives_Assist-a1c9p3.json	40001206
Special Airborne Operations Force - Abraxas Chariot	空降特战部队-阿布拉克萨斯战车	0	1	Passives_Assist-a1c9p3.json	40001301
Power of Love and Justice	爱与正义之力	0	1	Passives_Assist-walpu6.json	40000304
Bursting Strike, Breathing Siphon	破伤吸还	0	1	Passives_Assist.json	40000101
To the Front Lines!!	前往前线！！	0	1	Passives_Enemy-a1c5p1.json	9008701
No... Get Away From Me!	停下…别过来！	0	1	Passives_Enemy-a1c5p1.json	9101202
What Are You Doing?!	你在搞什么？	0	1	Passives_Enemy-a1c5p1.json	9101204
In the World of Bristly	变得蓬乱的头发	0	1	Passives_Enemy-a1c5p2.json	809905
I Will... Do My Best	我会…尽我所能	0	1	Passives_Enemy-a1c6p1.json	9012601
Apologies... Mistress!	万分抱歉…夫人！	0	1	Passives_Enemy-a1c6p1.json	9012602
Insolent Fool!	何等失礼！	0	1	Passives_Enemy-a1c6p1.json	9101402
Will You Witness Me, Mistress?!	夫人，您在看吗？！	0	1	Passives_Enemy-a1c6p1.json	9101404
A Single Point of Art	艺术的一点	0	1	Passives_Enemy-a1c6p2.json	9013302
Body Augment - Phys. Boost	肉体强化手术-肉体增强	0	1	Passives_Enemy-a1c6p2.json	9101501
Body Augment - Cooldown	肉体强化手术-冷却	0	1	Passives_Enemy-a1c6p2.json	9101503
This Time, I Win...!	这次我赢了…！	0	1	Passives_Enemy-a1c6p2.json	9101505
Dead Rabbits Boss?	死兔帮 老大？	0	1	Passives_Enemy-a1c6p2.json	9101601
Bod... ...st	肉体…增强	0	1	Passives_Enemy-a1c6p3.json	9013701
...erding	逐…	0	1	Passives_Enemy-a1c6p3.json	9013802
An Encounter of Moderate Difficulty	不会无聊的战斗	0	1	Passives_Enemy-a1c7p1.json	9016101
Target - Jia Baoyu	目标-贾宝玉	0	1	Passives_Enemy-a1c8p1.json	9019802
Well, well... Hic. This won't do	哎呀，哎呀…嗝，这可不行	0	1	Passives_Enemy-a1c8p1.json	9102103
Shi(史) Family Charge Circuitry	史家制充能回路	0	1	Passives_Enemy-a1c8p2.json	9021002
Experiment Goal - Maturation	实验目标-成长	0	1	Passives_Enemy-a1c8p2.json	9020501
Experiment Goal - Germination	实验目标-发芽	0	1	Passives_Enemy-a1c8p2.json	9020601
Experiment Goal - Blossom	实验目标-绽放	0	1	Passives_Enemy-a1c8p2.json	9020701
Esecuzione della Regola - Preparation Stage	执行纪律-准备阶段	0	1	Passives_Enemy-a1c8p3.json	9021701
Esecuzione della Regola - Crush the Lower Jaw	执行纪律-下颌碎骨	0	1	Passives_Enemy-a1c8p3.json	9021702
Fresh Human-omes!	新鲜的人类诺姆	0	1	Passives_Enemy-a1c951.json	9010101
If I lend my ear to the inner self...	倾听内在的自我…	0	1	Passives_Enemy-cultivation.json	9102603
Intense Primary Color - Rouge	强烈原色-红色	0	1	Passives_Enemy-twth.json	9104301
Intense Primary Color - Bleu	强烈原色-蓝色	0	1	Passives_Enemy-twth.json	9104501
Le Fauvisme - Masque de Chèvre-Hibou	野兽派-山羊·枭面	0	1	Passives_Enemy-twth.json	9104502
Meat Gear: Enhance	血肉齿轮-强化	0	1	Passives_Enemy-walpu5.json	9018001
Thought Gear: Delay	思想齿轮-延迟	0	1	Passives_Enemy-walpu5.json	9018002
Thought Gear: Risk	思想齿轮-危险	0	1	Passives_Enemy-walpu5.json	9018003
Not Me Boys!	小崽子们！	0	1	Passives_Enemy.json	9100302
Caution: Unsteady	注意摇晃	0	1	Passives_Enemy.json	9004603
Caution: Delicate	注意损伤	0	1	Passives_Enemy.json	9004604
All Identities heal {0}% HP	全体人格恢复{0}%体力	0	1	RailwayDungeonBuff.json	HealHpPercentageForAll
Revive an Identity with fully healed HP	1名已阵亡人格的体力完全恢复	0	1	RailwayDungeonBuff.json	ResurrectForSelected
First Stop: Contact	首站：遭遇	0	1	RailwayDungeonNode1-1.json	1
Station #2: Restoration	第2站：复原	0	1	RailwayDungeonNode1-1.json	2
Station #3: Sinkage	第3站：沉沦	0	1	RailwayDungeonNode1-1.json	3
Station #4: Reunion	第4站：再会	0	1	RailwayDungeonNode1-1.json	4
Station #5: Insulation	第5站：绝缘	0	1	RailwayDungeonNode1-1.json	5
Station #6: Pickup	第6站：选拔	0	1	RailwayDungeonNode1-1.json	6
Station #7: Headlessness	第7站：无首	0	1	RailwayDungeonNode1-1.json	7
Station #8: Existence	第8站：存在	0	1	RailwayDungeonNode1-1.json	8
Station #9: Serum	第9站：血清	0	1	RailwayDungeonNode1-1.json	9
Station #10: Forked Tongue	第10站：岔舌	0	1	RailwayDungeonNode1-1.json	10
Station #11: Energization	第11站：导电	0	1	RailwayDungeonNode1-1.json	11
Station #12: Purity	第12站：纯粹	0	1	RailwayDungeonNode1-1.json	12
Last Stop: Non-self	终点站：无我	0	1	RailwayDungeonNode1-1.json	13
First Stop: Curse	起点站：诅咒	0	1	RailwayDungeonNode2.json	201
Station #2: Servitude	第2站：奴役	0	1	RailwayDungeonNode2.json	202
Station #3: Rainfall	第3站：落雨	0	1	RailwayDungeonNode2.json	203
Station #5: The Lure	第5站：引诱	0	1	RailwayDungeonNode2.json	205
Station #6: Exploitation	第6站：榨取	0	1	RailwayDungeonNode2.json	206
Station #8: Cycle	第8站：巡回	0	1	RailwayDungeonNode2.json	208
First Stop: Cogwheel	首站：齿轮	0	1	RailwayDungeonNode3.json	301
Station #2: Waves	第2站：波浪	0	1	RailwayDungeonNode3.json	302
Station #3: Nostalgia	第3站：乡愁	0	1	RailwayDungeonNode3.json	303
Station #5: Drudgery	第5站：苦行	0	1	RailwayDungeonNode3.json	305
Station #6: Truth	第6站：真理	0	1	RailwayDungeonNode3.json	306
Station #7: Eclosion	第7站：羽化	0	1	RailwayDungeonNode3.json	307
Station #9: Pallidification	第9站：白化	0	1	RailwayDungeonNode3.json	309
Station #10: Brainwash	第10站：洗脑	0	1	RailwayDungeonNode3.json	310
Station #11: Gaslight	第11站：汽灯	0	1	RailwayDungeonNode3.json	311
Station #12: Interlude	第12站：幕间	0	1	RailwayDungeonNode3.json	312
Terminus: Spiral	终点站：螺旋	0	1	RailwayDungeonNode3.json	313
Line {0}	{0}号线	0	1	RailwayDungeonUI.json	railway_line
Traveling: {0}	行进线路：{0}	0	1	RailwayDungeonUI.json	progressing_railway_line
What Line will you travel?	您想选择哪条线路？	0	1	RailwayDungeonUI.json	select_railway_line
Refraction Railway {0}	折射轨道 {0}	0	1	RailwayDungeonUI.json	mirror_refraction_railway_with_dungeon_name
Rank #{0}	排名 #{0}	0	1	RailwayDungeonUI.json	rank_with_number
{0}-{1} In Progress	{0}正在前往第{1}站	0	1	RailwayDungeonUI.json	railway_dungeon_current_running
(Complete before {0})	（{0}为止完成上述获取条件）	0	1	RailwayDungeonUI.json	railway_dungeon_1_banner_reward_condition_3
(Unobtainable past {0} total turns)	（总计回合数超过{0}时不可获取）	0	1	RailwayDungeonUI.json	railway_dungeon_banner_reward_unable_over
The travelogue is currently empty.	暂无记录。	0	1	RailwayDungeonUI.json	no_records_description
Would you like to disembark from the Refraction Railway?	是否终止挑战折射轨道？	0	1	RailwayDungeonUI.json	railway_dungeon_ask_stop_desc
Clear Turn Count by Section	各区段通关回合数	0	1	RailwayDungeonUI.json	railway_clear_turn_count_by_stage
- Identities : Uptie Tier 4, Level 55 (Level Cap: 55)	- 人格：同步4阶段，55级（最高等级上限：55）	0	1	RailwayDungeonUI_1001.json	railway_dungeon_1001_entrance_recommended_level
Obtain by clearing Line 1 BokGak under 120 total turns.	通关1号线复刻且总计回合数不超过120后可获得。	0	1	RailwayDungeonUI_1001.json	railway_dungeon_1001_reward_condition_special_ticket
Cycle {0} Completed	第{0}巡回 已完成	0	1	RailwayDungeonUI_1002.json	railway_dungeon_1002_change_rotation_alarm
Cycle Count :	目前巡回数：	0	1	RailwayDungeonUI_2.json	railway_dungeon_current_rotation_count_title
Buff Name 1 (Dummy)	BUFF名称1（dummy）	0	1	RailwayDungeonUI_2.json	railway_dungeon_2_dummy_buff_name_1
Buff Name 2 (Dummy)	BUFF名称2（dummy）	0	1	RailwayDungeonUI_2.json	railway_dungeon_2_dummy_buff_name_2
Buff Name 3 (Dummy)	BUFF名称3（dummy）	0	1	RailwayDungeonUI_2.json	railway_dungeon_2_dummy_buff_name_3
Buff Name 4 (Dummy)	BUFF名称4（dummy）	0	1	RailwayDungeonUI_2.json	railway_dungeon_2_dummy_buff_name_4
Buff Name 5 (Dummy)	BUFF名称5（dummy）	0	1	RailwayDungeonUI_2.json	railway_dungeon_2_dummy_buff_name_5
Select 1 <style="railwayDungeonAlly">Ally Buff</style>.	选择1种<style="railwayDungeonAlly">友方BUFF</style>。	0	1	RailwayDungeonUI_2.json	railway_dungeon_2_buff_acquire_ally_buff
Select 1 <style="railwayDungeonEnemy">Enemy Buff</style>.	选择1种<style="railwayDungeonEnemy">敌方BUFF</style>。	0	1	RailwayDungeonUI_2.json	railway_dungeon_2_buff_acquire_enemy_buff
Cannot be selected this Cycle.	在本次巡回中无法选择	0	1	RailwayDungeonUI_2.json	railway_dungeon_2_buff_not_selectable
({0} Cycle Count)	（巡回数{0}）	0	1	RailwayDungeonUI_2.json	railway_dungeon_2_rotation_count
Cycle : {0}	巡回：{0}	0	1	RailwayDungeonUI_2.json	railway_dungeon_2_rotation_count_short
Turns : {0}	回合：{0}	0	1	RailwayDungeonUI_2.json	railway_dungeon_2_turn_count_short
Your Team Loadout has been saved.	你的编队已被保存。	0	1	RailwayDungeonUI_3.json	railway_dungeon_3_formation_saved
GIVE UP (there's no giving up, delete this option)	放弃（不使用，需删除）	0	1	RailwayDungeonUI_4.json	railway_dungeon_lose_battle_give_up_title
이번 전투를 포기하고 4호선 진입 전으로 돌아갑니다. (사용하지 않음 제거 필요)	放弃本次战斗，前往进入4号线之前的页面。（不使用，需删除）	0	1	RailwayDungeonUI_4.json	railway_dungeon_lose_battle_give_up_content
HP and SP have been reset.	体力、理智值已初始化。	0	1	RailwayDungeonUI_4.json	railway_dungeon_4_unit_inited
<font="BebasKai SDF">SECTION 01</font>	SECTION 01	0	1	RailwayDungeonUI_4.json	railway_dungeon_4_section_1
<font="BebasKai SDF">SECTION 02</font>	SECTION 02	0	1	RailwayDungeonUI_4.json	railway_dungeon_4_section_2
<font="BebasKai SDF">SECTION 03</font>	SECTION 03	0	1	RailwayDungeonUI_4.json	railway_dungeon_4_section_3
<font="BebasKai SDF">SECTION 04</font>	SECTION 04	0	1	RailwayDungeonUI_4.json	railway_dungeon_4_section_4
- Identities : Uptie Tier 4, Level 50	- 人格：同步 4阶段，50级	0	1	RailwayDungeonUI_5.json	railway_dungeon_5_entrance_recommended_level
Section #{0}	第{0}区段	0	1	RailwayDungeonUI_5.json	railway_5_section
~ <font="ExcelsiorSans SDF">{0}</font>	~ <font="ExcelsiorSans SDF">{0}</font>	0	1	RailwayDungeonUI_5.json	railway_dungeon_end_date_until
Butterfly of Entangled Lives::Imago Passive	罗生蝶::蝶 被动	0	1	RailwayDungeonUI_6.json	railway_6_ui_passive_effect_title
Will be displayed upon clearing Section 2.	将在通过第2区段时显示。	0	1	RailwayDungeonUI_6.json	railway_6_ui_empty_passive_effect_desc
{0} Resistance + 0.25, {1} Resistance + 0.25	{0}抗性+0.25，{1}抗性+0.25	0	1	RailwayDungeonUI_6.json	railway_6_ui_attack_resistance_buff_for_ui
Entry SP {1} {0}	起始理智值 {1} {0}	0	1	SeasonTitle-a1c7.json	start_mp_changed
ORIENTATION [EVENT]	ORIENTATION [EVENT]	0	1	SeasonTitle.json	season_title_1_EVENT
REMINISCENCE [EVENT]	REMINISCENCE [EVENT]	0	1	SeasonTitle.json	season_title_2_EVENT
BON VOYAGE [EVENT]	BON VOYAGE [EVENT]	0	1	SeasonTitle.json	season_title_3_EVENT
CLEAR ALL CATHY [EVENT]	CLEAR ALL CATHY [EVENT]	0	1	SeasonTitle.json	season_title_4_EVENT
OBLIVION [EVENT]	OBLIVION [EVENT]	0	1	SeasonTitle.json	season_title_5_EVENT
Zàng Huā Yín [EVENT]	Zàng Huā Yín [EVENT]	0	1	SeasonTitle.json	season_title_6_EVENT
Kumo no ito · oti on akA [EVENT]	Kumo no ito · oti on akA [EVENT]	0	1	SeasonTitle.json	season_title_7_EVENT
The Lake and the Butterfly 2	湖与蝴蝶 2	0	1	StageNode-a1c5p2.json	10527
The Lake and the Butterfly 3	湖与蝴蝶 3	0	1	StageNode-a1c5p2.json	10529
Where It All Went Wrong	扣错的纽扣	0	1	StageNode-a1c6p2.json	10630
Life, Stolen	被盗走的人生	0	1	StageNode-a1c6p3.json	10645
IN WHICH THE TALE OF OUR YOUNG MASTER IS REVEALED	吾等之少爷所经历的故事在此揭示	0	1	StageNode-a1c7p1.json	10705
OF THE PENITENT BLOODFIENDS AND THE BIZARRE SURVEY	关于悔过自新的血魔与奇异的问卷调查	0	1	StageNode-a1c7p2.json	10724
OF THE PREDICTABLE ENDING TO SANSÓN'S STAGEPLAY	关于参孙的戏剧那显而易见的结局	0	1	StageNode-a1c7p2.json	10727
OF JIA XICHUN'S QUERY AND THE SINNER'S LUKEWARM ANSWERS	关于罪人们对贾惜春的疑问与质询含糊其辞的回答	0	1	StageNode-a1c7p2.json	10728
IN WHICH IS CONTINUED THE PARADE OF DESPAIR	充满绝望的游行在此继续	0	1	StageNode-a1c7p2.json	10733
OF WHAT BEFELL DULCINEA THE BEAUTIFUL AND DON QUIXOTE	关于美丽的杜尔西内娅与堂吉诃德间的遭遇	0	1	StageNode-a1c7p2.json	10734
Those Who Do Not Decide 2	不做判断之人2	0	1	StageNode-a1c8p3.json	10829
Abikyōkan 2	阿鼻叫唤 2	0	1	StageNode-a1c9p1.json	10906
Cigarettes & The Nursefather	香烟与父辈	0	1	StageNode-a1c9p1.json	10918
The Panther, Lion, and Wolf	豹，狮，狼	0	1	StageNode1-0.json	10001
Soldiers of Limbu―	我们是边狱公……	0	1	StageNode1-2.json	10205
Effie—Saude, too	埃菲索德，又一次的小插曲。	0	1	StageNode1-3.json	10308
Unterführung	地下通道 2	0	1	StageNode1-3.json	10321
An Age Without Technology 2	技术不复存在的时代 2	0	1	StageNode1-4.json	10444
When the Student Becomes the Master	青出于蓝而胜于蓝	0	1	StageNode91-19.json	911911
Into Oblivion, in Silence	静静地被遗忘	0	1	StageNode91-25.json	912511
Hell’s Chickapalooza	地狱鸡 2	0	1	StageNode91-3.json	910304
A Chicken in Another Hand	鸡在掌握 2	0	1	StageNode91-3.json	910306
A Restaurateur’s Spicy Fathoms	老板的辣味心道	0	1	StageNode91-3.json	910310
The Beach Episode!	去海边！	0	1	StageNode91-4.json	910401
Trash Crabs?	废料蟹？	0	1	StageNode91-4.json	910403
Time to Collect Scrap!	废料收集时间！	0	1	StageNode91-4.json	910405
Beach... Volleyball?	沙滩……排球？	0	1	StageNode91-4.json	910407
Gift of Hatred, Given Shape	用仇恨制作的礼物	0	1	StageNode91-5.json	910510
The Visit from T Corp.	时间管理局员工	0	1	StageNode91-9.json	910902
A Case of the Gallows	绞刑架的真身	0	1	StageNode91-9.json	910903
The Adventure of the Three Detectives	三个侦探	0	1	StageNode91-9.json	910904
The Clock Tower of Fear	恐怖钟楼	0	1	StageNode91-9.json	910914
The City’s Technology	都市的科技	0	1	StoryTheaterDanteNote.json	Tech
The Sign [Future]	印记[未来]	0	1	UnitKeyword-a1c9p3.json	UnitKeyword_SIGN_FUTURE
<color=#d40000><s>Great Brother</s></color>	<color=#d40000><s>长兄</s></color>	0	1	UnitKeyword-a1c9p3.json	UnitKeyword_BIG_BROTHER_PAST
<color=#d40000><s>Sottocapo</s></color>	<color=#d40000><s>二老板</s></color>	0	1	UnitKeyword-a1c9p3.json	UnitKeyword_UNDERBOSS_FIRED
<color=#d40000><s>Le Sette Famiglie<s></color>	<color=#d40000><s>七大家族</s></color>	0	1	UnitKeyword-a1c9p3.json	UnitKeyword_SEVENFAMILIES_CANCELED
<color=#d40000><s>Maestro<s></color>	<color=#d40000><s>大师</s></color>	0	1	UnitKeyword-a1c9p3.json	UnitKeyword_MAESTRO_FORMER
<color=#d40000><s>Jia Family</s></color>	<color=#d40000><s>贾家</s></color>	0	1	UnitKeyword.json	UnitKeyword_FAMILY_GA_CANCELED
<color=#d40000><s>Heishou Pack Adept</s></color>	<color=#d40000><s>黑兽 魁首</s></color>	0	1	UnitKeyword.json	UnitKeyword_BLACK_BEAST_CHIEF_FORMER
Associate Office - Öufi	直属事务所 - Öufi	0	1	UnitKeyword.json	UnitKeyword_OUFI_COOP
<s>The Fingers</s>	<s>手指</s>	0	1	UnitKeyword.json	UnitKeyword_FINGER_CANCELED
<s>The House of Spiders</s>	<s>蜘蛛巢</s>	0	1	UnitKeyword.json	UnitKeyword_SPIDER_HOUSE_CANCELED
<color=#d40000><s>Dihui Star</s></color>	<color=#d40000><s>地慧星</s></color>	0	1	UnitKeyword.json	UnitKeyword_DIHUI_STAR_CANCELED
<color=#d40000><s>Great Sister</s></color>	<color=#d40000><s>长姊</s></color>	0	1	UnitKeyword.json	UnitKeyword_BIG_SISTER_PAST
可获得各种奖励	BattlePass.json	0	0	battle_pass_package_button_desc	
连接通道	DungeonArea1-1.json	0	0	dungeon_1_1_0107	
大厅	DungeonArea1-1.json	0	0	dungeon_1_1_0201	
{1}%概率随机获得一件E.G.O饰品	MirrorDungeonBattleRewardCase.json	0	0	dungeon_battle_reward_case_format_cost_and_all_tier_gift_acquisition	
您确定要继续吗？	MirrorDungeonUI.json	0	0	mirrordungeon_warning_not_equip_ego	
进行镌星。	MirrorDungeonUI_2.json	0	0	require_to_activate_former_buffs	
不足	MirrorDungeonUI_2.json	0	0	lack_of_point_for_shop	
让谁休息比较好呢？	MirrorDungeonUI_2.json	0	0	mirrordungeon_resting_heal_one_who	
烧伤E.G.O饰品类别开放	MirrorDungeonUI_4.json	0	0	md4_buffs_summaryDesc_1011	
流血E.G.O饰品类别开放	MirrorDungeonUI_4.json	0	0	md4_buffs_summaryDesc_1012	
震颤E.G.O饰品类别开放	MirrorDungeonUI_4.json	0	0	md4_buffs_summaryDesc_1013	
破裂E.G.O饰品类别开放	MirrorDungeonUI_4.json	0	0	md4_buffs_summaryDesc_1014	
沉沦E.G.O饰品类别开放	MirrorDungeonUI_4.json	0	0	md4_buffs_summaryDesc_1015	
呼吸法E.G.O饰品类别开放	MirrorDungeonUI_4.json	0	0	md4_buffs_summaryDesc_1016	
充能E.G.O饰品类别开放	MirrorDungeonUI_4.json	0	0	md4_buffs_summaryDesc_1017	
斩击E.G.O饰品类别开放	MirrorDungeonUI_4.json	0	0	md4_buffs_summaryDesc_1021	
突刺E.G.O饰品类别开放	MirrorDungeonUI_4.json	0	0	md4_buffs_summaryDesc_1022	
打击E.G.O饰品类别开放	MirrorDungeonUI_4.json	0	0	md4_buffs_summaryDesc_1023	
获得50点初始经费	MirrorDungeonUI_4.json	0	0	md4_buffs_summaryDesc_103	
初始经费+50	MirrorDungeonUI_4.json	0	0	md4_buffs_summaryDesc_1031	
可选择的E.G.O饰品数量+1	MirrorDungeonUI_4.json	0	0	md4_buffs_summaryDesc_106	
出现E.G.O饰品等级上升	MirrorDungeonUI_4.json	0	0	md4_buffs_summaryDesc_111	
出现E.G.O饰品数量+1	MirrorDungeonUI_4.json	0	0	md4_buffs_summaryDesc_112	
刷新经费 -20%	MirrorDungeonUI_4.json	0	0	md4_buffs_summaryDesc_1121	
购买E.G.O饰品所需经费减少 -5%	MirrorDungeonUI_4.json	0	0	md4_buffs_summaryDesc_113	
1级E.G.O饰品购买所需经费 -7.5%	MirrorDungeonUI_4.json	0	0	md4_buffs_summaryDesc_1131	
2级E.G.O饰品购买所需经费 -7.5%	MirrorDungeonUI_4.json	0	0	md4_buffs_summaryDesc_1132	
3级E.G.O饰品购买所需经费 -7.5%	MirrorDungeonUI_4.json	0	0	md4_buffs_summaryDesc_1133	
4级E.G.O饰品购买所需经费 -7.5%	MirrorDungeonUI_4.json	0	0	md4_buffs_summaryDesc_1134	
购买烧伤E.G.O饰品所需经费减少 -7.5%	MirrorDungeonUI_4.json	0	0	md4_buffs_summaryDesc_1141	
购买流血E.G.O饰品所需经费减少 -7.5%	MirrorDungeonUI_4.json	0	0	md4_buffs_summaryDesc_1142	
购买震颤E.G.O饰品所需经费减少 -7.5%	MirrorDungeonUI_4.json	0	0	md4_buffs_summaryDesc_1143	
购买破裂E.G.O饰品所需经费减少 -7.5%	MirrorDungeonUI_4.json	0	0	md4_buffs_summaryDesc_1144	
购买沉沦E.G.O饰品所需经费减少 -7.5%	MirrorDungeonUI_4.json	0	0	md4_buffs_summaryDesc_1145	
购买呼吸法E.G.O饰品所需经费减少 -7.5%	MirrorDungeonUI_4.json	0	0	md4_buffs_summaryDesc_1146	
购买充能E.G.O饰品所需经费减少 -7.5%	MirrorDungeonUI_4.json	0	0	md4_buffs_summaryDesc_1147	
购买斩击E.G.O饰品所需经费减少 -7.5%	MirrorDungeonUI_4.json	0	0	md4_buffs_summaryDesc_1151	
购买突刺E.G.O饰品所需经费减少 -7.5%	MirrorDungeonUI_4.json	0	0	md4_buffs_summaryDesc_1152	
购买打击E.G.O饰品所需经费减少 -7.5%	MirrorDungeonUI_4.json	0	0	md4_buffs_summaryDesc_1153	
购买无关键词E.G.O饰品所需经费减少 -7.5%	MirrorDungeonUI_4.json	0	0	md4_buffs_summaryDesc_1154	
E.G.O饰品出现数量+1	MirrorDungeonUI_4.json	0	0	md4_buffs_summaryDesc_116	
1级E.G.O饰品售卖所得经费 +20%	MirrorDungeonUI_4.json	0	0	md4_buffs_summaryDesc_1161	
2级E.G.O饰品售卖所得经费 +20%	MirrorDungeonUI_4.json	0	0	md4_buffs_summaryDesc_1162	
3级E.G.O饰品售卖所得经费 +20%	MirrorDungeonUI_4.json	0	0	md4_buffs_summaryDesc_1163	
4级E.G.O饰品售卖所得经费 +20%	MirrorDungeonUI_4.json	0	0	md4_buffs_summaryDesc_1164	
技能替换经费 -20%	MirrorDungeonUI_4.json	0	0	md4_buffs_summaryDesc_1165	
强化E.G.O饰品所需经费减少 -7.5%	MirrorDungeonUI_4.json	0	0	md4_buffs_summaryDesc_121	
强化1级E.G.O饰品所需经费减少 -7.5%	MirrorDungeonUI_4.json	0	0	md4_buffs_summaryDesc_1211	
强化2级E.G.O饰品所需经费减少 -7.5%	MirrorDungeonUI_4.json	0	0	md4_buffs_summaryDesc_1212	
强化3级E.G.O饰品所需经费减少 -7.5%	MirrorDungeonUI_4.json	0	0	md4_buffs_summaryDesc_1213	
强化4级及以上E.G.O饰品所需经费减少 -7.5%	MirrorDungeonUI_4.json	0	0	md4_buffs_summaryDesc_1214	
刷新时有20%的概率不消耗经费	MirrorDungeonUI_4.json	0	0	md4_buffs_summaryDesc_122	
强化烧伤E.G.O饰品所需经费减少 -7.5%	MirrorDungeonUI_4.json	0	0	md4_buffs_summaryDesc_1231	
强化流血E.G.O饰品所需经费减少 -7.5%	MirrorDungeonUI_4.json	0	0	md4_buffs_summaryDesc_1232	
强化震颤E.G.O饰品所需经费减少 -7.5%	MirrorDungeonUI_4.json	0	0	md4_buffs_summaryDesc_1233	
强化破裂E.G.O饰品所需经费减少 -7.5%	MirrorDungeonUI_4.json	0	0	md4_buffs_summaryDesc_1234	
强化沉沦E.G.O饰品所需经费减少 -7.5%	MirrorDungeonUI_4.json	0	0	md4_buffs_summaryDesc_1235	
强化呼吸法E.G.O饰品所需经费减少 -7.5%	MirrorDungeonUI_4.json	0	0	md4_buffs_summaryDesc_1236	
强化充能E.G.O饰品所需经费减少 -7.5%	MirrorDungeonUI_4.json	0	0	md4_buffs_summaryDesc_1237	
20%概率强化时返还经费	MirrorDungeonUI_4.json	0	0	md4_buffs_summaryDesc_124	
E.G.O饰品强化经费 -10%	MirrorDungeonUI_4.json	0	0	md4_buffs_summaryDesc_125	
斩击E.G.O饰品强化经费 -7.5%	MirrorDungeonUI_4.json	0	0	md4_buffs_summaryDesc_1251	
突刺E.G.O饰品强化经费 -7.5%	MirrorDungeonUI_4.json	0	0	md4_buffs_summaryDesc_1252	
打击E.G.O饰品强化经费 -7.5%	MirrorDungeonUI_4.json	0	0	md4_buffs_summaryDesc_1253	
无关键词E.G.O饰品强化经费 -7.5%	MirrorDungeonUI_4.json	0	0	md4_buffs_summaryDesc_1254	
阶层主题出现数量 +1	MirrorDungeonUI_4.json	0	0	md4_buffs_summaryDesc_131	
造成伤害量 +2.5%	MirrorDungeonUI_4.json	0	0	md4_buffs_summaryDesc_132	
攻击等级 +1	MirrorDungeonUI_4.json	0	0	md4_buffs_summaryDesc_1324	
受到的伤害 -2.5%	MirrorDungeonUI_4.json	0	0	md4_buffs_summaryDesc_134	
防御等级 +1	MirrorDungeonUI_4.json	0	0	md4_buffs_summaryDesc_1344	
最大速度值+1	MirrorDungeonUI_4.json	0	0	md4_buffs_summaryDesc_1362	
返还刷新经费	MirrorDungeonUI_4.json	0	0	side_content_free_refresh	
返还强化经费	MirrorDungeonUI_4.json	0	0	side_content_egogift_free_upgrade	
奖励	MirrorDungeonUI_5.json	0	0	mirror_dungeon_start_bonus_formation_total	
该如何抉择？	MirrorDungeonUI_5.json	0	0	dungeon_shop_heal_enter	
罪人[{0}]复活	MirrorDungeonUI_5.json	0	0	mirrordungeon_revive_log	
第8章后开放	MirrorDungeonUI_5.json	0	0	mirror_dungeon_block_to_click_hard_theme_list	
获得合成·售卖专用饰品	MirrorDungeonUI_5.json	0	0	mirrordungeon_egogift_combine_bonus_gift	
获得经费	MirrorDungeonUI_5.json	0	0	mirrordungeon_additional_cost_by_start_bonus	
出现特殊商店的概率	MirrorDungeonUI_5.json	0	0	mirrordungeon_upgrade_shop_rate_in_next_floor	
人格等级+3	MirrorDungeonUI_5.json	0	0	mirrordungeon_level_up_by_long_battle_theme	
激活	MirrorDungeonUI_6.json	0	0	mirror_observation_ego_gift_title_toggle	
无法激活	MirrorDungeonUI_6.json	0	0	mirror_observation_lack_starlight_title	
回满体力	RailwayDungeonUI.json	0	0	recover_after_resting_battle	
