# en	cn	en_ids	support	prec	level
Person	人	828	466	0.563	suspect
Goals	目标	32	17	0.531	suspect
Floor 1	1层	14	12	0.857	ok
E.G.O	E.G.O	2923	2819	0.964	ok
Combat	战斗	810	684	0.844	weak
Floor 2	2层	2	2	1.000	ok
The Heart	心	194	164	0.845	weak
Sinners	罪人	1315	1211	0.921	ok
Hands	手	589	282	0.479	suspect
Shin (心)	心	58	58	1.000	ok
Launcher [始]	始	5	5	1.000	ok
Identities	人格	921	875	0.950	ok
Apply	使用	1002	107	0.107	noise
Coin	铜钱	5583	164	0.029	suspect
Sinking	沉沦	2090	575	0.275	suspect
Faust	浮士德	1278	1226	0.959	ok
Charge	充能	1690	600	0.355	suspect
Nirmāna	变	2	2	1.000	ok
End Stage	结束	1	1	1.000	ok
Floor 3	3层	8	8	1.000	ok
Bleed	流血	1132	1042	0.920	ok
Heathcliff	希斯克利夫	1093	1041	0.952	ok
Tier 1	1级	42	39	0.929	ok
Class 1	1级	17	14	0.824	weak
Don Quixote	堂吉诃德	963	940	0.976	ok
Tier 2	2级	46	42	0.913	ok
K Corp.	K公司	950	947	0.997	ok
{0}	{0}	1960	1960	1.000	ok
The Present	现在	82	35	0.427	suspect
Fixer	收尾人	1007	884	0.878	ok
Tier 3	3级	247	66	0.267	suspect
Present [現在]	现在	8	8	1.000	ok
Team	编队	1642	183	0.111	suspect
Children	孩子	132	75	0.568	suspect
Ishmael	以实玛利	909	832	0.915	ok
Family	家人	1592	221	0.139	suspect
Sinclair	辛克莱	862	801	0.929	ok
T Corp.	T公司	758	738	0.974	ok
Hong Lu	鸿璐	734	707	0.963	ok
Meursault	默尔索	925	833	0.901	ok
Select	选择	742	463	0.624	weak
Mang (望)	望	12	12	1.000	ok
Tremor	震颤	581	547	0.941	ok
The Middle	中指	887	738	0.832	weak
Outis	奥提斯	752	691	0.919	ok
Rupture	破裂	653	630	0.965	ok
Default	基础	23	7	0.304	suspect
Fixers	收尾人	323	274	0.848	weak
Core	本体	762	663	0.870	ok
La Manchaland	拉·曼却领	717	705	0.983	ok
Yi Sang	李箱	553	545	0.986	ok
The Associations	协会	10	9	0.900	ok
Brain	脑	157	119	0.758	weak
Gregor	格里高尔	574	564	0.983	ok
Body	躯干	1248	357	0.286	suspect
The Letter	信	31	8	0.258	suspect
Burn	烧伤	878	482	0.549	suspect
Nothing	没什么	1009	64	0.063	suspect
Rodion	罗佳	455	322	0.708	weak
Tier 5	5级	2	2	1.000	ok
Leave	离开	831	170	0.205	suspect
Enter	完成	915	15	0.016	suspect
N Corp.	N公司	629	614	0.976	ok
OFF	OFF	3869	6	0.002	suspect
Heishou Pack	黑兽	440	439	0.998	ok
Family Hierarch	家主	290	284	0.979	ok
Ryōshū	良秀	797	777	0.975	ok
E.G.O Gifts	E.G.O饰品	246	226	0.919	ok
Abnormalities	异想体	324	315	0.972	ok
Identities	参战人格	921	6	0.007	suspect
Bloodfiend	血魔	501	470	0.938	ok
Head	头部	3070	125	0.041	suspect
Poise	呼吸法	383	360	0.940	ok
The Ring	环指	494	469	0.949	ok
Activate	激活	1037	102	0.098	suspect
Tier 4	4级	47	17	0.362	suspect
Nursefathers	父辈	78	73	0.936	ok
Flower	花	241	226	0.938	ok
Gift	礼物	1236	146	0.118	suspect
Ready [待]	待	2	2	1.000	ok
Reward	奖励	542	435	0.803	weak
Rewards	奖励	309	280	0.906	ok
Fragile	易损	386	362	0.938	ok
LCE	LCE	401	394	0.983	ok
Enhance	强化	419	134	0.320	suspect
Power Up	威力提升	640	220	0.344	suspect
Continue	继续	444	161	0.363	suspect
Memories	记忆	367	262	0.714	weak
The Past	过去	209	90	0.431	suspect
The Hierarch of Hongyuan	鸿园的家主	431	430	0.998	ok
Wrath	暴怒	460	368	0.800	weak
Activate	发动	1037	27	0.026	suspect
Jia Family	贾家	430	426	0.991	ok
The Thumb	拇指	428	422	0.986	ok
Offices	事务所	42	39	0.929	ok
Protection	守护	471	204	0.433	suspect
Prescript	指令	533	416	0.780	weak
Bloodfiends	血魔	193	179	0.927	ok
Run	跑	927	127	0.137	suspect
The Index	食指	372	358	0.962	ok
Hard	困难	1398	195	0.139	suspect
The City	都市	463	400	0.864	ok
Bind	束缚	892	374	0.419	suspect
Gloom	忧郁	400	353	0.882	ok
Envy	嫉妒	342	328	0.959	ok
Refraction	折射	294	238	0.810	weak
Heart	心脏	1007	172	0.171	suspect
Blade Lineage	剑契组	349	334	0.957	ok
The House of Spiders	蜘蛛巢	350	340	0.971	ok
Gaze	视线	463	202	0.436	suspect
Past [過去]	过去	8	8	1.000	ok
Person	人类	828	20	0.024	suspect
The Nests	巢	23	23	1.000	ok
Heishou Packs	黑兽	24	23	0.958	ok
The Heishou Pack	黑兽	25	25	1.000	ok
Kurokumo Clan	黑云会	257	251	0.977	ok
Vergilius	维吉里乌斯	316	291	0.921	ok
Pride	傲慢	347	284	0.818	weak
Resume	继续	77	10	0.130	suspect
W Corp.	W公司	269	260	0.967	ok
The Golden Bough	金枝	341	329	0.965	ok
Happiness	喜	93	39	0.419	suspect
HARD	困难难度	1398	138	0.099	suspect
Owned	拥有	198	20	0.101	suspect
Tier	稀有度	539	4	0.007	suspect
The Backstreets	后巷	244	227	0.930	ok
Distortions	扭曲	107	104	0.972	ok
Lust	色欲	366	283	0.773	weak
Attack Power Up	强壮	296	292	0.986	ok
Floor 4	4层	1	1	1.000	ok
Understanding	理解	160	71	0.444	suspect
Enter	进入战斗	915	26	0.028	suspect
Rest	安息	1604	20	0.012	suspect
Unlock	解放	431	73	0.169	suspect
Damage Up	伤害强化	239	234	0.979	ok
Return	返回	895	33	0.037	suspect
Corrosion	侵蚀	230	214	0.930	ok
Hard	Hard	1398	52	0.037	suspect
Offense Level Up	攻击等级提升	254	242	0.953	ok
Gluttony	暴食	259	254	0.981	ok
Easy	简单	330	84	0.255	suspect
Face	面部	1005	9	0.009	suspect
Binding	纽带	496	4	0.008	suspect
The Pinky	小指	251	246	0.980	ok
Bonus	星芒	450	47	0.104	suspect
Sloth	怠惰	245	242	0.988	ok
The LCE	LCE	67	63	0.940	ok
Cost	经费	385	214	0.556	suspect
Ticket	券券	377	47	0.125	suspect
The Golden Boughs	金枝	78	75	0.962	ok
Jade	玉	72	63	0.875	ok
Haste	迅捷	274	198	0.723	weak
Normal	普通	1085	124	0.114	suspect
Thread	纺锤	540	182	0.337	suspect
Mirror Refraction	折射	1	1	1.000	ok
Kromer	克罗默	138	137	0.993	ok
Flesh	血肉	445	66	0.148	suspect
Waiting	等待	318	85	0.267	suspect
Fairy	精灵	220	197	0.895	ok
Gaze	凝视	463	45	0.097	suspect
Run.	跑	43	17	0.395	suspect
The Corridor	走廊	105	98	0.933	ok
Mirror Dungeons	镜像迷宫	93	81	0.871	ok
Observation	观察	191	102	0.534	suspect
LCC	LCC	418	417	0.998	ok
Wuthering Heights	呼啸山庄	236	229	0.970	ok
Loadout	编队	96	88	0.917	ok
The LCC	LCC	34	33	0.971	ok
Les Clous	钉	1	1	1.000	ok
Rage	暴怒	352	7	0.020	suspect
Free	免费	515	105	0.204	suspect
Syndicate	帮派	164	146	0.890	ok
R Corp.	R公司	206	204	0.990	ok
Dimension	次元	428	308	0.720	weak
Lobotomy Corporation	脑叶公司	63	61	0.968	ok
Mephistopheles	梅菲斯托费勒斯	246	238	0.967	ok
Wei	卫	1065	79	0.074	suspect
Defense Level Down	防御等级降低	201	201	1.000	ok
Catherine	凯瑟琳	226	216	0.956	ok
Possibilities	可能性	160	138	0.863	ok
Paralyze	麻痹	181	180	0.994	ok
The Kurokumo Clan	黑云会	44	41	0.932	ok
Grasp	掌	98	27	0.276	suspect
Dark Cloud	黑云	17	15	0.882	ok
Technology Liberation Alliance	技术解放联盟	223	176	0.789	weak
Section 3	第3区段	360	15	0.042	suspect
Hohenheim	霍恩海姆	252	208	0.825	weak
The Blade Lineage	剑契组	44	34	0.773	weak
Tremor Burst	震颤引爆	152	143	0.941	ok
Dawn Office	黎明事务所	176	175	0.994	ok
Limbus Company	边狱公司	216	197	0.912	ok
LCA	LCA	196	187	0.954	ok
Yurodiviye	圣愚	92	88	0.957	ok
Nagel und Hammer	钉与锤	183	182	0.995	ok
Refraction Railway	折射轨道	190	168	0.884	ok
Fear	恐惧	290	118	0.407	suspect
Device	装置	251	83	0.331	suspect
E.G.O Gear	E.G.O装备	194	181	0.933	ok
Care	悉心照料	809	2	0.002	suspect
Butterfly	蝶	134	129	0.963	ok
Collection	收集	156	15	0.096	suspect
Walpurgis Night	瓦尔普吉斯之夜	188	181	0.963	ok
Syndicates	帮派	47	41	0.872	ok
Yuri	尤莉	106	78	0.736	weak
The Wings	翼	43	30	0.698	weak
Enkephalin	脑啡肽	176	173	0.983	ok
Gifts	饰品观测	331	2	0.006	suspect
Buy	购买	117	9	0.077	suspect
Karmic Consequence	业	17	17	1.000	ok
Close	关闭	786	19	0.024	suspect
The Future	未来	116	80	0.690	weak
E.G.O Corrosion	E.G.O侵蚀	168	165	0.982	ok
Encounters	战斗次数	368	1	0.003	suspect
Shop	商店	700	198	0.283	suspect
Section 4	第4区段	301	3	0.010	suspect
Hardblood	硬血	137	137	1.000	ok
Anamnaworm	虫	27	26	0.963	ok
Curse	诅咒	278	97	0.349	suspect
Contempt	轻蔑	182	152	0.835	weak
Baoyu, the Precious Jade	宝玉	3	3	1.000	ok
Jia Xichun	贾惜春	163	154	0.945	ok
Hammer	铁锤	393	6	0.015	suspect
The Inquisitor	审判官	62	58	0.935	ok
Workshops	工坊	25	19	0.760	weak
Nagel	尖钉	184	1	0.005	suspect
NORMAL	普通难度	1085	33	0.030	suspect
Cinq Association	Cinq协会	45	42	0.933	ok
S Corp.	S公司	157	140	0.892	ok
Monsters	怪物	111	89	0.802	weak
Peccatula	罪种	103	99	0.961	ok
Defense Level Up	防御等级提升	140	134	0.957	ok
Cycle	巡回	183	119	0.650	weak
Aggro	挑衅值	199	95	0.477	suspect
Keen Observation	观察	3	3	1.000	ok
Acute Studies	观察	1	1	1.000	ok
Backup	待命人员	147	104	0.707	weak
Bamboo-hatted Kim	金笠	142	140	0.986	ok
LCD	LCD	157	150	0.955	ok
The Beast	野兽	27	5	0.185	suspect
Student	学徒	209	93	0.445	suspect
Sum	总计	1990	21	0.011	suspect
Pirates	海盗	131	99	0.756	weak
Ammo	弹药	124	100	0.806	weak
Assist [援]	援	2	2	1.000	ok
Normal	Normal	1085	3	0.003	suspect
Guaranteed	确定	35	1	0.029	suspect
Hard Difficulty	困难难度	129	112	0.868	ok
Regular	常规	239	58	0.243	suspect
Starlight	星芒	127	124	0.976	ok
Hole	洞	565	55	0.097	suspect
Talisman	符咒	250	98	0.392	suspect
Chain	连续	276	62	0.225	suspect
Butlers	管家	61	49	0.803	weak
Potentialities	可能性	10	10	1.000	ok
Wings	翅膀	251	80	0.319	suspect
Alliance	同盟	254	7	0.028	suspect
Designate Target	指定目标	2	2	1.000	ok
Tears	眼泪	253	65	0.257	suspect
The Cleanup Agent	清扫人员	7	6	0.857	ok
LCB	LCB	145	135	0.931	ok
Marked	标记	129	72	0.558	suspect
Nails	尖钉	140	96	0.686	weak
The Big Brother	幼兄	44	33	0.750	weak
Araya	阿赖耶	127	120	0.945	ok
Future [未來]	未来	8	8	1.000	ok
Shi Family	史家	128	128	1.000	ok
Reset	重置	186	92	0.495	suspect
The Index Nursefather	食指 父辈	137	116	0.847	weak
Corpse	尸体	167	122	0.731	weak
Attack Power Down	虚弱	113	113	1.000	ok
Desire	欲望	232	95	0.409	suspect
Rosespanner Workshop	玫瑰扳手工坊	123	123	1.000	ok
The Pequod	裴廓德号	129	118	0.915	ok
Sancho	桑丘	117	114	0.974	ok
The Great Lake	大湖	123	103	0.837	weak
Cold	寒冷	305	22	0.072	suspect
Into Full Bloom	绽放	1	1	1.000	ok
MultiCrack Office	多裂纹事务所	58	57	0.983	ok
Smoke	烟气	215	24	0.112	suspect
G Corp.	G公司	108	104	0.963	ok
Ambush	袭击	59	14	0.237	suspect
Jia Baoyu	贾宝玉	61	60	0.984	ok
Tree	树	723	92	0.127	suspect
Superiority	优势	11	1	0.091	suspect
Lobotomy Corp. Branch	脑叶公司支部	97	70	0.722	weak
Egoshards	自我碎片	50	50	1.000	ok
Not Enough Cost	经费	2	2	1.000	ok
Ahab	亚哈	107	95	0.888	ok
Jia Qiu	贾丘	96	91	0.948	ok
Anxiety	不安	55	28	0.509	suspect
The Duel	决斗	25	14	0.560	suspect
Power Down	威力降低	182	34	0.187	suspect
L Corp.	L公司	129	86	0.667	weak
Zwei Association	Zwei协会	27	25	0.926	ok
Kindred	眷属	141	118	0.837	weak
Shell	壳	116	78	0.672	weak
Umbrella	伞	95	89	0.937	ok
Fuse	合成	343	77	0.224	suspect
Casino	赌场	106	95	0.896	ok
Liu Association	六协会	40	40	1.000	ok
Docent	讲解员	98	92	0.939	ok
Needle	针	130	98	0.754	weak
Entanglement	纠缠	62	60	0.968	ok
The LCA	LCA	33	29	0.879	ok
School of Fauvism	野兽派	19	19	1.000	ok
Refraction Railways	折射轨道	20	20	1.000	ok
Safety Team	安保部	108	107	0.991	ok
Vengeance	报复	195	38	0.195	suspect
Duello	决斗	3	3	1.000	ok
Mental Awakening	觉醒	2	2	1.000	ok
"It"	鬼	3	3	1.000	ok
Twinhook Pirates	双钩海盗团	106	77	0.726	weak
Weak Morale	士气低落	1	1	1.000	ok
Despair	绝望	119	87	0.731	weak
Hatred	憎恶	115	63	0.548	suspect
Clash Power Up	拼点威力提升	105	82	0.781	weak
Faith	信念	165	24	0.145	suspect
Heishou Pack - Mao Branch	黑兽 - 卯	126	126	1.000	ok
Offense Level Down	攻击等级降低	96	96	1.000	ok
Running	溃退	195	2	0.010	suspect
Buffs	增益	108	50	0.463	suspect
Edgar Family	埃德加家族	101	98	0.970	ok
Night Awls	夜锥组	98	95	0.969	ok
Nail and Hammer	钉与锤	3	3	1.000	ok
Lunacy	狂气	104	104	1.000	ok
Backup	掩护	147	1	0.007	suspect
The LCD	LCD	51	49	0.961	ok
Bloodbag	血袋	126	125	0.992	ok
Determined	觉悟	157	2	0.013	suspect
P Corp.	P公司	93	90	0.968	ok
Doubt	猜疑	244	6	0.025	suspect
Struggle	挣扎	136	34	0.250	suspect
Levelheaded	冷静	1	1	1.000	ok
The LCB	LCB	57	49	0.860	ok
Coffin	棺	100	89	0.890	ok
Theme Pack	主题卡包	101	98	0.970	ok
Yearning	渴望	77	37	0.481	suspect
The Adept	魁首	5	5	1.000	ok
Agitated	愤怒	12	3	0.250	suspect
The Assistant	助手	9	8	0.889	ok
H Corp.	H公司	101	88	0.871	ok
Lobotomy E.G.O	脑叶公司E.G.O	90	90	1.000	ok
Basement	地下室	113	86	0.761	weak
The Backdoor	后门	81	78	0.963	ok
Growing	生长	120	10	0.083	suspect
Audience	观众	81	35	0.432	suspect
Poised	冷静	9	2	0.222	suspect
Colours	颜色	7	7	1.000	ok
Prey	猎物	110	70	0.636	weak
Hunger	饥饿	93	58	0.624	weak
Resentment	仇怨	129	6	0.047	suspect
Clears	清剿	26	3	0.115	suspect
Resentment	怨恨	129	36	0.279	suspect
Discard	丢弃	136	79	0.581	suspect
Hidden	隐藏	74	17	0.230	suspect
Taboo	禁忌	103	96	0.932	ok
Tingtang Gang	豆豆帮	56	55	0.982	ok
Cassetti	卡塞蒂	23	23	1.000	ok
Jia Mu	贾母	118	73	0.619	weak
Focus	聚气	473	4	0.008	suspect
The Waves	浪潮	76	50	0.658	weak
Completed	达成	122	1	0.008	suspect
Full-Stop Office	句点事务所	81	81	1.000	ok
Los Mariachis	流浪乐队	66	66	1.000	ok
Threadspinning	异想解析	60	60	1.000	ok
Blazing	燃烧	20	5	0.250	suspect
Regenerate	再生	42	32	0.762	weak
The Fingers	手指	36	30	0.833	weak
Decaextraction Ticket	十连提取券	82	82	1.000	ok
Effloresced E.G.O	绽放E.G.O	77	74	0.961	ok
Nelly	耐莉	103	96	0.932	ok
Thorns	荆棘	75	32	0.427	suspect
The Barber	理发师	77	77	1.000	ok
Available	可用	142	5	0.035	noise
Trials	苦难	54	31	0.574	suspect
Urge	欲望	221	12	0.054	suspect
Line 2	2号线	98	75	0.765	weak
Lamp	目灯	166	18	0.108	suspect
Identity Training Ticket IV	人格训练券IV	80	80	1.000	ok
Support	呐喊助威	244	1	0.004	suspect
Seven Association	Seven协会	31	30	0.968	ok
Points	点数	104	4	0.038	suspect
Sasha	萨莎	14	14	1.000	ok
The Priest	神父	72	72	1.000	ok
Progress	当前进度	226	5	0.022	suspect
Support	辣喊助威	244	1	0.004	suspect
The Dead Rabbits	死兔帮	39	37	0.949	ok
Inquisitors	异端审判官	56	13	0.232	suspect
Ricardo	里卡多	49	33	0.673	weak
The Laws	规则	34	13	0.382	suspect
Progress	成就进度	226	3	0.013	suspect
Grade 8 Fixers	8阶收尾人	2	2	1.000	ok
Wealth	富	31	14	0.452	suspect
Challenge	挑战	98	28	0.286	suspect
Tribulation	苦难	49	41	0.837	weak
Marked	标识	129	10	0.078	suspect
Lei Heng	雷横	75	72	0.960	ok
Identity Training Ticket III	人格训练券III	75	75	1.000	ok
Mr. Pilot	皮利托	6	6	1.000	ok
Resurrect	复活	11	9	0.818	weak
Activated	已激活	162	8	0.049	suspect
Stigmatized	标记	10	8	0.800	weak
Grace	恩义	190	2	0.011	suspect
Defense Power Up	忍耐	35	33	0.943	ok
Search	饰品观测	851	13	0.015	suspect
Rampage	挣扎	86	2	0.023	suspect
Queequeg	魁魁格	70	67	0.957	ok
Slayer	杀手	22	5	0.227	suspect
Damage Taken	受击之时	136	3	0.022	suspect
First Class	头等舱	59	55	0.932	noise
Details	详情	105	18	0.171	suspect
Singularities	奇点	26	24	0.923	ok
Yield My Flesh	肉斩	66	63	0.955	ok
Achievements	成就	44	36	0.818	weak
Suffering	饱受折磨	163	2	0.012	suspect
Revenge	复仇	34	22	0.647	weak
Zilu	子路	91	70	0.769	weak
The Guide	向导	28	20	0.714	weak
Limbus Pass	边狱通行证	81	56	0.691	weak
Season 5	第5赛季	74	57	0.770	weak
Dieci Association	Dieci协会	22	22	1.000	ok
Accelerating	加速	17	16	0.941	ok
Hindley	亨德利	68	68	1.000	ok
The Outskirts	郊区	69	68	0.986	ok
Pequod Town	裴廓德镇	62	62	1.000	ok
U Corp.	U公司	69	68	0.986	ok
Bloodfeast	血宴	58	57	0.983	ok
Red Eyes	赤瞳	63	36	0.571	suspect
Guides	向导	14	3	0.214	suspect
School	学校	114	31	0.272	suspect
Butterfly of Entangled Lives	罗生蝶	52	52	1.000	ok
Wandering	徘徊	79	17	0.215	suspect
Desirous	渴望	6	6	1.000	ok
Unbending	不动	4	2	0.500	suspect
The Sign	印记	57	20	0.351	suspect
Grace of the Prescript	指令加护	53	53	1.000	ok
The Master	师父	72	1	0.014	suspect
Shi Association	し协会	21	19	0.905	ok
The Indigo Elder	靛蓝老人	15	15	1.000	ok
The Pallid Whale	白鲸	69	66	0.957	ok
Ardor Blossom Moth	红焰蛾	59	58	0.983	ok
Spiral of Contempt	轻蔑螺旋	63	63	1.000	ok
Poison	剧毒	125	43	0.344	suspect
A Guide	向导	9	7	0.778	weak
Devyat' Association	Девять协会	14	13	0.929	ok
Öufi Association	Öufi协会	42	41	0.976	ok
Surgery	手术	23	23	1.000	ok
Season 7	第7赛季	58	58	1.000	ok
Fanghunt Office	猎牙事务所	58	58	1.000	ok
Spark	点燃	125	14	0.112	suspect
Shell	外壳	116	21	0.181	suspect
Nightmare	噩梦	104	46	0.442	suspect
Lightning	雷电	98	14	0.143	suspect
Uncertainty	不确定性	109	6	0.055	suspect
The Library	图书馆	45	40	0.889	ok
Maestro	大师	78	68	0.872	ok
Not Me	不是我	53	3	0.057	suspect
Season 6	第6赛季	64	49	0.766	weak
Petals	花瓣	75	43	0.573	suspect
Big & Scary	可怕	1	1	1.000	ok
Sea Terror	恐鱼	72	70	0.972	ok
Defense Power Down	破绽	41	41	1.000	ok
Timekilling Time	时间杀人时间	60	55	0.917	ok
The Proof	证明	5	3	0.600	weak
Instincts	本能	38	31	0.816	weak
Hardship	苦难	19	5	0.263	suspect
The Time Ripper	时间杀人魔	34	32	0.941	ok
Sack	袋子	158	15	0.095	suspect
Total Turns	累计回合数	75	24	0.320	noise
Blessing	加护	115	18	0.157	suspect
Solitude	孤独	36	29	0.806	weak
Interloper	不速之客	33	27	0.818	weak
Seaborn	海嗣	85	84	0.988	ok
The Contract	契约	108	9	0.083	suspect
Details	详细信息	105	5	0.048	suspect
Purity	纯粹	33	18	0.545	suspect
Gossypium	棉花	47	47	1.000	ok
Extraction Ticket	提取券	92	92	1.000	ok
Awe	敬畏	132	52	0.394	suspect
Resentment	疙瘩	129	1	0.008	suspect
Film	胶片	82	42	0.512	suspect
Damage Down	伤害弱化	43	42	0.977	ok
Hate	憎恶之心	553	1	0.002	suspect
The Client	委托人	38	20	0.526	suspect
Identity Uptying	人格同步	1	1	1.000	ok
Frozen	冻结	39	12	0.308	suspect
Lasso	套索	49	46	0.939	ok
Survivor	幸存者	67	45	0.672	weak
Pursuit	追踪	73	2	0.027	suspect
Determination	觉悟	73	6	0.082	suspect
Blood-tinged Scissorblades	染血的剪刃	26	26	1.000	ok
Responsibility	责任感	102	4	0.039	suspect
Penitence	忏悔	24	22	0.917	ok
Weekly	周常任务	84	2	0.024	suspect
Dead Rabbits Boss	死兔帮 老大	10	7	0.700	weak
Ch'unokkun	推奴人	58	56	0.966	ok
Sweepers	清道夫	40	37	0.925	ok
Blooming	开花	100	19	0.190	suspect
Fruit	果实	93	44	0.473	suspect
Sell	售卖	152	23	0.151	suspect
Season 4	第4赛季	50	50	1.000	ok
Self-charge	自体发电	39	38	0.974	ok
Emptiness	空虚	40	9	0.225	suspect
Palanquin	轿子	57	48	0.842	weak
Legs	腿部	206	8	0.039	suspect
LCB Regular Check-up	LCB定期体检	51	46	0.902	ok
Nocturnal Sweeping	深夜清扫	55	51	0.927	ok
The Battle's End	战斗结束	5	5	1.000	ok
Heishou Pack - Si Branch	黑兽 - 巳	92	90	0.978	ok
Fanatic	狂信	53	49	0.925	ok
Details	详细内容	105	3	0.029	suspect
Portrait	肖像画	83	14	0.169	suspect
Magic Bullet	魔弹	43	43	1.000	ok
Owned	已拥有	198	7	0.035	suspect
Cans	罐头	32	18	0.562	suspect
Ruin	破灭	178	18	0.101	suspect
Heathcliff?	希斯克利夫？	42	18	0.429	suspect
Analytic Eye	分析	1	1	1.000	ok
Observational Eye	分析	1	1	1.000	ok
Tieqiu Crew	铁工会	42	41	0.976	ok
Refresh	刷新	71	43	0.606	weak
Bud	花蕾	240	15	0.062	suspect
Details	详细情报	105	2	0.019	suspect
Immobilized	无法行动	32	27	0.844	weak
Season 3	第3赛季	46	46	1.000	ok
Bloodied Hand	染血之手	26	25	0.962	ok
Candy	糖果	78	48	0.615	weak
The Terminus	终点站	44	34	0.773	weak
Nervous	焦虑	155	5	0.032	suspect
The Uninvited	不速之客	9	9	1.000	ok
Max Speed +1	最大速度值+1	55	55	1.000	ok
Skip	脱离	49	1	0.020	suspect
Cycle Count	巡回数	58	58	1.000	ok
Pity	怜悯	74	21	0.284	suspect
Map	地图	59	50	0.847	weak
Louse	虫子	2	2	1.000	ok
Fell Bullet	凶弹	36	36	1.000	ok
Pilgrimage of Compassion	善意的巡礼	52	36	0.692	weak
Shock	感电	141	3	0.021	suspect
The Chain	锁链	43	23	0.535	suspect
Loyalty	忠义	58	31	0.534	suspect
to Unlock	通过主线剧情	68	3	0.044	suspect
Owned	已持有	198	4	0.020	suspect
Adaptation	适应	23	23	1.000	ok
Kezhan	客栈	48	47	0.979	ok
Dihui Star	地慧星	40	39	0.975	ok
Keenness	锐利	7	3	0.429	suspect
Powerless	无力	15	9	0.600	weak
Hook Office	吊钩事务所	43	43	1.000	ok
Multitude of Dots	点点	2	2	1.000	ok
Line 4	4号线	41	39	0.951	ok
Telepole	电线杆	36	36	1.000	ok
Vanguard Team	先锋队	76	6	0.079	suspect
The Pawnshop	当铺	9	7	0.778	weak
Smoke War	烟霾战争	46	45	0.978	ok
Tail	尾部	521	10	0.019	suspect
Enkephalin Module	脑啡肽模块	55	53	0.964	ok
Identity Training Ticket I	人格训练券I	88	88	1.000	ok
Line 1	1号线	42	40	0.952	ok
N Corp. New League of Nine Littérateurs	N公司 新九人会	87	82	0.943	ok
Parallel Superposition	平行叠加	37	37	1.000	ok
Reflectrial	映射战斗	41	37	0.902	ok
Harpoons	鱼叉	14	7	0.500	suspect
Ember	火种	959	35	0.036	suspect
Struggle	苦斗	136	1	0.007	suspect
The First Mate	大副	12	12	1.000	noise
Every World	所有世界	45	36	0.800	noise
Xiren	袭人	47	47	1.000	ok
Heishou Pack - You Branch	黑兽 - 酉	65	65	1.000	ok
Faelantern	精灵提灯	38	38	1.000	ok
Vexation	不快	5	5	1.000	ok
High Noon	正午	21	19	0.905	ok
Resilient	强韧	41	33	0.805	weak
Fairy Wine	精灵酒	34	34	1.000	ok
Line 5	5号线	39	39	1.000	ok
The Subject	拍摄对象	87	1	0.011	suspect
Declared Duel	决斗宣告	28	28	1.000	ok
Unbreakable Coin	不可摧毁的硬币	85	85	1.000	ok
Daily	日常任务	70	2	0.029	suspect
Reunion	再会	42	15	0.357	suspect
The Church	教团	38	21	0.553	suspect
Relief	安心	80	12	0.150	suspect
Tipsy	醉意	36	36	1.000	ok
Pocket Watch	怀表	32	30	0.938	ok
Mnestic Experience	经验记忆	39	36	0.923	ok
Offense Level +1	攻击等级+1	100	82	0.820	weak
Hit the Road	旅途	2	1	0.500	suspect
Witnessing	观望	22	5	0.227	suspect
Miseries	不幸	6	2	0.333	suspect
Immobilize	无法行动	39	29	0.744	weak
Adversity	制约	29	18	0.621	weak
Lei Heng [雷橫]	雷横	3	3	1.000	ok
Organizing	整理	6	5	0.833	weak
Color Fixer	特色	32	30	0.938	ok
Guilt	负罪感	60	29	0.483	suspect
Slash Power Up	斩击威力提升	36	36	1.000	ok
Weekly Bonuses	每周加成	28	24	0.857	ok
Total Turns	最终累计回合	75	1	0.013	noise
Application	入职	24	1	0.042	suspect
Morale Boost	昂扬	28	27	0.964	ok
Identity Training Ticket II	人格训练券II	77	77	1.000	ok
Vessel Masas	大众号	37	37	1.000	ok
Doomsday Calendar	终末日历	39	39	1.000	ok
Bugger…	妈的…	5	3	0.600	weak
Purification	净化	12	12	1.000	ok
Regeneration Ampules	再生安瓿	21	20	0.952	ok
Wayfarer	旅者	52	31	0.596	suspect
Capture	捕获	77	14	0.182	suspect
Miracle in District 20	20区的奇迹	37	33	0.892	ok
The Red Gaze	猩红视线	32	30	0.938	ok
Line 6	6号线	38	35	0.921	ok
Monolith	独石	45	43	0.956	ok
Assist Defense	援护防御	27	26	0.963	ok
Withered	衰老	30	22	0.733	weak
Maddened	疯狂	5	5	1.000	ok
Aida	艾达	9	9	1.000	ok
Backing	援护	17	1	0.059	suspect
Determination	决意	73	6	0.082	suspect
Erlking	魔王	23	22	0.957	ok
Wayward	彷徨	30	2	0.067	suspect
The Smoke War	烟霾战争	30	30	1.000	ok
Charge Barrier	充能力场	28	27	0.964	ok
Control Team Captain	控制部队长	61	11	0.180	suspect
Anguish	烦恼	24	8	0.333	suspect
Bridle	枷锁	26	14	0.538	suspect
Roots	根部	57	13	0.228	suspect
Line 3	3号线	37	35	0.946	ok
Deactivate	关闭	32	1	0.031	suspect
Yihongyuan	怡红院	37	36	0.973	ok
Molar Office	臼齿事务所	35	35	1.000	ok
Pallidified	白化	32	16	0.500	suspect
Blind Obsession	盲目	24	24	1.000	ok
Welfare Team Captain	福利部队长	59	10	0.169	suspect
Twining Threads	绞丝结线	35	31	0.886	ok
Hook	锈蚀吊钩	255	1	0.004	suspect
Blade Lineage Mentor	剑契组 头领	32	32	1.000	ok
Cleaning	整顿	59	1	0.017	suspect
Karma	业报	109	24	0.220	suspect
Oracle	神谕	13	13	1.000	ok
Intruders	入侵者	23	18	0.783	weak
Jeong's Office	定事务所	33	33	1.000	ok
Alleyway Watchdog	巷头恶犬	33	33	1.000	ok
Tigermark Round	虎标弹	34	34	1.000	ok
Entangled Life [羅生]	罗生	2	2	1.000	ok
Left Arm	左臂	33	33	1.000	ok
Participating	参与中	61	1	0.016	suspect
Siegfried	齐格飞	23	22	0.957	ok
Rendezvous	会合	32	9	0.281	suspect
Mirror Worlds	镜像世界	27	25	0.926	ok
Fluid Sac	液囊	24	24	1.000	ok
Level Boost	等级强化	39	10	0.256	suspect
Battle Pass	战斗通行证	29	21	0.724	weak
Pearl	珍珠	43	31	0.721	weak
Sin Resistance	罪孽抗性	11	11	1.000	ok
Swordplay of the Homeland	本国剑术	29	27	0.931	ok
Paid Lunacy	付费狂气	44	42	0.955	ok
Spring Cultivation	切磋琢春	50	31	0.620	weak
Funeral	葬礼	45	22	0.489	suspect
Xue Family	薛家	33	32	0.970	ok
Textbook	教材	34	30	0.882	ok
Every Catherine	所有凯瑟琳	13	8	0.615	noise
Fuse E.G.O Gift	合成E.G.O饰品	57	3	0.053	suspect
Gamefowl	斗鸡	7	6	0.857	ok
The Ring's Docent of Fauvism	环指 野兽派讲解员	2	2	1.000	ok
Shock Centipede	电击蜈蚣	35	31	0.886	ok
Durable	硬化	16	2	0.125	suspect
Resolution	觉悟	21	1	0.048	suspect
Eye of Precognition	预知眼	27	27	1.000	ok
Lordsguard	护卫	5	5	1.000	ok
Reminiscence	追忆	28	18	0.643	weak
A Bad Dream	噩梦	2	2	1.000	ok
Screening Room	放映室	9	9	1.000	ok
Silent Regard	观望	4	4	1.000	ok
Nethersea Brand	溟痕	29	29	1.000	ok
Embers	余火	186	9	0.048	suspect
Parallel Superposition Mode	平行叠加模式	29	29	1.000	ok
Rhodes Island	罗德岛	34	34	1.000	ok
Right Arm	右臂	28	24	0.857	ok
Deal +3% damage	造成的伤害+3%	55	55	1.000	ok
Starlight Bonus	星芒奖励	40	33	0.825	weak
Will of the Prescript	指令之意	26	25	0.962	ok
Overwhelm	压制	83	4	0.048	suspect
Concentration	沉浸	24	2	0.083	suspect
Strife	争斗	25	15	0.600	weak
Heishou Pack - Wei Branch	黑兽 - 未	55	53	0.964	ok
Afterimage Entanglement	残像纠缠	28	28	1.000	ok
Dimensional Rift	次元裂痕	45	12	0.267	suspect
Load	载荷	338	15	0.044	suspect
Seonbae	前辈	14	14	1.000	ok
Harden	硬化	99	34	0.343	suspect
The Club	会所	13	9	0.692	weak
Spore	孢子	60	24	0.400	suspect
Grandeur	庄严	12	5	0.417	suspect
Mirror of Immortality	永生之镜	28	28	1.000	ok
Claim Rewards	领取奖励	10	9	0.900	ok
Homeward Bound	回家	2	1	0.500	suspect
Pink Shoes	粉红鞋	34	28	0.824	weak
Headless Ichthys	断首鱼	27	27	1.000	ok
Slash DMG Up	斩击伤害强化	27	27	1.000	ok
Wild Hunt	狂猎	31	28	0.903	ok
Candle	蜡烛	50	36	0.720	weak
Stuffed Toy	玩偶	4	4	1.000	ok
Recent	最近获得	97	3	0.031	suspect
...rity	…感	1	1	1.000	ok
Terrorist Organization	恐怖组织	23	23	1.000	ok
Green Slime	绿色黏液	28	23	0.821	weak
Dazzle	眩惑	34	23	0.676	weak
Appetite	饥渴	24	7	0.292	suspect
Reattached Curse Talisman	复贴的咒符	27	27	1.000	ok
Tarnished Blood	污血	29	27	0.931	ok
Slave	奴隶	53	15	0.283	suspect
Mirror of the Dreaming	梦中之镜	26	26	1.000	ok
Persistence	执念	23	4	0.174	suspect
Disruption	妨碍	4	2	0.500	suspect
Erlking Heathcliff	魔王希斯克利夫	12	11	0.917	ok
Rose Hunter	玫瑰猎人	28	28	1.000	ok
Grace of Stars	星之恩惠	24	24	1.000	ok
Rampage	狂暴	86	10	0.116	suspect
Bhaishajya	修复	2	2	1.000	ok
Refraction Railway Line 2	折射轨道2号线	27	26	0.963	ok
Fanaticism	狂信	2	1	0.500	suspect
Night in the Backstreets	后巷深宵	29	29	1.000	ok
Hardening	硬化	6	5	0.833	weak
Dulcinea	杜尔西内娅	29	29	1.000	ok
Acquire E.G.O Gift	获得E.G.O饰品	4	4	1.000	ok
Executor	处决	20	1	0.050	suspect
Tenacity	执念	13	2	0.154	suspect
Dihui Star [地慧星]	地慧星	3	3	1.000	ok
Maggots	蛆虫	17	16	0.941	ok
Entangled Curse Talisman	纠缠的咒符	24	24	1.000	ok
SP Heal Efficiency	理智值恢复效率	24	24	1.000	ok
Fabius	费边	30	30	1.000	ok
Clear Rewards	通关奖励	25	14	0.560	suspect
Whispers	低语	23	13	0.565	suspect
Antagonism	敌意	3	1	0.333	suspect
Consultation Session	面谈	7	7	1.000	ok
Family Hierarch Candidate	家主候选人	22	21	0.955	ok
The King in Binds	受缚之王	26	23	0.885	ok
Borrowed Time	时间租赁	21	18	0.857	ok
Rhythm	旋律	50	6	0.120	suspect
In the Past	过去状态	89	6	0.067	suspect
Prediction	预期	27	1	0.037	suspect
Gambler	赌徒	10	4	0.400	suspect
Grudge	复仇决意	54	1	0.019	suspect
Retribution	惩戒	36	3	0.083	suspect
Ice Cream	冰淇淋	29	20	0.690	weak
Non-self	无我	11	11	1.000	ok
Reload	再次装填	81	17	0.210	suspect
Desperation	迫切	30	7	0.233	suspect
Rescue	解救	52	5	0.096	suspect
Risk Levels	危险等级	22	18	0.818	weak
Plus Coin Drop	加算硬币弱化	23	23	1.000	ok
Stressed	压力	11	3	0.273	suspect
Insight	所解真知	43	12	0.279	suspect
Power-up State	强化状态	20	19	0.950	ok
Old Umbrella	旧伞	27	22	0.815	weak
Selectable	可选择	20	2	0.100	suspect
Acquired	已拥有	40	1	0.025	suspect
Valor	觉悟	13	1	0.077	suspect
Pallidification	白化	16	16	1.000	ok
School of Pointillism	点彩派	1	1	1.000	ok
Drifting Fox	流浪狐狸	25	25	1.000	ok
Compulsion	强迫	18	9	0.500	suspect
Tiantui Star [天退星]	天退星	23	23	1.000	ok
Palette Vibrante	强烈色彩	19	19	1.000	ok
Seeds	种子	24	17	0.708	weak
Vengeance Mark	报复对象	21	20	0.952	ok
Starbuck	斯达巴克	29	29	1.000	ok
Shi Huazhen	史华贞	6	6	1.000	ok
Takeoff Module - ID Uptie	跳跃成长模组 - 人格同步	49	49	1.000	ok
Projection Rate	投影度	22	22	1.000	ok
Whistles	哨声	13	8	0.615	weak
Captain of the Pequod	裴廓德号的船长	41	5	0.122	suspect
Don Quixote Hardblood Arts	堂吉诃德派硬血	23	23	1.000	ok
Pierce Fragility	突刺易损	13	13	1.000	ok
Spark of Inspiration	灵感	6	6	1.000	ok
Charmed	魅惑	19	17	0.895	ok
Photos	几张照片	34	11	0.324	suspect
Defense Level +2	防御等级+2	57	43	0.754	weak
S.Y.N.C.	折·脖	19	15	0.789	weak
Wayward Passenger	迷失的乘客	23	23	1.000	ok
Kqe-1j-23	Kqe-1j-23	23	23	1.000	ok
kqe-1j-23	Kqe-1j-23	23	23	1.000	ok
Pallid Noise	苍白的噪音	23	23	1.000	ok
Nervous Impairment	神经损伤	22	22	1.000	ok
Trinkets Sack	装饰品包裹	19	19	1.000	ok
Defense Level +1	防御等级+1	57	44	0.772	weak
Clean Up	善后	33	8	0.242	suspect
Cannot Retreat	无法撤退	24	24	1.000	ok
Raid	突袭	133	1	0.008	suspect
Overheat	过热	47	28	0.596	suspect
Mark of the Prescript	指令的印记	28	28	1.000	ok
The Book of Vengeance	复仇账簿	23	15	0.652	weak
Cultivation	琢磨	55	3	0.055	suspect
Yield My Flesh to Claim Their Bones	肉斩骨断	45	43	0.956	ok
The Dawn of Green	绿色的黎明	12	9	0.750	weak
Gaiety	愉悦	1	1	1.000	ok
Doggedness	执念	4	2	0.500	suspect
Siltcurrent	浊流	22	22	1.000	ok
Departure	离家	30	2	0.067	suspect
Anatman	无我	4	4	1.000	ok
Charm	魅惑	52	23	0.442	suspect
Wang Family	王家	23	23	1.000	ok
Hurting Teddy Bear	痛苦泰迪	22	22	1.000	ok
Fervor	狂热	24	6	0.250	suspect
Slash Fragility	斩击易损	21	21	1.000	ok
Fever	狂热	66	2	0.030	suspect
Dueling	对决	21	7	0.333	suspect
Base Power Up	基础威力提升	32	4	0.125	suspect
Splitting	分裂	33	4	0.121	suspect
Bereavement	丧失	9	8	0.889	ok
Sunshower	狐雨	22	22	1.000	ok
Chachihu	插翅虎	22	22	1.000	ok
Staunchness	觉悟	1	1	1.000	ok
Pluckiness	觉悟	1	1	1.000	ok
Relay	中介	81	1	0.012	suspect
To Remember	为记忆	46	1	0.022	suspect
Bullies	卑鄙	7	1	0.143	suspect
Final Turn Count	总计回合数	2	1	0.500	suspect
Shipping Containers	集装箱	12	12	1.000	ok
Fairy Gentleman	绅士精灵	22	21	0.955	ok
The Prescript's Target	指令对象	18	14	0.778	weak
Captivity	拘束	12	4	0.333	suspect
HP Healing Boost	体力恢复提升	24	23	0.958	ok
Starter Buffs	开局增益	23	20	0.870	ok
Drifter	漂泊	33	1	0.030	suspect
Saikai [再会]	再会	4	4	1.000	ok
The Wild Hunt	狂猎	13	10	0.769	weak
Pests	害虫	23	4	0.174	suspect
Sign of Roses	玫瑰告示牌	22	22	1.000	ok
Golden Apple	金苹果	25	17	0.680	weak
Peccatulum Invidiae	嫉妒罪种	17	16	0.941	ok
Unlock - I	解放 - I	42	40	0.952	ok
Fully Bloomed	盛放	12	10	0.833	weak
Brutality	破坏力	22	14	0.636	weak
Tingtang Boss	豆豆帮 帮主	13	12	0.923	ok
Signpost	告示牌	6	2	0.333	suspect
Civilian Recov. Pack	普通乘客复原包	17	17	1.000	ok
Elite Encounter	精锐遭遇战	21	21	1.000	ok
Simulation	模拟	23	21	0.913	ok
Full Bloom	盛放	12	5	0.417	suspect
Intoxication	醉意	2	1	0.500	suspect
Saru	猴儿	24	21	0.875	ok
Inquisition	审问异端	53	1	0.019	suspect
Viewing the Tableau	眺望	8	8	1.000	ok
Muga [無我]	无我	2	2	1.000	ok
N Corp’s Nails	N公司的尖钉	41	41	1.000	ok
Employee Card	员工证	14	12	0.857	ok
ies...	歉…	109	6	0.055	suspect
Dimensional Container	次元包	4	4	1.000	ok
My Form Empties	无我入定	20	20	1.000	ok
Yinglong	应龙	21	21	1.000	ok
Vengeance Tattoo	仇怨纹身	23	23	1.000	ok
Blunt DMG Up	打击伤害强化	18	17	0.944	ok
Frenzy	狂暴	16	10	0.625	weak
Reflux	逆流	11	11	1.000	ok
Josephine	约瑟芬	21	20	0.952	ok
Murder on the WARP Express	WARP快车谋杀案	41	38	0.927	ok
Parallel S.	平行叠加	1	1	1.000	ok
Overload	过载	24	20	0.833	weak
The Safe	保险箱	38	4	0.105	suspect
Fortitude	勇气	5	1	0.200	suspect
Old G Corp.	旧G公司	11	11	1.000	ok
A Sign	某道印记	68	12	0.176	suspect
Thermal Blades	热丝	9	9	1.000	ok
Amassed Data	情报文件	18	17	0.944	ok
Hell's Chicken	地狱鸡	9	6	0.667	weak
E.G.O Gift Compendium	E.G.O饰品图鉴	21	15	0.714	weak
The Calamity	灾难	10	7	0.700	weak
Traitor	叛徒	24	19	0.792	weak
The 5th Walpurgis Night	第5次 瓦尔普吉斯之夜	20	19	0.950	ok
The 6th Walpurgis Night	第6次 瓦尔普吉斯之夜	24	15	0.625	weak
The 8th Walpurgis Night	第8次 瓦尔普吉斯之夜	20	19	0.950	ok
Blubbering Toad	悲泣蟾蜍	19	19	1.000	ok
Four-hundred Roses	四百朵玫瑰	19	19	1.000	ok
Barbed Lasso	荆棘套索	22	19	0.864	ok
Returning Bloodlust	复还的血之冲动	17	17	1.000	ok
Final Power Up	最终威力强化	34	4	0.118	suspect
The Eye of Precognition	预知眼	6	6	1.000	ok
Wounded	先前战斗的负伤	45	1	0.022	suspect
Lin Daiyu	林黛玉	19	19	1.000	ok
Third Kindred	三代眷属	20	20	1.000	noise
Dreaming Electric Sheep	梦中的电子羊	19	18	0.947	ok
Dullahan	杜拉罕	18	18	1.000	ok
Thirsting	饥渴	3	1	0.333	suspect
Fluorescence	荧光灯	10	10	1.000	ok
Rights	权利	22	2	0.091	suspect
Featured	可能出现	21	1	0.048	suspect
Encounter Reward Cards	遭遇战奖励卡	22	22	1.000	ok
Wishmaking	祈愿	10	10	1.000	ok
Concentration	集中精神	24	3	0.125	suspect
HP Bullets	HP弹	12	12	1.000	ok
Section 1	第1区段	13	3	0.231	suspect
Skin Prophet	人皮预言者	18	18	1.000	ok
Ambling Pearl	陆行珍珠	18	18	1.000	ok
Dream-Devouring Siltcurrent	噬梦的浊流	18	18	1.000	ok
Larva	幼虫	26	25	0.962	ok
Blooming Thorn	绽放荆棘	18	18	1.000	ok
Eventide Glow (黃昏)	黄昏	2	2	1.000	ok
Clash Power Down	拼点威力降低	17	17	1.000	ok
Headstrong	顽强	9	8	0.889	ok
Take Less Damage	受到的伤害减少强化	34	4	0.118	suspect
Respite	安息之地	48	2	0.042	suspect
Bloodied Scabbard	染血剑鞘	16	15	0.938	ok
Redirect	卸力	46	4	0.087	suspect
My Lord	主公啊	76	1	0.013	suspect
Overloaded	过载	10	7	0.700	weak
Vroom-vroom	布隆布隆	26	23	0.885	ok
Seized	抢夺	124	2	0.016	suspect
Canned Experience	经验罐头	36	30	0.833	weak
Refraction Railway Line 4	折射轨道4号线	16	13	0.812	weak
Nothing happened.	什么都没有发生	28	9	0.321	suspect
Effloresced E.G.O::GasHarpoon	绽放E.G.O::燃气捕鲸叉	35	35	1.000	ok
The Knight of Despair	绝望骑士	15	15	1.000	ok
Blunt Power Up	打击威力提升	14	14	1.000	ok
HP Healing Down	体力恢复降低	13	13	1.000	ok
Body Reinforcement	肉体强化	2	2	1.000	ok
Shi Yihua	史易华	21	20	0.952	ok
Generator	发电机	33	18	0.545	suspect
Sea Terror Sample	恐鱼标本	13	13	1.000	ok
Bondage	拘束	2	2	1.000	ok
Corporism	人体派	13	12	0.923	ok
Undertake Prescript	执行指令	9	6	0.667	weak
Respite	暂息	48	1	0.021	suspect
The Front Gate	正门	16	5	0.312	suspect
To be Free from Aging and Death	不老不死	7	7	1.000	ok
Refraction Railway Line 1	折射轨道1号线	18	18	1.000	ok
Emptied	放空	20	4	0.200	suspect
Open Wound	创伤	7	6	0.857	ok
Base Power Up	基础威力强化	32	2	0.062	suspect
High-risk	高风险	22	9	0.409	suspect
Info. Team Passage	情报部	2	2	1.000	ok
Info. Team Lobby	情报部	2	2	1.000	ok
The Spider's Thread	蜘蛛网	6	3	0.500	suspect
Rest Stop	休息点	35	30	0.857	ok
Rest Bonus	休息奖励	20	20	1.000	ok
Number of E.G.O Gifts sold at Shops +1	[商店]	3	3	1.000	ok
Sells higher Tier E.G.O Gifts	[商店]	4	4	1.000	ok
Number of E.G.O Gifts sold at Shops +1	[商店]	3	3	1.000	ok
Refresh Cost -20%	[商店]	2	2	1.000	ok
E.G.O Gift purchase Cost -5%	[商店]	3	3	1.000	ok
Tier 1 E.G.O Gift purchase Cost -7.5%	[商店]	1	1	1.000	ok
Tier 2E.G.O Gift purchase Cost -7.5%	[商店]	1	1	1.000	ok
Tier 3 E.G.O Gift purchase Cost -7.5%	[商店]	1	1	1.000	ok
Tier 4+ E.G.O Gift purchase Cost -7.5%	[商店]	1	1	1.000	ok
Burn E.G.O Gift purchase Cost -7.5%	[商店]	1	1	1.000	ok
Bleed E.G.O Gift purchase Cost -7.5%	[商店]	1	1	1.000	ok
Tremor E.G.O Gift purchase Cost -7.5%	[商店]	1	1	1.000	ok
Rupture E.G.O Gift purchase Cost -7.5%	[商店]	1	1	1.000	ok
Sinking E.G.O Gift purchase Cost -7.5%	[商店]	1	1	1.000	ok
Poise E.G.O Gift purchase Cost -7.5%	[商店]	1	1	1.000	ok
Charge E.G.O Gift purchase Cost -7.5%	[商店]	1	1	1.000	ok
Slash E.G.O Gift purchase Cost -7.5%	[商店]	1	1	1.000	ok
Pierce E.G.O Gift purchase Cost -7.5%	[商店]	1	1	1.000	ok
Blunt E.G.O Gift purchase Cost -7.5%	[商店]	1	1	1.000	ok
Keywordless E.G.O Gift Purchase Cost -7.5%	[商店]	1	1	1.000	ok
Number of E.G.O Gifts sold at Shops +1	[商店]	3	3	1.000	ok
Tier 1 E.G.O Gift sale Cost +20%	[商店]	1	1	1.000	ok
Tier 2 E.G.O Gift sale Cost +20%	[商店]	1	1	1.000	ok
Tier 3 E.G.O Gift sale Cost +20%	[商店]	1	1	1.000	ok
Tier 4+ E.G.O Gift sale Cost +20%	[商店]	1	1	1.000	ok
Skill Replacement Cost -20%	[商店]	2	2	1.000	ok
20% chance for a Cost-free Refresh	[商店]	1	1	1.000	ok
Purchased	已购买	27	5	0.185	suspect
{0}F	{0}层	1	1	1.000	ok
Defense Mechanism	防御机制	16	16	1.000	ok
Tenacious	坚韧	16	3	0.188	suspect
Deep Breath	深呼吸	24	10	0.417	suspect
Bloodfiend Hunter	血魔猎人	14	13	0.929	ok
Borrow Time	时间租赁	8	8	1.000	ok
Kidnappers	绑匪	9	8	0.889	ok
The Diary	日记本	16	7	0.438	suspect
Roseate Desire	粉红欲望	17	17	1.000	ok
Refraction Railway Line 3	折射轨道3号线	15	15	1.000	ok
Lobotomy Corp. Headquarters	脑叶公司本部	7	7	1.000	ok
Persistence	坚韧	23	2	0.087	suspect
Accumulated Past	累积的过去	16	16	1.000	ok
Flotsam	漂流物	23	12	0.522	suspect
Extra Charge	额外消耗	1	1	1.000	ok
Bestow	指点	68	1	0.015	suspect
Lost & Found	失物招领处	34	33	0.971	ok
The Makeover	打扮	2	2	1.000	ok
Inspection	盘查	29	1	0.034	suspect
The 3rd Walpurgis Night	第3次 瓦尔普吉斯之夜	17	16	0.941	ok
Refraction Railway Line 5	折射轨道5号线	15	13	0.867	ok
The Artery	动脉	10	10	1.000	ok
Corpus Ingredient	活体材料	16	16	1.000	ok
Prescript: [Device] I	指令[终端]I	32	32	1.000	ok
Night Drifter of the Drunken Palm	醉手夜客	12	12	1.000	ok
Offense level+	攻击等级 +	2	2	1.000	ok
Unjust Enrichment	不义之财	6	4	0.667	weak
Scorchfield	灼热地带	10	10	1.000	ok
Final Power Spurt	最终威力增强	2	2	1.000	ok
Offense Level+	攻击等级 +	2	2	1.000	ok
Squalidity	污秽	3	1	0.333	suspect
Resolution	决意	21	3	0.143	suspect
Flower-burying Pin	葬花针	14	14	1.000	ok
S.E.A.	去·海·边	9	6	0.667	weak
The Spiders' Thread	蜘蛛网	2	1	0.500	suspect
The 4th Walpurgis Night	第4次 瓦尔普吉斯之夜	16	15	0.938	ok
Bloodthirst	渴血	26	5	0.192	suspect
BongBong Orange	橙子味的噗扭扭	4	4	1.000	ok
Predation	捕食	6	6	1.000	ok
사용하지 않음	未使用	5	4	0.800	weak
Floor Theme	阶层主题	13	9	0.692	weak
For the Family	为了家人	25	7	0.280	suspect
Palermitan Style	巴勒莫剑术	27	3	0.111	suspect
Golden Time	黄金时间	15	15	1.000	ok
The 2nd Walpurgis Night	第2次 瓦尔普吉斯之夜	16	15	0.938	ok
Make a Wish	祈愿	2	1	0.500	suspect
Omen Talisman	不祥符咒	16	16	1.000	ok
K Corp Ampule	K公司的安瓿	8	8	1.000	ok
Base Power Spurt	基础威力增强	2	2	1.000	ok
Overwhelmed	无措	17	3	0.176	suspect
Öufi Assoc. Director	Öufi协会收尾人 科长	1	1	1.000	ok
Maw	大嘴	75	5	0.067	suspect
Logs	记录阅览	42	1	0.024	suspect
Hatching	孵化	3	2	0.667	weak
Prosthetic Fixers	义体收尾人	3	1	0.333	suspect
Hell’s Chicken	地狱鸡	22	22	1.000	ok
Steam Transport Machine	蒸汽运输机	13	13	1.000	ok
Assist Attack	援护攻击	17	13	0.765	weak
Focused Attack	集中攻击	13	12	0.923	ok
Corpus Theater	人体观剧	16	16	1.000	ok
Pierce DMG Up	突刺伤害强化	13	13	1.000	ok
Frailness	衰弱	10	10	1.000	ok
Event Effect	事件效果	8	8	1.000	ok
Kkomi	可米	18	18	1.000	ok
Mirror of Names and Spiders	名与蛛之镜	29	29	1.000	ok
Select Sinner	选择罪人	8	5	0.625	weak
Just in Case	有备无患	48	1	0.021	suspect
My Responsibility	我来负责	15	2	0.133	suspect
Multifold Retribution	加倍奉还	10	10	1.000	ok
Introductions	自我介绍	10	4	0.400	suspect
Misconceptions	误解	2	1	0.500	suspect
Concept Incinerator	概念焚化炉	16	16	1.000	ok
R.B.	良·派	14	14	1.000	ok
Ebony Queen's Apple	黑檀女王的苹果	14	14	1.000	ok
SP Heal Efficiency Down	理智值恢复效率减少	14	14	1.000	ok
Iron Maiden	铁处女	14	14	1.000	ok
Unlock - II	解放 - II	30	28	0.933	ok
Amplitude Entanglement	振幅纠缠	13	13	1.000	ok
Blunt Fragility	打击易损	14	14	1.000	ok
Decay Ampule	崩解安瓿	18	17	0.944	ok
SP Loss Efficiency	理智值减少效率	13	13	1.000	ok
Amplitude Conversion	振幅转换	11	9	0.818	weak
Time Moratorium	时间延付	13	12	0.923	ok
Unrelenting Storm	迫近	3	2	0.667	weak
Shattermark	破碎痕	13	13	1.000	ok
The Knight of the White Moon	白月骑士	25	23	0.920	ok
Xue Pan	薛蟠	13	12	0.923	ok
The Roach Emperor	蜚蠊皇帝	6	6	1.000	ok
Mirror of Mirrors	镜中之镜	14	14	1.000	ok
Suspicion	疑心	47	3	0.064	suspect
School of Corporism	人体派	3	2	0.667	weak
Unobservable	无法观测	15	11	0.733	weak
The Weak	弱者	29	9	0.310	suspect
Attachment	依恋	27	6	0.222	suspect
Onus	压迫感	457	6	0.013	suspect
The Yellow Harpoon	蜜黄标枪	14	13	0.929	ok
Trussed	捕缚	10	10	1.000	ok
Remembrance	追悼	13	2	0.154	suspect
Regroup	重整旗鼓	19	9	0.474	suspect
Firepower	火力	10	7	0.700	weak
In the Future	未来状态	40	6	0.150	suspect
Downpour	暴雨	14	5	0.357	suspect
Fluorescent Lamp	荧光灯	5	5	1.000	ok
Sword Sharpened with Tears	泪锋之剑	11	11	1.000	ok
Free Lunacy	免费狂气	14	14	1.000	ok
The Noon of Violet	紫罗兰的正午	15	14	0.933	ok
The Dusk of Amber	琥珀色的黄昏	14	13	0.929	ok
Summary	概要	23	2	0.087	suspect
Unacquired	未拥有	3	2	0.667	weak
Impale	剜出	61	1	0.016	suspect
The Ring Fauvist Student	环指 野兽派学徒	16	11	0.688	weak
oh no	本不该如此	32	1	0.031	suspect
Baile y Rola	舞蹈	4	1	0.250	suspect
The Hierarchy	排名	5	2	0.400	suspect
Terra	泰拉	32	17	0.531	suspect
Combat Capability	战斗力	6	4	0.667	weak
Impurity	不洁	8	5	0.625	weak
Tangle	捆缚	283	6	0.021	suspect
Savage Tigermark Round	猛虎标弹	14	14	1.000	ok
Degraded Corrosion	劣化侵蚀	13	13	1.000	ok
Moonlight	月华	27	3	0.111	suspect
Rags	破布	32	5	0.156	suspect
Baba Yaga	芭芭雅嘎	15	15	1.000	ok
Nocturnal Sweeping BokGak	深夜清扫 复刻	14	12	0.857	ok
Fair Winds	顺风	1	1	1.000	ok
Strife	斗争	25	1	0.040	suspect
Standby	待命状态	25	7	0.280	suspect
Xue Baochai	薛宝钗	13	12	0.923	ok
N Corp. Fanatic	N公司狂信徒	15	15	1.000	ok
So That No One Will Cry	因而无人哭泣	25	25	1.000	ok
Fairy-Long-Legs	长腿精灵	12	12	1.000	ok
Distorted Hohenheim	扭曲的霍恩海姆	11	11	1.000	ok
Training Team Captain	培训部队长	16	10	0.625	weak
Blood Sac	血囊	13	12	0.923	ok
Sinking Deluge	沉沦泛滥	11	11	1.000	ok
Overcharge	过度充能	18	15	0.833	weak
Enkephalin Box	脑啡肽盒子	16	16	1.000	ok
Severed Thread	被斩断的线	10	10	1.000	ok
2 Gifts	2件	1	1	1.000	ok
Choice Effects	事件效果	1	1	1.000	ok
Default	默认	23	6	0.261	suspect
Frenzy	热气	16	2	0.125	suspect
Reinforcements	战力强化	35	3	0.086	suspect
...ked	…记	1	1	1.000	ok
Sharp Edge	利刃	8	4	0.500	suspect
Reclaiming	夺回	2	1	0.500	suspect
The Carousel	旋转木马	8	8	1.000	ok
Poisonous Dimension	剧毒沸腾的次元	12	12	1.000	ok
Blood-tinged Scissorblades II	染血的剪刃II	14	14	1.000	ok
Bloodied Hand II	染血之手II	14	14	1.000	ok
Hardblood II	硬血II	14	14	1.000	ok
Thrashing to Hatch	为破卵而出的挣扎	12	12	1.000	ok
Plus Coin Boost	加算硬币强化	12	12	1.000	ok
Pink Ribbons	粉红丝带	14	6	0.429	suspect
Photoelectricity	光电	14	2	0.143	suspect
Blue Sand	青沙	11	11	1.000	ok
Resentful Scabbard	寄宿怨恨的剑鞘	10	10	1.000	ok
Clash Power Spurt	拼点威力增强	2	2	1.000	ok
Mounting Trials	追加的苦难	18	8	0.444	suspect
Shelter	避难所	33	2	0.061	suspect
Dodoru	多多鲁	17	16	0.941	ok
Rufo	卢佛	14	13	0.929	ok
Mariachi Alegre	阳光的流浪乐队成员	3	3	1.000	ok
Inverted Scale	逆鳞	9	8	0.889	ok
Featured	可出现	21	2	0.095	suspect
NOTHING TO SEE HERE	不该出现的文本	6	6	1.000	ok
Clear Rewards	清剿奖励	25	3	0.120	suspect
Violin	小提琴	13	13	1.000	ok
Second Kindred	二代眷属	14	13	0.929	noise
Perky Penguins	企鹅班	13	12	0.923	ok
Coagulated Blood	硬化血液	4	2	0.500	suspect
Resonant	共振	12	5	0.417	suspect
Gaze of Contempt	轻蔑的视线	9	9	1.000	ok
Denial [不許]	不许	2	2	1.000	ok
Faint Aroma	余香	8	8	1.000	ok
Four-leaf Clover	四叶草	6	6	1.000	ok
Devotion	虔诚	12	1	0.083	suspect
Bongy Plush	小凤玩偶	21	21	1.000	ok
Hand of the Saint	圣徒之手	10	10	1.000	ok
Fruit of Understanding	理解的果实	10	10	1.000	ok
BongBong [Orange]	噗扭扭[橙子味]	23	23	1.000	ok
On Team	在队伍中	39	1	0.026	suspect
Unlocks Burn E.G.O Gifts Category	[初始E.G.O饰品]	1	1	1.000	ok
Unlocks Bleed E.G.O Gifts category	[初始E.G.O饰品]	1	1	1.000	ok
Unlocks Tremor E.G.O Gifts category	[初始E.G.O饰品]	1	1	1.000	ok
Unlocks Rupture E.G.O Gifts category	[初始E.G.O饰品]	1	1	1.000	ok
Unlocks Sinking E.G.O Gifts category	[初始E.G.O饰品]	1	1	1.000	ok
Unlocks Poise E.G.O Gifts category	[初始E.G.O饰品]	1	1	1.000	ok
Unlocks Charge E.G.O Gifts category	[初始E.G.O饰品]	1	1	1.000	ok
Unlocks Slash E.G.O Gifts category	[初始E.G.O饰品]	1	1	1.000	ok
Unlocks Pierce E.G.O Gifts category	[初始E.G.O饰品]	1	1	1.000	ok
Unlocks Blunt E.G.O Gifts category	[初始E.G.O饰品]	1	1	1.000	ok
Deal +2.5% damage	[战斗]	33	4	0.121	suspect
Offense Level +1	[战斗]	100	2	0.020	suspect
Take -2.5% damage	[战斗]	4	4	1.000	ok
Defense Level +1	[战斗]	57	3	0.053	suspect
Incomplete	未达成	33	1	0.030	suspect
Exploring	探索进行中	25	1	0.040	suspect
Bloodsucking	吸血	10	7	0.700	weak
Domineer	威严	6	2	0.333	suspect
Section 2	第2区段	10	2	0.200	suspect
Rocks	暗礁	20	3	0.150	suspect
The Fireplace	壁炉	9	7	0.778	weak
???'s Fathoms	？？？的心象	23	23	1.000	ok
Tedium	乏味	14	1	0.071	suspect
Portrait of a Certain Day	某日的肖像	22	22	1.000	ok
Podao	朴刀	12	10	0.833	weak
Lævateinn	莱瓦汀	22	22	1.000	ok
Tear-sharpened	泪锋	5	5	1.000	ok
Wrath Fragility	暴怒易损	11	11	1.000	ok
Red Plum Blossom	红梅	8	8	1.000	ok
Refracted Rupture	折射的破裂	11	11	1.000	ok
Ritual Square	仪式广场	11	11	1.000	ok
Exquisite Artwork	杰作	2	2	1.000	ok
Number-nuts Hooligan	不识数的流氓	9	9	1.000	ok
Classified Data	机密文件	8	7	0.875	ok
Chachihu [揷翅虎]	插翅虎	3	3	1.000	ok
It's Not Over Yet	还没结束	3	1	0.333	suspect
Grueling Battle	苦战	7	1	0.143	suspect
NOT FOR DISPLAY	不该出现的文本	6	2	0.333	suspect
For Everyone	为了所有人	27	3	0.111	suspect
Affection and Resentment	爱憎	11	11	1.000	ok
Swordplay of the Homeland [Sal]	本国剑术[肉]	21	21	1.000	ok
Compulsion	自残	18	5	0.278	suspect
Eyes and Teeth for an Eye	加倍奉还	2	2	1.000	ok
Kumo no Ito · otI on akA	蛛丝赤	11	9	0.818	weak
Right Heart Atrium	右心房	10	10	1.000	ok
A Drop	落坠的一滴	29	1	0.034	suspect
Leafy Gnome	绿色小矮人	1	1	1.000	ok
Cherry Gnome	红色小矮人	1	1	1.000	ok
The Last Knight	最后的骑士	10	10	1.000	noise
Doomsday Clay Doll	终末土偶	8	8	1.000	ok
Confirmation Bias	验证偏差	10	10	1.000	ok
This Can't Be	这不可能	11	1	0.091	suspect
Clear Turns	通关回合数	7	6	0.857	ok
Enemy Buffs	敌方BUFF	9	2	0.222	suspect
Clear Info	通关信息	11	10	0.909	ok
There's no TIME	没时间了	12	2	0.167	suspect
New Hires	新员工	14	6	0.429	suspect
Hide-and-Seek	捉迷藏	13	8	0.615	weak
The Negotiation	谈判	5	1	0.200	suspect
X Corp.	X公司	13	13	1.000	ok
Cheery Chickies	小鸡班	12	10	0.833	weak
Daily Life	日常生活	8	6	0.750	weak
Stand in his way.	阻止他。	9	9	1.000	ok
Drenched Gossypium	浸染棉花	11	11	1.000	ok
Peccatulum Irae	暴怒罪种	10	10	1.000	ok
Prey Mark	猎物标记	15	11	0.733	weak
Breaking Heart	撕碎的心	6	5	0.833	weak
Blood-tinged Scissorblades III	染血的剪刃III	10	10	1.000	ok
Bloodied Hand III	染血之手III	10	10	1.000	ok
Hardblood III	硬血III	10	10	1.000	ok
Dialogues	问答	5	2	0.400	suspect
Dihui Star's Blade	地慧星刀	10	10	1.000	ok
Acceleration Round	加速弹	10	10	1.000	ok
Imitation of a Father	仿造的父辈	10	10	1.000	ok
Time Acceleration	时间加速	8	7	0.875	ok
Oppression	无措	6	2	0.333	suspect
Wrath DMG Up	暴怒伤害强化	10	10	1.000	ok
Sloth DMG Up	怠惰伤害强化	10	10	1.000	ok
Golden Sheen	金光	5	5	1.000	ok
Interlocking Time	啮合的时间	10	10	1.000	ok
Pierce Power Up	突刺威力提升	10	10	1.000	ok
Echoes of the Manor	山庄的回响	10	10	1.000	ok
Contempt of the Gaze	视线的轻蔑	9	9	1.000	ok
Final Power Boost	最终威力增幅	10	2	0.200	suspect
Hemorrhaging Dimension	血流成河的次元	10	10	1.000	ok
Tremoring Dimension	震颤不止的次元	10	10	1.000	ok
Electrifying Dimension	电流涌动的次元	10	10	1.000	ok
Seasonal	赛季任务	17	2	0.118	suspect
Black Ledger	黑色账簿	10	10	1.000	ok
Rusted Hilt	锈蚀的刀柄	10	10	1.000	ok
Gondola	座舱	10	10	1.000	ok
Old G Corp. Head Manager	旧G公司部长	6	5	0.833	weak
Steam Blaster	蒸汽枪	7	7	1.000	ok
Bus-modifying Scrap	巴士改装废料	13	2	0.154	suspect
Entertainment	玩世不恭	23	1	0.043	suspect
Blinkblade	快刀	1	1	1.000	ok
Try Again	再次挑战	26	1	0.038	suspect
Active Effects	生效的效果	10	3	0.300	suspect
Decay Ampules	崩解安瓿	4	4	1.000	ok
Capo IIII	指挥官IIII	10	10	1.000	ok
Peccatulum Pigritiae	怠惰罪种	10	9	0.900	ok
You Want To Get Beat? Hurtily?	你想挨打吗？很想？	11	11	1.000	ok
Will You Play?	玩吗？	17	16	0.941	ok
Deception	暗算	17	5	0.294	suspect
Way of the Blade	剑道	12	10	0.833	weak
Central Command Team Captain	中央本部队长	10	10	1.000	ok
Envy Fragility	嫉妒易损	7	7	1.000	ok
Weakness Analyzed	弱点分析	8	8	1.000	ok
Max HP Up	体力上限提升	11	4	0.364	suspect
Bloodflame [血炎]	血炎	2	2	1.000	ok
Phantom Trace	残影	4	4	1.000	ok
Blooming Sin	绽放的罪孽	12	7	0.583	suspect
Affection and Hatred	爱与憎	1	1	1.000	ok
Heart of the Whale	鲸的心脏	6	5	0.833	weak
Equalizer	平等	1	1	1.000	ok
Chains of Loyalty	忠义锁链	9	9	1.000	ok
Lightning Rod	避雷针	12	8	0.667	weak
Right Hand	右手	10	7	0.700	weak
Mariachi Vivaz	轻快的流浪乐队成员	3	3	1.000	ok
Level Boost Ticket V	人格等级直升券V	14	14	1.000	ok
LCB Regular Check-up BokGak	LCB定期体检 复刻	10	9	0.900	ok
Purchase E.G.O Gifts	购买E.G.O饰品	7	7	1.000	ok
E.G.O Gift Enhance Cost -7.5%	[休息点]	17	17	1.000	ok
Tier 1 E.G.O Gift Enhance Cost -7.5%	[休息点]	1	1	1.000	ok
Tier 2 E.G.O Gift Enhance Cost -7.5%	[休息点]	1	1	1.000	ok
Tier 3 E.G.O Gift Enhance Cost -7.5%	[休息点]	1	1	1.000	ok
Tier 4+ E.G.O Gift Enhance Cost -7.5%	[休息点]	1	1	1.000	ok
Burn E.G.O Gift Enhance Cost -7.5%	[休息点]	1	1	1.000	ok
Bleed E.G.O Gift Enhance Cost -7.5%	[休息点]	1	1	1.000	ok
Tremor E.G.O Gift Enhance Cost -7.5%	[休息点]	1	1	1.000	ok
Rupture E.G.O Gift Enhance Cost -7.5%	[休息点]	1	1	1.000	ok
Sinking E.G.O Gift Enhance Cost -7.5%	[休息点]	1	1	1.000	ok
Poise E.G.O Gift Enhance Cost -7.5%	[休息点]	1	1	1.000	ok
Charge E.G.O Gift Enhance Cost -7.5%	[休息点]	1	1	1.000	ok
20% chance to refund Enhancement Cost	[休息点]	1	1	1.000	ok
E.G.O Gift Enhance Cost -10%	[休息点]	1	1	1.000	ok
Slash E.G.O Gift Enhance Cost -7.5%	[休息点]	1	1	1.000	ok
Pierce E.G.O Gift Enhance Cost -7.5%	[休息点]	1	1	1.000	ok
Blunt E.G.O Gift Enhance Cost -7.5%	[休息点]	1	1	1.000	ok
Keywordless E.G.O Gift Enhance Cost -7.5%	[休息点]	1	1	1.000	ok
Unselectable	无法选择	4	2	0.500	suspect
E.G.O Gift Search	E.G.O饰品观测	9	9	1.000	ok
Virescent Pyrojade	翠炎玉器	10	10	1.000	ok
ANIKSHANA	不该出现的文本	1	1	1.000	ok
THREE WISE TEXTS	不该出现的文本	1	1	1.000	ok
Meat Gear	血肉齿轮	10	10	1.000	ok
Inaccessible	无法阅览	16	1	0.062	suspect
Early Elephants	大象班	12	10	0.833	weak
Peccatulum Gulae	暴食罪种	9	9	1.000	ok
Peccatulum Morositatis	忧郁罪种	9	9	1.000	ok
Sleeping Bag of a Bygone Day	往昔的睡袋	18	18	1.000	ok
Der Fluchschütze	凶弹射手	18	18	1.000	ok
Flash Phenomenon	闪光现象	9	9	1.000	ok
Festive Fever	庆典的热潮	6	6	1.000	ok
Starved and Withered	饥饿与衰老	9	9	1.000	ok
Fixed Panic	固定恐慌	9	9	1.000	ok
Deep Inhale	深呼吸	2	2	1.000	ok
Dark Cloud Blade	黑云刀	6	6	1.000	ok
Final Power Boost I	最终威力增强I	8	8	1.000	ok
Resilient I	强韧I	14	14	1.000	ok
Crown of Thorns	冠冕	10	6	0.600	weak
Red-stained Gossypium	红染棉花	9	9	1.000	ok
Nebulizer	雾化吸入器	11	9	0.818	weak
Refracted Bleed	折射的流血	9	9	1.000	ok
Limbus Pass Package Special Banner	边狱组合包特别横幅	4	4	1.000	ok
Broken Blade	损坏的刀刃	13	11	0.846	weak
Metronome	节拍器	9	9	1.000	ok
Carmilla	卡蜜拉	11	8	0.727	weak
Artistic Sense	美感	3	3	1.000	ok
Reverberation	残响	12	9	0.750	weak
Golden Hour	黄金时间	2	1	0.500	suspect
Ohra Bond	捕绳	11	11	1.000	ok
Famished Hooligan	饥肠辘辘的流氓	8	8	1.000	ok
Flower-burying Wedge	葬花楔	9	9	1.000	ok
Pocket Watch Bundle	成捆怀表	7	7	1.000	ok
Fixer Recov. Pack	收尾人乘客复原包	7	7	1.000	ok
Keyword Refresh	关键词刷新	9	9	1.000	ok
In Memoriam	追悼	4	3	0.750	weak
Reloader	再次装填	1	1	1.000	ok
Koi-Koi [こいこい]	来来	1	1	1.000	ok
Estimation	评估	7	1	0.143	suspect
LOOK AWAY!	不该出现的文本	3	2	0.667	weak
Mission Progress	执行任务	2	1	0.500	suspect
Banner Requisites	横幅获取条件	9	9	1.000	ok
Contestants	选手入场	20	1	0.050	suspect
Off the Bus	全员下车	17	5	0.294	suspect
The Vehicle	移动装置	14	2	0.143	suspect
Dissolution	瓦解	4	2	0.500	suspect
Soldato II	士兵II	10	9	0.900	ok
Fairy Longlegs	长腿精灵	2	2	1.000	ok
Fairy Mass	精灵畸块	10	9	0.900	ok
Written in the Book	写进账簿	9	6	0.667	weak
Swig	小酌	15	4	0.267	suspect
Mutilated Memory	被千刀万剐的记忆	7	7	1.000	ok
Intelligence Gathering	获取情报	7	6	0.857	ok
Dokkaebi Arms	鬼怪之臂	8	8	1.000	ok
Welfare Team Model Employee	福利部优秀员工	9	9	1.000	ok
Lust Fragility	色欲易损	8	8	1.000	ok
Erudition	磨砺学识	14	4	0.286	suspect
Impending Ruin	破灭将至	6	6	1.000	ok
Exalted Command	遵命	2	2	1.000	ok
In the Present	现在状态	14	6	0.429	suspect
Heal All	全体恢复	23	1	0.043	suspect
Santata	桑塔塔	11	10	0.909	ok
Left Leg	左腿	9	8	0.889	ok
Bean-hating Tingtanger	讨厌豆子的豆豆帮成员	1	1	1.000	ok
King Trash Crab	帝王废料蟹	7	7	1.000	ok
Level Boost Ticket I	人格等级直升券I	15	15	1.000	ok
Ritornello	Ritornello	9	9	1.000	ok
Pack Search	主题卡包观测	7	7	1.000	ok
Theme Pack Observation	主题卡包观测	7	7	1.000	ok
Ignition	引燃	65	1	0.015	suspect
Territory Protection	地区保护	9	7	0.778	weak
Captain's Orders	船长的命令	11	6	0.545	suspect
The Fixer at the Crack of Dawn	黎明时分的收尾人	10	10	1.000	ok
Thought Gear	思想齿轮	10	10	1.000	ok
HP Ampule	HP安瓿	10	10	1.000	ok
Backup Deployed	待命人员编队	1	1	1.000	ok
Recommended Levels	入场推荐配置	8	5	0.625	weak
The Spider's Thread	蜘蛛丝	6	3	0.500	suspect
Stop Right There	别动	9	1	0.111	suspect
The Next Destination	下一个目的地	4	3	0.750	noise
The Second Smoke War	第二次烟霾战争	9	9	1.000	noise
Tiansha Star	天杀星	16	16	1.000	ok
False Apple	假苹果	8	8	1.000	ok
Headchicken a.k.a. Bongy	猎头鸡 a.k.a. 小凤	8	8	1.000	ok
Dongrang, Who Denies All	否定一切的东朗	4	4	1.000	ok
Shin (心) - Tiantui Star [天退星]	心-天退星	16	16	1.000	ok
Heart of Evil	邪心	6	5	0.833	weak
Propellant Ammo	推进弹	7	7	1.000	ok
The Third Wave	第三波	10	7	0.700	noise
Prescript: [Paper Slip] I	指令[纸条]I	16	16	1.000	ok
Prescript: [Device] II	指令[终端]II	16	16	1.000	ok
The Middle - Grudge	中指-仇怨	10	10	1.000	ok
Red String	赤丝	8	8	1.000	ok
Prisoner Transport Arrangements	押送准备	8	8	1.000	ok
Memory Transition	记忆转换	8	8	1.000	ok
Mauled Color [Rouge]	被撕裂的色彩[红色]	16	16	1.000	ok
Mauled Color [Bleu]	被撕裂的色彩[蓝色]	16	16	1.000	ok
Growing Resentment	郁积的怨结	9	7	0.778	weak
Taunt	嘲讽	11	4	0.364	suspect
Envy DMG Up	嫉妒伤害强化	9	9	1.000	ok
Sloth Fragility	怠惰易损	5	5	1.000	ok
Capacitor	蓄能	7	6	0.857	ok
Wavering Emotions	飘忽不定的情绪	8	8	1.000	ok
Wrath Power Up	暴怒威力提升	8	8	1.000	ok
Nutrient Drain	吸收养分	7	7	1.000	ok
Longing	思慕	41	3	0.073	suspect
Volatile Passion	不稳定的激情	8	8	1.000	ok
Lust Power Up	色欲威力提升	8	8	1.000	ok
Overheated Fuel	过热燃料	6	6	1.000	ok
E.G.O Passives	E.G.O被动技能	9	5	0.556	suspect
Battle Instinct	战斗直觉	5	5	1.000	ok
Base Power Boost I	基础威力增强I	6	6	1.000	ok
Base Power Boost	基础威力增幅	8	2	0.250	suspect
Bloomed Rose	绽放的玫瑰	8	8	1.000	ok
Grand Welcome	盛情款待	9	8	0.889	ok
Homeward	归途	11	4	0.364	suspect
Left Hand	左手	9	7	0.778	weak
Sharp Hooligan	敏锐的流氓	7	7	1.000	ok
Crooked Veteran	卑鄙的残兵	2	2	1.000	ok
Thread Crate	纺锤箱	14	14	1.000	ok
[Sweeper Fuel Cylinder]	清道夫液态燃料罐	15	15	1.000	ok
Timekilling Time BokGak	时间杀人时间 复刻	7	7	1.000	ok
Bloodtinged Ichthyic Odor	血腥味	1	1	1.000	ok
Selected E.G.O Gift	选择E.G.O饰品	4	2	0.500	noise
Theme Pack Compendium	主题卡包图鉴	8	8	1.000	ok
Effective Affinities	有利属性	3	1	0.333	suspect
E.G.O Gift Tiers	E.G.O饰品等级	2	2	1.000	ok
Default	默认排序	23	1	0.043	suspect
Defibrillation	除颤	5	5	1.000	ok
La Spada di Palermo	巴勒莫之剑	8	8	1.000	ok
Uncovered Abyss	显露的深渊	8	8	1.000	ok
Effloresced E.G.O::Procuration	绽放E.G.O::代行	18	16	0.889	ok
Fate Lost	偏离命运	8	8	1.000	ok
The Winner	胜利者	14	1	0.071	suspect
Le Regole	纪律	5	5	1.000	ok
Happiness, Joy	喜、乐	15	15	1.000	ok
Inherited Will of Hongyuan	传承的鸿园之意	5	5	1.000	ok
E.G.O Resource Amp	E.G.O资源获取量提升	8	8	1.000	ok
L'Hommage	敬意	4	4	1.000	ok
Inhaling	吸血	4	1	0.250	suspect
Fractured Blade	破碎的刀刃	7	7	1.000	ok
Thrill	快感	26	4	0.154	suspect
Left Eye	左眼	8	8	1.000	ok
Identity Takeoff Ticket	人格跳跃成长券	6	6	1.000	ok
Select E.G.O Gift	选择E.G.O饰品	1	1	1.000	ok
Active Effects	当前效果	10	5	0.500	suspect
New Discovery	新发现	1	1	1.000	ok
Cannot Progress	无法进行	1	1	1.000	ok
Enhancement Tier	强化阶段	1	1	1.000	ok
Prepared Mind	心理准备	1	1	1.000	ok
Your Shield	您的盾牌	7	7	1.000	ok
Repression Work	压迫工作	8	7	0.875	ok
Dimensional Escape	次元逃逸	8	5	0.625	weak
Maladaptation	不适应	7	7	1.000	ok
Next Station	下一站	8	8	1.000	noise
M Corp.	M公司	10	10	1.000	ok
First Kindred	一代眷属	10	8	0.800	noise
Peccatulum Superbiae	傲慢罪种	7	7	1.000	ok
Effloresced E.G.O::Spicebush	绽放E.G.O::山茶花	5	4	0.800	weak
Bloodfeast Consumed	消耗血宴总数	9	5	0.556	suspect
Escape Battle	脱离战斗	7	2	0.286	suspect
Yearning for Blood	血之渴望	11	6	0.545	suspect
Unlock - III	解放 - III	14	14	1.000	ok
Sealed Sword	封印之剑	7	7	1.000	ok
Developed Memories	显影的记忆	7	7	1.000	ok
Weathered Knight	饱经风霜的骑士	9	9	1.000	ok
Envy Power Up	嫉妒威力提升	7	7	1.000	ok
Dejection	抑郁	10	5	0.500	suspect
Rupture Fragility	破裂易损	7	7	1.000	ok
Molted Shell Shot	蟹壳废料弹	6	6	1.000	ok
Flower-burying Pin [埋花針]	葬花针	4	4	1.000	ok
Fire Butterfly Coffin	炎蝶之棺	7	7	1.000	ok
Clash Attack Boost	拼点攻击增强	8	6	0.750	weak
Indulged	饱腹感	6	3	0.500	suspect
Prejudice	偏见	4	4	1.000	ok
Finifugality	留恋	1	1	1.000	ok
Wang Qingshan	王清山	8	8	1.000	ok
Mirror of the Lake	湖之镜	8	8	1.000	ok
Participant	已参战	35	1	0.029	suspect
Thunder	霹雳	82	1	0.012	suspect
Gain +50 Starting Cost	[通用]	5	4	0.800	weak
Gain +50 Starting Cost	[通用]	5	4	0.800	weak
Starlight Cost	消耗星芒	1	1	1.000	ok
And Pull	拖动	24	1	0.042	suspect
Parallel Superposition EXTREME	平行叠加极限模式	7	7	1.000	ok
Theme Pack-Exclusive	主题卡包限定	7	5	0.714	weak
Tiantui Star's Blade [天退星刀]	天退星刀	4	4	1.000	ok
Please, try again	再试一次	1	1	1.000	ok
Jealousness	猜疑	1	1	1.000	ok
Combat-Ready	临战状态	7	5	0.714	weak
The Northern Fixer	北部收尾人	1	1	1.000	ok
Stinging	刺痛不已	11	2	0.182	suspect
Memory Wipe Procedure	记忆消除	7	5	0.714	weak
Heishou Pack - Wu Branch	黑兽 - 午	9	9	1.000	ok
Heathcliff, The Heartbroken	心被撕碎的希斯克利夫	5	4	0.800	weak
Peccatulum Luxuriae	色欲罪种	7	6	0.857	ok
Black Ledger Choice	黑色账簿 选项	8	5	0.625	weak
Queequeg's Ego	魁魁格的自我	6	6	1.000	ok
Inferiority Complex	自卑感	5	5	1.000	ok
The First Wave	第一波	7	6	0.857	noise
The Duel Escalates	决斗高潮	6	6	1.000	ok
Outmoded Art	过时的艺术	5	5	1.000	ok
Shame of the Family	家族之耻	5	5	1.000	ok
Stored Blood	浸染的血液	7	5	0.714	weak
Standby State	待命状态	6	6	1.000	ok
Trauma Shield	精神屏蔽力场	6	6	1.000	ok
Preparing Herd Migration	群体移动准备	2	2	1.000	ok
Contamination	秽物	13	2	0.154	suspect
Before the King	御前	5	5	1.000	ok
Blubberbubble	泪珠	4	4	1.000	ok
버프 이름	增益名称	16	13	0.812	weak
Battle Pass XP	通行证经验	4	4	1.000	ok
Ragged Umbrella	破损的雨伞	10	5	0.500	suspect
Bloodflame Sword	血炎刀	1	1	1.000	ok
Giant Leaf	巨大的叶子	8	6	0.750	weak
Vulgar Veteran	粗俗的残兵	2	2	1.000	ok
Right Leg	右腿	7	6	0.857	ok
Chest-puffing Tingtanger	表现欲强的豆豆帮成员	1	1	1.000	ok
Flexing Tieqiu Crewman	正在热身的铁工会成员	3	3	1.000	ok
Interrogative N Corp. Inquisitor	擅长审讯的N公司异端审判官	3	3	1.000	ok
Hatred and Despair	憎恶与绝望	7	7	1.000	ok
Not Enough Starlight	星芒不足	9	7	0.778	weak
Floor In Progress	当前阶层	1	1	1.000	ok
Too Slow	太慢了	12	3	0.250	suspect
The Middle Never Forgets	中指永不遗忘	11	6	0.545	suspect
Explosive Emotions	爆发的情感	3	3	1.000	ok
Time to Hunt	狩猎时刻	7	4	0.571	suspect
Blade Dance	剑舞	6	5	0.833	weak
Jin Gang Bolus	金刚丹丸	7	6	0.857	ok
Gungnir	冈格尼尔	11	11	1.000	ok
Into the Dark	步入黑暗	18	2	0.111	suspect
Isabella	伊莎贝拉	8	8	1.000	ok
To The Rooftop	去屋顶	17	2	0.118	suspect
Next Car	下一节车厢	9	9	1.000	noise
Try Talking	与其搭话。	12	1	0.083	suspect
Bamboo-hatted Kim's Past 3	金笠的过去 3	6	6	1.000	ok
Doomsday Calendar-A	终末日历-A	6	6	1.000	ok
Pink Shoes-A	粉红鞋-A	6	6	1.000	ok
Papa Bongy	凤老爹	6	6	1.000	ok
Try Talking	尝试着交流。	12	1	0.083	suspect
Deep Bereavement	深切的丧失感	6	6	1.000	ok
Torn Memory	撕裂的回忆	6	6	1.000	ok
Hollow Obedience	空虚的顺从	6	6	1.000	ok
Repressed Bloodthirst	压抑的杀气	4	4	1.000	ok
Moonlit Azure Blade	月下青刀	6	6	1.000	ok
Ragged Breath	紊乱的呼吸	6	5	0.833	weak
Gungnir's Droning	冈格尼尔的共鸣	6	6	1.000	ok
Ridiculous Grit	过人的毅力	6	6	1.000	ok
K Corp. Emergency Ampule	紧急用K公司安瓿	6	6	1.000	ok
Accelerating Future	加速的未来	6	6	1.000	ok
Game Target	狩猎目标	6	6	1.000	ok
Sizzling Wound	灼烧着的伤口	6	6	1.000	ok
Shared Time	共享的时间	6	6	1.000	ok
Ready to Fire	射击准备完毕	13	9	0.692	weak
Pheromone	信息素	8	6	0.750	weak
Yummers	变好吃了	7	5	0.714	weak
Outlash	迁怒	6	6	1.000	ok
Gluttony Fragility	暴食易损	6	6	1.000	ok
Ecstatic	狂喜	8	4	0.500	suspect
Tremor Sync	震颤同步	6	6	1.000	ok
Unresolved Sorrow	尚未释怀的哀伤	6	6	1.000	ok
Suicidal	自尽	6	5	0.833	weak
Empty Mark	空虚的标记	6	6	1.000	ok
Sloth Power Up	怠惰威力提升	6	6	1.000	ok
Defensive Stance	防御姿态	6	3	0.500	suspect
District 12 Fuel	12区燃料	4	4	1.000	ok
Commanding Cry	号令	2	2	1.000	ok
Escape Battlefield	脱离战场	5	5	1.000	ok
Liferender	绝命	2	2	1.000	ok
Hardblood Armor	硬血甲胄	6	6	1.000	ok
Emergency Barrier Battery	应急力场电池	6	6	1.000	ok
Light of Daybreak	黎明之火	6	6	1.000	ok
Max HP Up	体力上限强化	11	4	0.364	suspect
Growth I	生长I	12	10	0.833	weak
Body Up I	肉体强化I	10	10	1.000	ok
Keen I	锐利I	11	10	0.909	ok
Final Power Up II	最终威力增强II	8	4	0.500	suspect
Base Power Up II	基础威力增强II	8	4	0.500	suspect
Protection Umbrella	保护伞	4	4	1.000	ok
Shimmering Ember	闪烁的火种	6	6	1.000	ok
Refracted Sinking	折射的沉沦	6	6	1.000	ok
Life or Death	生死决断	6	6	1.000	ok
Sunset Wayfarer's Sap	晚霞旅人的树液	6	6	1.000	ok
Sunset Wayfarer's Moth	晚霞旅人的蛾	6	6	1.000	ok
Level Boost Ticket VI	人格等级直升券VI	7	7	1.000	ok
Librarian of History	历史层司书	7	6	0.857	ok
Right Heart Ventricle	右心室	4	4	1.000	ok
Red Tassel	红色流苏	6	6	1.000	ok
Worn Hilt	陈旧的刀柄	6	6	1.000	ok
Green Spirit	绿光果实	6	6	1.000	ok
Crown of Roses	玫瑰王冠	6	6	1.000	ok
Glimpse of Flames	炎鳞	6	6	1.000	ok
Material Interference Force Field	物理屏蔽力场	3	3	1.000	ok
Uncapped Defibrilator	解除限制的除颤仪	6	6	1.000	ok
Right Eye	右眼	6	6	1.000	ok
Blinded Pequod Town Villager	被蒙住双眼的裴廓德镇居民	4	4	1.000	ok
Shi Sijing	史思静	6	6	1.000	ok
Grant Us Love	请给我们爱	6	6	1.000	ok
BunBun [Juicy Squeezer - Orange]	吱扭扭[橙子味榨汁机]	12	12	1.000	ok
Scourging N Corp. Inquisitor	进行拷问的N公司异端审判官	3	3	1.000	ok
Buddha Mūrti	佛像	3	3	1.000	ok
Level Boost Ticket III	人格等级直升券III	6	6	1.000	ok
Level Boost Ticket IV	人格等级直升券IV	6	6	1.000	ok
Intro to Zhi, Yong, Ren	智·勇·仁基础入门手册	8	8	1.000	ok
Falling Flowers	落花	2	1	0.500	suspect
Starting E.G.O Gift Choice	选择初始E.G.O饰品	6	6	1.000	ok
Tier 1 + Tier 1	1级 + 1级	12	12	1.000	ok
Tier 1 + Tier 2	1级 + 2级	12	12	1.000	ok
Tier 2 + Tier 2	2级 + 2级	12	12	1.000	ok
Tier 2 + Tier 3	2级 + 3级	11	11	1.000	ok
Tier 3 + Tier 3	3级 + 3级	12	12	1.000	ok
Abnormality Encounter	异想体遭遇战	1	1	1.000	ok
Received Mission	下达的命令	2	2	1.000	ok
Kokuuntō	黑云刀	4	4	1.000	ok
Hēiyúndào	黑云刀	1	1	1.000	ok
Breaching	正在突破	10	3	0.300	suspect
Enlightenment	醒悟	9	2	0.222	suspect
Unstable Shell of Ego	不稳定的自我外壳	6	6	1.000	ok
Variant Sancho Hardblood Arts	桑丘变体硬血式	11	1	0.091	suspect
Bloodflame Blade [血炎刀]	血炎刀	1	1	1.000	ok
Demonfire Spinecleaver	鬼火腰击	6	6	1.000	ok
Heed me, Zilu	子路啊	3	3	1.000	ok
Undertake Prescript	指令执行	9	3	0.333	suspect
A Crab-eat-crab World	自相蟹肉	6	6	1.000	ok
Refracted Rupture and Sinking	折射的破裂与沉沦	6	6	1.000	ok
Superiority	优越感	11	1	0.091	suspect
Refracted Mind	折射的意志	6	4	0.667	weak
Ally Buffs	友方BUFF	1	1	1.000	ok
Resonance Tuning Fork	共鸣音叉	9	9	1.000	ok
Imitations	赝品	19	6	0.316	suspect
Training Yard	演武场	1	1	1.000	ok
Slot Machines	老虎机	5	5	1.000	ok
Rough Tides	巨浪	2	2	1.000	ok
An Odd Impression	奇怪的感觉	2	2	1.000	ok
Luxcavation Dungeons	采光迷宫	6	6	1.000	ok
Districts	地区特征	15	1	0.067	suspect
Limbus Kindergarten	边狱幼儿园	6	6	1.000	ok
Effloresced E.G.O::Farmwatch	绽放E.G.O::司田	11	11	1.000	ok
Faint Memories	模糊的记忆	3	2	0.667	weak
Angst	郁愤	10	5	0.500	suspect
Keen Observation	观察力	3	2	0.667	weak
Mad Rampage	狂怒	5	5	1.000	ok
Snake Venom	蛇毒	5	5	1.000	ok
Combat-Ready State	临战状态	4	4	1.000	ok
Call of the Bloodkin	同族的呼唤	6	5	0.833	weak
Hysteria	歇斯底里	6	5	0.833	weak
Requested Target	委托目标	2	2	1.000	ok
Thunderer	弦惊	5	5	1.000	ok
Bearing of a Salsu	杀手本位	4	4	1.000	ok
Max HP +	体力上限提升	293	4	0.014	suspect
Sapling of Light Ability	光之树苗能力	7	6	0.857	ok
Basement Entrance	地下室入口	6	5	0.833	weak
Torture Chamber	拷问室	5	5	1.000	ok
Kaleidoscope	万花筒	9	2	0.222	suspect
Crown of Thorns	荆棘头冠	10	1	0.100	suspect
Memories of the Adventure	冒险记忆	2	2	1.000	ok
Shadowy Gnome	黑色小矮人	1	1	1.000	ok
Threatening Tieqiu Crewman	咄咄逼人的铁工会成员	3	3	1.000	ok
Huge Trinkets Sack	巨大装饰品包裹	5	5	1.000	ok
Mirror of the Wuthering	呼啸之镜	6	6	1.000	ok
Code Purple	紫色编码	6	6	1.000	ok
Select Grace of Stars	选择星之恩惠	3	3	1.000	ok
Affected Units	适用对象	10	1	0.100	suspect
Selected Grace of Stars	选择星之恩惠	2	1	0.500	noise
Adversity Score	制约点数	6	6	1.000	ok
Enough Games	游戏到此为止	7	7	1.000	ok
Ten Blades of the East	东部十剑	11	11	1.000	ok
Intense Blaze	烈火	2	2	1.000	ok
Tianjiu Star	天究星	7	6	0.857	ok
Diminish (貶)	贬	1	1	1.000	ok
Self-doubt	自我怀疑	5	5	1.000	ok
Blood Coagulation	血液硬化	6	5	0.833	weak
Ragged Umbrella	磨损殆尽的伞	10	3	0.300	suspect
Bitter Smile	苦笑	3	3	1.000	ok
Fugitive	逃亡者	13	2	0.154	suspect
Bloody Point	血点	1	1	1.000	ok
ool...	礼…	16	3	0.188	suspect
Augmented Body	强化肉体	3	1	0.333	suspect
I've Got No Choice	那就没办法了	3	1	0.333	suspect
Hangover Cure	醒酒	3	3	1.000	ok
Underpass	地下通道	2	2	1.000	ok
A Corp.	A公司	6	6	1.000	ok
Mechanical Amalgam	机械融合生命体	5	5	1.000	ok
Singing Machine Gift Options	歌唱机 饰品 选项	3	3	1.000	ok
Lingering Determination	遗留的意志	5	5	1.000	ok
Pip's Ego	比普的自我	5	5	1.000	ok
Pallid Panic	苍白恐慌	5	5	1.000	ok
Explosive Wrath	爆发的暴怒	6	4	0.667	weak
Binding Technique	束缚法	2	2	1.000	ok
Broken Heart	被撕碎的心	7	4	0.571	suspect
Sewing Target	缝纫对象	5	5	1.000	ok
Duel Specialist	决斗担当	5	5	1.000	ok
Bridle of Nihility	虚无的枷锁	5	5	1.000	ok
Honorable Duel	光荣的决斗	5	4	0.800	weak
Ailing Heart	磨灭的心	5	5	1.000	ok
Reawakening Joy Of Carnage	觉醒杀戮的昂扬感	5	5	1.000	ok
Eldtree Mutation	古木化	5	5	1.000	ok
Heart of Oppressive Evil	邪心深重	5	5	1.000	ok
Charge Circuitry Countercurrent	充能回路逆流	5	5	1.000	ok
Double-edged Feather	双刃羽	5	5	1.000	ok
Charge Order	突击指示	5	5	1.000	ok
Catching Breath	调息	5	5	1.000	ok
Extreme Strength [極力]	极力	2	2	1.000	ok
Flesh Scoop	肉勺	5	5	1.000	ok
Soft Goldcasted Heart	脆金所铸之心	5	5	1.000	ok
Happiness, Joy, Sorrow	喜、乐、哀	10	10	1.000	ok
The Second Wave	第二波	5	5	1.000	noise
Prescript Incompliance Risk	指令崩坏的危机	5	5	1.000	ok
Disjunction	背离	4	4	1.000	ok
Body Broken Beyond Repair	破损至无可挽回的身体	5	5	1.000	ok
E.G.O Attunement Boost	E.G.O感应度 增加	5	5	1.000	ok
Wave of Somnolence	袭来的睡意	5	5	1.000	ok
Unbridled Steed	脱缰之马	5	5	1.000	ok
Shadow Arm	暗臂	5	5	1.000	ok
Headsplitting Memory	刺痛的记忆	5	5	1.000	ok
Jumbled Memories	混杂的记忆	5	5	1.000	ok
Intelligence Obsession	对情报的执念	5	5	1.000	ok
Deep-rooted Regret	沉溺的悔恨	5	5	1.000	ok
Battleform of the Homeland - Bearhunt	本国姿态-狩熊	10	10	1.000	ok
Battleform of the Homeland - Tigerhunt	本国姿态-狩虎	10	10	1.000	ok
Hive Mind	蜂巢意识	5	5	1.000	ok
Heart of Compassion	善意之心	5	5	1.000	ok
Broken Unity	瓦解的同盟	5	5	1.000	ok
Faltering Inspiration	衰退的灵感	5	5	1.000	ok
Coloriage Impulsif	冲动的着色	5	5	1.000	ok
Deep Tears	深泪	4	4	1.000	ok
Pink Petals	粉红花瓣	5	5	1.000	ok
Slash Protection	斩击守护	5	5	1.000	ok
Gloom Fragility	忧郁易损	5	5	1.000	ok
Pride Fragility	傲慢易损	5	5	1.000	ok
Dazzled Mind	恍惚的意识	7	7	1.000	ok
Spark Discharge	电流释放	2	2	1.000	ok
Single Combat	单挑决斗	5	3	0.600	weak
Clashable Guard	可拼点防御	7	3	0.429	suspect
Melee Support	近战支援	6	6	1.000	ok
Vendetta Mark	复仇对象	4	4	1.000	ok
Serpent Arm	巳臂	6	2	0.333	suspect
Somatic Frisson-inspiring Melody	以人体奏响的旋律	5	5	1.000	ok
Clash Attack Boost	拼点攻击强化	8	2	0.250	suspect
Final Power Up I	最终威力增幅 I	16	8	0.500	suspect
Defense Skill Up	守备技能强化	4	4	1.000	ok
Amplify Body I	肉体增强I	8	8	1.000	ok
Expand Body I	肉体扩展I	8	8	1.000	ok
Final Power Boost II	最终威力增强II	4	4	1.000	ok
Base Power Boost II	基础威力增强II	4	4	1.000	ok
Resilient II	强韧II	6	6	1.000	ok
Resilient V	强韧V	8	8	1.000	ok
Keen V	锐利V	8	8	1.000	ok
Body Up V	肉体强化V	8	8	1.000	ok
Growth V	生长V	8	8	1.000	ok
Clash Power Up V	拼点威力增强V	8	8	1.000	ok
Final Power Up V	最终威力增强V	8	8	1.000	ok
Base Power Up V	基础威力增强V	8	8	1.000	ok
Backup Candy	备用糖果	5	5	1.000	ok
Art Medium	绘画材料	6	6	1.000	ok
Anti-Ovine Grounding Plug	对羊接地插头	5	5	1.000	ok
Pendant of Nostalgia	追忆吊坠	5	5	1.000	ok
A Single Breath	一次呼吸	3	3	1.000	ok
Comfy	安乐	10	1	0.100	suspect
Max Pass Level Reward	通行证超额奖励	3	3	1.000	ok
Preparation Room	准备室	5	5	1.000	ok
Snowstorm Fields	暴风雪境	5	5	1.000	ok
Central Area	中央区域	4	3	0.750	weak
Ragged Bamboo Hat	破损的斗笠	4	4	1.000	ok
Fiery Down	炽热的羽毛	5	5	1.000	ok
Bloody Gadget	鲜血装饰	5	5	1.000	ok
Talisman Bundle	成捆的符咒	5	5	1.000	ok
White Gossypium	白棉花	5	5	1.000	ok
Nixie Divergence	辉光变动仪	5	5	1.000	ok
Voodoo Doll	巫毒娃娃	5	5	1.000	ok
Old Wooden Doll	陈旧的木雕人偶	5	5	1.000	ok
Ruptured Blood Sac	撕裂的血囊	5	5	1.000	ok
Wine Barrel	酒桶	3	3	1.000	ok
Gagged Pequod Town Villager	被堵上嘴的裴廓德镇居民	4	4	1.000	ok
The Thumb Apprentice - Lucio	拇指 子辈 - 卢西奥	10	10	1.000	ok
Aggressive Gear Fanatic	好斗的齿轮狂信徒	5	5	1.000	ok
Head Hooligan	流氓头头	3	3	1.000	ok
Casino Security Chief	赌场警卫队 队长	2	2	1.000	ok
Level Boost Ticket II	人格等级直升券II	8	8	1.000	ok
Luminous Sea Terror Sample	发光的恐鱼标本	4	4	1.000	ok
Severed and Scorched Skein	被斩断烧却的线团	4	4	1.000	ok
Photo Bundles	许多照片	4	4	1.000	ok
Unrolled Film	展开的胶片	5	4	0.800	weak
Deep Sigh	深沉叹息	19	1	0.053	suspect
Full-Stopped by a Bullet	由子弹画下的句点	5	5	1.000	ok
The Dream Ending	梦之终焉	5	4	0.800	weak
The Unsevering	无割舍者	5	5	1.000	ok
Purchase.	进行购买。	11	2	0.182	suspect
Floor 5+	5层及以上	1	1	1.000	ok
Cleared Floors	通过阶层	7	1	0.143	suspect
Retry Stage	重试关卡	6	4	0.667	weak
E.G.O Gift Choice	E.G.O饰品选择	8	1	0.125	suspect
Rustle Up	即兴烹饪	5	5	1.000	ok
Destroyed Flotsam	被破坏的漂流物	6	6	1.000	ok
To Love	给予爱	9	1	0.111	suspect
Trapped Dimensional Escape	脱离受困次元	5	5	1.000	ok
Stoke the Flames	点燃火种	6	6	1.000	ok
Nethersea Brand Utopia	溟痕乐园	5	5	1.000	ok
Pained Writhing	痛苦蠕动	5	5	1.000	ok
Refracted Bleed and Tremor	折射的流血与震颤	5	5	1.000	ok
Anguished Screaming	尖啸	1	1	1.000	ok
The Tianya Sword	天涯剑	6	5	0.833	weak
Crimson Point	红点	4	4	1.000	ok
Sanguine Pointillism	血点描画	5	5	1.000	ok
Rosespanner Workshop Rep	玫瑰扳手工坊代表	6	2	0.333	suspect
Travel Collection	累计记录	4	3	0.750	weak
Refraction Railway Opening	折射轨道 开放	5	5	1.000	ok
Unlock Requirements	解锁条件	2	2	1.000	ok
Selected Buffs	BUFF选择列表	10	2	0.200	noise
Obtained by clearing Refraction Railway Line 5	通关折射轨道5号线时获得	5	5	1.000	noise
Obtained by clearing Refraction Railway Line 6	通关折射轨道6号线时获得	5	5	1.000	noise
The Artery	切断白鲸动脉	10	1	0.100	suspect
- Gain +50% max HP (max 200; excluding Peccatula Invidiae)	- 自身的体力上限+50%(最多200点，不包括嫉妒罪种)	9	9	1.000	ok
Distorted Bamboo-hatted Kim	扭曲的金笠	4	4	1.000	ok
Become Strong? Genuinely?	我变强了？真的？	12	9	0.750	weak
Streets of T Corp.	T公司的街道	15	2	0.133	suspect
Yurodiviye Hideout	圣愚的据点	7	2	0.286	suspect
Assist Barrier	援护护盾	4	4	1.000	ok
Thermal Blades ON	热丝 ON	4	4	1.000	ok
Concussion	脑震荡	12	4	0.333	suspect
Touche Hardie	果敢的笔触	4	4	1.000	ok
Cyclical Karma	业报轮回	4	4	1.000	ok
Expanding Sorrow	愈加膨胀的哀伤	5	5	1.000	ok
Scattering Petals	落英缤纷	4	4	1.000	ok
Empty Honor	空虚的荣誉	5	5	1.000	ok
Prepared Meat	储备粮	5	5	1.000	ok
Flower-burying Wedge [埋花櫼]	葬花楔	4	4	1.000	ok
Refracted Determination	折射的意志	3	2	0.667	weak
Atrophied	畏缩	3	3	1.000	ok
Forward Base	前进基地	10	2	0.200	suspect
Hill of Corpses	死尸之丘	8	1	0.125	suspect
Sublimity	壮观	4	2	0.500	suspect
Resplendence	绝景	2	2	1.000	ok
Melted Eyeball	融化的眼球	4	4	1.000	ok
Cigarette Holder	烟斗	1	1	1.000	ok
Heart-breaking Sword	毁心之剑	5	5	1.000	ok
Heart-tearing Sword	裂心之剑	5	5	1.000	ok
Heart-piercing Sword	穿心之剑	5	5	1.000	ok
Lobotomy E.G.O::Red Sheet	脑叶公司E.G.O::朱符	8	7	0.875	ok
3★ Guarantee Decaextraction Ticket	3★人格必得十连提取券	14	10	0.714	weak
Yisang [Ideality]	[理想]	5	5	1.000	ok
Takeoff Module - E.G.O Spinning [HE] x1	跳跃成长模组 - E.G.O解析 [HE]	1	1	1.000	ok
Burnt-in Lens	烧制的透镜	5	5	1.000	ok
Melty Eyeball	融化的眼球	4	1	0.250	suspect
The Unchanging	无改变者	4	3	0.750	weak
Unrelenting Might	破竹之势	1	1	1.000	ok
Murder on the WARP Express BokGak	WARP快车谋杀案 复刻	9	8	0.889	ok
Perseverance	精雕细琢	8	1	0.125	suspect
Engrave Stars	镌星	4	4	1.000	ok
Featured E.G.O Gifts	出现E.G.O饰品	2	2	1.000	ok
Ritornello	难易度：Ritornello	9	1	0.111	suspect
Tier 1 + Tier 3	1级 + 3级	9	9	1.000	ok
Forecasts	预期结果	9	1	0.111	suspect
Completionist	完成度	3	3	1.000	ok
Return to Stage Select	前往关卡入场界面	3	3	1.000	ok
Cannot Purchase	无法购买	4	3	0.750	weak
Bloody Tears	血泪	5	4	0.800	weak
Obsidian Stormrider [黑風馬脚]	黑风马蹄	2	2	1.000	ok
Inadequate Defense Mechanism	简陋的防御机制	4	4	1.000	ok
Stored Blood	寄宿之血	7	1	0.143	suspect
Thirst for Blood	血之渴求	5	4	0.800	weak
Hollow Pride	空洞的自尊	4	4	1.000	ok
Last Struggle	最后的挣扎	3	3	1.000	noise
Like the Naraka of Avīci and Raurava [阿鼻叫喚]	阿鼻叫唤	1	1	1.000	ok
It's... you...	是你…	1	1	1.000	ok
Yo...	除…	3	1	0.333	suspect
Now's Our Chance	机会来了	2	1	0.500	suspect
for this battle	于本站	15	1	0.067	suspect
Recommended Level & Tier	入场推荐配置	3	3	1.000	ok
Select Buffs	选择增益	5	2	0.400	suspect
Sinner Status	罪人当前状况	8	1	0.125	suspect
Setting Sail	启航	5	1	0.200	suspect
Glass Pods	玻璃管	5	1	0.200	suspect
Abikyōkan	阿鼻叫唤	2	2	1.000	ok
Happy New Year	新年	1	1	1.000	ok
War Hero	战争英雄	7	4	0.571	suspect
Enter The Last Knight	最后的骑士之现身	4	4	1.000	ok
Tango of Poultry Passion	鸡群的激情探戈	4	4	1.000	ok
Bamboo-hatted Kim's Past 1	金笠的过去 1	4	4	1.000	ok
Bamboo-hatted Kim's Past 2	金笠的过去 2	4	4	1.000	ok
Faelantern Containment Breach	精灵提灯出逃	4	4	1.000	ok
Post-choice Development	选项后文字	4	4	1.000	ok
Mimicry Corroded	拟态侵蚀者	4	4	1.000	ok
Noise Panic	噪音恐慌	4	4	1.000	ok
Lightning of Suffering	苦痛之雷	4	4	1.000	ok
Superthermogenesis	高温装置	4	4	1.000	ok
A Drop of Nourishment	一滴养分	4	4	1.000	ok
Severing Slash [切斬]	切斩	5	5	1.000	ok
Chesed's Mercy	Chesed的慈悲	4	4	1.000	ok
Precious Jade's Cradle	宝玉摇篮	4	4	1.000	ok
Boiling Wrath	喷涌的暴怒	4	4	1.000	ok
Crushed Bloodthirst	深深压抑的杀气	4	4	1.000	ok
Severed Tendon	肌腱切断	4	4	1.000	ok
Prescript: [Paper Slip] II	指令[纸条]II	8	8	1.000	ok
Prescript: [Device] III	指令[终端]III	8	8	1.000	ok
Prescript: [Device] IV	指令[终端]IV	8	8	1.000	ok
Faith Beyond Question	理所应当的信念	4	4	1.000	ok
E.G.O Attunement Overload	E.G.O感应度 过载	4	4	1.000	ok
Gebura's Blade	Gebura之刃	4	4	1.000	ok
First Seal Removed	1阶段 封印解除	4	4	1.000	noise
Second Seal Removed	2阶段 封印解除	4	4	1.000	noise
Desire for Acknowledgement	认可欲	4	4	1.000	ok
Indulgence in Prescripts	指令成瘾	4	4	1.000	ok
Avulsion Wound	撕裂的伤口	4	4	1.000	ok
Infighting	内部分裂	5	2	0.400	suspect
Red Eyes - Alert	赤瞳-警戒	8	8	1.000	ok
Red Eyes - Devouring	赤瞳-捕食	8	8	1.000	ok
Penitence - Periphery	忏悔-警戒	8	8	1.000	ok
Penitence - Confession	忏悔-告解	8	8	1.000	ok
Protecting Sword	守护之剑	4	4	1.000	ok
Piercing Sword	穿刺之剑	11	4	0.364	suspect
Stun	晕眩	32	1	0.031	suspect
Gluttony DMG Up	暴食伤害强化	4	4	1.000	ok
Photopia	眩目	2	2	1.000	ok
Gluttony Power Up	暴食威力提升	4	4	1.000	ok
Earnest Accomplishment	恳切的成就	4	4	1.000	ok
Rupture Protection	破裂守护	4	4	1.000	ok
Pride Power Up	傲慢威力提升	4	4	1.000	ok
Marksman's Bullet	射手的弹药	4	4	1.000	ok
Fairy Lure	诱饵精灵	4	4	1.000	ok
Battle Ready	临战准备	4	4	1.000	ok
Sibling Vengeance Mark	兄弟姐妹们的报复对象	4	4	1.000	ok
Centipede Venom	百足剧毒	4	4	1.000	ok
Hardened Shell-Barrier	硬化屏障	4	4	1.000	ok
Ready to Loose	狙击姿势	4	4	1.000	ok
Deep Wound	深度创伤	5	4	0.800	weak
High-voltage Exoskeleton	高压外壳	4	4	1.000	ok
Charged Sting	电荷针	4	4	1.000	ok
Réflexion	反思	4	4	1.000	ok
Inflict additional Sinking	沉沦追加	3	2	0.667	weak
Final Power Up II	最终威力增幅 II	8	4	0.500	suspect
Base Power Up I	基础威力增幅 I	14	6	0.429	suspect
Base Power Up II	基础威力增幅 II	8	4	0.500	suspect
Keen VI	锐利VI	6	6	1.000	ok
Resilient VI	强韧VI	6	6	1.000	ok
Body Up VI	肉体强化VI	6	6	1.000	ok
Growth VI	生长VI	6	6	1.000	ok
Final Power Up III	最终威力增强III	4	2	0.500	suspect
Base Power Up III	基础威力增强III	4	2	0.500	suspect
Final Power Up IV	最终威力增强IV	4	2	0.500	suspect
Clash Power Up VI	拼点威力增强VI	6	6	1.000	ok
Final Power Up VI	最终威力增强VI	6	6	1.000	ok
Base Power Up VI	基础威力增强VI	6	6	1.000	ok
Incandescent Indulgence	光辉的饱腹感	4	4	1.000	ok
Plugged In	连接的插头	6	4	0.667	weak
Refracted Mind	折射的理智	6	2	0.333	suspect
Refracted Charge	折射的充能	4	4	1.000	ok
Dogged Defense	顽强防御	4	4	1.000	ok
Perilous Contest	危险竞赛	4	4	1.000	ok
Bloody Banquet	染血宴会	4	4	1.000	ok
Power Roulette	威力轮盘赌	4	4	1.000	ok
Glass Cannon	玻璃大炮	4	4	1.000	ok
Incandescent Scale Dust	灼热的鳞粉	4	4	1.000	ok
Acuate Scale Dust	锐利的鳞粉	4	4	1.000	ok
Rusted Scale Dust	锈蚀的鳞粉	4	4	1.000	ok
Bottomless Hunger	难以餍足	6	2	0.333	suspect
Thumping of the Heart	能听到心跳声的地方	6	2	0.333	suspect
Waste Disposal	垃圾处理场	4	3	0.750	weak
Defense Line 23-7 - 1300 Hours	第23-7 防线 13:00	8	8	1.000	ok
Sealed Door	紧闭的大门	5	1	0.200	suspect
Church Corridor	地下教堂 走廊	4	4	1.000	ok
Underground Church	地下教堂	2	2	1.000	ok
Rearranged K Corp. Laboratory	重组的K公司研究所	4	4	1.000	ok
Old Dopo Robe	陈旧的长袍	2	2	1.000	ok
Silver Watch Case	银色的表壳	4	4	1.000	ok
Faded Watch Case	褪色的表壳	4	4	1.000	ok
Warning Notice	警告函	4	4	1.000	ok
Chalice of Trickle-down	涓滴之杯	5	5	1.000	ok
Twigs	细枝	4	1	0.250	suspect
Made-to-Order	定制	1	1	1.000	ok
Hardblood Glaive	硬血长柄刀	2	2	1.000	ok
Canned Ice Cream	罐装冰淇淋	4	2	0.500	suspect
Ashes to Ashes	尘归尘	4	4	1.000	ok
Wound Clerid	拟伤虫	4	4	1.000	ok
Grimy Iron Stake	染血铁钉	4	4	1.000	ok
Thunderbranch	雷击木	4	4	1.000	ok
Lowest Star	谷底之星	4	4	1.000	ok
Standard-duty Battery	标准负载电池	5	5	1.000	ok
Thorny Path	荆棘之路	3	3	1.000	ok
Stone Tomb	石冢	3	3	1.000	ok
Endorphin Kit	内啡肽试剂组	4	4	1.000	ok
Melted Paraffin	熔化的石蜡	4	4	1.000	ok
Pain of Stifled Rage	郁火	4	4	1.000	ok
Tangled Bundle	纠缠捆束	4	4	1.000	ok
Bio-venom Vial	生物剧毒药瓶	4	4	1.000	ok
Venomous Skin	剧毒外皮	4	4	1.000	ok
Sour Liquor Aroma	酸味的酒香	4	4	1.000	ok
Eldtree Snare	古木陷阱	4	4	1.000	ok
Devil's Share	魔鬼所享	4	4	1.000	ok
Emerald Elytra	绿色鞘翅	4	4	1.000	ok
UPS System	不间断电源装置	4	4	1.000	ok
Patrolling Flashlight	巡逻用手电筒	4	4	1.000	ok
Scalpel	手术用刀	5	3	0.600	weak
Burial Curse	作祟	3	3	1.000	ok
Dark Vestige	黯淡的残影	4	4	1.000	ok
Raincloud	乌云	1	1	1.000	ok
Desperate's Knot	绝望结	5	5	1.000	ok
Jin Gang Bolus	金刚丸	7	1	0.143	suspect
Shaoxing Wine	绍兴酒	4	4	1.000	ok
Revived K Corp. Security	复活的K公司检查站安保人员	4	4	1.000	ok
Heart of the Townsfolk	镇民之心	4	4	1.000	ok
Urgent T Corp. Gangster	焦急的T公司黑帮成员	1	1	1.000	ok
Veteran Edgar Family Butler	资深的埃德加家族管家	4	4	1.000	ok
Coagulated Dream	凝结的梦	4	4	1.000	ok
Gift Sack	礼物袋	6	4	0.667	weak
Tree of Desires	欲望之树	2	2	1.000	ok
Basin Sea Reaper	钵海收割者	4	4	1.000	ok
Bongy Security	小凤安保人员	2	2	1.000	ok
Downcast Veteran	变本加厉的残兵	4	4	1.000	ok
Guido the Persistent	执着的圭多	4	4	1.000	ok
Refracted Clover	折射的四叶草	3	3	1.000	ok
Takeoff Module - E.G.O Spinning [WAW] x1	跳跃成长模组 - E.G.O解析 [WAW]	6	6	1.000	ok
Mirror of the Beginning	起始之镜	4	4	1.000	ok
The Unconfronting	未曾面对	3	3	1.000	ok
The Heartbreaking	心意相悖	4	3	0.750	weak
Miracle in District 20 BokGak	20区的奇迹 复刻	7	7	1.000	ok
E.G.O Gifts Owned	所持E.G.O饰品	6	3	0.500	suspect
Not enough Starlight.	星芒不足。	3	3	1.000	ok
To List	转到列表	45	1	0.022	suspect
E.G.O Gift Tier Forecast	预期的E.G.O饰品等级	6	6	1.000	ok
Remaining Starlight Bonus	剩余的星芒奖励	4	4	1.000	ok
Remaining Starlight	剩余星芒	6	2	0.333	suspect
Set Adversities	设置制约	3	3	1.000	ok
Adversity Bonus	制约加成	5	3	0.600	weak
Brush it Off	梳理发型	4	4	1.000	ok
Savage Tigermark Support	猛虎标弹支援	4	4	1.000	ok
Emptied Thought	放空思绪	2	2	1.000	ok
Buy Time	赚取时间	7	2	0.286	suspect
Armadura de Sangre	血甲	1	1	1.000	ok
Oracle Device [Caduceus]	神谕终端[双蛇杖]	8	8	1.000	ok
Worker Bee	工蜂	4	4	1.000	ok
To Where I Must Return	归处	2	2	1.000	ok
Panic Recovery	恐慌恢复	4	4	1.000	ok
Festival of Wonders	梦幻的庆典	4	4	1.000	ok
Hunter's Mark	狩猎印记	4	4	1.000	ok
Returning Past	回现的过去	4	4	1.000	ok
Misplaced Past	消逝的过去	4	4	1.000	ok
Call of the Bloodkin	同胞的呼唤	6	1	0.167	suspect
Taken by the Horns	无力化	1	1	1.000	ok
Contaminating Leaf	污染的叶子	4	4	1.000	ok
Keep It Fresh	保鲜	4	4	1.000	ok
Overloaded HP Bullet	过载HP弹	4	4	1.000	ok
Apply Refracted Sinking	施加折射的沉沦	4	4	1.000	ok
Blossoming Sins	盛放的罪孽	4	4	1.000	ok
Rose on a Vine	绽于藤蔓的玫瑰	4	4	1.000	ok
Thundering Wrath [震怒]	震怒	2	2	1.000	ok
oice...!	叫我…	6	4	0.667	weak
Hou...	整…	17	1	0.059	suspect
Jar-haunting Curse	宿于瓮中的诅咒	4	4	1.000	ok
Overflowing Sorrow	满溢而出的哀伤	4	4	1.000	ok
Line 1 Boarding	进入1号线前	4	4	1.000	ok
Please Deploy all Sinners.	存在未编入队伍的人格。	4	4	1.000	ok
Select Buffs	选择BUFF	5	3	0.600	weak
Cruise Party	游轮宴会	4	4	1.000	ok
Riddles	谜语	9	1	0.111	suspect
Matt	马特	674	6	0.009	suspect
Wish Canister	愿望罐	4	4	1.000	ok
Bonfire	篝火	5	3	0.600	weak
Best Employee	最优秀的员工	6	3	0.500	suspect
Urgent Call	紧急呼叫	4	4	1.000	ok
Glorious Past	辉煌的过往	7	3	0.429	suspect
Heishou Pack Adept	黑兽 魁首	4	4	1.000	ok
Before a Sealed Door	在紧闭的门扉前	3	3	1.000	ok
The First Gate	第一关	3	1	0.333	noise
Red Tassel Choice	红色流苏 选项	4	3	0.750	weak
Starbuck's Ego	斯达巴克的自我	4	4	1.000	ok
Away With You	别妨碍我	5	2	0.400	suspect
A Sliver of Anticipation	一丝期待	2	2	1.000	ok
HO! HO! HO!	嚯！嚯！嚯！	7	7	1.000	ok
Bladetrail [Afterimage]	剑痕[残像]	7	7	1.000	ok
I Got Praised!	受到表扬啦！	4	4	1.000	ok
Protecting Pest [Roaches]	防御害虫[蜚蠊]	2	2	1.000	ok
Tremor - Superposition	震颤-叠加	7	7	1.000	ok
Microprecision Time Acceleration	超精密时间加速	3	3	1.000	ok
Helpless Tears	无能为力之泪	5	4	0.800	weak
Desperado	亡命之徒	5	3	0.600	weak
Great Mountain	坚如泰山	5	3	0.600	weak
Umbrella Splinters	雨伞碎片	4	4	1.000	ok
Dhyāna	禅那	7	7	1.000	ok
Damage Taken Down	受到伤害降低	4	3	0.750	weak
Delicateness	易碎	3	3	1.000	ok
Peccatulum Invidiae Class 2	嫉妒罪种 2型	3	3	1.000	ok
Resilient Determination	坚定的意志	3	2	0.667	weak
Insufficient Paid Lunacy	付费狂气不足	2	2	1.000	ok
Stalwart Spirit	坚韧不拔	2	2	1.000	ok
Whale Guts	鲸的胃	3	3	1.000	ok
Rendezvous Area Before the Heart	心脏前的集合点	7	7	1.000	ok
Canteen	茶水间	4	2	0.500	suspect
Chapel	礼拜堂	2	1	0.500	suspect
Tango Marinade	探戈鸡酱料	4	3	0.750	weak
Harestride	卯足	3	3	1.000	ok
Non-disclosure Agreement	保密协议	3	3	1.000	ok
Tailor's Scissors	裁缝用剪刀	4	3	0.750	weak
Epicenter	震源	5	1	0.200	suspect
Meat Tenderizer	松肉锤	3	3	1.000	ok
N Corp. Seal	N公司印章	4	3	0.750	weak
Shell Sea Runner	壳海狂奔者	4	4	1.000	ok
Bongybug	小凤虫	4	4	1.000	ok
Pink Shoes Enchantee	粉红鞋魅惑之人	3	3	1.000	ok
Rustic-sounding Tingtanger	土里土气的豆豆帮成员	1	1	1.000	ok
Lobotomy E.G.O::Sloshing	脑叶公司E.G.O::荡漾	6	5	0.833	weak
Refracted Fairy Wine	折射的精灵酒	3	3	1.000	ok
The Unloving	无法去爱	3	3	1.000	ok
The Evil Defining	定义为恶	3	3	1.000	ok
The Surrendered Witnessing	不思观望	3	3	1.000	ok
One Step Further	再进一步	2	1	0.500	suspect
Challenge Mode	挑战模式	3	3	1.000	ok
Seize the Opportunity	及锋而试	3	1	0.333	suspect
Higher Tier Gifts appear	出现饰品等级上升	4	3	0.750	weak
+1 E.G.O resource for all Affinities	所有E.G.O资源+1	4	4	1.000	ok
Enhance E.G.O Gift	强化E.G.O饰品	3	3	1.000	ok
Acquired E.G.O Gifts	已获取E.G.O饰品数量	6	1	0.167	suspect
View Desc.	详细内容	1	1	1.000	ok
3 Gifts	3件	2	1	0.500	suspect
Weekly Cap	每周限制量	4	1	0.250	suspect
Current Progress	当前进度	1	1	1.000	noise
Seize ya Chance	及锋而试	3	3	1.000	ok
Enduring Spirit	坚韧不拔	2	2	1.000	ok
Walking the Line of Death	垂死挣扎	1	1	1.000	ok
Spite-driven	意气用事	3	3	1.000	ok
Bullets are Pricey	子弹很贵	5	4	0.800	weak
Hour of the Hunt	狩猎时刻	1	1	1.000	ok
Rough Sketch	草图	5	2	0.400	suspect
We've Got Your Back	后方支援	3	2	0.667	weak
Undying Persistence	顽强的生命力	3	3	1.000	ok
Desperate Struggle	拼死奋战	8	3	0.375	suspect
Open Alley	通路	2	2	1.000	ok
Burning Embers	燃烧的火种	3	2	0.667	weak
Underwater Breathing	水下呼吸	3	3	1.000	ok
Heart of Vengeance	复仇心	1	1	1.000	ok
Parade of Happiness	幸福的游行	2	1	0.500	suspect
For the Family...	为了家人…	3	2	0.667	weak
Scattering Breath	紊乱的呼吸	1	1	1.000	ok
Undertake Orders	执行命令	2	2	1.000	ok
NOT FOR DISPLAY	如果它出现了也是bug	6	2	0.333	suspect
Broken Umbrella	损坏的伞	4	3	0.750	weak
Toward the Ideal	向着理想	3	3	1.000	ok
Manufactured Respite	稍作休息	1	1	1.000	ok
HP Ampule Injection	注射HP安瓿	3	3	1.000	ok
Paired Assault	勠力	1	1	1.000	ok
Diversion	注意力分散	6	1	0.167	suspect
Cannot Deploy	无法出战	3	2	0.667	weak
Insubordination	违抗命令	7	1	0.143	suspect
The Whaler	捕鲸人	1	1	1.000	ok
Operation Spider Pyre	蜘蛛巢焚灭讨伐战	6	6	1.000	ok
Temporal Entanglement	时间纠缠	5	4	0.800	weak
The Trio	三人组	8	1	0.125	suspect
Towering Cars	汽车塔	1	1	1.000	ok
Constellations	星座	2	2	1.000	ok
An Age Without Technology	技术不复存在的时代	3	3	1.000	ok
New Classification Codes	新的编号	3	3	1.000	ok
Light of the City	都市之光	4	4	1.000	ok
S.A.N.G.R.I.A.	万短至艺	4	1	0.250	suspect
Looking for a Drone	寻找无人机	3	3	1.000	ok
<color=#ebcaa2>[{0}] got Staggered!</color>	<color=#ebcaa2>[{0}]陷入了混乱</color>	6	6	1.000	ok
- Remove the first Stagger Threshold	- 移除自身的第一混乱阈值	2	2	1.000	ok
Refracted Four-hundred Roses	折射的四百朵玫瑰	3	3	1.000	ok
Coil Corroded	蛇手侵蚀者	3	3	1.000	ok
Kromer the Attempted Protoplast	欲成原初的克罗默	3	3	1.000	ok
S-08-04-01	S-08-04-01	3	3	1.000	ok
Brazen Bull - Tearful	黄铜公牛 - 流泪	6	6	1.000	ok
An Ampule to Use	使用再生安瓿。	3	2	0.667	weak
Factory Laborer	工厂的工人	3	2	0.667	weak
Recurring Faith and Promise	循环的信念与承诺	3	3	1.000	ok
Shade of Reflection [Rouge]	映射[红色]	6	6	1.000	ok
Shade of Reflection [Bleu]	映射[蓝色]	6	6	1.000	ok
Shade of Reflection [The Middle]	映射[中指]	6	6	1.000	ok
Shade of Reflection [Ambuscade]	映射[突袭]	6	6	1.000	ok
Shade of Reflection [Bearhunt]	映射[狩熊]	6	6	1.000	ok
Fluorescence Shard	荧光灯碎片	2	2	1.000	ok
Undefiable Command	不可抗拒的命令	3	3	1.000	ok
Fettered Woe	未能释怀的怅惘	3	3	1.000	ok
Little Carmilla	小卡蜜拉	4	2	0.500	suspect
Returning Bloodlust II	复还的血之冲动II	4	4	1.000	ok
Irresponsible Dream	不负责任的梦	3	3	1.000	ok
Heaping Obedience	积累的顺从	3	3	1.000	ok
Malattunement	未感应	3	3	1.000	ok
Perpetuating Gluttony	不息的暴食	2	2	1.000	ok
Eye of Precognition - Overheat	预知眼 过热	6	6	1.000	ok
Shin (心) - The Red Gaze	心-猩红视线	5	5	1.000	ok
Of the Second Smoke War	第二次烟霾战争的	5	5	1.000	ok
Tiansha Star's Blade - Arayashiki [天殺星刀阿賴耶識]	天杀星刀-阿赖耶识	2	2	1.000	ok
Procuration [Hermes]	代行[赫尔墨斯]	6	6	1.000	ok
When hacking through the ribs with a hatchet...	用手斧将肋骨砍下时…	6	6	1.000	ok
When penetrating the lungs with a stiletto...	用锥将肺贯穿时…	6	6	1.000	ok
When caving in the back of the skull with a hammer...	应该用锤子将后脑敲碎时…	6	6	1.000	ok
When rending the body with a greatsword...	应该用大剑将躯干劈开时…	2	2	1.000	ok
When rending the body with a great sword...	应该用大剑将躯干劈开时…	4	4	1.000	ok
When boring a 20-inch hole with a lance...	应该用长枪刺穿一个20英寸的洞时…	6	6	1.000	ok
Crit DMG Up	暴击伤害强化	3	3	1.000	ok
Strider【Wu】	脚力【午】	6	6	1.000	ok
Galestruck	余波	2	2	1.000	ok
Recoiling	反冲力	2	2	1.000	ok
Dujeong Brigandine [Sal]	布面甲[肉]	6	6	1.000	ok
Tremor - Distribution	震颤-分配	6	6	1.000	ok
Le Fauvisme - Masque de Loup	野兽派-狼面	8	6	0.750	weak
Only Ashes Remain	只余灰烬	2	2	1.000	ok
Imminent Decay	濒临崩坏	3	3	1.000	ok
Cold, Black Tears	漆黑冰冷之泪	6	6	1.000	ok
Hyped-up	亢奋	2	2	1.000	ok
Minus Coin Boost	减算硬币强化	3	3	1.000	ok
Slash Resist Down	斩击抗性弱化	3	3	1.000	ok
Final Augment	最终改造	3	3	1.000	ok
Perilous Heart	岌岌可危的心灵	3	3	1.000	ok
Faltering Heart	混乱不安的心灵	3	3	1.000	ok
Corroding Heart	渐被侵蚀的心灵	3	3	1.000	ok
Radiant Vanity	耀眼的虚荣	3	3	1.000	ok
Borne Fruition	成熟的果实	3	3	1.000	ok
Radiant Desire	耀眼的欲望	3	3	1.000	ok
Overheal	过量恢复	3	3	1.000	ok
Emergency Nutrient Supply	应急营养源	3	3	1.000	ok
Sinking Fragility	沉沦易损	3	3	1.000	ok
B.M.	管·标	2	2	1.000	ok
Strategic R&R Mode	战略性休息福利模式	2	2	1.000	ok
Blooming Thorn II	绽放荆棘II	4	4	1.000	ok
Tianjiu Star's Blade	天究星刀	3	3	1.000	ok
Gluttonous Thorn (貪食棘)	贪食棘	6	6	1.000	ok
Uncompromising Imposition	贯彻	2	2	1.000	ok
Higher Thunderer	大弦惊	3	3	1.000	ok
Hardblood Cast	硬血铸造	3	3	1.000	ok
Excision Coin	截除硬币	3	3	1.000	ok
Inflict additional Tremor	震颤追加	4	2	0.500	suspect
Slash Boost	斩击强化	3	3	1.000	ok
Pierce Boost	突刺强化	3	3	1.000	ok
Blunt Boost	打击强化	3	3	1.000	ok
Coin Power Up I	硬币威力增幅 I	4	4	1.000	ok
Overload I	过载 I	4	4	1.000	ok
Final Power Up III	最终威力增幅 III	4	2	0.500	suspect
Final Power Up IV	最终威力增幅 IV	4	2	0.500	suspect
Base Power Up III	基础威力增幅 III	4	2	0.500	suspect
Max HP Boost I	体力上限增强I	4	4	1.000	ok
Amplify Body II	肉体增强II	4	4	1.000	ok
Expand Body II	肉体扩展II	4	4	1.000	ok
Final Power Boost III	最终威力增强III	2	2	1.000	ok
Clash Attack Boost I	拼点攻击增强I	4	4	1.000	ok
Final Power Boost IV	最终威力增强IV	2	2	1.000	ok
Base Power Boost III	基础威力增强III	2	2	1.000	ok
Offense Level Up I	攻击等级强化I	6	4	0.667	weak
Growth II	生长II	4	4	1.000	ok
Keen II	锐利II	4	4	1.000	ok
Body Up II	肉体强化II	4	4	1.000	ok
Clash Power Up II	拼点威力增强II	4	4	1.000	ok
Brutality II	破坏力II	4	4	1.000	ok
Keen VII	锐利VII	4	4	1.000	ok
Resilient VII	强韧VII	4	4	1.000	ok
Body Up VII	肉体强化VII	4	4	1.000	ok
Growth VII	生长VII	4	4	1.000	ok
Brutality V	破坏力V	4	4	1.000	ok
Keen XII	锐利XII	4	4	1.000	ok
Resilient XII	强韧XII	4	4	1.000	ok
Body Up XII	肉体强化XII	4	4	1.000	ok
Growth XII	生长XII	4	4	1.000	ok
Clash Power Up VII	拼点威力增强VII	4	4	1.000	ok
Final Power Up VII	最终威力增强VII	4	4	1.000	ok
Base Power Up VII	基础威力增强VII	4	4	1.000	ok
Keen XV	锐利XV	4	4	1.000	ok
Resilient XV	强韧XV	4	4	1.000	ok
Body Up XV	肉体强化XV	4	4	1.000	ok
Growth XV	生长XV	4	4	1.000	ok
Clash Power Up X	拼点威力增强X	4	4	1.000	ok
Final Power Up X	最终威力增强X	4	4	1.000	ok
Base Power Up X	基础威力增强X	4	4	1.000	ok
Mark of Fire I	炎之烙印I	4	4	1.000	ok
Inflation I	通货膨胀I	4	4	1.000	ok
Ego Interference I	自我干涉I	4	4	1.000	ok
Mental Psychosis I	精神错乱I	4	4	1.000	ok
Nerve Acceleration I	神经加速I	4	4	1.000	ok
SP Fatigue I	理智枯竭I	4	4	1.000	ok
Splish Splash	拍拍	4	2	0.500	suspect
Drenched Sin	罪孽缠身	2	2	1.000	ok
All-beholding Gaze	一览无余的视线	3	3	1.000	noise
Gathering Lightning Cloud	雷云汇集	3	3	1.000	ok
Growth Refraction I	生长折射 I	4	4	1.000	ok
Lasting Determination	延续意志	3	3	1.000	ok
Suppressed Might	被抑制的力量	3	3	1.000	ok
Including the Special Banner	附带特别横幅	3	3	1.000	ok
Organization Compulsion	整理强迫	3	3	1.000	ok
Misshapen Painting	凌乱的绘画	3	3	1.000	ok
Resanguination	呈血	3	3	1.000	ok
Constricting Desires	紧缚欲望	3	3	1.000	ok
Rotting Skin	腐化外皮	3	3	1.000	ok
Behead Heathcliffs	斩首希斯克利夫	3	3	1.000	ok
Ahab's Office	亚哈的办公室	3	3	1.000	ok
Sinew Bridge	肌腱之桥	3	3	1.000	ok
Control Team Containment	控制部管理收容区	3	3	1.000	ok
Containment Hall 2	第二收容走廊	3	3	1.000	ok
Smoke War Central Front	烟霾战争 中部战线	1	1	1.000	ok
Defense Line 23-7 - 1100 Hours	第23-7 防线 11:00	6	6	1.000	ok
Factory Entrance	工厂入口	2	2	1.000	ok
Molding Chamber	注塑室	3	3	1.000	ok
Backup Generators	备用发电站	3	3	1.000	ok
Old Warehouse	旧仓库	3	3	1.000	ok
Etched Clock Hands	蚀刻的指针	4	4	1.000	ok
Rusted Clock Hands	锈蚀的指针	4	4	1.000	ok
Snake Slough	蛇蜕	3	3	1.000	ok
False Halo	虚假的光相	3	3	1.000	ok
Unhatched Embers	未孵化的火种	3	3	1.000	ok
Operation Authorization Card	作战批准卡	3	3	1.000	ok
Wholeness	完全性	6	1	0.167	suspect
Town-protecting Harpoon	守镇鱼叉	3	3	1.000	ok
Broken Violin	损坏的小提琴	3	3	1.000	ok
Butler Style Binding Arts	管家式束缚法	3	3	1.000	ok
Mask of the Parade	游行的面具	3	3	1.000	ok
Discarded Dimensional Gauntlet	被遗落的次元护手	3	3	1.000	ok
Blue Starshard	蓝星碎片	3	3	1.000	ok
Hellterfly’s Dream	地狱蝶之梦	5	5	1.000	ok
Perversion	倒错症	4	3	0.750	weak
Rusty Commemorative Coin	锈蚀的纪念币	3	3	1.000	ok
Sticky Muck	黏性淤浆	3	3	1.000	ok
Blue Zippo Lighter	蓝色芝宝牌打火机	3	3	1.000	ok
Pinpoint Logic Circuit	单点打击逻辑电路	3	3	1.000	ok
Red Order	赤色指令	3	3	1.000	ok
Smokes and Wires	烟霾与铁丝网	3	3	1.000	ok
Oscillating Bracelet	震荡手环	3	3	1.000	ok
Rusted Cutting Knife	锈蚀的美工刀	3	3	1.000	ok
Portable Battery Socket	便携式电源插座	3	3	1.000	ok
Dust to Dust	土归土	3	3	1.000	ok
Midwinter Nightmare	仲冬夜之噩梦	3	3	1.000	ok
Curriculum Vitae	简历	3	3	1.000	ok
Wrist Guards	护腕	3	3	1.000	ok
Headless Portrait	无头肖像	3	3	1.000	ok
Charge-type Gloves	充能式手套	3	3	1.000	ok
Painkiller	止痛药	5	4	0.800	weak
Piece of Relationship	缘分残片	3	3	1.000	ok
Burning Intellect	炽热的智慧	3	3	1.000	ok
Rusted Muzzle	锈蚀的笼头	3	3	1.000	ok
Bell of Truth	真理之钟	3	3	1.000	ok
Broken Compass	破碎罗盘	3	3	1.000	ok
Ornamental Horseshoe	马蹄铁饰物	3	3	1.000	ok
Polarization	偏振光	3	3	1.000	ok
Arrested Hymn	被扣留的颂歌	3	3	1.000	ok
Smoking Gunpowder	有烟火药	3	3	1.000	ok
Deceptive Accord	虚饰的和平	3	3	1.000	ok
Moment of Sentencing	宣判之刻	3	3	1.000	ok
Carpenter's Nail	木工用长钉	3	3	1.000	ok
Torn Bandolier	撕裂的弹带	3	3	1.000	ok
Keenbranch	磨尖的树枝	3	3	1.000	ok
Compression Bandage	加压绷带	3	3	1.000	ok
Temporal Bridle	时间的枷锁	3	3	1.000	ok
Clasped Sculpture	紧握的雕像	3	3	1.000	ok
Faint Vestige	微茫的残影	3	3	1.000	ok
Short Cane Sword	拐杖短剑	3	3	1.000	ok
Cloudpattern Gourd Bottle	云纹鹤颈瓶	3	3	1.000	ok
Plume of Proof	见证的羽饰	3	3	1.000	ok
Torn Hems	磨破的衣袖	3	3	1.000	ok
Pocket Flashcards	口袋助记卡	3	3	1.000	ok
Omni-tool	万能工具	3	3	1.000	ok
Thermal Weapon	热丝武器	4	3	0.750	weak
Baleful Hwando	寄宿鬼气的环刀	3	3	1.000	ok
Tarnished Gauntlet	褪色的护手	3	3	1.000	ok
Noose	绞索	17	1	0.059	suspect
Searing Brass	灼热的铜管	3	3	1.000	ok
Interlinked Time	交织的时间	3	3	1.000	ok
Emergency Investigator Badge	紧急授予型搜查官徽章	3	3	1.000	ok
Entanglement Override Sequencer	强制纠缠定序器	3	3	1.000	ok
Harmonics	泛音	3	3	1.000	ok
Walking Bass	行进贝斯	3	3	1.000	ok
Pallid White Mermaid	苍白的白色人鱼	3	3	1.000	ok
Pallid Blue Mermaid	苍白的蓝色人鱼	3	3	1.000	ok
Pallid Entwined Mermaid	苍白的纠缠人鱼	3	3	1.000	ok
Pallidified Thing-Shield	苍白之物-盾	3	3	1.000	ok
Pallidified Thing-Club	苍白之物-棍	3	3	1.000	ok
Pallidified Thing-Pirate	苍白之物-海盗	3	3	1.000	ok
Pallidified Thing-Hook	苍白之物-钩	3	3	1.000	ok
Scared T Corp. Gangster	胆怯的T公司黑帮成员	1	1	1.000	ok
Disgraced Bloodbag	堕落的血袋	3	3	1.000	ok
Despairing Bloodbag	绝望的血袋	3	3	1.000	ok
Impaling Spear	贯穿之枪	3	3	1.000	ok
The Thumb Nursefather - Valencina	拇指 父辈 - 瓦伦希娜	6	6	1.000	ok
Nethersea Founder	深溟奠基者	3	3	1.000	ok
Nethersea Spewer	深溟喷溅者	3	3	1.000	ok
Left Stem	左侧枝干	3	3	1.000	ok
Right Stem	右侧枝干	3	3	1.000	ok
Recollected Wallowing Soldier	记忆中绝望的残兵	3	3	1.000	ok
Recollected Overtaken Soldier	记忆中被侵蚀的残兵	3	3	1.000	ok
Burning Clay Doll	燃烧的终末土偶	3	3	1.000	ok
Pink Shoes Possessee	粉红鞋所占之人	3	3	1.000	ok
Servile N Corp. Inquisitor	奉承的N公司异端审判官	3	3	1.000	ok
Compliant N Corp. Inquisitor	顺从的N公司异端审判官	3	3	1.000	ok
Obsessive N Corp. Inquisitor	执着的N公司异端审判官	3	3	1.000	ok
Joyous N Corp. Inquisitor	极度喜悦的N公司异端审判官	3	3	1.000	ok
Chicken Bucket	炸鸡桶	2	2	1.000	ok
K Corp. Filming Drone	K公司 摄像无人机	3	3	1.000	ok
Soon-to-bloom Flower	即将绽放的花	3	3	1.000	ok
K Corp. Class 3 Staff	K公司3级员工	3	3	1.000	ok
Refracted T Corp. Class 3 Collector	折射的T公司3级征收人员	6	6	1.000	ok
Nominable Identity Ticket	3周年纪念人格自选券	3	3	1.000	ok
[Sweeper Fuel Tank]	特大型液态燃料罐	6	6	1.000	ok
Radiating Malice	充满敌意的空间	3	3	1.000	ok
Inordinately Warped Reflection	高度畸变的映射	3	3	1.000	ok
The Outcast	无归属者	3	3	1.000	ok
Into a Certain Library's Book	进入某座图书馆的某本藏书	6	6	1.000	ok
Blessed Carnival	充满祝福的嘉年华	5	5	1.000	ok
Can Equip	可装备	3	1	0.333	suspect
Fighting Spirit	斗志昂扬	4	1	0.250	suspect
Sinners heal HP	罪人体力恢复	1	1	1.000	ok
Starting Cost +50	初始经费+50	3	3	1.000	ok
Before Entry	进入前	3	1	0.333	suspect
Cannot Fuse	无法合成	2	2	1.000	ok
Projection Rewards	投影度奖励	3	3	1.000	ok
Selected Adversities	选择制约	1	1	1.000	noise
Swordplay of the Homeland [Sal] - Shift Battleform	本国剑术[肉]-姿态变化	6	6	1.000	ok
Tigermark Round Reload	虎标弹装填	3	3	1.000	ok
Stubbornness	固执己见	3	0	0.000	noise
Joy of Execution	处刑的欢喜	3	3	1.000	ok
Cornering	无处可逃	2	1	0.500	suspect
Dueling Request	决斗委托	3	2	0.667	weak
Connect The Dots	连点成线	5	2	0.400	suspect
A S.B.	烟·休	3	3	1.000	ok
One Family	一家人	2	1	0.500	suspect
Mutilated Tattoos	残缺纹身	3	3	1.000	ok
Call of the Erlking	魔王的呼唤	3	3	1.000	ok
A moment, please...	请稍等…	3	2	0.667	weak
Snipe	远程狙杀	14	2	0.143	suspect
Bayonets	铳剑术	3	2	0.667	weak
Congestion Cleaning Armour	拥堵清理用装甲	2	2	1.000	ok
Eyes Bright Like Lamps	如灯之目	3	3	1.000	ok
Mentorship	指导与鞭策	3	3	1.000	ok
Exposed Pearl	裸露的珍珠	3	3	1.000	ok
Cracked Shell	破碎的贝壳	4	2	0.500	suspect
Gathering Slime	聚集的黏液	3	3	1.000	ok
Contaminating Slime	污染黏液	3	3	1.000	ok
Injected Hatred and Animosity	被灌输的憎恶与仇恨	3	3	1.000	ok
Wicked Energy	凶邪之气	3	3	1.000	ok
Charge Forth	跃进	5	2	0.400	suspect
Leading Lure	领先的诱饵	3	3	1.000	ok
Broken Stump	损毁的根系	3	3	1.000	ok
Evolving Lure	进化的诱饵	3	3	1.000	ok
Fairy Dust	精灵粉末	3	3	1.000	ok
Regenerate Dimensional Refraction Blade	修复次元折射刃	3	3	1.000	ok
Flaming Ember	燃烧的火种	2	2	1.000	ok
Establish Hypothesis	假说成立	3	3	1.000	ok
Throwing the Ohra Bond	套上捕绳	3	3	1.000	ok
Broken Exhaust Port	被破坏的排气口	3	3	1.000	ok
Leaking Steam	蒸汽泄漏	3	3	1.000	ok
Shared Sorrow	分担的哀伤	3	2	0.667	weak
Upgrade Factory at Work	强化工厂启动	3	3	1.000	ok
Amplified Aggression	膨胀的攻击性	3	3	1.000	ok
Molt	脱皮	13	2	0.154	suspect
Living Nerves	鲜活的神经	3	3	1.000	ok
Broken Means	损坏的手段	3	3	1.000	ok
Old and Abandoned	被舍弃的旧伞	3	3	1.000	ok
Self Destruction	自我破坏	3	3	1.000	ok
Lost Means	丢失的手段	3	3	1.000	ok
Damaged Shade	受损的绿荫	3	3	1.000	ok
Ravening Hunger	饥饿狂暴	3	3	1.000	ok
Reminisced Augmentation	深入记忆的强化肉体	3	3	1.000	ok
Thou Shalt Hammer	汝当锤	3	3	1.000	ok
Enticing Fairy Wine	诱人的精灵酒	3	3	1.000	ok
Apply Refracted Rupture	施加折射的破裂	3	3	1.000	ok
Time Reversion Retroaction	时间逆行反冲	3	3	1.000	ok
Melee Combat	近身战	4	2	0.500	suspect
After Effect	后遗症	1	1	1.000	ok
The Wicked Caitiffs	恶党	2	1	0.500	suspect
Training Dummy	训练用木人桩	7	2	0.286	suspect
Healing Ampule Injection	注射恢复安瓿	3	3	1.000	ok
Emergency Ampule Administration	紧急注射安瓿	3	3	1.000	ok
Mind Wave	精神波动	3	3	1.000	ok
Recoverable	可恢复	3	1	0.333	suspect
Buffs List	BUFF列表	2	1	0.500	suspect
The Ghost	幽魂	8	1	0.125	suspect
Obsidian Grass	黑草	4	4	1.000	ok
Homeward Bound	归乡	2	1	0.500	suspect
Night Ambush	夜袭	2	2	1.000	ok
Second Round of the Family Hierarch Evaluation	第二轮家主评审	5	3	0.600	noise
Shurajō	修罗场	1	1	1.000	ok
Suddenly, One Day	某一日，突然	7	6	0.857	ok
A Warm Welcome	热烈欢迎	3	1	0.333	suspect
Gobsmack	瞠目结舌	3	1	0.333	suspect
Humming Along	哼唱	1	1	1.000	ok
Holy Night	平安夜 2	5	1	0.200	suspect
Drones and Abnormalities	无人机与异想体	3	3	1.000	ok
Data Collection	数据收集	2	2	1.000	ok
Dulled Harpoon	钝鱼叉	3	3	1.000	ok
Finals	最终测验	1	1	1.000	ok
Hierarch Rescue Operation	家主解救作战	3	3	1.000	ok
Renketsuen	连血缘	3	3	1.000	ok
A Blade Fiend's Fathoms	剑鬼的心象	3	3	1.000	ok
The Final Problem	最后一案	3	3	1.000	ok
Royalty	王族	3	1	0.333	suspect
Abraxas Chariot	阿布拉克萨斯战车	3	3	1.000	ok
The Oracle's Proxy	神谕代行者	3	3	1.000	ok
Right or Left	左转或右转	2	2	1.000	ok
T Corp. Collector	T公司征收员	4	2	0.500	suspect
1.76 MHz	1.76兆赫	3	3	1.000	ok
Eternal Rest	永远的解放	5	2	0.400	suspect
The First Gate	第一道关口	3	2	0.667	noise
PickingRowAndColumn	选择行与列	2	2	1.000	ok
Mayors, the Yearning Flotsam	梅厄斯，羡望漂流	4	4	1.000	ok
Feral Mane Corroded	兽鬃侵蚀者	3	2	0.667	weak
Poking at the Egg	触碰卵	2	1	0.500	suspect
Explosive Gloom	爆发的忧郁	2	2	1.000	ok
Explosive Envy	爆发的嫉妒	2	2	1.000	ok
Butler's Mark	管家的标记	2	2	1.000	ok
Heart Toward the New Era	迈向新时代的心	5	5	1.000	ok
Happiness, Joy, Sorrow, Wrath	喜、乐、哀、怒	5	5	1.000	ok
Sublime Immortality	至高无上的不死	2	2	1.000	ok
Infinitely Bequeathing Will of Hongyuan	悠久传承的鸿园之意	5	5	1.000	ok
Stench of Times Past	过往的恶臭	2	2	1.000	ok
Untroubled Analysis	冷静分析	2	2	1.000	ok
The Prescript's Target - The Index	食指的指令对象	2	2	1.000	ok
Insecurity: Mask	自我防御-面具	5	5	1.000	ok
Check This Out, Kiddo!	仔细看好，闺女！	4	4	1.000	ok
The Middle Styled Augmentation Tattoos	中指式强化纹身	4	4	1.000	ok
Artwork: Tibia	作品名：提比娅	4	4	1.000	ok
"K-kill... kill me..."	“杀、杀…杀了我…”	5	5	1.000	ok
Tremor - Chain	震颤-锁链	5	5	1.000	ok
Chanting - Arcana Slave	咏唱-阿卡纳光破斩	5	5	1.000	ok
Makeshift Surgery	紧急手术	2	2	1.000	ok
Blunt Resist Down	打击抗性弱化	2	2	1.000	ok
Lust DMG Up	色欲伤害强化	2	2	1.000	ok
Blunt Protection	打击守护	2	2	1.000	ok
Sloth Protection	怠惰守护	2	2	1.000	ok
Dark Flame	黑焰	2	2	1.000	ok
Gloom Power Up	忧郁威力提升	3	3	1.000	ok
Linebreaker	踏破敌阵	3	2	0.667	weak
Target Aim	瞄准目标	2	2	1.000	ok
Escape Apparatus	逃脱装置	2	2	1.000	ok
Slot Weight +	容量增加	4	2	0.500	suspect
Boost Speed	速度增加	3	2	0.667	weak
Sanity Attack	精神攻击	2	2	1.000	ok
Headstrong I	顽强I	4	3	0.750	weak
Keen XIV	锐利XIV	3	2	0.667	weak
Keen XIV	强韧XIV	3	1	0.333	suspect
Tremor Barrier	震颤阻绝	2	2	1.000	ok
Vitality Boost	生命增幅	2	2	1.000	ok
Exquisite Aesthetics	卓越的美感	3	3	1.000	ok
Festival of Blood	血之庆典	2	2	1.000	ok
Health Refraction	体力折射	1	1	1.000	ok
{0}d left	剩余{0}天	2	2	1.000	ok
Buy Pass Levels	购买通行证等级	1	1	1.000	ok
Damage Taken Down	受到的伤害降低	4	1	0.250	suspect
Remaining Activations	剩余次数	3	1	0.333	suspect
Employee Lounge	员工休息室	3	2	0.667	weak
Snowy Crossroads	雪原岔道	3	2	0.667	weak
Machinery Room	机械室	4	1	0.250	suspect
Containment Area	隔离区	2	2	1.000	ok
Trash Crab Brain Wine	废料蟹脑髓泡酒	3	2	0.667	weak
Cetacean Heart	鲸心	1	1	1.000	ok
Token of Victory	胜利之证	3	2	0.667	weak
E-Type Dimensional Dagger	E型次元短剑	3	3	1.000	ok
Crystallized Blood	血液结晶	4	2	0.500	suspect
Blood, Sweat, and Tears	膏血	5	5	1.000	ok
Grey Coat	灰色大衣	2	2	1.000	ok
Illusory Hunt	异想狩猎	3	3	1.000	ok
A Certain Philosophy	某种哲学	2	2	1.000	ok
Flower in the Mirror	镜中花	2	2	1.000	ok
Moon in the Water	水中月	2	2	1.000	ok
Entangled Fate	纠缠的缘分	3	3	1.000	ok
Average Artwork	凡作	1	1	1.000	ok
Endless Hunger	无尽的饥饿	3	2	0.667	weak
Ashen Constellation's Blessing	灰色星座的加护	2	2	1.000	ok
Stern Soldato of the Thumb	严格的拇指士兵	5	5	1.000	ok
The Ring Apprentice - Albina	环指 子辈 - 阿尔比娜	4	4	1.000	ok
Deep Sea Slider	底海滑动者	3	3	1.000	ok
Dawn of Green - Doubt - δ	绿色的黎明 - 疑问 - δ	5	5	1.000	ok
Sword of a Forgotten Knight	遗忘骑士之剑	4	4	1.000	ok
Bongyguard	小凤警卫队	3	3	1.000	ok
Recollected Awry Soldier	记忆中扭曲的残兵	3	2	0.667	weak
Refracted Portrait	折射的肖像	3	2	0.667	weak
Gain {0} Cost	获得{0} 经费	5	5	1.000	ok
{1}% chance to gain a random E.G.O Gift	获得{0} 经费	1	1	1.000	ok
A Certain World	某个世界	1	1	1.000	ok
Thunder and Lightning	电闪雷鸣	4	1	0.250	suspect
The Infinite Procession	无尽的游行	1	1	1.000	ok
Yield My Flesh to Claim Their Bones BokGak	肉斩骨断 复刻	6	5	0.833	weak
Physical Training	体力锻炼	3	2	0.667	weak
Namesake	名副其实	5	1	0.200	suspect
Readiness	事前准备	4	1	0.250	suspect
Cheaper Refresh Cost	刷新所需经费减少	2	2	1.000	ok
Sell E.G.O Gift	售卖E.G.O饰品	3	1	0.333	suspect
Cannot Enhance	无法强化	2	1	0.500	suspect
Before Entry	探索前	3	1	0.333	suspect
Biting Wind	刺骨寒风	3	1	0.333	suspect
Tier 3 + Tier 3 => Tier 3	3级 + 3级 => 3级	5	5	1.000	ok
Clear Canto VI	通过第6章	5	2	0.400	suspect
Converted to Cost	兑换为经费	2	1	0.500	suspect
Refraction Railway Theme Pack	折射轨道主题卡包	3	3	1.000	ok
Weekly Projection Cap	每周可获得的投影度	2	2	1.000	ok
Current Theme Pack-Exclusive	当前主题卡包限定	3	2	0.667	noise
Brutal Stab	剜出	1	1	1.000	ok
Brainwave Focus	脑波集束	2	2	1.000	ok
Broken Spirit	万念俱灰	2	0	0.000	noise
Hustle	推波助澜	5	1	0.200	suspect
Gambit	胜负手	10	1	0.100	suspect
Dimensional Demon Edge	次元魔刃	3	3	1.000	ok
Collective Breathing	共同呼吸	2	2	1.000	ok
Burning Passion	炽热激情	3	2	0.667	weak
Speedy Delivery	高速派送	2	2	1.000	ok
Duel Livestream	决斗直播	2	2	1.000	ok
Le Fauvisme - Couleurs Sauvages	野兽派-野性色彩	5	5	1.000	ok
Puncturing Harpoon	鱼叉贯穿	2	2	1.000	ok
The Parade Repeats for Eternity	游行会永远重复下去	5	5	1.000	ok
In Dreams	如在梦中	3	1	0.333	suspect
I will ask again	再问你一次	2	2	1.000	ok
The Final Battle	最后一战	4	1	0.250	suspect
Burden of Responsibility	责任之重	2	2	1.000	ok
Idolatry	偶像崇拜	3	2	0.667	weak
'O Clock	准点	3	2	0.667	weak
Remaining Time	残存的时间	4	1	0.250	suspect
Breaking Pieces	破裂的碎片	2	2	1.000	ok
Empty Belly	空腹	1	1	1.000	ok
Blue Resin	蓝色黏液	4	2	0.500	suspect
Quickening of the Unborn	胎动	1	1	1.000	ok
Severed and Torn until Even the Form is Undone [支離滅裂]	支离灭裂	1	1	1.000	ok
Dead End	瓮中之鳖	10	1	0.100	suspect
Spiked Bat	带刺的球棒	4	1	0.250	suspect
Styptics	止血剂	4	1	0.250	suspect
The Man-eating Bear	连人都吃的熊	2	2	1.000	ok
Clear Target	明确的目标	1	1	1.000	ok
The Last Breath	最后的气息	3	2	0.667	noise
Tango Marinade	探戈酱料	4	1	0.250	suspect
Disembark	终止行进	11	1	0.091	suspect
- E.G.O : Threadspin Tier 4	- E.G.O：异想解析4阶段	3	3	1.000	ok
Selected Buff	选择增益	11	1	0.091	noise
Expression of Love	传达爱的话语	8	1	0.125	suspect
The Bell Tolls	敲钟	3	1	0.333	suspect
A Ridiculous Idea	不切实际的想法	3	1	0.333	suspect
Dance Time	舞蹈时间	3	3	1.000	ok
A Performance	一场表演	4	1	0.250	suspect
Bright Villains	聪明的恶人	2	2	1.000	ok
Binding 3	纽带 3	1	1	1.000	ok
Painting of Hell	地狱般的图景	4	2	0.500	suspect
Regular Health Check-up	健康体检	2	2	1.000	ok
Sinking on Purpose	自愿的沉溺	2	2	1.000	ok
The Final Check-up	最后的体检	2	2	1.000	ok
Spinning Clock	转动的时钟	2	2	1.000	ok
The Fabled Knight	童话中的骑士	2	2	1.000	ok
Good Memories	美好的记忆	3	2	0.667	weak
Lineage of Blades	执剑之契	3	1	0.333	suspect
To Yong-jin Building	前往龙进大楼	3	2	0.667	weak
Left or Right	左转或右转	1	1	1.000	ok
Suspicious Red Cloth	奇怪的红布	2	2	1.000	ok
Punishing Bird	惩戒鸟	2	2	1.000	ok
Queen Bee Gift Options	蜂后 饰品 选项	2	2	1.000	ok
Exhilarating Edutainment Featuring Excess Violence!	寓教于揍的有趣游戏！	4	4	1.000	ok
Who Judges the Judge	审判审判官之人	2	2	1.000	ok
Rite of Suppuration	溃烂仪式	2	2	1.000	ok
Rite of Confrontation	直面仪式	2	2	1.000	ok
Rite of Penance	忏悔仪式	2	2	1.000	ok
Rite of Conclusion	最终仪式	2	2	1.000	ok
<color=#ebcaa2>Nothing happened.</color>	<color=#ebcaa2>什么都没有发生。</color>	4	4	1.000	ok
Dongrang has been confronted	东朗被阻拦了	2	2	1.000	ok
Physical Intervention Shield Activated	物理屏蔽力场已激活	2	2	1.000	ok
Take a general, sweeping look around the factory.	整体性地调查工厂。	3	3	1.000	ok
Take a closer look at the factory owner and the employee.	仔细地调查厂长和员工。	3	3	1.000	ok
Carnival of La Manchaland	拉·曼却领嘉年华游行	3	2	0.667	weak
You know your stuff	你很懂行嘛	2	2	1.000	ok
Bamboo-hatted Kim's Past 4	金笠的过去 4	2	2	1.000	ok
Ardor Blossom Moth Containment Breach	红焰蛾出逃	4	4	1.000	ok
Eat it.	尝尝看。	3	2	0.667	weak
Accept and investigate.	同意调查。	2	2	1.000	ok
Post-Heishou Choice Development	黑兽选项后	2	2	1.000	ok
Oddly Familiar Boombox	似曾相识的音响	2	2	1.000	ok
Gallery of the Ring's School of Fauvism	野兽派环指画廊	4	4	1.000	ok
Hindley, The Reaved Lamenter	因被夺取而哭嚎的亨德利	3	3	1.000	ok
Peccatulum Pigritiae?	怠惰罪种?	4	4	1.000	ok
Peccatulum Morositatis?	忧郁罪种?	4	4	1.000	ok
Peccatulum Irae?	暴怒罪种?	4	4	1.000	ok
Baba Yaga-A	芭芭雅嘎-A	2	2	1.000	ok
Baba Yaga-B	芭芭雅嘎-B	2	2	1.000	ok
Feral Mane Corroded	野兽鬃毛的侵蚀者	3	1	0.333	suspect
Spiced-up Papa Bongy	香辣凤老爹	2	2	1.000	ok
Human Offering	以人为祭	2	2	1.000	ok
The Chicken Strife	炸鸡对决	2	2	1.000	ok
Rusted Hilt Choice	锈蚀的刀柄 选项	2	2	1.000	ok
T Corp. Tax Collection	T公司税金征收	2	2	1.000	ok
The Timekilling Scene	时间杀人现场	2	2	1.000	ok
Bizarre Machine	奇妙的机器	2	1	0.500	suspect
Worn Hilt Choice	陈旧的刀柄 选项	2	2	1.000	ok
Test of the Big Brother	大哥的试炼	4	4	1.000	ok
Shade of Reflection [Tigerhunt]	映射[狩虎]	4	4	1.000	ok
Shade of Reflection [Chachihu]	映射[插翅虎]	4	4	1.000	ok
Shade of Reflection [Tiantui Star]	映射[天退星]	4	4	1.000	ok
Uneven Breathing	粗重喘息	2	2	1.000	ok
Marked Prey	猎物标识	2	2	1.000	ok
Subject of Wrath	泄愤对象	2	2	1.000	ok
Excruciating Rage	充满痛苦的暴怒	2	2	1.000	ok
Courage to Approach	靠近的勇气	2	2	1.000	ok
Seized Wrath	紧握的暴怒	2	2	1.000	ok
Foolhardy Duel	鲁莽的决斗	2	2	1.000	ok
An Actual Bear	真正的熊	2	2	1.000	ok
Deep Laceration	深度裂伤	2	2	1.000	ok
Bloodwoven Thorn	血编荆棘	2	2	1.000	ok
Bloodmolded Thorn	血塑荆棘	2	2	1.000	ok
Imperfect Parade	不完善的游行	2	2	1.000	ok
Unstoppable Bliss	无法停止的欢喜	2	2	1.000	ok
Box of Curses	诅咒包裹	2	2	1.000	ok
Shimmering【Bloodfiend】	摇曳【血魔】	4	4	1.000	ok
Dreamy Hesitation	如在梦中的犹豫	2	2	1.000	ok
Polydipsic Rose	饥渴的玫瑰	2	2	1.000	ok
Rose Wedge	玫瑰之楔	2	2	1.000	ok
The Endless Wheel	不停旋转的摩天轮	2	2	1.000	ok
Returning Bloodlust III	复还的血之冲动III	2	2	1.000	ok
Congealing Blood	正在凝固的血	2	2	1.000	ok
Crippling Injury	严重的负伤	2	2	1.000	ok
My True Heart...	我的本心…	2	2	1.000	ok
Protective Stance	守护姿态	2	2	1.000	ok
Bloodthirst Suppressed	杀气抑制	2	2	1.000	ok
Concealed Bloodthirst	抑制杀气	2	2	1.000	ok
Eyeball Pinion	眼羽	2	2	1.000	ok
Inner Strength [底力]	底力	2	2	1.000	ok
Explosive Amusement	爆发游戏	2	2	1.000	ok
Imperfect Immortality	不完善的不死	2	2	1.000	ok
Supernatural, Strength, Chaos, and Spirits	怪力乱神	4	4	1.000	ok
The Will to Confront	希冀直面的意志	2	2	1.000	ok
Propagating Gloom	蔓延的忧郁	2	2	1.000	ok
Gasping Breath	吐出的呼吸	3	2	0.667	weak
Wounded Wound	伤中之伤	2	2	1.000	ok
Lazy Sloth	慵懒的怠惰	2	2	1.000	ok
The Middle's Vendetta Mark	中指的复仇对象	2	2	1.000	ok
I'll Gift-wrap You	我要把你做成礼物！	2	2	1.000	ok
Subject of Observation	观察对象	2	2	1.000	ok
Automated Myofiber Activity	肌纤维的机械性收缩与舒张	2	2	1.000	ok
Hostage Situation	人质事件	2	2	1.000	ok
Rapid Growth	急速生长	2	2	1.000	ok
Artwork: Fascia	作品名：法西娅	4	4	1.000	ok
Impact-rattled Armor	剧烈振动的甲胄	2	2	1.000	ok
The Thumb Nursefather's Command	拇指父辈的命令	2	2	1.000	ok
Rekindled Exhilaration	复燃的喜悦	2	2	1.000	ok
Prescript: [Paper Slip] III	指令[纸条]III	4	4	1.000	ok
Prescript: [Paper Slip] IV	指令[纸条]IV	4	4	1.000	ok
Extreme Onus	强烈的压迫感	2	2	1.000	ok
Fourfold Afterimage Entanglement	四重残像纠缠	2	2	1.000	ok
Threefold Afterimage Entanglement	三重残像纠缠	2	2	1.000	ok
Twofold Afterimage Entanglement	二重残像纠缠	2	2	1.000	ok
Onefold Afterimage Entanglement	一重残像纠缠	2	2	1.000	ok
Shin (心) - Dihui Star	心-地慧星	4	4	1.000	ok
Mutilated Memory and Recollection	被千刀万剐的记忆与回忆	2	2	1.000	ok
Deep Breath - Red	深长吐息-红色	4	4	1.000	ok
Memories of that Day	那一日的记忆	4	2	0.500	suspect
Dimensional Bag - Namir Workshop	次元包-纳米尔工坊	4	4	1.000	ok
Dimensional Bag - YuRia Atelier	次元包-尤里亚工坊	4	4	1.000	ok
Thermal Blades OFF	热丝 OFF	2	2	1.000	ok
Ingredient-shedding Wound	材料脱落的伤口	2	2	1.000	ok
Shin (心) - Valencina	心-瓦伦希娜	4	4	1.000	ok
Shattered World	破碎的世界	2	2	1.000	ok
Umbra Unsealed	本影 禁制解除	2	2	1.000	ok
Unsevered Memory	未曾割舍的记忆	2	2	1.000	ok
Unseverable Time	未曾割舍的时间	2	2	1.000	ok
Rien's Mask	里恩的假面	2	2	1.000	ok
K Corp. Ampule Used	使用K公司安瓿	2	2	1.000	ok
Faint Guilt	微弱的负罪感	2	2	1.000	ok
Berserking	狂化	2	2	1.000	ok
Spreading Snake Venom	扩散的蛇毒	2	2	1.000	ok
Pinning Nail	定格尖钉	2	2	1.000	ok
Prisoner Transport Order	押送命令	2	2	1.000	ok
Investigation Order	调查命令	2	2	1.000	ok
Bloodtinged Craving	血色的渴求	2	2	1.000	ok
Sea Terror Assimilation	恐鱼同化	2	2	1.000	ok
Abyssal Vitality	深海的生命力	2	2	1.000	ok
Indelible Compassion	无法抹去的善意	2	2	1.000	ok
The Knight's Corpus	骑士骨血	2	2	1.000	ok
Misery and Calamity	苦厄灾难	2	2	1.000	ok
Emotional Connection	情感共享	2	2	1.000	ok
Violent Collections	强力征收执行	2	2	1.000	ok
T Corp. Borrowed Time	T公司的时间租赁	2	2	1.000	ok
Time Delay	时间泄露	2	2	1.000	ok
Stolen Time	抢来的时间	2	2	1.000	ok
Joint Time Expenditure	共同分担时间支出	2	2	1.000	ok
Mental Fracture	精神裂痕	2	2	1.000	ok
Blessing of Despair	绝望的加护	2	2	1.000	ok
Crumbled Pride	崩溃的自尊	2	2	1.000	ok
Mark of Villainy	恶人标记	2	2	1.000	ok
Magical Arcana	魔法阿卡纳	2	2	1.000	ok
Love/Hate	爱/憎	4	4	1.000	ok
Magical Girl's Chant	魔法少女的咏唱	2	2	1.000	ok
Pheromone Mark	信息素标记	2	2	1.000	ok
Herd Relocation	群体迁移	2	2	1.000	ok
Leaking Marinade	漏出的酱料	2	2	1.000	ok
Golden Recipe Sauce	黄金秘传酱汁	2	2	1.000	ok
Ongoing Damage	持续损伤	2	2	1.000	ok
Multiply Coin Boost	乘算硬币强化	2	2	1.000	ok
Minus Coin Drop	减算硬币弱化	2	2	1.000	ok
Multiply Coin Drop	乘算硬币弱化	2	2	1.000	ok
Slash Resist Up	斩击抗性强化	2	2	1.000	ok
Pierce Resist Up	突刺抗性强化	2	2	1.000	ok
Blunt Resist Up	打击抗性强化	2	2	1.000	ok
Pierce Resist Down	突刺抗性弱化	2	2	1.000	ok
Slash DMG Down	斩击伤害弱化	2	2	1.000	ok
Pierce DMG Down	突刺伤害弱化	2	2	1.000	ok
Blunt DMG Down	打击伤害弱化	2	2	1.000	ok
Wrath Resist Down	暴怒抗性弱化	2	2	1.000	ok
Lust Resist Down	色欲抗性弱化	2	2	1.000	ok
Sloth Resist Down	怠惰抗性弱化	2	2	1.000	ok
Gluttony Resist Down	暴食抗性弱化	2	2	1.000	ok
Gloom Resist Down	忧郁抗性弱化	2	2	1.000	ok
Pride Resist Down	傲慢抗性弱化	2	2	1.000	ok
Envy Resist Down	嫉妒抗性弱化	2	2	1.000	ok
Wrath Resist Up	暴怒抗性强化	2	2	1.000	ok
Lust Resist Up	色欲抗性强化	2	2	1.000	ok
Sloth Resist Up	怠惰抗性强化	2	2	1.000	ok
Gluttony Resist Up	暴食抗性强化	2	2	1.000	ok
Gloom Resist Up	忧郁抗性强化	2	2	1.000	ok
Pride Resist Up	傲慢抗性强化	2	2	1.000	ok
Envy Resist Up	嫉妒抗性强化	2	2	1.000	ok
Wrath DMG Down	暴怒伤害弱化	2	2	1.000	ok
Lust DMG Down	色欲伤害弱化	2	2	1.000	ok
Sloth DMG Down	怠惰伤害弱化	2	2	1.000	ok
Gluttony DMG Down	暴食伤害弱化	2	2	1.000	ok
Gloom DMG Down	忧郁伤害弱化	2	2	1.000	ok
Pride DMG Down	傲慢伤害弱化	2	2	1.000	ok
Envy DMG Down	嫉妒伤害弱化	2	2	1.000	ok
Gloom DMG Up	忧郁伤害强化	2	2	1.000	ok
Pride DMG Up	傲慢伤害强化	2	2	1.000	ok
Weak-resist DMG Boost	脆弱攻击伤害强化	2	2	1.000	ok
Spreading Flame	燎原	4	2	0.500	suspect
Gentle Sendoff	惜别	2	2	1.000	ok
Gaze of the One Who Grips	执柄者的凝视	2	2	1.000	ok
Pierce Protection	突刺守护	2	2	1.000	ok
Wrath Protection	暴怒守护	2	2	1.000	ok
Lust Protection	色欲守护	2	2	1.000	ok
Gluttony Protection	暴食守护	2	2	1.000	ok
Gloom Protection	忧郁守护	2	2	1.000	ok
Pride Protection	傲慢守护	2	2	1.000	ok
Envy Protection	嫉妒守护	2	2	1.000	ok
Burn Resistance	烧伤抗性	2	2	1.000	ok
Bleed Resistance	流血抗性	2	2	1.000	ok
Momentary Cool	片刻冷静	2	2	1.000	ok
Momentary Glory	刹那的荣光	2	2	1.000	ok
Crab Rage	蟹·愤	2	2	1.000	ok
Declared Duel - Don Quixote	决斗宣告-堂吉诃德	2	2	1.000	ok
Heated Gas Harpoon	加热的燃气捕鲸叉	4	2	0.500	suspect
Overheated Gas Harpoon	过热的燃气捕鲸叉	2	2	1.000	ok
Reverse Compulsion	反转强迫	2	2	1.000	ok
Blooming Thorn III	绽放荆棘III	2	2	1.000	ok
The First Magic Bullet	第一发魔弹	2	2	1.000	noise
The Second Magic Bullet	第二发魔弹	2	2	1.000	noise
The Third Magic Bullet	第三发魔弹	2	2	1.000	noise
The Fourth Magic Bullet	第四发魔弹	2	2	1.000	ok
The Fifth Magic Bullet	第五发魔弹	2	2	1.000	ok
The Sixth Magic Bullet	第六发魔弹	2	2	1.000	ok
The Seventh Magic Bullet	第七发魔弹	2	2	1.000	ok
Target Spotted	锁定目标	2	2	1.000	ok
Overwatch Assignment	后方支援分派	2	2	1.000	ok
Cumulus Wall	云障	2	2	1.000	ok
Shallow Exhale	急促喘息	2	2	1.000	ok
Searing Birdcage	炙热鸟笼	2	2	1.000	ok
Unfocused Volley	广域乱射	2	2	1.000	ok
Mark of Decay	崩坏印记	2	2	1.000	ok
Twisted Curse Talisman	纠缠不休的咒符	2	2	1.000	ok
Razor Thorn	刃棘	2	2	1.000	ok
Battlefield Retreat	战场撤退	2	2	1.000	ok
Scorch Propellant Ammo	灼热推进弹	2	2	1.000	ok
Near-light Superbattery	超亚光蓄能	2	2	1.000	ok
Self Resonance Circuitry	自谐振电路	2	2	1.000	ok
Leash-holder of All Heishou	全体黑兽之主	2	2	1.000	ok
Man in Scabbard	鞘中人	2	2	1.000	ok
Arrow - Shi	箭矢-死	4	4	1.000	ok
Lodged Arrow	刺入之矢	2	2	1.000	ok
Focused Performance	专注表演	2	2	1.000	ok
La Mancha Parade	拉·曼却游行	2	2	1.000	ok
Fatal Wound	致命创伤	3	2	0.667	weak
Battleblood Instinct	血斗本能	2	2	1.000	ok
Protector's Stance	护卫姿态	2	2	1.000	ok
Sheut Fracture	影之龟裂	2	2	1.000	ok
LCA Fracture Round	LCA龟裂弹	2	2	1.000	ok
Resident Reg. Microchip	居民登记微芯片	2	2	1.000	ok
Guardians of the Forest	森林的守望者	2	2	1.000	ok
Wound-casing Mask	遮盖伤口的假面	2	2	1.000	ok
Desire for Acknowledgement Sated	被满足的认可欲	2	2	1.000	ok
Loyalty Pheromone	忠诚信息素	2	2	1.000	ok
Spore Round [Base]	孢子弹[基础]	4	4	1.000	ok
Spore Round [Buckshot]	孢子弹[霰弹]	4	4	1.000	ok
Hornet [Rifle]	黄蜂[步枪]	4	4	1.000	ok
Hornet [Shotgun]	黄蜂[霰弹枪]	4	4	1.000	ok
Imperfections Addressed	缺陷补全	2	2	1.000	ok
Scarlet Moth	朱红之蛾	4	2	0.500	suspect
String Severance [絕緣]	断缘	2	2	1.000	ok
Shin (心) - Dihui Star [地慧星]	心-地慧星	2	2	1.000	ok
The Middle - Vengeance Tattoo [<s>Great Sister</s>]	中指-仇怨纹身[<s>长姊</s>]	4	4	1.000	ok
Avenging My Family	家人的复仇	2	2	1.000	ok
Rising Fever	愈加炽热的兴致	2	2	1.000	ok
Trussed [Hong Lu]	捕缚[鸿璐]	4	4	1.000	ok
Drink to the Fallen	追悼酒	2	2	1.000	ok
Sword of the Homeland - The True Essence	本国剑-传授真意	4	4	1.000	ok
Maturing Textbook	逐渐完备的教材	2	2	1.000	ok
Dawnherald	迎接黎明	2	2	1.000	ok
From Dawnbreak to Sunset	自黎明至黄昏	2	2	1.000	ok
Blazing Sunset	燃烧的黄昏	2	2	1.000	ok
Loneliness at High Noon	孤独的正午	2	2	1.000	ok
Overheated Coffin	过热的棺	2	2	1.000	ok
Dimensional Castaway	次元漂流	2	2	1.000	ok
Quadricolor Dimensions	四色次元	2	2	1.000	ok
Inflict additional Burn	烧伤追加	2	2	1.000	ok
Inflict additional Bleed	流血追加	2	2	1.000	ok
Inflict additional Rupture	破裂追加	2	2	1.000	ok
Siphon Damage	伤害汲取	2	2	1.000	ok
Unopposed Attack Boost	单方面攻击强化	2	2	1.000	ok
Damage Dealt Up	造成伤害强化	2	2	1.000	ok
Coin Power Up II	硬币威力增幅 II	2	2	1.000	ok
Overload II	过载 II	2	2	1.000	ok
Body Corpulence	肉体肥大	2	2	1.000	ok
Final Attack Boost	最终攻击增强	2	2	1.000	ok
Base Attack Boost	基础攻击增强	2	2	1.000	ok
Body Growth	肉体生长	2	2	1.000	ok
Body Fortification	肉体补强	2	2	1.000	ok
Final Combat Gear	最终战斗装备	2	2	1.000	ok
Defense Gear	防御装备	2	2	1.000	ok
Coin Attack Boost	硬币攻击增强	2	2	1.000	ok
Peerless Might	强大无比	2	2	1.000	ok
Take an Eye I	复仇I	2	2	1.000	ok
Amplify Body III	肉体增强III	2	2	1.000	ok
Expand Body III	肉体扩展III	2	2	1.000	ok
Max HP Boost II	体力上限增强II	2	2	1.000	ok
Amplify Body IV	肉体增强IV	2	2	1.000	ok
Expand Body IV	肉体扩展IV	2	2	1.000	ok
Coin Power Boost	硬币威力增强	2	2	1.000	ok
Clash Attack Boost II	拼点攻击增强II	2	2	1.000	ok
Offense Level Up II	攻击等级强化II	2	2	1.000	ok
Resilient III	强韧III	2	2	1.000	ok
Keen III	锐利III	2	2	1.000	ok
Resilient IV	强韧IV	2	2	1.000	ok
Growth III	生长III	2	2	1.000	ok
Clash Power Boost	拼点威力增幅	2	2	1.000	ok
Keen IV	锐利IV	2	2	1.000	ok
Body Up III	肉体强化III	2	2	1.000	ok
Growth IV	生长IV	2	2	1.000	ok
Body Up IV	肉体强化IV	2	2	1.000	ok
Clash Power Up III	拼点威力增强III	2	2	1.000	ok
Brutality III	破坏力III	2	2	1.000	ok
Clash Power Up IV	拼点威力增强IV	2	2	1.000	ok
Base Power Up IV	基础威力增强IV	2	2	1.000	ok
Brutality IV	破坏力IV	2	2	1.000	ok
Keen VIII	锐利VIII	2	2	1.000	ok
Resilient VIII	强韧VIII	2	2	1.000	ok
Body Up VIII	肉体强化VIII	2	2	1.000	ok
Growth VIII	生长VIII	2	2	1.000	ok
Keen IX	锐利IX	2	2	1.000	ok
Resilient IX	强韧IX	2	2	1.000	ok
Body Up IX	肉体强化IX	2	2	1.000	ok
Growth IX	生长IX	2	2	1.000	ok
Brutality VI	破坏力VI	2	2	1.000	ok
Mounting Adversities	追加的制约	2	2	1.000	ok
Keen XIII	锐利XIII	2	2	1.000	ok
Resilient XIII	强韧XIII	2	2	1.000	ok
Body Up XIII	肉体强化XIII	2	2	1.000	ok
Growth XIII	生长XIII	2	2	1.000	ok
Clash Power Up VIII	拼点威力增强VIII	2	2	1.000	ok
Final Power Up VIII	最终威力增强VIII	2	2	1.000	ok
Base Power Up VIII	基础威力增强VIII	2	2	1.000	ok
Body Up XIV	肉体强化XIV	2	2	1.000	ok
Growth XIV	生长XIV	2	2	1.000	ok
Clash Power Up IX	拼点威力增强IX	2	2	1.000	ok
Final Power Up IX	最终威力增强IX	2	2	1.000	ok
Base Power Up IX	基础威力增强IX	2	2	1.000	ok
Keen XVI	锐利XVI	2	2	1.000	ok
Resilient XVI	强韧XVI	2	2	1.000	ok
Body Up XVI	肉体强化XVI	2	2	1.000	ok
Growth XVI	生长XVI	2	2	1.000	ok
Clash Power Up XI	拼点威力增强XI	2	2	1.000	ok
Final Power Up XI	最终威力增强XI	2	2	1.000	ok
Base Power Up XI	基础威力增强XI	2	2	1.000	ok
Inflation II	通货膨胀II	2	2	1.000	ok
Ego Interference II	自我干涉II	2	2	1.000	ok
Mark of Fire II	炎之烙印II	2	2	1.000	ok
Mental Psychosis II	精神错乱II	2	2	1.000	ok
Nerve Acceleration II	神经加速II	2	2	1.000	ok
SP Fatigue II	理智枯竭II	2	2	1.000	ok
Hunger-Rage	饥饿-暴怒	2	2	1.000	ok
Curio	探究对象	210	2	0.010	suspect
Glimpse of Precognition	瞬间的预知	2	2	1.000	ok
Force Redistribution	战力的再分配	2	2	1.000	ok
Psychological Elation	精神昂扬	2	2	1.000	ok
Shield Generation	生成护盾	2	2	1.000	ok
Fracture Proliferation	龟裂增殖	2	2	1.000	ok
Beauty of the Physique	肉体美	2	2	1.000	ok
Charm of the Beastly	野性美	2	2	1.000	ok
Torn-out Butterfly	撕裂而出之蝶	2	2	1.000	ok
Brambles of Eternity	永劫的荆棘	2	2	1.000	ok
Bandages of the King in Binds	受缚之王的绷带	4	4	1.000	ok
Moment of Audience	觐见之时	2	2	1.000	ok
Poised Showdown	决战的呼吸法	2	2	1.000	ok
Infliction Refraction	施加量折射	2	2	1.000	ok
Gain Refraction	获得量折射	2	2	1.000	ok
Refracted Burst	折射的爆发	2	2	1.000	ok
Weakness Destroyed	弱点破坏	2	2	1.000	ok
The Lone Gunman	孤独的射手	2	2	1.000	ok
Lasting Battle Spirit	延续斗志	2	2	1.000	ok
Resource Reaping	资源收获	2	2	1.000	ok
Wrathful Counter	愤怒的反击	2	2	1.000	ok
Fell Bullet Deluge	凶弹倾泻	2	2	1.000	ok
HP Manipulation	体力扭曲	2	2	1.000	ok
Refracted Slash	折射的斩击	2	2	1.000	ok
Refracted Pierce	折射的突刺	2	2	1.000	ok
Refracted Blunt	折射的打击	2	2	1.000	ok
Growth Refraction II	生长折射 II	2	2	1.000	ok
Resource Vaporization	资源挥发	2	2	1.000	ok
Blossomed Blood	绽放之血	3	2	0.667	weak
Refracted Rage	折射的愤怒	2	2	1.000	ok
HP Refraction II	体力折射 II	2	2	1.000	ok
Active Buffs	生效的增益	3	2	0.667	weak
Active Trials	生效的苦难	2	2	1.000	ok
Clash Power Refraction	拼点威力折射	2	2	1.000	ok
Refracted Poise	折射的呼吸法	2	2	1.000	ok
Refracted Envy	折射的嫉妒	2	1	0.500	suspect
Temporal Disjunction	时间背离	2	2	1.000	ok
Capricious Mercy	变化无常的慈悲	2	2	1.000	ok
Scaleclad	覆盖的鳞片	2	2	1.000	ok
Until Season 8	到第8赛季开始前	2	2	1.000	ok
Pass Missions	通行证任务	2	2	1.000	ok
Courage to Triumph Fear	战胜恐惧的勇气	2	2	1.000	ok
Fearsome Whistles	令人恐惧的哨音	2	2	1.000	ok
Poultry Apocalypse	鸡群的末日菜肴	3	1	0.333	suspect
Meshed Possibilities	概率坍缩	2	2	1.000	ok
Opportunistic	机会主义	3	1	0.333	suspect
Heal Selected	选择恢复	2	1	0.500	suspect
Faded Promise	褪色的约定	2	2	1.000	ok
HP Refraction I	体力折射 I	3	3	1.000	ok
Refracted Determination	折射的斗志	3	1	0.333	suspect
Journey to the Heart	通往心脏的道路	2	1	0.500	suspect
Pequod Town Entrance	裴廓德镇 出口	2	2	1.000	ok
Execution Room	处置室	2	2	1.000	ok
Control Team Lobby	控制部 大厅	3	1	0.333	suspect
Containment Hall 1	第一收容走廊	2	2	1.000	ok
Containment Hall 4	第四收容走廊	2	2	1.000	ok
Containment Hall 5	第五收容走廊	2	2	1.000	ok
Critical Abnormality Block	重要异想体管理所	2	2	1.000	ok
Defense Line 23-7 - 1536 Hours	第23-7 防线 15:36	4	4	1.000	ok
Vault Storage	金库保管室	2	2	1.000	ok
Quarry Entrance	采矿场入口	2	2	1.000	ok
Quarry 1	第1采矿场	2	2	1.000	ok
Quarry 2	第2采矿场	2	2	1.000	ok
Quarry 3	第3采矿场	2	2	1.000	ok
Quarry 4	第4采矿场	2	2	1.000	ok
Explosives Bay	爆炸物隔间	2	2	1.000	ok
Underground Factory Gate	地下工厂入口	2	2	1.000	ok
Production Line 1	1号生产线	2	2	1.000	ok
Production Line 2	2号生产线	2	2	1.000	ok
Production Line 3	3号生产线	2	2	1.000	ok
Assembly Line	装配产线	4	2	0.500	suspect
Maintenance Point	维护站点	2	2	1.000	ok
Safety Testing	安全性检查设施	2	2	1.000	ok
Final Processing	最终加工室	2	2	1.000	ok
Quality Control	质控室	2	2	1.000	ok
Ruined Village	已毁的村庄	2	2	1.000	ok
Buried Hideout	被掩埋的藏身处	2	2	1.000	ok
Forgotten Passage	被遗忘的通道	2	2	1.000	ok
Corroded Entity Block	侵蚀体隔离所	2	2	1.000	ok
Prison Area	监牢区域	3	1	0.333	suspect
Closed Prayer Room	封闭的祈祷室	3	1	0.333	suspect
Altar of Tears	眼泪祭坛	3	1	0.333	suspect
Altar Entrance	祭坛入口	2	2	1.000	ok
Dry-to-the-Bone Breast	干巴柴涩鸡胸肉	2	2	1.000	ok
Prepaid Time Receipt	预支时间收据	2	2	1.000	ok
Bridle+	枷锁+	4	4	1.000	ok
Snuffed Lantern	熄灭的提灯	3	1	0.333	suspect
Hardwood Liquor Cup	木质酒杯	2	2	1.000	ok
Swishing Fuel Tank	满满当当的燃料罐	2	2	1.000	ok
Ebony Brooch	黑檀胸针	2	2	1.000	ok
Nagel und Hammer Scriptures	钉与锤之书	2	2	1.000	ok
Blood-red Mane	血红鬃毛	2	2	1.000	ok
La Manchaland All-day Pass	拉·曼却领自由通行券	2	2	1.000	ok
Devouring Cube	吞噬一切的魔方	2	2	1.000	ok
Portable Barrier Battery	便携式力场电池	2	2	1.000	ok
Phlebotomy Pack	采血包	2	2	1.000	ok
Coffee and Cranes	咖啡与纸鹤	2	2	1.000	ok
Eclipse of Scarlet Moths	朱红蛾群	2	2	1.000	ok
Lithograph	石版字符	2	2	1.000	ok
Phantom Pain	幻痛	2	2	1.000	ok
Little and To-be-Naughty Plushie	又小又可能很坏的玩偶	2	2	1.000	ok
Gathering Skulls	头骨收藏	2	2	1.000	ok
Child within a Flask	瓶中婴孩	2	2	1.000	ok
Golden Urn	金瓮	2	2	1.000	ok
Ancient Effigy	古代雕像	2	2	1.000	ok
Soothe the Dead	镇魂	1	1	1.000	ok
Ardent Flower	火光花	2	2	1.000	ok
Clockwork Spring	齿轮发条	2	2	1.000	ok
Rebate Token	返利礼券	2	2	1.000	ok
New Release Pamphlet	新品小册	2	2	1.000	ok
Twinkling Vestige	闪耀的残影	2	2	1.000	ok
Layered Bandages	重叠的创可贴	2	2	1.000	ok
Wobbling Keg	摇晃的酒桶	2	2	1.000	ok
Angel's Cut	天使所私	2	2	1.000	ok
Miniature Telepole	微型电线杆	2	2	1.000	ok
Tenacity Bolus	强韧丸	2	2	1.000	ok
Lightning Axe	电击斧	2	2	1.000	ok
Unbreakable Knot	死结	1	1	1.000	ok
Mask of a Devotee	信徒面具	2	2	1.000	ok
Hemorrhagic Hand	流血的手	1	1	1.000	ok
Worn Entry Card	陈旧的通行证	2	2	1.000	ok
Red Entry Card	红色通行证	4	3	0.750	weak
Still-warm Coffee	尚且温热的咖啡	2	2	1.000	ok
Moustachioed Twinhooks Pirate	留胡子的双钩海盗团成员	2	2	1.000	ok
Bandana-wearing Twinhooks Pirate	戴头巾的双钩海盗团成员	2	2	1.000	ok
Agile Twinhooks Pirate	敏捷的双钩海盗团成员	2	2	1.000	ok
Tough Twinhooks Pirate	坚实的双钩海盗团成员	2	2	1.000	ok
Revived K Corp. Class 1 Staff	复活的K公司1级员工	4	4	1.000	ok
Sturdy Little Brother of the Middle	可靠的中指幼弟	4	4	1.000	ok
Stern Little Brother of the Middle	严格的中指幼弟	4	4	1.000	ok
Pallid and Blue Mermaid	苍白而泛青的人鱼	2	2	1.000	ok
Swift Edgar Family Butler	灵敏的埃德加家族管家	2	2	1.000	ok
Fast Edgar Family Butler	迅捷的埃德加家族管家	2	2	1.000	ok
Shifty Edgar Family Butler	诡诈的埃德加家族管家	2	2	1.000	ok
Trained Edgar Family Butler	熟练的埃德加家族管家	2	2	1.000	ok
Hostile Wuthering Heights Butler	险恶的呼啸山庄管家	2	2	1.000	ok
Trained Wuthering Heights Butler	受训的呼啸山庄管家	2	2	1.000	ok
Bizarre Dead Rabbits Henchman	奇特的死兔帮成员	2	2	1.000	ok
Veiled Dead Rabbits Henchman	蒙面的死兔帮成员	2	2	1.000	ok
Combative Fanghunt Office Fixer	好斗的猎牙事务所收尾人	2	2	1.000	ok
Prideful Fanghunt Office Fixer	心高气傲的猎牙事务所收尾人	2	2	1.000	ok
Wicked Deathrite Monk	邪咒杀僧	2	2	1.000	ok
The Middle Nursefather - Matthias	中指 父辈 - 马蒂亚斯	4	4	1.000	ok
The Index Nursefather - Rien	食指 父辈 - 里恩	2	2	1.000	ok
Wrath-drenched Rose	浸染暴怒的玫瑰	2	2	1.000	ok
Lust-drenched Rose	浸染色欲的玫瑰	2	2	1.000	ok
Sloth-drenched Rose	浸染怠惰的玫瑰	2	2	1.000	ok
Gluttony-drenched Rose	浸染暴食的玫瑰	2	2	1.000	ok
Gloom-drenched Rose	浸染忧郁的玫瑰	2	2	1.000	ok
Pride-drenched Rose	浸染傲慢的玫瑰	2	2	1.000	ok
Envy-drenched Rose	浸染嫉妒的玫瑰	2	2	1.000	ok
Absorbing Tree	吸收之树	2	2	1.000	ok
Little Brother Werner	幼弟 维尔纳	2	2	1.000	ok
T Corp. Class 2 Collection Staff	T公司 2级征收人员	4	4	1.000	ok
Dawn of Green - Doubt - γ	绿色的黎明 - 疑问 - γ	4	4	1.000	ok
Determined Kurokumo Henchman	坚定的黑云会成员	2	2	1.000	ok
Tense Kurokumo Henchman	紧张的黑云会成员	2	2	1.000	ok
Adept Kurokumo Henchwoman	娴熟的黑云会成员	2	2	1.000	ok
Tired Kurokumo Henchwoman	昏昏欲睡的黑云会成员	2	2	1.000	ok
Kurokumo Clan Captain Jun	黑云会 副会长 俊	2	2	1.000	ok
Fiery Veteran	暴躁的残兵	1	1	1.000	ok
Puzzled Veteran	惊讶的残兵	1	1	1.000	ok
Razor-sharp Veteran	锋利的残兵	2	2	1.000	ok
Hardened Veteran	变强的残兵	2	2	1.000	ok
Embittered Veteran	残忍的残兵	2	2	1.000	ok
Recollected Awry Soldier	记忆中歪曲的残兵	3	1	0.333	suspect
Proceeding Inquisitor	向前逼近的异端审判官	2	2	1.000	ok
Four-legged Beast	四足野兽	2	2	1.000	ok
Slithering Inquisitor	蠢蠢欲动的异端审判官	2	2	1.000	ok
Rigid Casino Security	刻薄的赌场警卫	2	2	1.000	ok
Confident Casino Security	自信的赌场警卫	2	2	1.000	ok
Collected Casino Security	下定决心的赌场警卫	2	2	1.000	ok
Worshipping N Corp. Inquisitor	侍奉的N公司异端审判官	2	2	1.000	ok
Sadistic N Corp. Inquisitor	享受痛苦的N公司异端审判官	2	2	1.000	ok
Fearless N Corp. Inquisitor	无畏的N公司异端审判官	2	2	1.000	ok
Stone Seat	石头底座	2	2	1.000	ok
Lured Guido	受诱的圭多	2	2	1.000	ok
Lured Aida	受诱的艾达	2	2	1.000	ok
K Corp. Class 3 Excision Staff	K公司3级摘除人员	18	3	0.167	suspect
Sharp Trash Crab	锋利废料蟹	2	2	1.000	ok
Pointy Trash Crab	尖锐废料蟹	2	2	1.000	ok
Hard Trash Crab	坚硬的废料蟹	2	2	1.000	ok
Cannoneer Crab	余弹废料蟹	2	2	1.000	ok
Bayonet Artillery Crab	炮刃废料蟹	2	2	1.000	ok
Refracted Fairy Gentleman	折射的绅士精灵	2	2	1.000	ok
Refracted Peccatulum Invidiae	折射的嫉妒罪种	2	2	1.000	ok
The Refracted Barber	折射的理发师	2	2	1.000	ok
Refracted Dulcinea	折射的杜尔西内娅	2	2	1.000	ok
Refracted Distorted Hohenheim	折射的扭曲的霍恩海姆	2	2	1.000	ok
Refracted Yinglong	折射的应龙	2	2	1.000	ok
Hongyu, the Crimson Jade	红玉	2	2	1.000	ok
Rare Horseshoe with Bus-modifying Scrap	含有稀有马蹄铁的巴士改造废料	4	4	1.000	ok
Nominable S1 Identity Ticket	第1赛季人格自选券	2	2	1.000	ok
Definitely Not A Secret Scroll	假装不是秘籍的秘籍	3	3	1.000	ok
Threadskein	纺锤捆	3	1	0.333	suspect
Uncanny Presentiment	不可思议的空间	2	2	1.000	ok
Unknown Screams	无法辨别的尖啸	2	2	1.000	ok
To be Crushed	当碎之物	3	1	0.333	suspect
Abnormal Seismic Zone	异常地震带	2	2	1.000	ok
Impenetrable Path	无尽的死路	2	2	1.000	ok
A Beautiful Voice	美妙的嗓音	2	1	0.500	suspect
The B.E.	凤·皇	2	2	1.000	ok
A Midspring Night's Dream 2	仲春夜之梦2	4	4	1.000	ok
E.G.O Gift GET!	获得E.G.O饰品！	2	2	1.000	ok
Daily Free Entry	每日免费进入	2	2	1.000	ok
Mirror Projection / Achievements	镜像投影 / 成就	4	4	1.000	ok
Hard Rewards	困难难度奖励	1	1	1.000	ok
Receive additional rewards	领取额外奖励	1	1	1.000	ok
Spotting Vulnerabilities	弱点洞察	1	1	1.000	ok
Spirit to Push Ahead	锐意进取	2	2	1.000	ok
Take a rest.	稍事歇息。	2	1	0.500	suspect
To Window	返回玻璃窗	3	2	0.667	weak
Recommendations	推荐条件	3	1	0.333	suspect
The Spoils of War	战利品	1	1	1.000	ok
Physical Training	体力训练	3	1	0.333	suspect
Selected E.G.O Gifts	选择饰品	2	1	0.500	noise
Cannot Sell	无法售卖	2	2	1.000	ok
Enemy Level Up	敌方等级增加	2	2	1.000	ok
Select Encounter Reward Card	选择遭遇战奖励卡	1	1	1.000	ok
Tier 1 + Tier 3 => Tier 2	1级 + 3级 => 2级	4	4	1.000	ok
Tier 2 + Tier 2 => Tier 2	2级 + 2级 => 2级	4	4	1.000	ok
Rate Up	出现概率提升	2	2	1.000	ok
Starlight Refresh	星芒刷新	2	2	1.000	ok
Not Enough Starlight Bonus	星芒奖励不足	2	2	1.000	ok
Unclaimed Rewards	待领取奖励	3	1	0.333	suspect
Cost gained	触发星之恩惠效果	1	1	1.000	ok
Long Battle	长线战斗	3	2	0.667	weak
Starlight Bonus Retention Units	星芒奖励保留对象	2	2	1.000	ok
Purchase Projection Rate	购买投影度	2	2	1.000	ok
Not Enough Cost	经费不足	2	1	0.500	suspect
Starlight Retention Units	星芒保留单位	2	2	1.000	ok
Loadout Bonus	编队加成	2	2	1.000	ok
Starting Starlight Spent	初始星芒消耗	2	2	1.000	ok
Exploration Score	探索点数	2	2	1.000	ok
Spent in Dungeon	迷宫探索中的消耗量	2	2	1.000	ok
Refresh Cost Refunded	返还刷新经费	2	2	1.000	ok
ID Skill Search	人格技能观测	2	2	1.000	ok
No E.G.O Gifts Owned	没有所持的E.G.O饰品	3	2	0.667	weak
Current Theme Pack-Exclusive	当前卡包限定	3	1	0.333	noise
Martial Arts of Perseverance	饱经磨炼的武艺	2	2	1.000	ok
Mismatched Memories	错位的记忆	2	2	1.000	ok
Scattering Memories	散落的记忆	2	2	1.000	ok
Chosen Prey	选定猎物	2	2	1.000	ok
Lei Heng, The Pinky's Tiantui Star	小指 天退星雷横	4	4	1.000	ok
Liquified Body	液态躯体	1	1	1.000	ok
Keen Strike	锐利一击	2	2	1.000	ok
Self-charging	自行充能	2	2	1.000	ok
Ressentiment	无名怨愤	2	2	1.000	ok
Raring to Graze	准备吃草	2	2	1.000	ok
Breach Defense	突破防线	1	1	1.000	ok
Taciturn	默默行事	3	0	0.000	noise
Highest Honor	无上荣光	2	1	0.500	suspect
Cantillation	诵经	1	1	1.000	ok
Grasping Vulnerabilities	弱点洞悉	2	2	1.000	ok
Mad Flame	狂炎	2	2	1.000	ok
Filling Fluid	充盈的液体	2	2	1.000	ok
Designated Protection	目标保护	2	2	1.000	ok
Crab Driver	凿蟹机	3	3	1.000	ok
Cleanup Mastery	清扫业务娴熟	2	2	1.000	ok
Instinctive Read	直觉洞悉	2	2	1.000	ok
Seven Association Tea Time	Seven协会的下午茶时间	2	2	1.000	ok
Cleaning Up the Mess	收拾残局	2	1	0.500	suspect
Coerced Regret	被迫的悔恨	2	2	1.000	ok
New Breathing Hole	开个气孔	2	2	1.000	ok
The Lucky Cig	独头烟	2	2	1.000	ok
Mentor's Counsel	导师的指导	2	2	1.000	ok
Slumbering Bloodthirst	沉睡的杀气	2	2	1.000	ok
The Marksman's Smoking Pipe	射手的烟斗	2	2	1.000	ok
Request Work	委托工作	2	2	1.000	ok
Om Nom Nom	嚼嚼嚼	2	2	1.000	ok
Illumilantern	诱捕幻灯	2	2	1.000	ok
Peering Through a Key	以钥窥视	2	2	1.000	ok
Sinking Knowledge	沉淀的知识	2	2	1.000	ok
Reviewed Knowledge	重复的知识	2	2	1.000	ok
Sanguine Plum Blossoms	血绽如梅	2	2	1.000	ok
Nightly Stroll	信步夜游	4	2	0.500	suspect
Dark Cloud Style	黑云剑法	2	2	1.000	ok
Flame Spread	火焰传递	3	2	0.667	weak
Spread Flame	传递火焰	2	2	1.000	ok
Grave Attendance	严肃的公证	2	2	1.000	ok
Butler Training	管家训练	2	2	1.000	ok
Butler Style Response	管家式应对	2	2	1.000	ok
Anticipatory Training	以备那日的训练	2	2	1.000	ok
Endless Nightmares	无尽噩梦	2	2	1.000	ok
White-hot Gladius	超高温罗马短剑	2	2	1.000	ok
Clearing Household Chores	完成家务	2	2	1.000	ok
Cleaning Command	指挥清扫	2	2	1.000	ok
Loyal Supporter	忠诚的辅助	2	2	1.000	ok
Assignment Evaluation	课题评估	3	2	0.667	weak
Practices on Aesthetics	美学见习	2	2	1.000	ok
Sanguine Pointillist	血点彩派	2	2	1.000	ok
Electrocurrent Dismantling	电流解体	2	2	1.000	ok
Auxiliary Dismantling Current	解体辅助电流	2	2	1.000	ok
Charge Model L37	型号L37充能	2	2	1.000	ok
Fire.IShallFire.	射吧，扣下扳机。	2	2	1.000	ok
ISeeTheDyingButterfly.	注视垂死之蝶。	3	3	1.000	ok
Shock-nullifying Greatsword	冲击抵消巨剑	2	2	1.000	ok
Emergency Protection	紧急保护	1	1	1.000	ok
How to Hunt Cheerfully	愉快的狩猎	2	2	1.000	ok
Self-destructive Dedication	自我毁灭的献身	2	2	1.000	ok
Hardblood Thorn	硬血荆棘	2	2	1.000	ok
Tactical Fire Support	战术性射击支援	2	2	1.000	ok
Precision Aim	精确瞄准	2	2	1.000	ok
Fireproof	耐火	2	2	1.000	ok
Gathering Dark Clouds	黑云迫近	2	2	1.000	ok
Inner Ardor	碧血丹心	2	2	1.000	ok
Liu Defensive Square	六协方阵	2	2	1.000	ok
Featherstride Technique	轻功	2	2	1.000	ok
Brainwave Charge-focusing Antlers	脑波充能集束犄角	2	2	1.000	ok
Charged Pulverization Support	支援充能摧毁	2	2	1.000	ok
Launching Maneuver [始動]	始动	1	1	1.000	ok
Ammunition Tribute	子弹奉纳	2	2	1.000	ok
Savage Tiger's Lunge	猛虎暴跃	2	2	1.000	ok
The Heishou Lord	黑兽君主	2	2	1.000	ok
Shi-no-Yumi	死之弓	2	2	1.000	ok
Explosive Battering Ram	爆破角碎	2	2	1.000	ok
Loyal Warrior	游侠	1	1	1.000	ok
Jolly Antlers	圣诞饰角	2	2	1.000	ok
Proselyte's Blade	苦行之刃	2	2	1.000	ok
As the Prescript Orders...	正如指令所引导的…	2	2	1.000	ok
Prescript Delivered on a Device	由终端所传达的指令	4	4	1.000	ok
Dazzling Lamp	眩惑的目灯	2	2	1.000	ok
E.G.O Gear Proficiency Manual	E.G.O装备精通手册	2	2	1.000	ok
Imitation of a Life	仿造的一生	2	2	1.000	ok
Spore Diffusion	孢子扩散	2	2	1.000	ok
Unwithering Flower	不凋花	3	2	0.667	weak
Transcend the Corpus	超越人体	2	2	1.000	ok
A Maestro's Critique	大师的批评	2	2	1.000	ok
Inspired by Critique	由批评启发的灵感	2	2	1.000	ok
Welling Inspiration	充盈的灵感	2	2	1.000	ok
Spacetime Afterimage Collapse	时空残像分裂	2	2	1.000	ok
Afterimage Reverberation	残像回响	2	2	1.000	ok
Duello Disperato	绝望的决斗	2	2	1.000	ok
The All-Illuminating Light	照亮一切的灯光	2	2	1.000	noise
Darkness Deterred	被排斥的黑暗	2	2	1.000	ok
Sinking Darkness	沉沦的黑暗	2	2	1.000	ok
Solid Shell	坚硬的贝壳	2	2	1.000	ok
Expanding Oxygen	扩散的氧气	2	2	1.000	ok
Rolling Flotsam	被冲走的漂流物	2	2	1.000	ok
The Indomitable Harpooneer	不屈不挠的鱼叉手	2	2	1.000	ok
Engraved Hatred and Animosity	刻骨铭心的憎恶与仇恨	2	2	1.000	ok
Vying Spirit	傲气	2	2	1.000	ok
Wild Hunt of Desolation	破灭的狂猎	2	2	1.000	ok
For Every Heathcliff	为了所有的希斯克利夫	2	1	0.500	suspect
Spiked Whip	荆棘之鞭	2	2	1.000	ok
Memories of the Journeys Past	过去的冒险记忆	4	4	1.000	ok
Watch this little girl...!	请注视吾吧…！	2	2	1.000	ok
Bestowed Mission	授予的命令	2	2	1.000	ok
Wounded in Battle	负伤战斗	2	2	1.000	ok
Entangling Roots	缠绕的根	2	2	1.000	ok
One Sole Root	唯一的根	2	2	1.000	ok
Superposed Afterimage	重叠的残像	2	2	1.000	ok
Terminated Persistence	断绝的生命力	2	2	1.000	ok
The Last Ember	最后的火种	2	2	1.000	noise
Interlocking Ardor Blossom	啮合的红焰	2	2	1.000	ok
All of My Corpus has been Given to Tibia	我全部的身体要素已给予提比娅	4	4	1.000	noise
Vengeance Tattoos [<s>Great Brother</s>]	仇怨纹身[<s>长兄</s>]	2	2	1.000	ok
My Daughter's Education	闺女的教育	2	2	1.000	ok
The Middle Styled Tattoos	中指式纹身	2	2	1.000	ok
The Emperor's Legion	皇帝的军团	2	2	1.000	ok
Vroom-vroom. Angry now	布隆布隆，生气了。	2	2	1.000	ok
Vigorous Volaille	幸福的鸡	2	2	1.000	ok
Gloomy Gallus	忧郁的鸡	2	2	1.000	ok
Fragile Fowl	衰弱的鸡	2	2	1.000	ok
Powerful Poussin	变强的鸡	2	2	1.000	ok
Bongy Chicken Struts	小凤小凤到处走动	2	2	1.000	ok
Bongy Chicken Beefs Up	小凤小凤力量爆棚	2	2	1.000	ok
Splash Around	乱拍	3	1	0.333	suspect
Fate's Favored Child	命运的宠儿	2	2	1.000	ok
Phototaxic Procession	趋光队列	2	2	1.000	ok
Time Hyperacceleration	时间超加速	2	2	1.000	ok
One Last Justice	仅存的正义	2	2	1.000	ok
Despair-piercing Sword	刺穿绝望之剑	2	2	1.000	ok
Wandering Ordeal	彷徨的考验	2	2	1.000	ok
Bulging Chicken	鼓鼓的鸡	2	2	1.000	ok
You Must Become Strong	你必须变强	2	2	1.000	ok
Pulsating Arms	血脉搏动的手臂	2	2	1.000	ok
Damaged Arms	受损的手臂	2	2	1.000	ok
Regenerating Shell	修复躯壳	2	2	1.000	ok
Frantic Eyes	狂乱的双眼	2	2	1.000	ok
Shimmering Rage	荡漾的暴怒	2	2	1.000	ok
Wriggling Instincts	蠢蠢欲动的本能	2	2	1.000	ok
Overflowing Ecstasy	满溢而出的狂喜	2	2	1.000	ok
Blooming Purity	绽放的纯粹	2	2	1.000	ok
Flawless Flesh	无瑕的肉身	2	2	1.000	ok
Boiling Blood	鲜血沸腾	3	1	0.333	suspect
Spreading Ember	蔓延的火种	3	2	0.667	weak
나오면 안되는 텍스트 (번역 x)	不该出现的文本(翻译 x)	4	4	1.000	ok
Momentary Satiation	片刻的饕足	3	2	0.667	weak
Initiating Town Tour	小镇参观活动开始	2	2	1.000	ok
Hora de Fiesta	派对时间	2	2	1.000	ok
Noble be Thy Sacrifice	高贵的牺牲在此	2	2	1.000	ok
Vain Heart	虚荣的心	2	2	1.000	ok
Apply Refracted Bleed	施加折射的流血	2	2	1.000	ok
Deteriorated Persistence	衰退的生命力	2	2	1.000	ok
Solid Exoskeleton	坚硬的甲壳	2	2	1.000	ok
Mitosis	细胞分裂	2	2	1.000	ok
Apply Refracted Burn	施加折射的烧伤	2	2	1.000	ok
Refracted Burn and Bleed	折射的烧伤与流血	2	2	1.000	ok
Overlapping Past	重叠的过去	2	2	1.000	ok
Eternal Yoke	永远的枷锁	2	2	1.000	ok
Broken Sign	损坏的告示牌	2	2	1.000	ok
Scattered Flesh	四散的肉块	2	2	1.000	ok
Singular Vine	汇为一体的藤蔓	2	2	1.000	ok
Shimmering Lust	摇曳的色欲	2	2	1.000	ok
Crushing Sloth	粉碎的怠惰	2	2	1.000	ok
Growing Gluttony	滋生的暴食	2	2	1.000	ok
Shimmering Gloom	摇曳的忧郁	2	2	1.000	ok
Overinflated Pride	膨胀的傲慢	2	2	1.000	ok
Glaring Envy	刺眼的嫉妒	2	2	1.000	ok
Sin-drenched Brambles	罪孽缠身的荆棘	2	2	1.000	ok
Gossypium Planting	种植棉花	2	2	1.000	ok
Peering Gaze	追随的目光	2	2	1.000	ok
Tarnished Body	污秽之躯	1	1	1.000	ok
The Inner Self	内在的自我	3	2	0.667	weak
Spirit of Fixers	收尾人精神	2	2	1.000	ok
<s>The Middle</s>	<s>中指</s>	4	4	1.000	ok
In the name of Love and Justice~ Here comes Magical Girl!	以爱与正义之名~此时此地，闪亮登场！	3	3	1.000	ok
Cetacean Strand	与鲸相连	2	2	1.000	ok
Spreading Flames	蔓延的污垢	2	2	1.000	ok
Rat Hunt	猎鼠	2	2	1.000	ok
Off-mark Curse	偏离的诅咒	2	2	1.000	ok
Talisman Sorcerer	符术士	2	2	1.000	ok
I See Your Weakness	弱点洞察	1	1	1.000	ok
Floods of Sorrow	流淌的忧郁	2	2	1.000	ok
Abyssal Horror	深海的恐怖	2	2	1.000	ok
Final Brushstroke	最后的笔触	2	2	1.000	ok
Internal Combustion Engine	内燃机	2	2	1.000	ok
First Stop: Contact	起点站 - 遭遇	4	3	0.750	noise
Station #2: Restoration	第2站 - 复原	4	3	0.750	weak
Station #3: Sinkage	第3站 - 沉沦	4	3	0.750	weak
Station #4: Reunion	第4站 - 再会	4	3	0.750	weak
Station #5: Insulation	第5站 - 绝缘	4	3	0.750	weak
Station #6: Pickup	第6站 - 选拔	4	3	0.750	weak
Station #7: Headlessness	第7站 - 无首	4	3	0.750	weak
Station #8: Existence	第8站 - 存在	4	3	0.750	weak
Station #9: Serum	第9站 - 血清	4	3	0.750	weak
Station #10: Forked Tongue	第10站 - 岔舌	4	3	0.750	weak
Station #11: Energization	第11站 - 导电	4	3	0.750	weak
Station #12: Purity	第12站 - 纯粹	4	3	0.750	weak
Last Stop: Non-self	终点站 - 无我	4	3	0.750	noise
Clear Canto VIII	通过第8章	2	1	0.500	suspect
Special Rewards	特殊奖励	2	2	1.000	ok
Clear Selection	重置选择	2	2	1.000	ok
Abyssal Basement	深邃的地下室	2	2	1.000	ok
Hearts Unbroken	同样的心	1	1	1.000	ok
The Will to Change	谋求改变的意志	2	1	0.500	suspect
Temporary Truce	暂时休战	2	2	1.000	ok
That Single Thread	鲜明的一根	5	1	0.200	suspect
Silent Night	平安夜	5	1	0.200	suspect
Age of Humanity	人类时代	3	1	0.333	suspect
Offer to Join	入职原因	2	2	1.000	ok
Meaningless Wrath	无意义的愤怒	2	2	1.000	ok
Directionless Sloth	迷失方向的怠惰	2	2	1.000	ok
The Price of Curiosity	好奇心的代价	3	2	0.667	weak
The Unknown Sea	陌生的大海	2	2	1.000	ok
Small Tide	小浪	2	2	1.000	ok
Three-way Agreement	三方协议	2	2	1.000	ok
Operation Lighthouse Retrieval	灯塔夺回作战	2	2	1.000	ok
A Tempting Offer	诱人的提案	3	1	0.333	suspect
A Touching Reunion	感人的重逢	2	1	0.500	suspect
To Find the Pair	寻找那两人	2	2	1.000	ok
Mentor and Fellows	金笠与友人们	2	2	1.000	ok
Stage 3 Peccatula	3阶罪种	2	2	1.000	ok
Court Circle - Sal	肉党	1	1	1.000	ok
Lake Entity	大湖生物	2	2	1.000	ok
Check underneath the ship	检查船体底部	2	1	0.500	suspect
Frozen Sinners	冻结的罪人	1	1	1.000	ok
Poking at the Egg	触摸那颗卵	2	1	0.500	suspect
{0} <color=#e30000>loses {1} HP</color>	{0}<color=#e30000>失去{1}体力</color>	5	3	0.600	weak
All allies <color=#80c9ff>heal {0} SP</color>	全体友方单位<color=#80c9ff>恢复{0}点理智值</color>	3	3	1.000	noise
<color=#ebcaa2>[{0}]</color> gains %{2} [{1}]/%	对<color=#ebcaa2>[{0}]</color>施加%{2} [{1}]/%	7	3	0.429	suspect
<color=#ebcaa2>There’s a new path on the map!</color>	<color=#ebcaa2>地图中追加了新的道路！</color>	2	2	1.000	ok
All allies gain %{1} {0}/% for this Encounter	本场战斗中全体友方单位获得%{0} {1}/%。	3	3	1.000	noise
All allies gain {0} for the rest of the Encounter	本场战斗中的全体友方单位获得{0}	3	3	1.000	noise
- When hit by Unbreakable Coins, take -20% damage	- 受到来自不可摧毁的硬币的伤害-20%	3	3	1.000	ok
- On Hit with Unbreakable Coins, deal +20% damage	- 不可摧毁的硬币命中时，造成的伤害+20%	3	3	1.000	ok
Refracted Sleeping Bag of a Bygone Day	折射的往昔的睡袋	3	3	1.000	ok
Peccatulum Invidiae?	嫉妒罪种?	3	3	1.000	ok
Office Hours for Jia Xichun	贾惜春同学的课程回顾	3	3	1.000	ok
Iberians and the Ægirian	伊比利亚人与阿戈尔人	2	2	1.000	ok
A Story of Lighthouse Keepers and The Profound Silence	灯塔看守人与大静谧的故事	3	3	1.000	ok
Are You Happy?	你感到幸福吗？	3	3	1.000	ok
강화인간 선택지2	改造人选项2	3	3	1.000	ok
Picking a Row and Column	选择行与列	1	1	1.000	ok
Bamboo Hat & Dopo Robe Choice	斗笠，长袍 选项	3	3	1.000	ok
LCE Recovers The Ring's Artwork	回收环指作品的LCE组员们	3	3	1.000	ok
The Golden Bough's Forced Arbitration	金枝的强制调律	3	3	1.000	ok
Deathrite 【Halt】	咒杀【勿动】	2	2	1.000	ok
Deathrite 【Impede】	咒杀【掣肘】	2	2	1.000	ok
E.G.O Corrosion - N Corp.	E.G.O侵蚀-N公司	3	3	1.000	ok
Hurting Pest [Roaches]	攻击害虫[蜚蠊]	3	3	1.000	ok
Tiansha Star's Bladewound [天殺星傷]	天杀星伤	3	3	1.000	ok
Shin (心) - A Certain Sinclair	心-某个辛克莱	3	3	1.000	ok
Sign - Manifestation of the Future	印记-未来显现	3	3	1.000	ok
Time Rescue Target	时间救援目标	1	1	1.000	ok
The Living & The Departed	生蝶·亡蝶	3	3	1.000	ok
Faster!	再快点！	2	2	1.000	ok
Declared Duel - Sinclair	决斗宣告-辛克莱	2	2	1.000	ok
Le Fauvisme - Masque de Chien	野兽派-犬面	3	3	1.000	ok
Base Combat Gear	基本战斗装备	2	1	0.500	suspect
Headstrong II	顽强 II	2	1	0.500	suspect
Status Infliction	增加异常状态	1	1	1.000	ok
Refracted Wrath	折射的暴怒	2	1	0.500	suspect
Refracted Sloth	折射的怠惰	2	1	0.500	suspect
Refracted Gloom	折射的忧郁	2	1	0.500	suspect
Dragon's Spirit [龍氣]	龙气	2	2	1.000	ok
Limbus Pass Rewards Available	可以领取边狱通行证奖励	1	1	1.000	ok
Max Pass Level Reward Upgraded	通行证超额奖励增加	1	1	1.000	ok
Pass Level-up	通行证等级提升	1	1	1.000	ok
Pass Level Up	通行证等级提升	1	1	1.000	ok
Time Relief Entitlement	时间救援目标	1	1	1.000	ok
Base Combat Gear	基础战斗装备	2	1	0.500	suspect
Headstrong II	顽强II	2	1	0.500	suspect
Resilient XIV	强韧XIV	1	1	1.000	ok
Inflict Status Effect	增加异常状态	1	1	1.000	ok
Golden Bough Resonance	金枝 共鸣	3	1	0.333	suspect
Employee Waiting Room	员工等候室	2	1	0.500	suspect
Frozen Ruins	冰结废墟	2	1	0.500	suspect
Elite Training Quarters	精锐训练所	2	1	0.500	suspect
Blockade Zone	封锁区	2	1	0.500	suspect
Room of Echoing Screams	尖啸回响的房间	2	1	0.500	suspect
Church Door	教堂大门	2	1	0.500	suspect
Sacristy	圣器室	2	1	0.500	suspect
Altar of Penance	赎罪祭坛	2	1	0.500	suspect
Purificatory	涤罪所	2	1	0.500	suspect
The Judging Block	资格评判台	2	1	0.500	suspect
Path to Hallowed Ground	前往圣地之路	2	1	0.500	suspect
Contempt of the Gaze of Contempt	轻蔑的视线的轻蔑	3	3	1.000	ok
Combustion Gloves	点火手套	2	2	1.000	ok
Spiked Combat Boots	荆棘战斗靴	2	2	1.000	ok
Economy Class Discount Voucher	经济舱折扣券	2	2	1.000	ok
Nightvision Goggles	夜视镜	1	1	1.000	ok
Clear Mirror, Calm Water	明镜止水	3	3	1.000	ok
Lunar Memory	月之记忆	1	1	1.000	ok
Distant Star	彼方之星	2	1	0.500	suspect
Once, A Blessing	曾经的祝福	3	3	1.000	ok
Crushed Memory	粉碎的记忆	1	1	1.000	ok
Imposed Weight	强压的重担	1	1	1.000	ok
One with the Blade	人剑合一	1	1	1.000	ok
Record Logs of That Day	那一日的记录	3	3	1.000	ok
Mermaid Oil	人鱼油	2	1	0.500	suspect
Rusted Hook	生锈的铁钩	2	1	0.500	suspect
A Broken Dream	破碎的梦	1	1	1.000	ok
A Hollow Dream	荒唐的梦	3	1	0.333	suspect
Toy Fist	玩具拳头	2	2	1.000	ok
Toy Foot	玩具腿	2	2	1.000	ok
Toy Screw	玩具螺丝	2	2	1.000	ok
Token of Innocence	纯粹之证	1	1	1.000	ok
Token of Tears	泪水之证	1	1	1.000	ok
Token of Atonement	赎罪之证	1	1	1.000	ok
Small Ampule	小型安瓿	2	1	0.500	suspect
Flower Mound	花冢	1	1	1.000	ok
Brilliant Lamplight	闪耀的提灯	1	1	1.000	ok
Hacked K Corp. Regen Drone	被破解的K公司再生无人机	3	3	1.000	ok
Bloodbag of the Painful Parade	痛苦的游行血袋	3	3	1.000	ok
Bloodbag of the Rear Parade	紧随其后的游行血袋	3	3	1.000	ok
Bloodfiend of the Happy Parade	幸福的游行血魔	3	3	1.000	ok
Bloodfiend of the Joyful Parade	快乐的游行血魔	3	3	1.000	ok
Memories of the Dreaming Adventure	梦中的冒险记忆	3	3	1.000	ok
The Pinky Nursefather - Shiomi Yoru	小指 父辈 - 盐见夜	2	2	1.000	ok
The Middle Apprentice - Kira	中指 子辈 - 绮罗	3	3	1.000	ok
The Ring Nursefather - Callisto	环指 父辈 - 卡利斯托	2	2	1.000	ok
Recollected Festered G Corp. H. Manager	记忆中溃烂的G公司部长	3	3	1.000	ok
Become Strong? Genuinely?	我变强了吗？当真？	12	3	0.250	suspect
Grown Powerful! For Realsies?	变得更强了！真的？	3	3	1.000	ok
Clippity-cloppity? Tap Away!	嘎吱嘎吱？来吧！	3	3	1.000	ok
Kromer the Dreamer of Human Wholeness	梦为完人的克罗默	3	3	1.000	ok
Revived K Corp. Class 3 Staff	复活的K公司3级员工	1	1	1.000	ok
Resentful Tree	长有疙瘩的树	2	1	0.500	suspect
Refracted Effloresced E.G.O::GasHarpoon	折射的绽放E.G.O::燃气捕鲸叉	3	3	1.000	ok
Takeoff Module - E.G.O Spinning [ZAYIN]	跳跃成长模组 - E.G.O解析 [ZAYIN]	3	3	1.000	ok
To be Cleaved	当斩之物	2	1	0.500	suspect
To be Pierced	当贯之物	2	1	0.500	suspect
Emotional Judgment	被情感评判者	2	1	0.500	suspect
La Manchaland Re-opening	重新开园的拉·曼却领	1	1	1.000	ok
Blade and Artwork	刀与作品	1	1	1.000	ok
Fairy Tale	精灵童话	8	1	0.125	suspect
Current Rewards	当前奖励	2	1	0.500	noise
Halt Exploration	终止探索	1	1	1.000	ok
Last Reached	最终探索区域	2	1	0.500	noise
Product Catalogue	商品列表	1	1	1.000	ok
Enter Hard Dungeon	进入困难难度	1	1	1.000	ok
Add a new Identity or E.G.O to the current team	为当前编队追加新的人格或E.G.O	3	3	1.000	ok
Claim the rewards?	是否领取奖励？	3	2	0.667	weak
Intense Training	极限锻炼	2	1	0.500	suspect
No effects active.	当前没有效果激活。	2	1	0.500	suspect
Triumphant Return	衣锦还乡	1	1	1.000	ok
Selectable E.G.O Gift +1	出现的饰品数量+1	3	3	1.000	ok
[Shops] Cheaper Skill Replacement Cost	技能替换所需经费减少	2	2	1.000	ok
Take -3% damage	受到的伤害-3%	3	3	1.000	ok
Exploring:	探索状态	1	1	1.000	ok
Team Participants	编队人数	1	1	1.000	ok
Cleared Floors	已通过层数	7	1	0.143	suspect
Itinerant Rain	阵雨	1	1	1.000	ok
Tier 2 + Tier 3 => Tier 2	2级 + 3级 => 2级	3	3	1.000	ok
Selected Floor Theme	选择阶层主题	2	1	0.500	noise
Refresh Cost Refunded	[新品小册] 效果触发	2	1	0.500	suspect
Featured E.G.O Gifts	出现E.G.O饰品列表	2	1	0.500	suspect
Tier 1 + Tier 1 + Tier 1	1级 + 1级 + 1级	3	3	1.000	ok
Tier 1 + Tier 1 + Tier 2	1级 + 1级 + 2级	3	3	1.000	ok
Tier 1 + Tier 1 + Tier 3	1级 + 1级 + 3级	3	3	1.000	ok
Tier 1 + Tier 2 + Tier 2	1级 + 2级 + 2级	3	3	1.000	ok
Tier 1 + Tier 2 + Tier 3	1级 + 2级 + 3级	3	3	1.000	ok
Tier 1 + Tier 3 + Tier 3	1级 + 3级 + 3级	3	3	1.000	ok
Tier 2 + Tier 2 + Tier 2	2级 + 2级 + 2级	4	3	0.750	weak
Tier 2 + Tier 2 + Tier 3	2级 + 2级 + 3级	2	2	1.000	ok
Tier 2 + Tier 3 + Tier 3	2级 + 3级 + 3级	3	3	1.000	ok
Tier 3 + Tier 3 + Tier 3	3级 + 3级 + 3级	3	3	1.000	ok
Grace of Stars Selected	星之恩惠 选择完毕	2	1	0.500	suspect
[{0}] Revived	触发星之恩惠效果	1	1	1.000	ok
Grace of Stars Passive	星之恩惠被动	2	2	1.000	ok
Grace of the Dreaming Star	梦中的星之恩惠	3	3	1.000	ok
Heal Sinners	治疗罪人	1	1	1.000	ok
For Fusion & Sale Gifts obtained	触发星之恩惠效果	1	1	1.000	ok
Fusion E.G.O Gift Tier	合成E.G.O饰品等级	2	1	0.500	suspect
Until {0}	{0}为止	4	1	0.250	suspect
Free Refresh	免费刷新	3	1	0.333	suspect
Fusion Available	可合成	1	1	1.000	ok
Tiantui Star's Blade - Overheat	天退星刀 过热	3	3	1.000	ok
Stawchnesh	觉乌	1	1	1.000	ok
Pwuckinesh	觉乌	1	1	1.000	ok
Respiration	喘息未定	2	0	0.000	noise
Radio Comms	无线通讯	1	1	1.000	ok
Divide in Two	一刀两断	1	1	1.000	ok
Military Mindset	军人精神	1	1	1.000	ok
Maneuver Training	机动训练	2	2	1.000	ok
The Mistress's Voice...!	夫人在叫我…！	3	3	1.000	ok
Blood Barrier	鲜血屏障	2	1	0.500	suspect
Deep Cleaning	掸去积尘	2	1	0.500	suspect
One Step Ahead	快人一步	2	1	0.500	suspect
Heishou Mutation [Mao]	黑兽化[卯]	4	3	0.750	weak
Purge Enforcer of the Famiglie	家族肃清者	3	3	1.000	ok
Backed Against a River	背水之阵	1	1	1.000	ok
The Orthodox Blade [整劍]	整剑	3	3	1.000	ok
Singular Focus of the Mind	精神一到	3	3	1.000	ok
Tranquility [靜念]	静念	3	3	1.000	ok
Magnum Opus: Tibia	一生之作：提比娅	3	3	1.000	ok
Please, Do Stop Running and Be Seated	四处走动的观众，请坐在椅子上欣赏	3	3	1.000	ok
Fascia, My Precious Artwork	我珍贵的作品，法西娅	3	3	1.000	ok
Sealed Sword [Lævateinn]	封印之剑[莱瓦汀]	3	3	1.000	ok
Parenting	孩子的教育	2	1	0.500	suspect
Scouring Hunterband [推刷巾]	推刷巾	2	2	1.000	ok
The Shame of Famiglia Bognatelli	伯纳特利家族之耻	3	3	1.000	ok
Self-loathing	自我厌恶	3	1	0.333	suspect
A Place for Me	我的地盘	2	1	0.500	suspect
Fathomless Wrath	莫名的暴怒	2	2	1.000	ok
Infernal Hound	地狱猎犬	2	1	0.500	suspect
Long-awaited Moment	等待已久的那一刻	2	1	0.500	suspect
Erupting Wrath	暴怒爆发	2	1	0.500	suspect
I Don't Need Ugly Things!!	我不需要不美丽之物！！	3	3	1.000	ok
Blood... Blood... Blood...!	血…血…血…！	3	3	1.000	ok
The Parade's Lady	游行的主角	1	1	1.000	ok
Shattering, Scattering Hardblood	破碎四散的硬血	3	3	1.000	ok
Failed Ambush	奇袭失败	1	1	1.000	ok
Deathrite [Halt (勿動)]	咒杀【勿动】	1	1	1.000	ok
Deathrite [Impede (掣肘)]	咒杀【掣肘】	1	1	1.000	ok
I still await your answer.	我还没有听到你的答案。	1	1	1.000	ok
Lights Out	灯泡放电	6	1	0.167	suspect
Iron Maiden - Defibrillation	铁处女-除颤	3	3	1.000	ok
Allow Me to Briefly Enjoy My Pupil's Exhibition	让我来欣赏一下徒弟的作品吧	3	3	1.000	ok
Visitors Must Respect the Rules of the Gallery	画廊有其独有的欣赏规则	3	3	1.000	ok
Am I doing this right, Papa?!	这样做就可以了吧，老爸！	3	3	1.000	ok
Rien, The Index Nursefather	食指父辈 里恩	5	3	0.600	weak
Rien, the Father [Imitation]	父辈 里恩[仿造品]	3	3	1.000	ok
Oracle Device [Caduceus] - Full Unlock	神谕终端[双蛇杖]-完全解放	3	3	1.000	ok
Plastered Training	烂醉修行	2	1	0.500	suspect
Tracking Traces	痕迹追踪	1	1	1.000	ok
The Seventh Kindred	七代眷属	1	1	1.000	ok
I am yet to hear your answer.	我还没有听到你的答案。	1	1	1.000	ok
Rufo, a Docent of The Ring's School of Fauvism	环指 野兽派讲解员 卢佛	2	2	1.000	ok
DON'T LET THE KIDS READ THIS	如果它出现了也是bug	1	1	1.000	ok
Severed Arm	被切断的手臂	2	1	0.500	suspect
Connected Hurt	连结的痛楚	1	1	1.000	ok
Want to be Free	渴望自由	1	1	1.000	ok
Sharp Thorn	锋利的荆棘	3	1	0.333	suspect
Dragon's Scale	龙鳞	1	1	1.000	ok
The Last Resort	最后的手段	1	1	1.000	noise
Deep Contemplation	深深思索	3	1	0.333	suspect
Blood Barrier	血幕	2	1	0.500	suspect
Halberd and Bastard Sword	长柄斧与手半剑	1	1	1.000	ok
Wading Through a Dream, the Self Nowhere to be Found [無我夢中]	无我梦中	1	1	1.000	ok
Swiftblade	快剑	2	2	1.000	ok
Thanks so much, everyone!	大家，太谢谢你们了！	2	2	1.000	ok
Connected Pain	连结的痛楚	1	1	1.000	ok
Ain't That a Prick?	那儿不痛吗？	3	3	1.000	ok
Huzzah, Men!	好耶！	1	1	1.000	ok
Useless Fools...	没用的东西…	1	1	1.000	ok
Focusing on Target	逐渐明确的目标	1	1	1.000	ok
Honing in on Target	逐渐明确的目标	1	1	1.000	ok
Plastered Training	酩酊修行	2	1	0.500	suspect
Golden Time I	黄金时间 I	2	2	1.000	ok
Time Recoil I	时间反冲 I	2	2	1.000	ok
Puffy Brume	烟气缭绕	1	1	1.000	ok
Big Boss	老大哥	2	1	0.500	suspect
Solid Exterior	坚固外壳	1	1	1.000	ok
Strangling Curse Talisman	捆缚的咒符	2	1	0.500	suspect
Terminus: The Garden	终点站：庭院	4	3	0.750	weak
Station #4: Interlude	第4站：幕间	2	1	0.500	suspect
Station #8: Interlude	第8站：幕间	2	1	0.500	suspect
Station {0}	第{0}站	3	3	1.000	ok
Final Turn Count	总计清剿回合数	2	1	0.500	suspect
Operation Period	运行期间	1	1	1.000	ok
Continue Travels	继续行进	1	1	1.000	ok
Total Clear Turn Count	累计通关回合数	1	1	1.000	noise
No selected Buffs.	当前没有已选择的BUFF。	2	1	0.500	suspect
Revivable	可复活	3	1	0.333	suspect
Selected Buffs List	BUFF选择列表	1	1	1.000	noise
No selected Buffs.	没有可选择的BUFF。	2	1	0.500	suspect
Save Team	保存编队	1	1	1.000	ok
Total Participants	<size=200%>参战人数</size>	1	1	1.000	noise
No effects active.	没有生效中的效果。	2	1	0.500	suspect
No effect applied	无生效的效果	1	1	1.000	ok
Cannot be Edited	无法编辑	2	1	0.500	suspect
Zàng Huā Yín	Zàng Huā Yín	4	3	0.750	weak
COLLAB ONLY	联动限定	1	1	1.000	ok
The Lake and the Butterfly	湖与蝴蝶	3	3	1.000	ok
Ticking Sounds	钟表之音	3	1	0.333	suspect
Actions of a Thief	小偷的行径	1	1	1.000	ok
Happiness, Wrath, Sorrow, and Joy	喜怒哀乐	2	1	0.500	suspect
A Flawless Plan	完美的战术	1	1	1.000	ok
Class 1 2	1级 2	1	1	1.000	ok
Binding 2	纽带 2	1	1	1.000	ok
Thirty Days of Classes	三十日课程	2	1	0.500	suspect
Chicken Attack	袭鸡	1	1	1.000	ok
Hen Havoc	袭鸡 2	2	1	0.500	suspect
A Chicken in Hand	鸡在掌握	1	1	1.000	ok
An Unexpected Journey	意想不到的旅程	2	1	0.500	suspect
District 20 Backstreets	20区 后巷	2	1	0.500	suspect
Upgrading Identities	人格强化	1	1	1.000	ok
Stage 2 Peccatula	2阶罪种	2	2	1.000	ok
A Wing's Decisive Weapon	翼的决战兵器	2	1	0.500	suspect
LCE?	LCE？	5	3	0.600	weak
To the Arteries	前往动脉	1	1	1.000	ok
Supply Crate 1	补给品 1	1	1	1.000	ok
Supply Crate 2	补给品 2	1	1	1.000	ok
Ahab 2	亚哈 2	1	1	1.000	ok
Ahab 3	亚哈 3	1	1	1.000	ok
Punish the You branch Heishou.	处罚黑兽 - 酉。	2	2	1.000	ok
Someone fenced Heishou Pack - Wu Branch gear	赃物：黑兽 - 午的装备	2	2	1.000	ok
The Last Knight and Rocinante	最后的骑士与罗辛南特	2	2	1.000	noise
The Glorious Past of Iberia	伊比利亚昔日的辉煌荣光	2	2	1.000	ok
Singing Machine Gift Option 2 - Harmony Guitar	歌唱机 饰品 选项2 - 和声吉他	2	2	1.000	ok
Singing Machine Gift Option 2 - Self-playing Bass	歌唱机 饰品 选项2 - 自动演奏贝斯	2	2	1.000	ok
A Rotting Corpse’s Memento	腐尸所遗留之物	2	2	1.000	ok
{0} <color=#fe4b48>loses {1} SP</color>	{0} <color=#fe4b48>失去{1}点理智值</color>	3	2	0.667	weak
{0} gains %{2} {1}/% and %{4} {3}/% for the encounter.	本关卡中，{0} 获得%{2} {1}/%，%{4} {3}/%。	2	2	1.000	ok
1 {0} <color=#e30000>loses {1} HP</color>	{0}之一<color=#e30000>失去{1}体力</color>	2	2	1.000	ok
{0} gains %{2} [{1}]/% and %{4} [{3}]/%	{0}获得%{2} [{1}]/%，%{4} [{3}]/%	2	2	1.000	ok
{0} <color=#80c9ff>fully heals SP</color>	{0}<color=#80c9ff>恢复至理智值上限</color>	2	2	1.000	ok
{0} gains %{2} [{1}]/%	{0} 获得%{2} [{1}]/%	4	2	0.500	suspect
<color=#ebcaa2>[{0}]</color> gains %{2} [{1}]/%	<color=#ebcaa2>[{0}]</color>获得%{2} [{1}]/%	7	2	0.286	suspect
<color=#ebcaa2>[{0}]</color> gains %{2} [{1}]/% next turn	在下回合对<color=#ebcaa2>[{0}]</color>施加%{2} [{1}]/%	3	2	0.667	weak
<color=#ebcaa2>[{0}]</color> takes {1} SP damage	<color=#ebcaa2>[{0}]</color>受到{1}点理智值伤害	2	2	1.000	ok
[{0}] gains %{3} {2}/% for {1} turn(s)	[{0}]在{1}回合内获得%{3} {2}/%	2	2	1.000	ok
<color=#ebcaa2>{0}</color> gains % [{2} {1}]/%	<color=#ebcaa2>{0}</color>获得%[{2} {1}]/%	2	2	1.000	ok
<color=#ebcaa2>The Golden Apple formed a new body!</color>	<color=#ebcaa2>金苹果生成了新的躯干！</color>	2	2	1.000	ok
<color=#ebcaa2>[{0}] gains %{2} [{1}]/%</color>	<color=#ebcaa2>[{0}] 增加%{2} [{1}] /%</color>	2	2	1.000	ok
<color=#ebcaa2>All Sinners</color> lose %{0}/%.	<color=#ebcaa2>全体罪人</color>失去 %{0}/%。	2	2	1.000	ok
Gain {0} E.G.O resources for all affinities	获得所有E.G.O资源各{0}个	1	1	1.000	ok
Gain {0} E.G.O resource for all Affinities	获得所有E.G.O资源各{0}个	1	1	1.000	ok
Black Ledger Choice - Save the Civilians.	黑色账簿选项 - 拯救居民。	2	2	1.000	ok
Ragged Bamboo Hat Choice - That's not what matters	破损的斗笠 判定 - 重要的另有其事	2	2	1.000	ok
I gues so	似乎如此	1	1	1.000	ok
Bamboo-hatted Kim's Past 5	金笠的过去 5	1	1	1.000	ok
We're the 'samples'.	我们就是样本。	2	2	1.000	ok
Carefully look around.	仔细地观察周围。	1	1	1.000	ok
A W Corp. Cleanup Agent is battling a group of Bloodbags.	一位W公司清扫人员正在与一群血袋战斗	2	2	1.000	ok
Quiet Corridor of the Middle	寂静的中指走廊	2	2	1.000	ok
Peccatulum Gulae?	暴食罪种?	2	2	1.000	ok
Peccatulum Irae Type 3	暴怒罪种 3型	1	1	1.000	ok
Muddled Heishou of the Corpse Palanquin	混觉辒辌黑兽	2	2	1.000	ok
Class 3 Peccatulum Pigritiae	怠惰罪种 3型	1	1	1.000	ok
Class 3 Peccatulum Morositatis	忧郁罪种 3型	1	1	1.000	ok
Passenger Bloodbag	乘客血袋	1	1	1.000	ok
W Corp. Bloodbag	W公司血袋	1	1	1.000	ok
Prosthetic Bloodbag	义体血袋	1	1	1.000	ok
Lobotomy E.G.O::Sunshower - Dongbaek	脑叶公司E.G.O::狐雨 - 冬柏	2	2	1.000	ok
Checking the Boat	检查船只	1	1	1.000	ok
Supply Crates	回收补给	3	1	0.333	suspect
Lobotomy Corporation Central Command	脑叶公司 中央本部	1	1	1.000	ok
Lobotomy Corporation Storage	脑叶公司 仓库	1	1	1.000	ok
Choice Event for resting	去往休息的选项	1	1	1.000	ok
Suspiciously Sparkly Vending Machine	可疑的闪光自动贩卖机	1	1	1.000	ok
An Old Room with a Clockwork Mechanism	一间放着机械发条装置的破旧房间	2	2	1.000	ok
A Vessel of Zeal	狂信之物	1	1	1.000	ok
Exhibit of Human Parts	人体部位展览	1	1	1.000	ok
Test of Worthiness	资格试炼	1	1	1.000	ok
Mirror Room	镜之屋	1	1	1.000	ok
ApproachingTheFlower	靠近花树	1	1	1.000	ok
Black Ledger Choice #2	黑色账簿 选项2	2	2	1.000	ok
Fractured & Broken Blade Choice	破碎的刀刃，损坏的刀刃 选项	2	2	1.000	ok
Poultry Memory	群之鸡忆	1	1	1.000	ok
A merchant passenger	一位正在卖东西的乘客	1	1	1.000	ok
May She... Wake in Torment!	愿她…在苦痛中醒来！	2	2	1.000	ok
Declared Duel - Camille	决斗宣告-卡米尔	2	2	1.000	ok
Blood-shooting!!	血猎！！	2	2	1.000	ok
HOW RIGHTEOUS!!	正义至极！！	2	2	1.000	ok
Declared Duel - Meursault	决斗宣告-默尔索	2	2	1.000	ok
Focused Attack - Meursault	集中攻击-默尔索	2	2	1.000	ok
I will take responsibility, through my bloody tears.	含着血泪，我会承担起责任。	2	2	1.000	ok
Bloodfeast Consumed (shared)	共用消耗血宴总数	2	2	1.000	ok
Time to abandon my dream...	是时候放弃我的梦了…	2	2	1.000	ok
... For my Family, as their Father...	作为父亲，为了家人…	2	2	1.000	ok
WHICH TREATS THE BUS, THE COMPANIONS, AND THE ADVENTURES	与同伴们在巴士上一同经历了诸多冒险，	2	2	1.000	ok
OF HOW SANCHO, OUR DON QUIXOTE, REFUSED TO END THE DREAM	梦永不迎来终焉的桑丘，也是我们的堂吉诃德的故事	2	2	1.000	ok
Deathrite 【Wane】	咒杀【衰亡】	2	2	1.000	ok
Deathrite 【Enfeeble】	咒杀【弱化】	2	2	1.000	ok
Tremor - Scorch	震颤-灼热	2	2	1.000	ok
Reload - Tactical	再次装填-余弹维持	2	2	1.000	ok
Beastly Instinct - Low Morale	猛兽本能-士气低落	2	2	1.000	ok
Beastly Instinct - Panic	猛兽本能-陷入恐慌	2	2	1.000	ok
My Heart, My Own Thoughts...	我的本心与想法…	2	2	1.000	ok
Volatile E.G.O Attunement - Contempt	不稳定E.G.O感应-轻蔑	2	2	1.000	ok
Volatile E.G.O Attunement - Fell Bullet	不稳定E.G.O感应-凶弹	2	2	1.000	ok
Deathrite【Haste】	咒杀【迅捷】	2	2	1.000	ok
Strider【Mao】	脚力【卯】	2	2	1.000	ok
The Audacity...!	竟敢…！	2	2	1.000	ok
Shin (心) - Sora	心-空	2	2	1.000	ok
Shin(心) - The Yellow Harpoon	心-蜜黄标枪	2	2	1.000	ok
Nested Harpoon [Beesting]	穿刺标枪[蜂针]	2	2	1.000	ok
Nested Harpoon [Waspsting]	穿刺标枪[胡蜂针]	2	2	1.000	ok
Apic Flashburst Blade Art - Hwando	闪蜂光剑术-环刀	2	2	1.000	ok
Twisted and Disjointed Memory and Recollection	相互纠缠、扭曲的记忆与回忆	2	2	1.000	ok
Malkuth's Reign - Imperfect Manifestation	Malkuth的统治-不完全显现	2	2	1.000	ok
Shin (心) - Procuration	心-代行	2	2	1.000	ok
White Breath - Safeguard the Mind	白色吐息-精神守护	2	2	1.000	ok
Red Breath - Strengthen the Body	红色吐息-身体强化	2	2	1.000	ok
Red Breath - Protect	红色吐息-守护	2	2	1.000	ok
Purple Breath - Hysteria	紫色吐息-歇斯底里	2	2	1.000	ok
Red Breath - Push the Body's Limit	红色吐息-疾驰的身体	2	2	1.000	ok
Shin (心) - Moses	心-摩西	2	2	1.000	ok
Dimensional Bag - Allas Workshop	次元包-阿拉斯工坊	2	2	1.000	ok
Dimensional Bag - Nester Workshop	次元包-涅斯托尔工坊	2	2	1.000	ok
Dimensional Bag - Screw Atelier	次元包-螺丝工作室	2	2	1.000	ok
Shin (心) - Ezra	心-以斯拉	2	2	1.000	ok
The Middle - Vengeance Tattoo [<s>Great Brother</s>]	中指-仇怨纹身[<s>长兄</s>]	2	2	1.000	ok
Corpus Ingredient (Bones)	活体材料(骨)	2	2	1.000	ok
Corpus Ingredient (Blood)	活体材料(血)	2	2	1.000	ok
The Exhibition is Complete!	展览完成	2	2	1.000	ok
Blinding Blood [盲血]	盲血	2	2	1.000	ok
Backward Flow - Bitterness	逆行-憎恶	2	2	1.000	ok
Forward Flow - Compassion	顺行-怜悯	2	2	1.000	ok
Paroxysm - Afterimage Entanglement	暴走-残像纠缠	2	2	1.000	ok
Dawn's First Crow (雞鳴)	鸡鸣	2	2	1.000	ok
The Sun's Descent (日入)	日入	2	2	1.000	ok
Sever the Thread [切絲]	切丝	2	2	1.000	ok
Prescript: [Device] - Warning	指令[终端]-警告	2	2	1.000	ok
Karmic Consequence [Fortuna]	业[福尔图娜]	2	2	1.000	ok
Shin (心) - Rien	心-里恩	2	2	1.000	ok
Ketsuen [けつえん]	血缘[けつえん]	2	2	1.000	ok
Renketsuen [れんけつえん]	连血缘[れんけつえん]	2	2	1.000	ok
Swig (眞)	小酌（真）	2	2	1.000	ok
Bloodpour (血注)	血注	2	2	1.000	ok
Thrashing to Hatch Ⅰ	为破卵而出的挣扎Ⅰ	8	2	0.250	suspect
Thrashing to Hatch ⅠⅠ	为破卵而出的挣扎Ⅱ	4	2	0.500	suspect
Thrashing to Hatch ⅠⅠⅠ	为破卵而出的挣扎Ⅲ	2	2	1.000	ok
Thrashing to Hatch ⅠⅤ	为破卵而出的挣扎Ⅳ	2	2	1.000	ok
Thrashing to Hatch Ⅴ	为破卵而出的挣扎Ⅴ	2	2	1.000	ok
Brand - No [奴]	烙印[奴]	2	2	1.000	ok
Candy?	糖果？	8	2	0.250	suspect
Tick-Tock?!	滴答滴答？！	2	2	1.000	ok
Little Handy - Wilderness Survival Module	小帮手-野外维生单元	2	2	1.000	ok
Little Handy - Housekeeping Assistant Module	小帮手-家政辅助模块	2	2	1.000	ok
Little Handy - Incremental Motion Firmware	小帮手-运动增量固件	2	2	1.000	ok
Little Handy - Mini Decontamination Kit	小帮手-迷你去污套组	2	2	1.000	ok
Little Handy - External Upgrade Module	小帮手-外置强力升级	2	2	1.000	ok
T Corp. Special Investigator Badge	T公司特别搜查官徽章	2	2	1.000	ok
Le Fauvisme - Masque de Loup Ensanglanté	野兽派-染血狼面	2	2	1.000	ok
<s>The Middle</s> - Grudge	<s>中指</s>-仇怨	2	2	1.000	ok
<s>The Middle Styled</s> Augmentation Tattoos	<s>中指式</s>强化纹身	2	2	1.000	ok
!!!OUDATED EFFECT!!!	过期状态	2	2	1.000	ok
Meat Gear: Coercion	血肉齿轮-强迫	2	2	1.000	ok
What use... am I...?	我…已无用处了…吗？	3	2	0.667	weak
I used too much power	好像用力过猛了	2	2	1.000	ok
Love/Justice	爱/正义	2	2	1.000	ok
Here Comes Magical Girl!	魔法少女登场！	5	2	0.400	suspect
Regressive Transformation - Reversed	反转-逆位	2	2	1.000	ok
AoE Attack	群体攻击	1	1	1.000	ok
Baba Yaga’s Coming!	迫近的芭芭雅嘎	2	2	1.000	ok
Borrowed Time of the Fathoms	心象中的时间租赁	2	2	1.000	ok
Aim True!	再准点！	2	2	1.000	ok
Get 'Em!	拿下他！	5	2	0.400	suspect
Declared Duel - Outis	决斗宣告-奥提斯	2	2	1.000	ok
Sword of the Homeland - Rending	本国剑-传授洗法	2	2	1.000	ok
Sword of the Homeland - Penetrating	本国剑-传授刺法	2	2	1.000	ok
Tremor - Decay	震颤-崩坏	2	2	1.000	ok
Tremor - Fracture	震颤-裂痕	2	2	1.000	ok
Before the King in Binds	缚王御前	2	2	1.000	ok
Tremor - Reverb	震颤-回响	2	2	1.000	ok
Tremor - Everlasting	震颤-永恒	2	2	1.000	ok
Courier Trunk - Rodion	派送箱-罗佳	2	2	1.000	ok
Tremor - Clockwinding	震颤-上弦	2	2	1.000	ok
Courier Trunk - Sinclair	派送箱-辛克莱	2	2	1.000	ok
Ammo - Atelier Logic	弹药-逻辑工作室	2	2	1.000	ok
Concentration【Sniper】	集中精神【狙击】	2	2	1.000	ok
Nebulizer β	雾化吸入器β	2	2	1.000	ok
Nebulizer α	雾化吸入器α	2	2	1.000	ok
Nerve Strike - Don Quixote	点穴-堂吉诃德	2	2	1.000	ok
Book of Vengeance [Sinclair]	复仇账簿[辛克莱]	2	2	1.000	ok
Deathrite【Venom】	咒杀【剧毒】	2	2	1.000	ok
Deathrite 【Fissure】	咒杀【破】	2	2	1.000	ok
Life from Death [死中求活]	死中求活	2	2	1.000	ok
Your Will Guides My Blade.	斩随意动。	2	2	1.000	ok
Heishou Bolus Contamination [黑獣丸染]	黑兽丸染	2	2	1.000	ok
One Who Walks The Way of the Hegemon	践行霸道之人	2	2	1.000	ok
You're Ridiculous, Big Brother.	多么可憎啊，兄长。	2	2	1.000	ok
No Matter How Many Must Bleed...	纵使令千万人血流成河…	2	2	1.000	ok
Tremor - Hemorrhage	震颤-大出血	2	2	1.000	ok
Hand - Pine Crane Suit	组札-松上鹤	2	2	1.000	ok
Hand - Susuki Grass Suit	组札-芒上月	2	2	1.000	ok
Hand - Blue Sakura Suit	组札-青染樱	2	2	1.000	ok
Bright【光】	光札	2	2	1.000	ok
Burgeoning of Horns [發角]	生角	2	2	1.000	ok
The Udjat [Vanguard]	瓦吉特之眼[先锋]	2	2	1.000	ok
Shin (心) - Fate	心-命运	2	2	1.000	ok
Reload [Germination]	再次装填[孢子补充]	2	2	1.000	ok
Bullet - Solitude	弹药-孤独	2	2	1.000	ok
Somatic Frisson-inspiring Melody [Empowered]	以人体奏响的旋律[强化]	2	2	1.000	ok
The Self Unbound - Flow State	拘束解除-创作沉浸	2	2	1.000	ok
Book of Vengeance [Heathcliff]	复仇账簿[希斯克利夫]	2	2	1.000	ok
Book of Vengeance [The House of Spiders]	复仇账簿[蜘蛛巢]	2	2	1.000	ok
Sword of the Homeland - Striking	本国剑-传授击法	2	2	1.000	ok
Shin (心) - Disgrace	心-不光彩	2	2	1.000	ok
Nerve Strike - Hong Lu	点穴-鸿璐	2	2	1.000	ok
Witnessed - Eastern Cinq	公证-东部Cinq协会	2	2	1.000	ok
Affinity Res Up (Exc. Wrath)	罪孽抗性强化(除暴怒外)	2	2	1.000	ok
Affinity Res Up (Exc. Lust)	罪孽抗性强化(除色欲外)	2	2	1.000	ok
Affinity Res Up (Exc. Sloth)	罪孽抗性强化(除怠惰外)	2	2	1.000	ok
Affinity Res Up (Exc. Glut.)	罪孽抗性强化(除暴食外)	2	2	1.000	ok
Affinity Res Up (Exc. Gloom)	罪孽抗性强化(除忧郁外)	2	2	1.000	ok
Affinity Res Up (Exc. Pride)	罪孽抗性强化(除傲慢外)	2	2	1.000	ok
Affinity Res Up (Exc. Envy)	罪孽抗性强化(除嫉妒外)	2	2	1.000	ok
O compatriots of my dear child	我孩子的同伴们啊	2	2	1.000	ok
Dream her dream together in my stead	代替我，与那孩子一同追寻梦想吧	2	2	1.000	ok
Shin (心) - ???	心-???	2	2	1.000	ok
Moderate Risk	中等风险	1	1	1.000	ok
Refracted Lust	折射的色欲	2	1	0.500	suspect
Refracted Gluttony	折射的暴食	2	1	0.500	suspect
Refracted Pride	折射的傲慢	3	1	0.333	suspect
Hostile Refraction	攻击性折射	1	1	1.000	ok
Defensive Refraction	防御折射	1	1	1.000	ok
Damage Refraction	伤害折射	1	1	1.000	ok
In the Past (Deactivated)	过去状态（已禁用）	2	2	1.000	ok
In the Present (Deactivated)	现在状态（已禁用）	2	2	1.000	ok
In the Future (Deactivated)	未来状态（已禁用）	2	2	1.000	ok
Dragon's Blood [龍血]	龙血	2	2	1.000	ok
{0} days {1} hours left	剩余{0}天{1}小时	1	1	1.000	ok
Cannot Purchase Pass Level	无法购买通行证等级	1	1	1.000	ok
{0}h left	剩余{0}小时	2	2	1.000	ok
Progress Updated	通行证经验上升	1	1	1.000	ok
You don’t have enough paid Lunacy.	付费狂气不足。	2	2	1.000	ok
Max Level Reached	已达到最高等级	1	1	1.000	ok
<font="BebasKai SDF">LIMBUS PASS</font> Package	边狱通行证组合包	1	1	1.000	ok
Until Season 6 Update	到第6赛季开始前	1	1	1.000	ok
Various rewards included in the Limbus Pass	可以领取边狱通行证奖励	1	1	1.000	ok
Immediately gain 10 Pass Levels upon purchase	购买后立即提升10通行证等级	1	1	1.000	ok
... for my Family, as their Father...	作为父亲，为了家人…	2	2	1.000	ok
Accept the Pain!	接受痛苦吧！	4	2	0.500	suspect
Perfect Shell	完整外壳	1	1	1.000	ok
Unvented Anger	难以言表的愤怒	1	1	1.000	ok
Piece of a Broken Bond	破碎纽带的残片	2	2	1.000	ok
Unknown Wound	未知的伤口	1	1	1.000	ok
Wrath Boost	暴怒强化	1	1	1.000	ok
Lust Boost	色欲强化	1	1	1.000	ok
Sloth Boost	怠惰强化	1	1	1.000	ok
Gluttony Boost	暴食强化	1	1	1.000	ok
Gloom Boost	忧郁强化	1	1	1.000	ok
Pride Boost	傲慢强化	1	1	1.000	ok
Envy Boost	嫉妒强化	1	1	1.000	ok
Burn Boost	烧伤强化	1	1	1.000	ok
Bleed Boost	流血强化	1	1	1.000	ok
Tremor Boost	震颤强化	1	1	1.000	ok
Rupture Boost	破裂强化	1	1	1.000	ok
Sinking Boost	沉沦强化	1	1	1.000	ok
Poise Boost	呼吸法强化	1	1	1.000	ok
Charge Boost	充能强化	1	1	1.000	ok
Blunt Power Down	打击威力降低	1	1	1.000	ok
Pierce Power Down	突刺威力降低	1	1	1.000	ok
Slash Power Down	斩击威力降低	1	1	1.000	ok
Wrath Power Down	暴怒威力降低	1	1	1.000	ok
Lust Power Down	色欲威力降低	1	1	1.000	ok
Gluttony Power Down	暴食威力降低	1	1	1.000	ok
Sloth Power Down	怠惰威力降低	1	1	1.000	ok
Gloom Power Down	忧郁威力降低	1	1	1.000	ok
Pride Power Down	傲慢威力降低	1	1	1.000	ok
Envy Power Down	嫉妒威力降低	1	1	1.000	ok
Assistant Librarian of History	历史层助理司书	1	1	1.000	ok
Unending Bereavement	无尽的丧失感	1	1	1.000	ok
Pouring Wrath	宣泄的暴怒	1	1	1.000	ok
Targeting Settings	目标设置	1	1	1.000	ok
Observe Battlefield	确认战斗状况	1	1	1.000	ok
Battlefield Status	当前战斗状况	2	1	0.500	suspect
Ground Level Laboratory - Entrance n	地上实验室 第n入口	2	2	1.000	ok
Quarantine Office	检疫室	1	1	1.000	ok
Laboratory 4	第4实验室	1	1	1.000	ok
Research Wing	研究楼	1	1	1.000	ok
Experimentation Zone	实验区域	1	1	1.000	ok
Laboratory 1	第1实验室	1	1	1.000	ok
Closed Laboratory	被封锁的实验室	1	1	1.000	ok
Laboratory 2	第2实验室	1	1	1.000	ok
Containment Hall 3	第三收容走廊	1	1	1.000	ok
Reserve Passageway	简易通道	1	1	1.000	ok
Key Foothold	重要据点	1	1	1.000	ok
Peccatula Enclosure	罪种收容设施	1	1	1.000	ok
Paint Shop	涂装室	1	1	1.000	ok
Drawbridge	吊桥	1	1	1.000	ok
Ice Castle Where Neighbors Lie	邻里沉眠的冰霜城堡	5	2	0.400	suspect
Gate Entrance	关卡入口	1	1	1.000	ok
Bridge of Suppuration	破碎之桥	1	1	1.000	ok
N Corp's White Room	N公司的纯白房间	1	1	1.000	ok
Hot ‘n Juicy Drumstick	火热多汁琵琶腿	2	2	1.000	ok
Contaminated Needle & Thread	脏污的针与线	2	2	1.000	ok
Sharp Needle & Thread	锐利的针与线	2	2	1.000	ok
Oil-gunked Spanner	沾染油污的扳手	1	1	1.000	ok
Twinkling Scrap	闪光废料	1	1	1.000	ok
Pom-pom Hat	毛球帽	1	1	1.000	ok
Huge Gift Sack	巨大的礼物袋	1	1	1.000	ok
Sad Plushie	悲伤的毛绒玩偶	1	1	1.000	ok
Pocket Watch : Type L	怀表：Type L	2	2	1.000	ok
Pocket Watch : Type E	怀表：Type E	2	2	1.000	ok
Pocket Watch : Type Y	怀表：Type Y	2	2	1.000	ok
Pocket Watch : Type P	怀表：Type P	2	2	1.000	ok
Snake Slough+	蛇蜕+	2	2	1.000	ok
False Halo+	虚假的光相+	2	2	1.000	ok
Metronome+	节拍器+	2	2	1.000	ok
Bridle++	枷锁++	2	2	1.000	ok
Contempt of the Gaze of Contempt+	轻蔑的视线的轻蔑+	2	2	1.000	ok
Unhatched Embers+	未孵化的火种+	2	2	1.000	ok
Vestiges of the King	王的残渣	1	1	1.000	ok
Snuffed Candlestick	熄灭的烛台	1	1	1.000	ok
Shadow Monster	影子怪物	1	1	1.000	ok
Packaging Box	包装盒	1	1	1.000	ok
Packaging Ribbon	包装缎带	1	1	1.000	ok
Jolly Plushie	快乐的毛绒玩偶	1	1	1.000	ok
Implicit Contract Renewal	默示契约更新	1	1	1.000	ok
Darkflame Smoking Pipe	黑焰烟斗	1	1	1.000	ok
Swift Command	迅捷指挥	1	1	1.000	ok
Gear Shrapnel	齿轮碎片	1	1	1.000	ok
CQC Manual	近身格斗术教材	1	1	1.000	ok
Re-ignition Plug	重燃火花塞	1	1	1.000	ok
Enhancer Mk.4	强化剂Mk.4	1	1	1.000	ok
Regular Operational Gear	常规作战用装备	1	1	1.000	ok
High-risk Operational Gear	高危作战用装备	1	1	1.000	ok
Swarmcloud	丛云	1	1	1.000	ok
Strange Glyph Talisman	异文符咒	1	1	1.000	ok
Strange Glyph Inscriptions	镌刻的异文	1	1	1.000	ok
Shadow Bamboo Hat	影织斗笠	1	1	1.000	ok
Everlasting Chains of Bond	永恒的缘分锁链	1	1	1.000	ok
Glyph of Glass Shards	漆字琉璃钿	1	1	1.000	ok
Contained Maggots	封装蛆虫	1	1	1.000	ok
Haunted Shoes	鬼附鞋	1	1	1.000	ok
Frozen Cries	冰封的哀嚎	1	1	1.000	ok
Hoarfrost Footprint	霜冻足迹	1	1	1.000	ok
Spicebush Branch	山茶花枝	1	1	1.000	ok
Broken Glasses	破碎的眼镜	1	1	1.000	ok
Unmailed Letter	未寄出的信	1	1	1.000	ok
Harpoon Prosthetic Leg	捕鲸枪义腿	1	1	1.000	ok
Guiding Gas Lamp	照亮前方的汽灯	1	1	1.000	ok
Chief Butler's Secret Arts	首席管家的秘籍	1	1	1.000	ok
Handheld Mirror	手镜	1	1	1.000	ok
Town-protecting Harpoon+	守镇鱼叉+	2	2	1.000	ok
Broken Violin+	损坏的小提琴+	2	2	1.000	ok
Manor-shaped Music Box	宅邸模型八音盒	1	1	1.000	ok
Butler Style Binding Arts+	管家式束缚法+	2	2	1.000	ok
Refraction Glass Pod	折射玻璃管	1	1	1.000	ok
WB Flask	全血烧瓶	1	1	1.000	ok
Sanguine Fragrance Descends	血香降临	1	1	1.000	ok
Discarded Dimensional Gauntlet+	被遗落的次元护手+	2	2	1.000	ok
Blue Starshard+	蓝星碎片+	2	2	1.000	ok
Biogenerative Battery	生物发电电池	1	1	1.000	ok
Cardiovascular Reactive Module	心脏反应模块	1	1	1.000	ok
Prosthetic Joint Servos	义体关节伺服电机	1	1	1.000	ok
Automated Joints	自动式关节	1	1	1.000	ok
Overcharged Battery	过度充能电池	1	1	1.000	ok
Perpetual Generator Servos	永动伺服电机	1	1	1.000	ok
Hearts-powered Jewel	心动力宝石	1	1	1.000	ok
Hellterfly’s Dream+	地狱蝶之梦+	2	2	1.000	ok
Ashes to Ashes+	尘归尘+	2	2	1.000	ok
Wound Clerid+	拟伤虫+	2	2	1.000	ok
Fiery Down+	炽热的羽毛+	2	2	1.000	ok
Bloody Gadget+	鲜血装饰+	2	2	1.000	ok
Today’s Expression	此刻的神色	2	2	1.000	ok
Talisman Bundle+	成捆的符咒+	2	2	1.000	ok
Blood, Sweat, and Tears+	膏血+	2	2	1.000	ok
Green Spirit+	绿光果实+	2	2	1.000	ok
Crown of Roses+	玫瑰王冠+	2	2	1.000	ok
White Gossypium+	白棉花+	2	2	1.000	ok
Thunderbranch+	雷击木+	2	2	1.000	ok
Late-bloomer’s Tattoo	刺青：大器晚成	2	2	1.000	ok
Lowest Star+	谷底之星+	2	2	1.000	ok
Nixie Divergence+	辉光变动仪+	2	2	1.000	ok
Voodoo Doll+	巫毒娃娃+	2	2	1.000	ok
Carmilla+	卡蜜拉+	2	2	1.000	ok
Tomorrow’s Fortune	明日的运势	2	2	1.000	ok
Red Order+	赤色指令+	2	2	1.000	ok
Smokes and Wires+	烟霾与铁丝网+	2	2	1.000	ok
Employee Card+	员工证+	2	2	1.000	ok
Oscillating Bracelet+	震荡手环+	2	2	1.000	ok
Glimpse of Flames+	炎鳞+	2	2	1.000	ok
Barbed Lasso+	荆棘套索+	2	2	1.000	ok
Rusted Cutting Knife+	锈蚀的美工刀+	2	2	1.000	ok
Thorny Path+	荆棘之路+	2	2	1.000	ok
Red-stained Gossypium+	红染棉花+	2	2	1.000	ok
Stone Tomb+	石冢+	2	2	1.000	ok
Portable Battery Socket+	便携式电源插座+	2	2	1.000	ok
Dust to Dust+	土归土+	2	2	1.000	ok
Melted Spring	融化的时钟发条	1	1	1.000	ok
Downpour+	暴雨+	2	2	1.000	ok
Disk Fragment	星象盘碎片	1	1	1.000	ok
Thrill+	快感+	2	2	1.000	ok
Skeletal Crumbs	遗骸碎片	1	1	1.000	ok
Curriculum Vitae+	简历+	2	2	1.000	ok
Pendant of Nostalgia+	追忆吊坠+	2	2	1.000	ok
Broken Revolver	损坏的左轮手枪	1	1	1.000	ok
Artistic Sense+	美感+	2	2	1.000	ok
Nebulizer+	雾化吸入器+	2	2	1.000	ok
Special Contract	特别合约	1	1	1.000	ok
Wrist Guards+	护腕+	2	2	1.000	ok
Clear Mirror, Calm Water+	明镜止水+	2	2	1.000	ok
Charred Disk	烧焦的圆盘	1	1	1.000	ok
Lightning Rod+	避雷针+	2	2	1.000	ok
Endorphin Kit+	内啡肽试剂组+	2	2	1.000	ok
Headless Portrait+	无头肖像+	2	2	1.000	ok
Charge-type Gloves+	充能式手套+	2	2	1.000	ok
First-aid Kit	便携式急救包	1	1	1.000	noise
Voracious Hammer	贪婪之锤	1	1	1.000	ok
Milepost of Survival	生存的里程标	1	1	1.000	ok
Piece of Relationship+	缘分残片+	2	2	1.000	ok
Burning Intellect+	炽热的智慧+	2	2	1.000	ok
Rusted Muzzle+	锈蚀的笼头+	2	2	1.000	ok
Bloody Mist	血雾	1	1	1.000	ok
Bell of Truth+	真理之钟+	2	2	1.000	ok
Coupled Oscillation	震颤耦合	1	1	1.000	ok
Fluorescent Lamp+	荧光灯+	2	2	1.000	ok
Enrapturing Trance	恍惚镜	1	1	1.000	ok
Broken Compass+	破碎罗盘+	2	2	1.000	ok
Black Sheet Music	黑色乐谱	1	1	1.000	ok
Ornamental Horseshoe+	马蹄铁饰物+	2	2	1.000	ok
Lucky Pouch	福袋	1	1	1.000	ok
Material Interference Force Field+	物理屏蔽力场+	2	2	1.000	ok
T-1 Perpetual Motion Machine	第一类永动机	1	1	1.000	ok
Melted Paraffin+	熔化的石蜡+	2	2	1.000	ok
Polarization+	偏振光+	2	2	1.000	ok
Pain of Stifled Rage+	郁火+	2	2	1.000	ok
Fragment of Hellfire	业火残片	1	1	1.000	ok
Arrested Hymn+	被扣留的颂歌+	2	2	1.000	ok
Tangled Bundle+	纠缠捆束+	2	2	1.000	ok
Awe+	敬畏+	2	2	1.000	ok
Fragment of Allurement	魅惑残片	1	1	1.000	ok
Bio-venom Vial+	生物剧毒药瓶+	2	2	1.000	ok
Venomous Skin+	剧毒外皮+	2	2	1.000	ok
Sour Liquor Aroma+	酸味的酒香+	2	2	1.000	ok
Mirror Tactile Synaesthesia	镜触觉通感	1	0	0.000	noise
Fragment of Inertia	惰性残片	1	1	1.000	ok
Bone Stake	骨桩	1	1	1.000	ok
Ragged Umbrella+	破损的雨伞+	2	2	1.000	ok
Deathseeker	寻死者	1	1	1.000	ok
Fragment of Desire	欲望残片	1	1	1.000	ok
Eldtree Snare+	古木陷阱+	2	2	1.000	ok
Rags+	破布+	2	2	1.000	ok
Grandeur+	庄严+	2	2	1.000	ok
Fragment of Decay	蚕食残片	1	1	1.000	ok
Devil's Share+	魔鬼所享+	2	2	1.000	ok
Emerald Elytra+	绿色鞘翅+	2	2	1.000	ok
Old Wooden Doll+	陈旧的木雕人偶+	2	2	1.000	ok
Fragment of Conceit	骄慢残片	1	1	1.000	ok
UPS System+	不间断电源装置+	2	2	1.000	ok
Uncapped Defibrilator+	解除限制的除颤仪+	2	2	1.000	ok
Patrolling Flashlight+	巡逻用手电筒+	2	2	1.000	ok
Imitative Generator	仿造发电机	1	1	1.000	ok
Fragment of Friction	摩擦残片	1	1	1.000	ok
Scalpel+	手术用刀+	2	2	1.000	ok
Deceptive Accord+	虚饰的和平+	2	2	1.000	ok
Tailor's Scissors+	裁缝用剪刀+	2	2	1.000	ok
Resolution+	决意+	2	2	1.000	ok
Moment of Sentencing+	宣判之刻+	2	2	1.000	ok
Sundered Memory	切开的记忆	1	1	1.000	ok
Carpenter's Nail+	木工用长钉+	2	2	1.000	ok
Once, A Blessing+	曾经的祝福+	2	2	1.000	ok
Torn Bandolier+	撕裂的弹带+	2	2	1.000	ok
Keenbranch+	磨尖的树枝+	2	2	1.000	ok
Punctured Memory	洞穿的记忆	1	1	1.000	ok
Burial Curse+	作祟+	2	2	1.000	ok
Compression Bandage+	加压绷带+	2	2	1.000	ok
Temporal Bridle+	时间的枷锁+	2	2	1.000	ok
Clasped Sculpture+	紧握的雕像+	2	2	1.000	ok
Reverberation+	残响+	2	2	1.000	ok
Smoking Gunpowder+	有烟火药+	2	2	1.000	ok
Decamillennial Stewpot	万年炖锅	1	1	1.000	ok
Secret Cookbook	烹饪秘诀书	1	1	1.000	ok
Millarca	蜜拉卡	1	1	1.000	ok
Interlocked Cogs	啮合的齿轮	1	1	1.000	ok
Thorny Rope Cuffs	荆棘捕绳	1	1	1.000	ok
Tangled Bones	碎裂的骨片	1	1	1.000	ok
T-1B Octagonal Bolt	1B型八角螺栓	1	1	1.000	ok
Special Catalogue	特别目录	1	1	1.000	ok
Pre-order Discount	预约优惠券	1	1	1.000	ok
Renewed Merch	翻新的商品	1	1	1.000	ok
Trial Plan Guide	试用计划指南	1	1	1.000	ok
Prestige Card	贵宾卡	1	1	1.000	ok
Brilliant Vestige	辉煌的残影	1	1	1.000	ok
Lunar Vestige	月之残影	1	1	1.000	ok
Overused Whetstone	磨损的砥石	1	1	1.000	ok
Short Cane Sword+	拐杖短剑+	2	2	1.000	ok
Cloudpattern Gourd Bottle+	云纹鹤颈瓶+	2	2	1.000	ok
Broken Greatsword	破碎的巨剑	1	1	1.000	ok
High-tensility Shoes	高弹性钢鞋	1	1	1.000	ok
Plume of Proof+	见证的羽饰+	2	2	1.000	ok
Torn Hems+	磨破的衣袖+	2	2	1.000	ok
Dueling Manual Book 3	决斗教材第三卷	1	1	1.000	ok
Dimensional Recycle Bin	次元分类回收箱	1	1	1.000	ok
Pocket Flashcards+	口袋助记卡+	2	2	1.000	ok
Dimensional Perception Modifier	次元知觉变体	1	1	1.000	ok
Decamillennial Hearthflame	万年炉火	1	1	1.000	ok
Purloined Flame	盗来的火焰	1	1	1.000	ok
Hemorrhagic Shock	失血性休克	1	1	1.000	ok
Gemstone Oscillator	宝石振子	1	1	1.000	ok
Omnivibro-octovecti-bell	无振八方钟	1	1	1.000	ok
Shard of Apocalypse	终末的碎片	1	1	1.000	ok
Eerie Effigy	奇怪的石像	1	1	1.000	ok
Cantabile	如歌	1	1	1.000	ok
Faded Overcoat	褪色的外套	1	1	1.000	ok
Surging Globe	浪景球	1	1	1.000	ok
Impending Wave	袭来的浪潮	1	1	1.000	ok
Cask Spirits	桶装烈酒	1	1	1.000	ok
Insulator	绝缘子	1	1	1.000	ok
T-5 Perpetual Motion Machine	第五类永动机	1	1	1.000	ok
Sorrowful Exhale	悲闷的吐息	1	1	1.000	ok
Shatterbound Cannon	注定破碎的火炮	1	1	1.000	ok
Coveting Thorn	贪欲之棘	1	1	1.000	ok
Meat Tenderizer+	松肉锤+	2	2	1.000	ok
Chance & Choice	概率与选择	2	2	1.000	ok
Miniature Ferris Wheel	微型摩天轮	1	1	1.000	ok
Searing Hammer	灼热之锤	1	1	1.000	ok
Red Necktie	红领带	1	1	1.000	ok
Someone's Device	某人的终端	1	1	1.000	ok
Providence of the Prescript	指令的庇护	1	1	1.000	ok
Omni-tool+	万能工具+	2	2	1.000	ok
Stolen Fixer Magazine	被盗的收尾人杂志	1	1	1.000	ok
Pure-white Canvas	空白画布	1	1	1.000	ok
The Spider's Thread+	蜘蛛网+	2	2	1.000	ok
Someone's Azure Blade	某人的青刀	1	1	1.000	ok
Imperfect Eye of Precognition	不完善的预知眼	1	1	1.000	ok
The Abandoned Oracle	遗落的神谕	1	1	1.000	ok
A Maestro's Ring-Turned-Artwork	化为作品的大师指环	1	1	1.000	ok
Mid-range K Corp. Ampule	量产型K公司安瓿	1	1	1.000	ok
Burning Fate	燃烧的命运	1	1	1.000	ok
Carousel Figurine	旋转木马模型	1	1	1.000	ok
Another Round!	再来一杯！	1	1	1.000	ok
Spiderweb Entangled in Red	赤红纠缠的蜘蛛巢	1	1	1.000	ok
Baekja Water Dropper	白瓷砚滴	1	1	1.000	ok
Flagroot Cane Sword	菖蒲剑	1	1	1.000	ok
Crushed Wooden Manacle	粉碎的木制刑具	1	1	1.000	ok
Unadorned Sword-guard	无纹的刀镡	1	1	1.000	ok
Wing-shaped Waxen Candle	翼形蜡烛	1	1	1.000	ok
Tributary Cigar	奉纳的雪茄	1	1	1.000	ok
Reverse Knot	反向结	1	1	1.000	ok
Melted LCCB Employee Badge	融化的LCCB员工证	1	1	1.000	ok
Crossed Knot	十字结	1	1	1.000	ok
Compulsive's Knot	强迫结	1	1	1.000	ok
Standard Issue Mag	补给弹匣	1	1	1.000	ok
La Manchaland Standard Pass	拉·曼却领常规通行券	1	1	1.000	ok
Self-flagellation Whip	告解之鞭	1	1	1.000	ok
A Little Dream	小小的梦	1	1	1.000	ok
The Dream Begins Anew	再一次做的梦	1	1	1.000	ok
Shoddy Dressing	破旧绷带	1	1	1.000	ok
Festered Fragment	腐烂碎片	1	1	1.000	ok
Etched Doomsday	终末浮雕	1	1	1.000	ok
Rainbow Mainspring	彩色发条	1	1	1.000	ok
Rusty Mainspring	生锈发条	1	1	1.000	ok
Emergency Surgical Kit	紧急手术套件	1	1	1.000	ok
Writhing Ribbon	蠢蠢欲动的丝带	1	1	1.000	ok
Torch Stack	一堆火把	1	1	1.000	ok
Sparkling Skull	发光颅骨	1	1	1.000	ok
Sniggering Tongue	窃笑的舌头	1	1	1.000	ok
Green Skin	绿色外皮	1	1	1.000	ok
Topfhelm	钢盔	1	1	1.000	ok
Piece of Crumbled Egg	破碎之卵的残片	1	1	1.000	ok
Cold Illusion	冰冷的幻想	1	1	1.000	ok
Sharp Illusion	尖锐的幻想	1	1	1.000	ok
Fragrant Illusion	芬芳的幻想	1	1	1.000	ok
Trace of Stars	星迹	1	1	1.000	ok
Pungent Bud	香气刺鼻的花蕾	1	1	1.000	ok
Hot Tears	热烈的泪水	1	1	1.000	ok
Cooled Tear	冰冷的泪水	1	1	1.000	ok
Memories of Fragments	碎片的记忆	1	1	1.000	ok
Piece of Reversing Memories	追忆流转的残片	1	1	1.000	ok
Universal Skeleton	万物的骨架	1	1	1.000	ok
The Middle Styled Knuckle-dusters	中指式指虎	1	1	1.000	ok
Unoccupied Birdcage	空荡的鸟笼	1	1	1.000	ok
Searing Brass+	灼热的铜管+	2	2	1.000	ok
Universal Instinct	万物的本能	1	1	1.000	ok
Heavenly King's Heartmending Pill	天王补心丹	1	1	1.000	ok
Tranquil Lotus Bolus	静莲丸	1	1	1.000	ok
Sanguine Blossom Bolus	血花丸	1	1	1.000	ok
Accursed Codex	被诅咒的古代文书	1	1	1.000	ok
Madness-inscribed Codex	寄宿疯狂的古代文书	1	1	1.000	ok
Heartrender Talisman	破心符	1	1	1.000	ok
Bloodsevering Blade	绝血刀	1	1	1.000	ok
Faded Poster	褪色的海报	1	1	1.000	ok
Deep Claw Marks	深深的爪痕	1	1	1.000	ok
Blackiron Barding	黑铁马胄	1	1	1.000	ok
Shaoxing Wine+	绍兴酒+	2	2	1.000	ok
The Family's Resentment	家人的怨恨	1	1	1.000	ok
For the Capo	为了指挥官	1	1	1.000	ok
Rules of the Middle	中指规矩	1	1	1.000	ok
Kkomi's Mini-Gift	可米的小小礼物	1	1	1.000	ok
Someone's Dropped Employee Card	某人遗落的员工证	1	1	1.000	ok
Boombox of Dramatic Entrances	登场专用音响	1	1	1.000	ok
Shadowlurking	暗中行动	1	1	1.000	ok
Sea Terror Notes	恐鱼研究记录	1	1	1.000	ok
Goldforged Compass	黄金罗盘	1	1	1.000	ok
Silver Key Bundle	银色的钥匙串	1	1	1.000	ok
Sea Terror Jerky	恐鱼干	1	1	1.000	ok
Aged Sheet Music	古旧乐谱残章	1	1	1.000	ok
Metal Construct	金属构造体	1	1	1.000	ok
Moonmirror Wine Cup	宿月酒盏	1	1	1.000	ok
Classical-design Letter Opener	造型古典的拆信刀	1	1	1.000	ok
Interlinked Time+	交织的时间+	2	2	1.000	ok
Emergency Investigator Badge+	紧急授予型搜查官徽章+	2	2	1.000	ok
Entanglement Override Sequencer+	强制纠缠定序器+	2	2	1.000	ok
Microprecision Time Accelerator	超精密时间加速装置	1	1	1.000	ok
Filial Love	孝心	1	1	1.000	ok
Misaligned Transistor	错位的晶体管	1	1	1.000	ok
Mental Corruption Boosting Gas	精神污染加速气体	1	1	1.000	ok
Leaked Enkephalin	泄露的脑啡肽	1	1	1.000	ok
The Unchosen	未被选中之人	1	1	1.000	ok
Magical Girl's Lovely Gift	魔法少女的爱之礼物	1	1	1.000	ok
Value Disposal	价值处置	1	1	1.000	ok
Staticky Two-way Radio	夹杂着噪音的对讲机	1	1	1.000	ok
Beak-shaped Necklace	喙形项链	1	1	1.000	ok
Harmonics+	泛音+	2	2	1.000	ok
Walking Bass+	行进贝斯+	2	2	1.000	ok
Pink Bouquet	粉红花束	1	1	1.000	ok
Royal Jelly Perfume	蜂王浆香水	1	1	1.000	ok
Whale of the Porous Hand Mermaid	穴掌鲸人鱼	2	2	1.000	ok
Whale of the Porous Hand Soldier Mermaid	穴掌鲸 士兵人鱼	2	2	1.000	ok
Twinhook Pirates First Mate Smee	双钩海盗团大副 斯米	2	2	1.000	ok
Terrified K Corp. Checkpoint Security	惊恐的K公司检查站安保人员	2	2	1.000	ok
Stiffened K Corp. Checkpoint Security	僵直的K公司检查站安保人员	2	2	1.000	ok
Threatened K Corp. Class 1 Staff	受到威胁的K公司1级员工	2	2	1.000	ok
Unnerved K Corp. Class 1 Staff	焦虑的K公司1级员工	2	2	1.000	ok
Revived K Corp. Class 3 Empowered Staff	复活的K公司3级员工 - 强化	2	2	1.000	ok
Whale of the Thousand Strands Mermaid	千缕鲸人鱼	2	2	1.000	ok
Hefty Dead Rabbits Henchman	健硕的死兔帮成员	1	1	1.000	ok
Slow Dead Rabbits Henchman	迟缓的死兔帮成员	1	1	1.000	ok
Fierce Dead Rabbits Henchman	凶猛的死兔帮成员	1	1	1.000	ok
Sharp Dead Rabbits Henchman	敏锐的死兔帮成员	1	1	1.000	ok
Enamored Researcher of the Ring?	忘我的环指研究员？	2	2	1.000	ok
Mad Researcher of the Ring?	发狂的环指研究员？	2	2	1.000	ok
Pointillist Researcher of the Ring?	点彩派环指研究员？	2	2	1.000	ok
Peccatulum Irae??	暴怒罪种??	2	2	1.000	ok
Well-dressed Bloodbag	穿着得体的血袋	1	1	1.000	ok
Embellished Bloodbag	打扮过的血袋	1	1	1.000	ok
Insane Fashionista Bloodfiend	疯狂的时尚血魔	1	1	1.000	ok
Mad Fashionista Bloodfiend	失去理智的时尚血魔	1	1	1.000	ok
No-good Bandit	坏盗贼	2	1	0.500	suspect
Big, Scary Bear	可怕的巨熊	3	1	0.333	suspect
Eerie Bloodbag	阴森森的血袋	1	1	1.000	ok
Sinister Bloodbag	可怖的血袋	1	1	1.000	ok
Budding Bloodbag	发芽的血袋	1	1	1.000	ok
Budding Zwei Fixer	发芽的Zwei收尾人	1	1	1.000	ok
Budding Bloodfiend	盛开的血魔	1	1	1.000	ok
Blossomed Bloodfiend	绽放的血魔	1	1	1.000	ok
Bloomed Bloodfiend	盛放的血魔	1	1	1.000	ok
Peccatulum Luxuriae?	色欲罪种?	2	2	1.000	ok
Peccatulum Superbiae?	傲慢罪种?	2	2	1.000	ok
Budding Cinq West Fixer	发芽的Cinq西部收尾人	1	1	1.000	ok
Budding Zwei West Fixer	发芽的Zwei西部收尾人	1	1	1.000	ok
The Wheel of La Manchaland	大摩天轮	1	1	1.000	ok
Dreamshard	梦之碎片	1	1	1.000	ok
Hardblood Fragment	硬血碎片	1	1	1.000	ok
Talisman Jar Monster	贴着符咒的瓮怪物	1	1	1.000	ok
Nailed Jar Monster	被钉住的瓮怪物	1	1	1.000	ok
Entangled Jar Monster	被束缚的瓮怪物	1	1	1.000	ok
Furtive Podao Assailant	隐秘的朴刀袭击者	1	1	1.000	ok
Swift Podao Assailant	敏捷的朴刀袭击者	1	1	1.000	ok
Large Podao Assailant	魁梧的朴刀袭击者	1	1	1.000	ok
Bandaged Wooden Dummy	裹着绷带的木人桩	1	1	1.000	ok
Spiked Wooden Dummy	带刺的木人桩	1	1	1.000	ok
Swift Ambushing Stranger	敏捷突袭的怪人	1	1	1.000	ok
Swift Pursuing Stranger	敏捷追击的怪人	1	1	1.000	ok
Impaled Failure	被穿刺的失败品	1	1	1.000	ok
Blooming Failure	盛开的失败品	1	1	1.000	ok
Entangled Failure	纠缠的失败品	1	1	1.000	ok
Evil-possessed Deathrite Monk	饱含邪气的咒杀僧	1	1	1.000	ok
Swift Shi Family Mercenary	灵敏的史家私兵	1	1	1.000	ok
Veteran Shi Family Mercenary	干练的史家私兵	1	1	1.000	ok
Heavy Shi Family Mercenary	稳重的史家私兵	1	1	1.000	ok
Shi Hua... something?	史华？	2	2	1.000	ok
Muddled Heishou of the Corpse Palanquin [混覺轀輬黑獸]	混觉辒辌黑兽	1	1	1.000	ok
Heavenly Elder	天之长辈	1	1	1.000	ok
Earthly Elder	地之长辈	1	1	1.000	ok
Brain Elder	脑之长辈	1	1	1.000	ok
Manager Gnome	科长小矮人	1	1	1.000	ok
Peccatulum Pigritiae??	怠惰罪种??	2	2	1.000	ok
Peccatulum Morositatis??	忧郁罪种??	2	2	1.000	ok
The Ring Corporist Automanikin - Researcher	环指人体派自动人偶 - 研究员	2	2	1.000	ok
The Ring Corporist Automanikin - Combatant	环指人体派自动人偶 - 战斗员	2	2	1.000	ok
The Ring Corporist Automanikin - Roseate Desire Corrosion	环指人体派自动人偶 - 粉红欲望 侵蚀	2	2	1.000	ok
The Pinky Apprentice - Ren	小指 子辈 - 莲	2	2	1.000	ok
The Index Apprentice - Sora	食指 子辈 - 空	2	2	1.000	ok
Flash Phenomenon - Im Gyeong-eop	闪光现象 - 林庆业	2	2	1.000	ok
Hateful Blade Lineage Salsu	心怀怨恨的剑契组杀手	1	1	1.000	ok
Resentful Blade Lineage Salsu	寄宿怨恨的剑契组杀手	1	1	1.000	ok
Imagined Im Gyeong-eop	心象中的林庆业	1	1	1.000	ok
Craving Bloodbag Passenger	渴求的血袋乘客	1	1	1.000	ok
Violent Bloodbag Passenger	发狂的血袋乘客	1	1	1.000	ok
Aggressive Bloodbag Passenger	好斗的血袋乘客	1	1	1.000	ok
Merciless Bloodbag Cleanup Agent	无情的血袋清扫人员	1	1	1.000	ok
Feral Bloodbag Cleanup Agent	凶猛的血袋清扫人员	1	1	1.000	ok
Hungering Bloodbag Cleanup Agent	饥饿的血袋清扫人员	1	1	1.000	ok
Bloodbag Prosthetic Fixer	血袋义体收尾人	1	1	1.000	ok
Deceitful Tri-axe Office Fixer	卑鄙的三斧事务所收尾人	1	1	1.000	ok
Tough-looking Stranger	表情坚毅的怪人	1	1	1.000	ok
Awkward Tri-axe Office Fixer	左右为难的三斧事务所收尾人	1	1	1.000	ok
Sharp-looking Stranger	表情犀利的怪人	1	1	1.000	ok
The City's Sweeper A	都市的清道夫A	1	1	1.000	ok
The City's Sweeper B	都市的清道夫B	1	1	1.000	ok
The City's Sweeper C	都市的清道夫C	1	1	1.000	ok
The City's Sweeper D	都市的清道夫D	1	1	1.000	ok
Aggressive Yurodivy	过激的圣愚活动成员	1	1	1.000	ok
Quick-witted Yurodivy	敏捷的圣愚活动成员	1	1	1.000	ok
District 20 Yurodiviye Captain	20区 圣愚 队长	1	1	1.000	ok
Unfolded Time Rippers	展开的时间杀人魔们	1	1	1.000	ok
Prescript-chasing Proselyte of the Index	追随指令的食指苦行者	2	2	1.000	ok
Prescript-conforming Proselyte of the Index	遵从指令的食指苦行者	2	2	1.000	ok
Impulsive Fauvist Student of the Ring	冲动的环指野兽派学徒	2	2	1.000	ok
Instinctive Fauvist Student of the Ring	依照本能的环指野兽派学徒	2	2	1.000	ok
Feral Fauvist Student of the Ring	充满野性的环指野兽派学徒	2	2	1.000	ok
Spontaneous Fauvist Student of the Ring	即兴的环指野兽派学徒	2	2	1.000	ok
Dawn of Green - Doubt - α	绿色的黎明 - 疑问 - α	2	2	1.000	ok
Dawn of Green - Doubt - β	绿色的黎明 - 疑问 - β	2	2	1.000	ok
Threatening Gear Worshipper	危险的齿轮信徒	1	1	1.000	ok
Nimble Gear Worshipper	敏捷的齿轮信徒	1	1	1.000	ok
Da Boingy Empworoar	凤凤皇地	1	1	1.000	ok
False Bongy	假小凤	1	1	1.000	ok
Distorting Bamboo-hatted Kim	正在扭曲的金笠	1	1	1.000	ok
Scruffy Veteran	褴褛的残兵	1	1	1.000	ok
Slumber-broken Neighbor	长梦初醒的邻居	1	1	1.000	ok
Rearisen Neighbor	重新站起的邻居	1	1	1.000	ok
Freezing Miner Slave	冻结的奴隶矿工	1	1	1.000	ok
Shivering Miner Slave	寒冷的奴隶矿工	1	1	1.000	ok
Everything There of an Inquisitor	无所不有的异端审判官	2	2	1.000	ok
Crawling Inquisitor	爬行的异端审判官	1	1	1.000	ok
Calm K Corp. Checkpoint Security	沉着的K公司检查站安保人员	2	2	1.000	ok
Reliable K Corp. Checkpoint Security	可靠的K公司检查站安保人员	2	2	1.000	ok
Wriggling Beast	蠢蠢欲动的野兽	1	1	1.000	ok
Dongbaek E.G.O::Spicebush	冬柏E.G.O::山茶花	2	2	1.000	ok
Crude Sawblade Bot	粗制的锯刃无人机	1	1	1.000	ok
Crude Wrecking Ball Bot	粗制的破坏球无人机	1	1	1.000	ok
Complete Sawblade Bot	完整的锯刃无人机	1	1	1.000	ok
Complete Wrecking Ball Bot	完整的破坏球无人机	1	1	1.000	ok
Solid Combined Bot	坚固的复合机械	1	1	1.000	ok
Confident Rosespanner Workshop Fixer	自信的玫瑰扳手工坊收尾人	1	1	1.000	ok
Prideful Rosespanner Workshop Fixer	高傲的玫瑰扳手工坊收尾人	1	1	1.000	ok
Shaking Rosespanner Workshop Fixer	颤抖的玫瑰扳手工坊收尾人	1	1	1.000	ok
Rosespanner Workshop Rep Niko	玫瑰扳手工坊代表 尼柯	1	1	1.000	ok
Lobotomy E.G.O::Red Sheet - Marile	脑叶公司E.G.O::朱符 - 马里勒	2	2	1.000	ok
Reawakened Lobotomy E.G.O::Red Sheet	复活的脑叶公司E.G.O::朱符	2	2	1.000	ok
K Corp. Arrest Drone	K公司 拘捕无人机	1	1	1.000	ok
Fully Bloomed Flower	盛开的花朵	1	1	1.000	ok
Tree of Vanity	虚荣之树	1	1	1.000	ok
Fruit of Vanity	虚荣之果	1	1	1.000	ok
Lured Festered G Corp. H. Manager	受诱且溃烂的G公司部长	2	2	1.000	ok
Refracted Alleyway Watchdog	折射的巷头恶犬	1	1	1.000	ok
Refracted Headless Ichthys	折射的断首鱼	1	1	1.000	ok
Refracted Drifting Fox	折射的流浪狐狸	1	1	1.000	ok
Refracted Old Umbrella	折射的旧伞	1	1	1.000	ok
Refracted Shock Centipede	折射的电击蜈蚣	1	1	1.000	ok
Refracted Fairy-Long-Legs	折射的长腿精灵	1	1	1.000	ok
Refracted Faelantern	折射的精灵提灯	1	1	1.000	ok
Refracted Wayward Passenger	折射的迷失的乘客	1	1	1.000	ok
Left Blade	左刃	1	1	1.000	ok
Right Blade	右刃	1	1	1.000	ok
Refracted Steam Transport Machine	折射的蒸汽运输机	1	1	1.000	ok
Refracted Sign of Roses	折射的玫瑰告示牌	1	1	1.000	ok
Refracted Hemorrhaging Dimension	折射的血流成河的次元	1	1	1.000	ok
Refracted Poisonous Dimension	折射的剧毒沸腾的次元	1	1	1.000	ok
Refracted Tremoring Dimension	折射的震颤不止的次元	1	1	1.000	ok
Refracted Electrifying Dimension	折射的电流涌动的次元	1	1	1.000	ok
Refracted Wrath-drenched Rose	折射的浸染暴怒的玫瑰	1	1	1.000	ok
Refracted Lust-drenched Rose	折射的浸染色欲的玫瑰	1	1	1.000	ok
Refracted Sloth-drenched Rose	折射的浸染怠惰的玫瑰	1	1	1.000	ok
Refracted Gluttony-drenched Rose	折射的浸染暴食的玫瑰	1	1	1.000	ok
Refracted Gloom-drenched Rose	折射的浸染忧郁的玫瑰	1	1	1.000	ok
Refracted Pride-drenched Rose	折射的浸染傲慢的玫瑰	1	1	1.000	ok
Refracted Envy-drenched Rose	折射的浸染嫉妒的玫瑰	1	1	1.000	ok
Refracted Ardor Blossom Moth	折射的红焰蛾	1	1	1.000	ok
Refracted Drenched Gossypium	折射的浸染棉花	1	1	1.000	ok
Refracted Spiral of Contempt	折射的轻蔑螺旋	1	1	1.000	ok
Refracted Skin Prophet	折射的人皮预言者	1	1	1.000	ok
Refracted Candle	折射的蜡烛	1	1	1.000	ok
Refracted Ambling Pearl	折射的陆行珍珠	1	1	1.000	ok
Refracted Green Slime	折射的绿色黏液	1	1	1.000	ok
Refracted Dream-Devouring Siltcurrent	折射的噬梦的浊流	1	1	1.000	ok
Refracted Flotsam	折射的漂流物	1	1	1.000	ok
Refracted Ahab	折射的亚哈	1	1	1.000	ok
Refracted Queequeg	折射的魁魁格	1	1	1.000	ok
Refracted Starbuck	折射的斯达巴克	1	1	1.000	ok
Refracted Blinded Pequod Town Villager	折射的被蒙住双眼的裴廓德镇居民	2	2	1.000	ok
Refracted Gagged Pequod Town Villager	折射的被堵上嘴的裴廓德镇居民	2	2	1.000	ok
Refracted Moustachioed Twinhooks Pirate	折射的留胡子的双钩海盗团成员	1	1	1.000	ok
Refracted Bandana-wearing Twinhooks Pirate	折射的戴头巾的双钩海盗团成员	1	1	1.000	ok
Refracted Agile Twinhooks Pirate	折射的敏捷的双钩海盗团成员	1	1	1.000	ok
Refracted Tough Twinhooks Pirate	折射的坚实的双钩海盗团成员	1	1	1.000	ok
Refracted Pallidified Thing-Shield	折射的苍白之物-盾	1	1	1.000	ok
Refracted Pallidified Thing-Club	折射的苍白之物-棍棒	1	1	1.000	ok
Refracted Pallidified Thing-Pirate	折射的苍白之物-海盗	1	1	1.000	ok
Refracted Pallidified Thing-Hook	折射的苍白之物-钩	1	1	1.000	ok
Refracted Pallid White Mermaid	折射的苍白的白色人鱼	1	1	1.000	ok
Refracted Pallid Blue Mermaid	折射的苍白的蓝色人鱼	1	1	1.000	ok
Refracted Pallid Entwined Mermaid	折射的苍白的纠缠人鱼	1	1	1.000	ok
Refracted Grasp	折射的掌	1	1	1.000	ok
Refracted Dreaming Electric Sheep	折射的梦中的电子羊	1	1	1.000	ok
Refracted Generator	折射的发电机	1	1	1.000	ok
Refracted Nelly	折射的耐莉	1	1	1.000	ok
Refracted Veteran Edgar Family Butler	折射的资深的埃德加家族管家	2	2	1.000	ok
Refracted Josephine	折射的约瑟芬	1	1	1.000	ok
Refracted Determined Kurokumo Henchman	折射的坚定的黑云会成员	1	1	1.000	ok
Refracted Tense Kurokumo Henchman	折射的紧张的黑云会成员	1	1	1.000	ok
Refracted Adept Kurokumo Henchwoman	折射的娴熟的黑云会成员	1	1	1.000	ok
Refracted Tired Kurokumo Henchwoman	折射的昏昏欲睡的黑云会成员	1	1	1.000	ok
Refracted Hurting Teddy Bear	折射的痛苦泰迪	1	1	1.000	ok
Refracted Rose Hunter	折射的玫瑰猎人	1	1	1.000	ok
Refracted Barbed Lasso	折射的荆棘套索	1	1	1.000	ok
The Refracted Priest	折射的神父	1	1	1.000	ok
Refracted Despairing Bloodbag	折射的绝望的血袋	1	1	1.000	ok
Refracted Disgraced Bloodbag	折射的堕落的血袋	1	1	1.000	ok
Refracted Downcast Veteran	折射的变本加厉的残兵	1	1	1.000	ok
Refracted Flower-burying Pin	折射的葬花针	1	1	1.000	ok
The Refracted Index Nursefather - Rien	折射的食指 父辈 - 里恩	2	2	1.000	ok
[Season 7] Nominable Egoshard Crate	[第7赛季]自我碎片自选箱	1	1	1.000	ok
Identity Takeoff Ticket - ver.3	人格跳跃成长券 - ver.3	2	2	1.000	ok
Nominable S3 Identity Ticket	第3赛季人格自选券	1	1	1.000	ok
Spinchains	解析锁链	1	1	1.000	ok
Kkomi's Gift	可米的礼物	1	1	1.000	ok
Sinnerlings' Chicken-scratch Farewells	字迹稚嫩的寄语	1	1	1.000	ok
[Season 3] Nominable Egoshard Crate	[第3赛季]自我碎片自选箱	2	2	1.000	ok
Nominable S2 Identity Ticket	第2赛季人格自选券	1	1	1.000	ok
Identity Takeoff Ticket - ver.2	人格跳跃成长券 - ver.2	2	2	1.000	ok
Starlight of Immortality	永生的星芒	1	1	1.000	ok
Takeoff Module - E.G.O Spinning [TETH]	跳跃成长模组 - E.G.O解析 [TETH]	2	2	1.000	ok
White Chrysanthemum	白色雏菊	1	1	1.000	ok
Indistinguishable Space	无法确定的空间	1	1	1.000	ok
The Forgotten	被遗忘者们	1	1	1.000	ok
Flat-broke Gamblers	身无分文的赌徒	1	1	1.000	ok
Automated Factory	自动工厂	1	1	1.000	ok
Tearful Things	落泪者们	1	1	1.000	ok
Lake World	湖的世界	1	1	1.000	ok
Crawling Abyss	伏行深渊	1	1	1.000	ok
Dregs of the Manor	宅邸的副产物	1	1	1.000	ok
Repressed Wrath	压抑的暴怒	1	1	1.000	ok
Unbound Wrath	解放的暴怒	1	1	1.000	ok
Emotional Repression	受情感压迫者	1	1	1.000	ok
Addicting Lust	沉迷的色欲	1	1	1.000	ok
Tangling Lust	束缚的色欲	1	1	1.000	ok
Emotional Seduction	因情感困惑者	1	1	1.000	ok
Treadwheel Sloth	空转的怠惰	1	1	1.000	ok
Inert Sloth	停滞的怠惰	1	1	1.000	ok
Emotional Indolence	待情感懒惰者	1	1	1.000	ok
Devoured Gluttony	吞噬的暴食	1	1	1.000	ok
Excessive Gluttony	漫溢的暴食	1	1	1.000	ok
Emotional Craving	对情感饥渴者	1	1	1.000	ok
Degraded Gloom	堕落的忧郁	1	1	1.000	ok
Sunk Gloom	沉溺的忧郁	1	1	1.000	ok
Emotional Flood	于情感沉溺者	1	1	1.000	ok
Vain Pride	虚张声势的傲慢	1	1	1.000	ok
Tyrannical Pride	自以为是的傲慢	1	1	1.000	ok
Emotional Subservience	向情感屈从者	1	1	1.000	ok
Insignificant Envy	寒微的嫉妒	1	1	1.000	ok
Pitiful Envy	凄惨的嫉妒	1	1	1.000	ok
Burning Haze	燃烧的摇曳	1	1	1.000	ok
Season of the Flame	盛火时节	1	1	1.000	ok
Trickled Sanguine Blood	渗出的赤血	1	1	1.000	ok
Dizzying Waves	缭乱的波动	1	1	1.000	ok
Crushing External Force	破坏性外力	1	1	1.000	ok
Sinking Pang	沉于苦痛	1	1	1.000	ok
Poised Breathing	循环呼吸	1	1	1.000	ok
Rising Power Supply	动力渐盈	1	1	1.000	ok
Four Houses and Greed	四大家族与欲念	1	1	1.000	ok
Efflorescing Greenery	绽放的绿林	1	1	1.000	ok
Bridle of Infinity	永劫的枷锁	1	1	1.000	ok
S.E.A. C.R	去·海·边·激·蟹	1	1	1.000	ok
Who Couldn't be Bloodfiends	无法成为血魔的人们	1	1	1.000	ok
Charm, Wander, Doubt	魅惑、彷徨、猜疑	1	1	1.000	ok
Bearers of Weight	身负重担者们	1	1	1.000	ok
Identity Acquired	已获得人格	1	1	1.000	ok
Identity Upgraded	人格升级完毕	1	1	1.000	ok
Will you continue exploration?	要继续探索吗？	1	1	1.000	ok
Daily Pass EXP Bonus	额外通行证经验	1	1	1.000	ok
Enter Mirror World	进入镜像世界	1	1	1.000	ok
Weekly Pass EXP Bonus	周常通行证经验加成	1	1	1.000	ok
Resume Simulation	继续模拟	1	1	1.000	ok
Halt Simulation	终止模拟	1	1	1.000	ok
◆ No Enkephalin Cost	◆ 不会消耗脑啡肽	1	1	1.000	ok
Enhancements Used	可进行人格升级的次数	1	1	1.000	ok
Exploration Complete	探索完成	1	1	1.000	ok
Total Progress	总进度	1	1	1.000	noise
Enter Normal Dungeon	进入普通难度	1	1	1.000	ok
stage's Starter Buffs first.	您需要先对上一阶段的增益	1	1	1.000	ok
Don't purchase.	不进行购买。	1	1	1.000	ok
Move to Shop	跳转到商店	1	1	1.000	ok
Choose the expensive tonic.	选择昂贵的滋养强壮剂。	1	1	1.000	ok
Choose the energy drinks.	选择能量饮料。	1	1	1.000	ok
Heal Sinner	<size=90%>治疗罪人</size>	2	1	0.500	suspect
Pay a moderate price.	付一笔合适的费用。	1	1	1.000	ok
Pay a large sum.	付一大笔费用。	1	1	1.000	ok
Pay a tremendous price.	付一笔极其昂贵的费用。	1	1	1.000	ok
Select Event Effect	选择事件效果	1	1	1.000	ok
Half a Step More	再进半步	1	1	1.000	ok
Focusing Vulnerabilities	弱点专注	1	1	1.000	ok
Glimpse of Earnestness	窥见决心	1	1	1.000	ok
Autogenic	自体再生	1	1	1.000	ok
Just One Pocket	多带一袋	1	1	1.000	ok
Fortuitous Find	偶然所得	1	1	1.000	ok
Distinct Pocket	再带一袋	1	1	1.000	ok
Solid Defense	固若金汤	2	1	0.500	suspect
Quick Legs	快步前行	1	1	1.000	ok
Fleet-footed	飞毛腿	1	1	1.000	ok
Grazing Attack	小小擦伤	1	1	1.000	ok
Thick Rumbling Hum	震音作响的空间	1	1	1.000	ok
Dense Quietness	一片寂静的空间	1	1	1.000	ok
E.G.O Gift Info	E.G.O饰品信息	1	1	1.000	ok
Choose the Sinner that looks tired.	选择看上去疲倦的罪人。	2	2	1.000	ok
Give Up Rewards	放弃奖励	1	1	1.000	ok
Cancel All Selected	取消全部所选	1	1	1.000	ok
Refuse Gift	拒绝饰品	1	1	1.000	ok
Continue without choosing an E.G.O Gift?	确定不选择E.G.O饰品，直接继续吗？	2	1	0.500	suspect
A Journey's Start	旅程伊始	1	1	1.000	ok
Fruits of Labor	劳动果实	1	1	1.000	ok
Worthy Prize	丰硕成果	1	1	1.000	ok
More the Better	多多益善	1	1	1.000	ok
Established Trust	稳固信任	1	1	1.000	ok
Fame and Feats	丰功伟绩	1	1	1.000	ok
Tier 3 Gift Appearance	出现3级饰品	1	1	1.000	ok
Gain +50 Starting Cost	获得50点初始经费	5	2	0.400	suspect
Introduce 3 new Gifts	追加出现3款饰品	1	1	1.000	ok
Cheaper Enhancement Cost	强化所需经费减少	1	1	1.000	ok
Gain more Cost from selling Gifts	售卖饰品可获得的经费增加	2	2	1.000	ok
Cheaper Gift Purchase Cost	购买饰品所需经费减少	1	1	1.000	ok
E.G.O Gift Selection +1	可选择E.G.O饰品数量+1	2	2	1.000	ok
Starting Cost +250	初始经费+250	2	2	1.000	ok
Enhance Gifts	<size=90%>强化饰品</size>	1	1	1.000	ok
Fuse Gifts	<size=90%>合成饰品</size>	1	1	1.000	ok
Sell Gifts	<size=90%>售卖饰品</size>	1	1	1.000	ok
Cannot Refresh	无法刷新	1	1	1.000	ok
Cleared Nodes	已通过节点数	1	1	1.000	ok
Starlight Nodes	星芒节点数	1	1	1.000	ok
Pass XP Reward	通行证经验值奖励	1	1	1.000	ok
No E.G.O Gifts owned.	暂未持有E.G.O饰品。	1	1	1.000	ok
Wish of Stars	星星的愿望	1	1	1.000	ok
Quick Edit	快速编辑	1	1	1.000	ok
Featured Boss	出现头目	1	1	1.000	ok
Enter Simulation	进入模拟难度	1	1	1.000	ok
Enter Ritornello	进入Ritornello难度	1	1	1.000	ok
Path of Stars	星之归路	1	1	1.000	ok
Eye of the Storm	暴风眼	2	1	0.500	suspect
Cascade of Levin	雷瀑	1	1	1.000	ok
Gathering Storm	聚集的风暴	1	1	1.000	ok
Tornado	龙卷风	1	1	1.000	ok
Faint Evenfall	朦胧暮色	1	1	1.000	ok
Black Polar Night	漆黑极夜	1	1	1.000	ok
Still Dawn	寂静黎明	1	1	1.000	ok
Wintry Daybreak	冰冷拂晓	1	1	1.000	ok
Nightless City	不夜城	1	1	1.000	ok
Sheepback Clouds	羊云	1	1	1.000	ok
Grand Sea of Clouds	浩浩云海	1	1	1.000	ok
Katabatic Wind	山风	1	1	1.000	ok
Fierce Gust	汹汹疾风	1	1	1.000	ok
Updraft	上升气流	1	1	1.000	ok
Night Rain	夜雨	1	1	1.000	ok
Feast of Lightning	落雷飨宴	1	1	1.000	ok
Impending Thunder	紧随的雷鸣	1	1	1.000	ok
Hazy Mist	浓厚迷雾	1	1	1.000	ok
Endless Current	无尽的对流	1	1	1.000	ok
Event Horizon	事件视界	1	1	1.000	ok
Milky Way	银河	1	1	1.000	ok
Impending Comet	逼近的彗星	1	1	1.000	ok
Number of Floor Theme Choices +1	[阶层主题]	2	2	1.000	ok
Combining Gifts with different Keywords	不同关键词的情况	2	2	1.000	ok
Tier 1 + Tier 1 => Tier 1	1级 + 1级 => 1级	2	2	1.000	ok
Tier 1 + Tier 1 => <color=#f8c200>Tier 2</color>	1级 + 1级 => <color=#f8c200>2级</color>	2	2	1.000	ok
Tier 1 + Tier 2 => Tier 1	1级 + 2级 => 1级	2	2	1.000	ok
Tier 1 + Tier 2 => <color=#f8c200>Tier 2</color>	1级 + 2级 => <color=#f8c200>2级</color>	2	2	1.000	ok
Tier 1 + Tier 1 + Tier 3 => Tier 2	1级 + 1级 + 3级 => 2级	2	2	1.000	ok
Tier 1 + Tier 2 + Tier 2 => Tier 2	1级 + 2级 + 2级 => 2级	2	2	1.000	ok
Tier 1 + Tier 3 + Tier 3 => Tier 3	1级 + 3级 + 3级 => 3级	2	2	1.000	ok
Tier 2 + Tier 2 + Tier 2 => Tier 3	2级 + 2级 + 2级 => 3级	3	2	0.667	weak
Tier 2 + Tier 2 + Tier 3 => Tier 3	2级 + 2级 + 3级 => 3级	1	1	1.000	ok
Tier 2 + Tier 2 + Tier 2 => Tier 3	2级 + 2级 + 3级 => 3级	3	1	0.333	suspect
Tier 3 + Tier 3 + Tier 3 => Tier 4	3级 + 3级 + 3级 => 4级	2	2	1.000	ok
Fusion Guide	合成指南	1	1	1.000	ok
By Tier	按等级排序	1	1	1.000	ok
By Keyword	按关键词排序	1	1	1.000	ok
Enhancement Cost Refunded	[返利礼券] 效果触发	1	1	1.000	ok
Select a Keyword.	请选择关键词。	1	1	1.000	ok
Fusion - Keyword Selection	合成 - 关键词选择	2	2	1.000	ok
Ingredient E.G.O Gift Tiers	作为合成材料的E.G.O饰品等级	1	1	1.000	ok
Encounter Reward Cards Guide	遭遇战奖励卡指南	1	1	1.000	ok
Mirror Dungeon Simulation	镜像迷宫 模拟	1	1	1.000	ok
Mirror Dungeon Ritornello	镜像迷宫 Ritornello	1	1	1.000	ok
Clear Effect Selection	重置效果选项	1	1	1.000	ok
Activated Effects	已生效的效果	1	1	1.000	ok
Trial Gained	苦难追加	1	1	1.000	ok
No Active Effects	未持有任何效果	1	1	1.000	ok
Grace of Star Clusters	群星之恩惠	1	1	1.000	ok
Revive Selected Sinner	复活所选罪人	1	1	1.000	ok
Revive All Sinners	复活全体罪人	1	1	1.000	ok
None Selected	未选中	1	1	1.000	noise
Moderately heal every Sinner.	全体罪人少量恢复。	1	1	1.000	ok
Revive a single Sinner.	复活一名罪人。	1	1	1.000	ok
Point Tally	点数统计	1	1	1.000	ok
10- Points	10点以下	1	1	1.000	ok
On Next Floor?	下一阶层	1	1	1.000	ok
Star of the Beginning	起始之星	1	1	1.000	ok
Cumulating Starcloud	层积星云	1	1	1.000	ok
Interstellar Travel	星际旅行	1	1	1.000	ok
Star-shower	倾落的流星雨	1	1	1.000	ok
Binary Star-shop	双星商店	1	1	1.000	ok
Moon Star-shop	卫星商店	1	1	1.000	ok
Favor of the Nebulae	星云的宠爱	1	1	1.000	ok
Starlight Guidance	星芒的引导	1	1	1.000	ok
Chance Comet	偶然的彗星	1	1	1.000	ok
Perfected Possibility	全面的可能性	1	1	1.000	ok
9- Points	9点以下	1	1	1.000	ok
10 ~ 14 Points	10~14点	1	1	1.000	ok
Exceeded purchasable Pass Level	超过可购买的通行证等级	1	1	1.000	ok
Pass Level maxed out	达到最大通行证等级	1	1	1.000	ok
Parallel Superposition Engaged	平行叠加模式已激活	1	1	1.000	ok
Cannot spend Starlight.	无法消耗星芒。	1	1	1.000	ok
Will be updated at a later date	将在后续更新中开放。	2	2	1.000	ok
Random Keyword Chance.	随机关键词概率。	1	1	1.000	noise
Under Construction	施工中	1	1	1.000	ok
Hard Pack Floors Cleared	已清剿的困难阶层数	1	1	1.000	ok
Parallel Superposition Floors Cleared	已清剿的平行叠加阶层数	1	1	1.000	ok
Refraction Railway Packs Cleared	已清剿的折射轨道主题卡包数	1	1	1.000	ok
Grace of the Immortal Star	永生之星的恩惠	2	2	1.000	ok
Convert Starlight to Cost	将星芒兑换为经费	1	1	1.000	ok
Loadout Bonus Mult.	编队加成倍率	1	1	1.000	ok
Pre-dungeon Reserve	已拥有量	1	1	1.000	ok
Net Amount	总拥有量	1	1	1.000	ok
Grace of Stars Purchased	购买星之恩惠	1	1	1.000	ok
Exploration Score Details	探索点数详情	1	1	1.000	ok
Loadout Starlight Bonus Mult.	编队星芒加成倍率	1	1	1.000	ok
Sum Expenditure	总消耗量	1	1	1.000	ok
Adversity Rewards	制约奖励	1	1	1.000	ok
Mirror of Immortality Projection	永生之镜 投影	1	1	1.000	ok
Adversity Bonus Mult.	制约加成倍率	1	1	1.000	ok
Weekly Cap Reached	达到每周上限	1	1	1.000	ok
Selected Trials	选择苦难	1	1	1.000	noise
Cumulative Adversity Score	累计制约点数	1	1	1.000	ok
Current Area	当前探索区域	1	1	1.000	noise
Auto-Restore MD Deployment Order	自动恢复镜像迷宫编队顺序	1	1	1.000	ok
Adversity - EXTREME	制约-极限模式	2	2	1.000	ok
E.G.O Gift Refresh	E.G.O饰品刷新	1	1	1.000	ok
Skills Owned	当前持有技能	1	1	1.000	ok
Grace of the Star of Names and Spiders	名与蛛的星之恩惠	2	2	1.000	ok
Select All Graces	选择全部恩惠	1	1	1.000	ok
Enhance All	全部强化	4	1	0.250	suspect
Heal again.	额外恢复。	1	1	1.000	ok
Featured Floors	出现阶层	1	1	1.000	ok
No Theme Packs unlocked.	没有已解锁的主题卡包。	1	1	1.000	ok
No Theme Packs selected.	没有已选择的主题卡包。	1	1	1.000	ok
Too Grave a Sin	那罪孽太深重了	1	1	1.000	ok
Familial Love	亲情	1	1	1.000	ok
Location-type Distortion: Photo Lab	场所型扭曲：显影室	2	2	1.000	ok
Swordplay of the Homeland [Sal] - Great Hwando	本国剑术[肉]-大环刀	2	2	1.000	ok
Dujeong Brigandine [Sal] - Iron Bulwark	布面甲[肉]-铁壁	2	2	1.000	ok
Swordplay of the Homeland [Sal] - Rend Flesh from Flesh	本国剑术[肉]-斩肉[Sal]于箭[Sal]	2	2	1.000	ok
Dujeong Brigandine [Sal] - Great Mountain	布面甲[肉]-泰山	2	2	1.000	ok
The Thumb's Officer, Capo IIII	拇指干部 指挥官IIII	2	2	1.000	ok
Measured Clashes	迎合交锋	1	1	1.000	ok
Suppressed Movements	抑制行动	1	1	1.000	ok
Strider [Mao]	脚力[卯]	2	2	1.000	ok
Vigor [Mao]	气势[卯]	2	2	1.000	ok
Dominator [Mao]	压制[卯]	2	2	1.000	ok
Corpse Cleanup	清理尸体	1	1	1.000	ok
Infowmashun Weway	心息团递	1	1	1.000	ok
Infowmashun Newtwawiwashun	心息灰总	1	1	1.000	ok
Anawytic Ewe	分西	1	1	1.000	ok
Keen Obsewashun	观擦	1	1	1.000	ok
Wicheous Retwibyushun	正一层界	1	1	1.000	ok
Indiscwiminate Awt	万班歇艺	1	1	1.000	ok
Hustlwe	吹波护澜	1	1	1.000	ok
Backap	掩付	1	1	1.000	ok
Entewtainment	玩是护恭	1	1	1.000	ok
Fwivowous Jokes	胡心寄言	1	1	1.000	ok
Reshenshimen	胡名怨愤	1	1	1.000	ok
Spite-dwiven	意系用似	1	1	1.000	ok
Las-ditch Stwuggle	坠后一波	1	1	1.000	ok
Detewminashun to Suwiwe	生村决意	1	1	1.000	ok
Spwit Ewil	短饿	1	1	1.000	ok
Gamblwr	土徒	1	1	1.000	ok
Gwudge	护仇决意	1	1	1.000	ok
Executewor	鼠决	1	1	1.000	ok
Miwitawy Minset	勋人星神	1	1	1.000	ok
Fowced Suwival	求死户得	1	1	1.000	ok
Jean Cod G-0	稀因编码G-0	1	1	1.000	ok
Deep Slash	深斩	1	1	1.000	ok
Information Relay	信息传递	2	1	0.500	suspect
Righteous Retribution	正义惩戒	1	1	1.000	ok
Quick Recharge	快速充能	1	1	1.000	ok
Indiscriminate Art	万般皆艺	1	1	1.000	ok
C. I. H.	刀·断	1	1	1.000	ok
Last-ditch Struggle	最后一搏	1	1	1.000	noise
Eye for Weakness	弱点识破	1	1	1.000	ok
Split Evil	断恶	1	1	1.000	ok
Forced Survival	求死不得	1	1	1.000	ok
Emergency Rations	应急食粮	1	1	1.000	ok
Information Neutralization	信息汇总	1	1	1.000	ok
Ice Breaker	破局者	1	1	1.000	ok
Muscle in Charge	行动队长	1	1	1.000	ok
Friction Point	砺火燃薪	1	1	1.000	ok
Frivolous Jokes	无心戏言	1	1	1.000	ok
Syndicate Payback	帮派清算	1	1	1.000	ok
Self-neglect	不顾己身	1	0	0.000	noise
Determination to Survive	生存决意	1	1	1.000	ok
By the Manual	照章办事	1	1	1.000	ok
Dark Cloud Swordsmanship	黑云剑术	1	1	1.000	ok
Bloodied Hands	血染双手	1	1	1.000	ok
Jugar con Enemigos	戏敌为乐	1	1	1.000	ok
Double Tap	补刀	1	1	1.000	ok
Gene Code G-0	基因编码G-0	1	1	1.000	ok
Rushing Heart	疾驰之心	1	1	1.000	ok
Gene Code G-3	基因编码G-3	1	1	1.000	ok
Obsessive Hammer	执念之锤	1	1	1.000	ok
Rising Faith	信仰的满足	1	1	1.000	ok
Relay Intelligence	情报共享	1	1	1.000	ok
Artistic Flavor	艺术风味	1	1	1.000	ok
Packed Pies	打包肉派	1	1	1.000	ok
Culinary Aid	协助烹饪	1	1	1.000	ok
Hammer of Zealotry	盲目之锤	1	1	1.000	ok
Resonant Spanner	共振扳手	1	1	1.000	ok
Chronic Fatigue	慢性疲劳	1	1	1.000	ok
Leave by Suggestion	劝告休假	1	1	1.000	ok
Rain of Tears	泪雨	1	1	1.000	ok
Sawblade Fired Up	启动锯刃	1	1	1.000	ok
Sawblade Maintenance	保养锯刃	1	1	1.000	ok
Pungent Spring Breeze	刺鼻春风	1	1	1.000	ok
Corrosive Slime	黏液腐蚀	1	1	1.000	ok
Regeneration Ampule Activation	激活再生安瓿	1	1	1.000	ok
High-grade Ampule	高浓度安瓿	1	1	1.000	ok
Unfixing Talismans	符咒剥离	1	1	1.000	ok
Wishing Talisman	祈愿符	1	1	1.000	ok
Activate rrR-#4 Suit Pressurization	rrR-#4装甲增压运作	2	2	1.000	ok
Defensive Breathing	守势呼吸	1	1	1.000	ok
A Noble Duel	崇高决斗	1	1	1.000	ok
Crushin' Crabs	粉碎螃蟹	1	1	1.000	ok
Unstable Power Output	不稳定功率	1	1	1.000	ok
Modified Power Output	功率改造	1	1	1.000	ok
Combat Shield	战斗盾牌	1	1	1.000	ok
Protection Request Received	受理保护委托	2	1	0.500	suspect
Dimensional Refraction Edge - Type: Blade Mk7	次元折射刃- Type: Blade Mk7	2	2	1.000	ok
Train Cleanup Manual	传递列车清扫手册	1	1	1.000	ok
Before the Tea Cools...	在茶冷掉之前…	1	1	1.000	ok
In Times Like These...	越战越勇…	1	0	0.000	noise
Drinking Boast	英勇事迹	1	1	1.000	ok
Incandescent Enlightenment	开悟之光	1	1	1.000	ok
Missionary of Knowledge	传道使命	1	1	1.000	ok
Mass-produced Bionic Gear	量产型活体装备	1	1	1.000	ok
Cleanup Demonstration	清扫示范培训	1	1	1.000	ok
Favoritism	偏袒	2	1	0.500	suspect
The First Mate's Harpoon	大副的鱼叉	1	1	1.000	noise
The First Mate's Acumen	大副的本领	1	1	1.000	noise
Lingering Bladepoint	缠绵剑锋	1	1	1.000	ok
Passionate Cheer	热烈鼓舞	1	1	1.000	ok
Verify Obligation Fulfillment	确认义务履行	1	1	1.000	ok
Stigma Workshop Weaponry / Passion	烙印工造/激情	2	2	1.000	ok
Flaring Brand	炽热之刃	1	1	1.000	ok
N.O.	镇·支	5	1	0.200	suspect
The A.I.	助·感	1	1	1.000	ok
In the Culprit's Shoes	如果我是犯人的话…？	1	1	1.000	ok
T Corp. Martial Arts	T公司式格斗术	1	1	1.000	ok
Study Hall	自习指示	1	1	1.000	ok
Diligent Learning	勤勉学习	1	1	1.000	ok
Charging Module Installation	充能模块安装	1	1	1.000	ok
Endless Lamentation	无尽悲叹	1	1	1.000	ok
Spiderhead/Skullface	蜘蛛头/骷髅头	2	2	1.000	ok
E.G.O Assimilation	E.G.O 同化	1	1	1.000	ok
Eat and Sleep	吃完就快睡	1	1	1.000	ok
Hand of Salvation	救赎之手	1	1	1.000	ok
Outstanding Courier	优秀派送员	1	1	1.000	ok
Begin Protection Mission	开始保护任务	1	1	1.000	ok
Contract Target Protection	保护委托对象	1	1	1.000	ok
WRONG COSTUME!!!	不是那件！！！	2	2	1.000	ok
Don Quixote Hardblood Arts 6: Whip	堂吉诃德派硬血6式鞭	2	2	1.000	ok
Speedy Courier	高速派送员	1	1	1.000	ok
Suppressing Fire	压制射击	1	1	1.000	ok
Spotter	观察手	1	1	1.000	ok
Flame Moth	火蛾	1	1	1.000	ok
Residual Heat	余热	1	1	1.000	ok
Cloud Workshop Blade	云工坊之刃	1	1	1.000	ok
I'm the only survivor...	只有我活下来了…	1	1	1.000	ok
Partial Heishou Mutation Training	部分黑兽化修炼	1	1	1.000	ok
A Husk of Hares	成群之兔	2	1	0.500	suspect
Heishou Mutation [Si]	黑兽化[巳]	2	2	1.000	ok
Intravascular Venom	血中游毒	1	1	1.000	ok
Volatilized Memory	挥发的回忆	1	1	1.000	ok
Magical Girl of Love / Queen of Hatred	爱之魔法少女/憎恶皇后	2	2	1.000	ok
Magical Power Charging Support	魔力充能支援	1	1	1.000	ok
Magical Girl of Justice / Knight of Despair	正义之魔法少女/绝望骑士	2	2	1.000	ok
For All Those Who Despair...	为所有绝望之人…	2	2	1.000	ok
Let's Get Battle-drunk	沉醉于战斗中吧	1	1	1.000	ok
Adept Vanguard	魁首先锋	1	1	1.000	ok
@#$'s Hand I Let Slip	未能握住的@#$之手	2	2	1.000	ok
Grasp that Forbids Falling	为不被打倒而紧握之掌	1	1	1.000	ok
It flows and cries	那在流动、彻响	1	1	1.000	ok
Aiming for the Bullseye	一箭入魂	1	1	1.000	ok
Defence-Oriented Charge	防御性充能	1	1	1.000	ok
'Bloodied, Masked, and as Blood Commands'	“披上鲜血、戴上面具，听从血液的驱使吧”	2	2	1.000	ok
Flood the Chalice	杯中满溢	1	1	1.000	ok
Stacking the Deck	抽洗控牌	1	1	1.000	ok
Painless Mercy	无痛的慈悲	1	1	1.000	ok
Aim for the Gap	乘隙瞄准	1	1	1.000	ok
Bloody Storm of Blades	互搏血斗	1	1	1.000	ok
Flame Rooster's Death Defiance [炎鳥不死戰]	炎鸟不死战	1	1	1.000	ok
Flesh-Rending Horn Growth	破肉而生之角	1	1	1.000	ok
Carol of Dying Comrades	于颂歌声中，死去的同伴们	1	1	1.000	ok
The Scepter of Horus - Replica	荷鲁斯之杖-仿制	2	2	1.000	ok
Eagle Eye	苍鹰之眼	1	1	1.000	ok
Prescript Delivered on Paper Slips	由纸条所传达的指令	2	2	1.000	ok
The Middle Never Forgets, Y'know?	中指可是永不遗忘的	2	2	1.000	ok
Grace of God	神的加护	1	1	1.000	ok
A Void that Cannot be Filled	无法填满的空虚	2	2	1.000	ok
Spring's Genesis	春之诞	1	1	1.000	ok
Alternating Discharge Support	交流放电支援	1	1	1.000	ok
Take the Lead. I'll Provide You Support.	带路吧。我会支援你的。	2	2	1.000	ok
Armor of Protection and Repression	保护与抑制用甲胄	1	1	1.000	ok
Iron Maiden - Spikes	铁处女-棘	2	2	1.000	ok
Impastoed Scar	反复叠涂的疤痕	1	1	1.000	ok
Vengeance Tattoo Resonance	仇怨纹身共鸣	1	1	1.000	ok
Thanks... Kiddo.	闺女…谢了。	1	1	1.000	ok
Spiteful Pursuit	受执念驱使的追击	1	1	1.000	ok
Saikai [再会] - The Thumb	再会-拇指	2	2	1.000	ok
In One-on-one Duels...	如果是一对一决斗…	1	1	1.000	ok
Weaklings, Not Worth Shit	一帮废物	1	1	1.000	ok
Morgenfeuer [Stigma Workshop]	晨炎[烙印工坊]	2	2	1.000	ok
Stigma Workshop Prosthesis	烙印工坊的义体	1	1	1.000	ok
Heatproof Coat	隔热大衣	1	1	1.000	ok
Feuerfalter [Stigma Workshop]	炎蝶[烙印工坊]	2	2	1.000	ok
The Lone Fixer	孤独的收尾人	1	1	1.000	ok
VelocityAndCoordinatesAndVelocity	速度YU坐标YU速度	1	1	1.000	ok
LetManOutrunEvenTheRayOfLight	人啊，逃DE比光GENG快吧	1	1	1.000	ok
A Duel Witnessed	受公证的决斗	1	1	1.000	ok
Clouded Mind	浑浊的精神	1	1	1.000	ok
Muddled Orders	模糊命令	1	1	1.000	ok
Coldhearted Decision	冷酷的决断	1	1	1.000	ok
Pip's Sin and Innocence	比普的罪与清白	1	1	1.000	ok
Starbuck's Fears	斯达巴克的恐惧	1	1	1.000	ok
Queequeg's Atonement	魁魁格的忏悔	1	1	1.000	ok
Price of Nobility	崇高的代价	1	1	1.000	ok
Endless Insecurity	无尽的自卑感	1	1	1.000	ok
Directed Wrath	被指引的暴怒	1	1	1.000	ok
Sin Nullification	罪孽抵抗	1	1	1.000	ok
Proliferating Flame	火焰转移	1	1	1.000	ok
Chaotic Hunt	纠缠的狩猎	1	1	1.000	ok
Humanity Abandoned	抛弃的人性	1	1	1.000	ok
Release From Binds	捆缚解除	1	1	1.000	ok
Spreading Emotions	蔓延的情感	1	1	1.000	ok
Amalgamated Resentment	凝聚的怨恨	1	1	1.000	ok
Continuing Revenge	无尽的复仇	1	1	1.000	ok
A Distant Identity	另一个人格	1	1	1.000	ok
Cold Body	冰冷的躯体	1	1	1.000	ok
A Shaky Ego	摇摇欲坠的自我	1	1	1.000	ok
Misery-severing Hand	斩断不幸之手	1	1	1.000	ok
Moment of Vengeance	复仇之时	1	1	1.000	ok
Casual Opportunity	从容的机会	1	1	1.000	ok
Leisurely Breathing	轻松地调整呼吸	1	1	1.000	ok
Hardblood Scissor	硬血剪刀	1	1	1.000	ok
Bloodsteeped Scissors	带血的剪刀	1	1	1.000	ok
Eternal Parade of Happiness	永远的幸福游行	1	1	1.000	ok
This isn't how it ends	不能就这样结束	1	1	1.000	ok
A Close Match	惊险的比试	1	1	1.000	ok
Unctio Extrema	终油圣礼	1	1	1.000	ok
Sacramentum Paenitentiae	忏悔圣礼	1	1	1.000	ok
The Once-loved Ones	曾所爱之人	1	1	1.000	ok
Please Don't be Sick	愿不再疼痛	1	1	1.000	ok
A Single Strangling Flower	束缚的一朵	1	1	1.000	ok
Bramble Steed	藤蔓缠绕的马	1	1	1.000	ok
Interlocking Brambles	纠缠的棘蔓	1	1	1.000	ok
An Unfamiliar Banquet	陌生的晚宴	1	1	1.000	ok
Reminders of Determination	咬紧牙关的意志	1	1	1.000	ok
Hardblood Wedge Gaol	硬血楔禁锢	1	1	1.000	ok
Internal Blood Crystallization	从内部开始结晶的血	1	1	1.000	ok
Total Blood Coagulation	所有凝固的血	1	1	1.000	noise
The adventure ends here.	冒险在此结束。	1	1	1.000	ok
Jia Qiu's Test	贾丘的试炼	1	1	1.000	ok
Effloresced E.G.O::Érlì	绽放E.G.O::而立	2	2	1.000	ok
Infinite Song of Erudition	弦歌不辍	1	1	1.000	ok
Unleashed Curse	被解放的诅咒	1	1	1.000	ok
Returning the Pain	偿还痛苦	1	1	1.000	ok
Rupture by Feathers	羽之破裂伤	1	1	1.000	ok
Deploy Lightning Shield	电击刀 护盾展开	1	1	1.000	ok
That's how you use your human resources	这便是人尽其用	2	2	1.000	ok
E.G.O Temporary Max Attunement	E.G.O瞬间感应度 最大化	1	1	1.000	ok
Better avert your gazes	可不能只盯上我啊	1	1	1.000	ok
Knowledge of Immortality	不老不死的知识	1	1	1.000	ok
Santata's Guffaw	桑塔塔的笑声	1	1	1.000	ok
Armor of Protection & Repression	保护与抑制用甲胄	1	1	1.000	ok
Corpus Spent as Material	已作为材料使用的肉体	1	1	1.000	ok
Training to Inherit the Name of a Star	为承星名之修行	2	2	1.000	ok
Unsheathing Dihui Star's Blade	地慧星刀 拔刀	1	1	1.000	ok
Supply Resources	支援补给	1	1	1.000	ok
Annihilation Form	抹杀姿态	1	1	1.000	ok
Corpus-centric Art	以人体为中心的艺术	1	1	1.000	ok
Ingredient Harvest	收获材料	1	1	1.000	ok
Escape from the Art	从艺术中生还	1	1	1.000	ok
Flammable Material	可燃性素材	1	1	1.000	ok
With this Artwork, I will Prove Myself before the Maestro	我会在大师面前，用作品证明自己	2	2	1.000	ok
Vengeance Tattoos Max Output... Unseal Lævateinn!	仇怨纹身最大输出…莱瓦汀封印解除！	2	2	1.000	ok
Praise is the Wind in Her Sail	给她个好脸就上天	2	2	1.000	ok
I'm pretty sure the Middle never forgets	我说过，中指绝对会如数奉还	2	2	1.000	ok
Crumbling Form	摇摇欲坠的姿势	1	1	1.000	ok
Lucio, you useless little shit!	卢西奥，你这没用的废物	2	2	1.000	ok
Ingredient Selection	材料选定	1	1	1.000	ok
Afterimage of the Future	未来的残像	1	1	1.000	ok
From Dawn till Dusk	自夜明直至黄昏	1	1	1.000	ok
The Emperor's Subjects	皇帝的臣民	1	1	1.000	ok
The Emperor's Mantle	皇帝的披风	1	1	1.000	ok
The Emperor's Blood	皇帝之血	1	1	1.000	ok
The Unwrapped Present	撕开的包装纸	1	1	1.000	ok
The Emperor's Wrath	皇帝的震怒	1	1	1.000	ok
I'll scrape every filthy scale off your skin...	将肮脏的鳞片踏至一片不留…	1	1	1.000	ok
Sparring Complete	切磋结束	1	1	1.000	ok
Reversed Circuitry	电路反转	1	1	1.000	ok
Slightly Relieved Burdens	负荷稍降	1	1	1.000	ok
Rule by Fear	恐怖统治	1	1	1.000	ok
Twisted Determination	扭曲的意志	1	1	1.000	ok
Arranged Information	整理完毕的情报	1	1	1.000	ok
Firm Nailing	坚固钉击	1	1	1.000	ok
From Memory to Record	从记忆到记录	1	1	1.000	ok
Nightmare of La Manchaland	拉·曼却领的噩梦	1	1	1.000	ok
Sanguivore - Coagulation	血食-硬化	2	2	1.000	ok
Prosthesis Model - L37	义体型号- L37	2	2	1.000	ok
Must Retain Blood	血液不可耗尽	1	1	1.000	ok
The Prince's Frenzy	王子的反抗	1	1	1.000	ok
Rough Bloodsucking	贪婪吸血	1	1	1.000	ok
Power Leakage	漏电	1	1	1.000	ok
Blood to Brain	血液供脑	1	1	1.000	ok
A Young Kindred	年幼的眷属	1	1	1.000	ok
Burst Bloodbag	爆裂的血袋	1	1	1.000	ok
I'm Stuffed	我吃不下了	1	1	1.000	ok
Got Candy?	有糖果吗？	2	2	1.000	ok
Let the Blood Festival Flow	血祭开幕	2	2	1.000	ok
Let the Fire Festival Ignite	火祭开幕	2	2	1.000	ok
Let the Star Festival Fall	星祭开幕	2	2	1.000	ok
SplishSplashSplish	拍拍拍	1	1	1.000	ok
Authority Unbroken	维持威信	1	1	1.000	ok
Overlook of All-life	俯视苍生	1	1	1.000	ok
Adversary of the Tides	猎潮者	1	1	1.000	ok
Rage Against the Waves	大潮的愤怒	1	1	1.000	ok
Galloping Rocinante	疾行的罗辛南特	1	1	1.000	ok
The Knight's Delusion	骑士的妄念	1	1	1.000	ok
Ego of Responsibility	责任的自我	1	1	1.000	ok
Adrift Compassion	漂流的善意	1	1	1.000	ok
Coaxing Kins	劝诱同族	1	1	1.000	ok
Cell Membrane	细胞膜	2	1	0.500	suspect
Rescued Time	救援的时间	1	1	1.000	ok
Accelerated Regeneration	加速再生修复	1	1	1.000	ok
Everyone's Time	所有人的时间	1	1	1.000	ok
Equal Expense	公平的支出	1	1	1.000	ok
For the Time Community	为了时间共同体	1	1	1.000	ok
Casque de Fauve - Empreinte Vitale	寄宿着人生的兽面	2	2	1.000	ok
Le Fauvisme - Masque de Loup : Résurgence de la Sauvagerie	野兽派-狼面：觉醒的野性	2	2	1.000	ok
Le Fauvisme - Maximum Paint Tolerance Dose	野兽派-颜料注入极限值	2	2	1.000	ok
Remnant of Art	艺术的痕迹	1	1	1.000	ok
BLACK Damage	侵蚀伤害	1	1	1.000	ok
River of Helpless Tears	流下无力之泪	1	1	1.000	ok
Tailored for the Palate	直击味蕾	1	1	1.000	ok
The Secret of Taste	味道的秘密	1	1	1.000	ok
Lasting Ordeal	接连不断的考验	1	1	1.000	ok
Fragile Orange Bubble	脆弱的橙子气泡	1	1	1.000	ok
Food Production	食品生产	1	1	1.000	ok
Dignity of the B.E.	凤·皇的威严	1	1	1.000	ok
It was All... for the Kids.	都是为了孩子们	2	2	1.000	ok
NOT FOR DISPLAY1	如果它出现了就是bug1	1	1	1.000	ok
NOT FOR DISPLAY2	如果它出现了就是bug2	1	1	1.000	ok
Cracked Gold	碎裂的黄金	1	1	1.000	ok
Frail Core	中枢毁坏	1	1	1.000	ok
Rotting Apple	腐烂的苹果	1	1	1.000	ok
Wavering Desires	摇晃的欲望	1	1	1.000	ok
Ensnaring Desires	束缚的欲望	1	1	1.000	ok
Shuddering Terror	深入肌肤的恐惧	1	1	1.000	ok
You Must Accept the Pain!	接受痛苦吧！	3	1	0.333	suspect
Bliss of Execution	处刑的欢愉	1	1	1.000	ok
Inconsolable Sorrow	无法自拔的悲伤	1	1	1.000	ok
Downed by the Horns	完全无力化	1	1	1.000	ok
Motioning Nerves	活动的神经	1	1	1.000	ok
Perilous Mind	岌岌可危的精神	1	1	1.000	ok
Walled Heart	封闭的心	1	1	1.000	ok
Flowering Mind	盛开的内心	1	1	1.000	ok
Cost of Blooming	开花的代价	1	1	1.000	ok
Growing Flower	茁壮成长的花	1	1	1.000	ok
Self Salvation	自我救赎	1	1	1.000	ok
Price of Neglect	背道而驰的代价	1	1	1.000	ok
Inefficient Judgement	低效的判断	1	1	1.000	ok
Exhausting Endeavor	体力耗尽	1	1	1.000	ok
Exposed Base	露出的根系	1	1	1.000	ok
Spare Lure	额外的饵料	1	1	1.000	ok
Discovered Weakness	暴露的弱点	1	1	1.000	ok
Connected Weakness	相连的弱点	1	1	1.000	ok
Torn Arm	被撕裂的手臂	2	1	0.500	suspect
Invitation to a Meal	就餐邀请	1	1	1.000	ok
The Queen's Defenders	女王护卫	1	1	1.000	ok
Ferocious Acidic Crust	凶恶的酸性甲壳	1	1	1.000	ok
Stolen Rupturing Shell	偷来的破裂外壳	1	1	1.000	ok
Looming Presence	巨物尊容	1	1	1.000	ok
Gloomy Noises	忧郁之声	1	1	1.000	ok
Septic Weakness	溃烂的弱点	1	1	1.000	ok
Damage Detected!	检测到破损！	2	2	1.000	ok
Refracted Burn and Rupture	折射的烧伤与破裂	1	1	1.000	ok
Apply Refracted Tremor	施加折射的震颤	1	1	1.000	ok
One-sided Desire	单方面的欲望	1	1	1.000	ok
Yellow Rose 2	黄色玫瑰2	1	1	1.000	ok
Yellow Rose 4	黄色玫瑰4	1	1	1.000	ok
Green Rose 2	绿色玫瑰2	1	1	1.000	ok
Green Rose 4	绿色玫瑰4	1	1	1.000	ok
Blue Rose 3	蓝色玫瑰3	1	1	1.000	ok
Blue Rose 5	蓝色玫瑰5	1	1	1.000	ok
Azure Rose 3	靛色玫瑰3	1	1	1.000	ok
Azure Rose 5	靛色玫瑰5	1	1	1.000	ok
Purple Rose 3	紫色玫瑰3	1	1	1.000	ok
Purple Rose 5	紫色玫瑰5	1	1	1.000	ok
Binding Roots	纠缠的根	1	1	1.000	ok
Flowering Gossypium	盛开的棉花	1	1	1.000	ok
Contempt and Gaze	轻蔑与视线	1	1	1.000	ok
Crushing Grasp	粉碎之掌	1	1	1.000	ok
Compounded Contempt	附加的轻蔑	1	1	1.000	ok
Penetrated Gaze	贯穿的视线	1	1	1.000	ok
Portrait Afterimage Sighting	目击肖像残影	1	1	1.000	ok
Throwing Out the Interloper	赶走不速之客	1	1	1.000	ok
Interloper Hunt	狩猎不速之客	1	1	1.000	ok
A Familiar Connector	熟悉的插头	1	1	1.000	ok
Overcurrent	过流	1	1	1.000	ok
Detached Anti-Ovine Grounding Plug	断开的对羊接地插头	1	1	1.000	ok
Safety Plug	安全插头	1	1	1.000	ok
Prelude of the Banquet	宴会开幕	1	1	1.000	ok
Closing of the Banquet	宴会闭幕	1	1	1.000	ok
Snapping Bandages	崩裂的绷带	1	1	1.000	ok
Retainer of the King in Binds	受缚之王的仆从	1	1	1.000	ok
Refracted Struggle	折射的挣扎	1	1	1.000	ok
Summon Targets	召唤靶子	1	1	1.000	ok
Oxygen Supply	氧气供给	1	1	1.000	ok
Oxygen-saturated	氧气饱和状态	1	1	1.000	ok
Shattered Ribcage	肋骨破坏	1	1	1.000	ok
Ribcage Regeneration	肋骨再生	1	1	1.000	ok
Excruciating Suffering	断绝痛苦	1	1	1.000	ok
Indulgent Petals	沉溺的花瓣	1	1	1.000	ok
Bloodthirsty Stench	残酷的血香	1	1	1.000	ok
Refracted Sin	折射的罪孽	7	1	0.143	suspect
Endless Thirst	无尽的饥渴	1	1	1.000	ok
Endless Yearning	无尽的渴望	1	1	1.000	ok
Increased Refraction Rate	折射率提升	1	1	1.000	ok
Designated Execution	指定射杀	1	1	1.000	ok
First Strike Wins	先手必胜	1	1	1.000	noise
Time of Forging	锻造的岁月	1	1	1.000	ok
Erosion of Kalpas	永劫的侵蚀	1	1	1.000	ok
Moment of Entangled Lives	罗生之时	1	1	1.000	ok
Life Hanging on a Wedge [一櫼之命]	一楔之命	2	2	1.000	ok
The Unreachable Heavens	不可升入之天	1	1	1.000	ok
Broken Scale	损坏的鳞	1	1	1.000	ok
Broken Skull	受损的头	1	1	1.000	ok
Dragon's Vein [龍脈]	龙脉	1	1	1.000	ok
The Dragon's Bleeding Vein	流溢的龙脉	1	1	1.000	ok
Lofty Energy	孤高的精气	1	1	1.000	ok
Refracted Egress	折射的出口	1	1	1.000	ok
Return to Origin [物歸原主]	物归原主	1	1	1.000	ok
No More Playtime	已然结束的游戏	1	1	1.000	ok
Attachment Plushie	依恋的玩偶	1	1	1.000	ok
Widening Knowledge	拓展的知识	1	1	1.000	ok
How to Survive	生存之法	1	1	1.000	ok
Apathetic Response	无感情地回应	1	1	1.000	ok
POW Torture Technique	战俘拷问技术	1	1	1.000	ok
The Reassuring Heart	安抚他人的心	1	1	1.000	ok
God of Gamblers	赌神	1	1	1.000	ok
Aiding Stab	援助刺击	1	1	1.000	ok
Siphoning Fulfillment	呼吸协调	1	1	1.000	ok
The Yellow Harpoon (named by: Ezra)	蜜黄标枪(命名者：以斯拉)	2	2	1.000	ok
E.G.O Resonance Boost	E.G.O共鸣度 增加	1	1	1.000	ok
Dimensional Bag [Ezra]	次元包[以斯拉]	2	2	1.000	ok
Dismantle Prosthesis	义体解体	1	1	1.000	ok
Withstand the Smoke	烟霾耐性	1	1	1.000	ok
In the end, I'm... just like the others?	我也…最终还是和其他人一样吗？	2	2	1.000	ok
Ba Jiao Banana Bolus	芭蕉丹丸	1	1	1.000	ok
Easy Breathing	轻松喘息	1	1	1.000	ok
Two Sides Of a Coin	硬币的两面	2	2	1.000	ok
Ineffable Shape	难以言表的形状	1	1	1.000	ok
Crashing Filth	袭来的否定	1	1	1.000	ok
Healing Resentment	治愈心结	1	1	1.000	ok
Cumulating Organic Material	堆积有机物	1	1	1.000	ok
Disintegrating Inorganic Material	分解无机材料	1	1	1.000	ok
Intertwined Organic Material	纠缠的有机物	1	1	1.000	ok
Scattered Inorganic Material	被破坏的无机材料	1	1	1.000	ok
Organic Breathing	有机呼吸	1	1	1.000	ok
Organic Hardening	有机硬化	1	1	1.000	ok
Little Vengeance	些许仇怨	1	1	1.000	ok
Suppressed Pallidification	被抑制的苍白化	1	1	1.000	ok
Crashing Pallidification	崩溃的苍白化	1	1	1.000	ok
I'll Clean You Up...	好好收拾干净…	1	1	1.000	ok
Lenient Rule Fulfillment	散漫的执行	1	1	1.000	ok
Natural Style	本色	1	1	1.000	ok
Threa...	威…	1	1	1.000	ok
Opp... tta	机…了	1	1	1.000	ok
Tou...	砰…	1	0	0.000	noise
Dir...	被指…	1	1	1.000	ok
Pred...	捕…	1	1	1.000	ok
Aggressive Hunting Techniques	激进的狩猎技巧	1	1	1.000	ok
Anti-Bloodfiend Hammer	对血魔专用锤	1	1	1.000	ok
Weakling Mark	弱者印记	1	1	1.000	ok
Clumsy Bloodsucking	生疏的吸血	1	1	1.000	ok
Festive Mood	庆典的氛围	1	1	1.000	ok
Festive Sounds	庆典的声音	1	1	1.000	ok
Easy Money	轻松的任务	1	1	1.000	ok
Upgradable Training Dummy	升级的训练用木人桩	1	1	1.000	ok
Remember the Basics	巩固基本功	1	1	1.000	ok
Cursed Spirit Jar	咒鬼之瓮	1	1	1.000	ok
Rival Candidate	对家主候选人的牵制	2	1	0.500	suspect
Charge Circuitry Activation	充能回路发动	1	1	1.000	ok
Severe Overload	残酷的过载	1	1	1.000	ok
Proliferating Misfortune	转移不祥	1	1	1.000	ok
Skilled Talisman Sorcerer	杰出的符术士	1	1	1.000	ok
Soul Siphon Technique	吸魂疗法	1	1	1.000	ok
Regola Infranta	混乱的纪律	1	1	1.000	ok
Tasty Flesh	鲜美血肉	1	1	1.000	ok
Mine-omes	是我的那份诺姆	1	1	1.000	ok
The Ring Nursefather's Artwork	环指父辈的作品	2	1	0.500	suspect
Bonebound Knot	束缚骨骼的结	1	1	1.000	ok
I Spy an Opportunity	时机洞察	1	1	1.000	ok
Snake Deathvenom	极蛇毒	1	1	1.000	ok
Fruits of Education	教学的成果	1	1	1.000	ok
A Breath Taken Together	共同呼吸过的气息	1	1	1.000	ok
Dipped Blade	浸染之剑	2	1	0.500	suspect
Abyssal Worship	深海崇拜	1	1	1.000	ok
Survival Reflexes	生存反射	1	1	1.000	ok
In-depth Cognition	深度认知	1	1	1.000	ok
Propagatory Instinct	扩张本能	1	1	1.000	ok
Debris Removal	残骸清除	1	1	1.000	ok
Collective Achievement	大家的成果	1	1	1.000	ok
Emergency Time Loan	时间紧急贷款	1	1	1.000	ok
Ready to Borrow Time	准备时间租赁	1	1	1.000	ok
Golden Time II	黄金时间 II	1	1	1.000	ok
Time Recoil II	时间反冲 II	1	1	1.000	ok
Alacritous Expression	敏捷表现	1	1	1.000	ok
Internal Combustion Engine Malfunction	内燃机故障	1	1	1.000	ok
Hollowed Chicken	空空的鸡	1	1	1.000	ok
Verminous Body	虫的肉体	1	1	1.000	ok
Nutritive Reinforcements	补充养分	1	1	1.000	ok
Injured Augmentation	负伤的强化肉体	1	1	1.000	ok
Corroded Augmentation	被侵蚀的强化肉体	1	1	1.000	ok
Se Acabó la Fiesta	派对结束	1	1	1.000	ok
Hammer of the One Who Grips	执柄者之锤	2	2	1.000	ok
Mechanical Mentality	机械精神	1	1	1.000	ok
Damageable Disuniter	破裂功能受损	1	1	1.000	ok
Damageable Thumper	震颤功能受损	1	1	1.000	ok
Overheating Attack Function	攻击功能过热	1	1	1.000	ok
Breakable Disuniter	破裂功能完全受损	1	1	1.000	ok
Breakable Thumper	震颤功能完全受损	1	1	1.000	ok
Spanner Up	扳手启动	1	1	1.000	ok
Guess I'm the Last	就剩我了吗	1	1	1.000	ok
Entangling Curse Talisman	绞缠的咒符	1	1	1.000	ok
Multiplying Curse Talisman	增殖的咒符	1	1	1.000	ok
Encroaching Curse Talisman	侵蚀的咒符	1	1	1.000	ok
Terror Device	恐怖装置	1	1	1.000	ok
Emergency Ampule Overdose	紧急安瓿过量	1	1	1.000	ok
The Red Aura	猩红气场	1	1	1.000	ok
Fully heal selected Identity	所选人格的体力完全恢复	1	1	1.000	ok
Cycle #1: Curse-Servitude-Rainfall	第1巡回：诅咒-奴役-落雨	2	2	1.000	ok
Cycle #2: Curse-Odd Stench-Exploitation-Servitude	第2巡回：诅咒-异味-榨取-奴役	2	2	1.000	ok
Cycle #3: Curse-Arrears-Odd Stench-Rainfall	第3巡回：诅咒-滞纳-异味-落雨	2	2	1.000	ok
Cycle #4: Curse-Lure-Odd Stench-Arrears-Cycle	第4巡回：诅咒-引诱-异味-滞纳-巡回	2	2	1.000	ok
Station #4: Arrears	第4站：滞纳	3	2	0.667	weak
Station #7: Odd Stench	第7站：异味	3	2	0.667	weak
Section #1 : Banquet/Well Basin/Twisted	第1区段：宴会-井底-歪曲	1	1	1.000	ok
Station #4 : Interlude	第4站：幕间休息	2	2	1.000	ok
Section #2 : Chiseling/Cloudbrume/Boneflesh	第2区段：锤钉-云雾-骨肉	1	1	1.000	ok
Station #8 : Interlude	第8站：幕间休息	2	2	1.000	ok
Section #3 : Forgery/Dreaming	第3区段：赝作-梦想	1	1	1.000	ok
Station #11 : Interlude	第11站：幕间休息	2	2	1.000	ok
Section #4 : Adamantine Wall/Feast	第4区段：难关-盛宴	1	1	1.000	ok
Section #1 : Attachment/Hunt/Fountainhead/Misting	第1区段：依恋-狩猎-源头-喷雾	2	2	1.000	ok
Section #2 : Ironstrike/Rampage/Oblivion	第2区段：击锤-狂奔-忘却	2	2	1.000	ok
Section #3 : Motherhood/Treason/Blood Sin/Yearning	第3区段：母性-反叛-血罪-渴望	2	2	1.000	ok
Section #1 : Weighing of Robes	第1区段：悬衣	2	2	1.000	ok
Section #2 : Tarnishing	第2区段：染污	2	2	1.000	ok
Section #3 : Heart of Innocence - Face of Things	第3区段：童心-现象	2	2	1.000	ok
Section #4 : Tangled Knots - Drowning Desire - Blind Folly	第4区段：盘错-沉溺-蒙昧	2	2	1.000	ok
Section #5 : Advent	第5区段：到来	2	2	1.000	ok
Station Data	站点信息	1	1	1.000	ok
No rewards to claim.	没有可领取的奖励。	1	1	1.000	ok
Refraction Railway - Clear Station {0}	折射轨道 - 清剿第{0}站后	2	2	1.000	ok
Line Diagram	线路运行图	1	1	1.000	ok
Line Info	线路情报	1	1	1.000	ok
Line Closure	行程结束	1	1	1.000	ok
Final Cycle Count	累计清剿巡回数	1	1	1.000	ok
Record Date	记录日期	1	1	1.000	ok
Completed Cycle Count	已完成巡回数	2	1	0.500	suspect
Clear the Terminus	通过终点站时	1	1	1.000	ok
Clear Refraction Railway Line 2 BokGak	通过折射轨道2号线 复刻	2	2	1.000	ok
Clear Refraction Railway Line 1 BokGak	通过折射轨道1号线 复刻	2	2	1.000	ok
Clear Refraction Railway Line 6	通过折射轨道6号线	2	2	1.000	ok
No Recoverable ID	没有可以恢复的人格	1	1	1.000	ok
No Revivable ID	没有可以复活的人格	1	1	1.000	ok
No active Buffs.	尚未持有任何BUFF。	1	1	1.000	ok
Buff Status	BUFF现状	1	1	1.000	ok
Fixed Choice	固定选择	1	1	1.000	ok
Select Ally Buff	选择友方BUFF	1	1	1.000	ok
Select Enemy Buff	选择敌方BUFF	1	1	1.000	ok
Select Identity to Revive	选择需要复活的人格	1	1	1.000	ok
Return to state immediately before entering this stage?	是否回到进入目前关卡前的时刻？	1	1	1.000	ok
Fixed Enemy Buffs	固定敌方BUFF	1	1	1.000	ok
Pass Station	途经站	1	1	1.000	ok
HP and SP have been restored.	体力与理智值已恢复。	2	2	1.000	ok
- Identities : Uptie Tier 4, Level 45	- 人格：同步 4阶段，45级	2	2	1.000	ok
Remaining Resources	剩余E.G.O资源	1	1	1.000	ok
Clear Canto VII	通过第7章	3	1	0.333	suspect
{0} Resistance + 0.25	{0}抗性+0.25	2	2	1.000	ok
COLLABORATION - LIMITED	联动限定	1	1	1.000	ok
The Club 2	会所 2	1	1	1.000	ok
The Club 3	会所 3	1	1	1.000	ok
The First Mate 2	大副 2	1	1	1.000	noise
Shipping Containers 2	集装箱 2	1	1	1.000	ok
Mr. Pilot 2	皮利托 2	1	1	1.000	ok
Pirates 2	海盗 2	1	1	1.000	ok
The Waves 2	浪潮 2	1	1	1.000	ok
Cruise Party 2	游轮宴会 2	1	1	1.000	ok
Cruise Party 3	游轮宴会 3	1	1	1.000	ok
Cruise Party 4	游轮宴会 4	1	1	1.000	ok
The Big Brother 2	幼兄 2	1	1	1.000	ok
The Pallid Whale 2	白鲸 2	1	1	1.000	ok
There's no TIME 2	没时间了 2	1	1	1.000	ok
A Warm Reception	热情欢迎	1	1	1.000	ok
The Corridor 2	走廊 2	1	1	1.000	ok
The Corridor 3	走廊 3	1	1	1.000	ok
The Dead Rabbits 2	死兔帮 2	1	1	1.000	ok
The Diary 2	日记本 2	1	1	1.000	ok
Abyssal Basement 2	深邃的地下室 2	1	1	1.000	ok
Imitations 2	赝品 2	1	1	1.000	ok
Imitations 3	赝品 3	1	1	1.000	ok
Nostalgic Face	令人怀念的面容	1	1	1.000	ok
Imitations 4	赝品 4	1	1	1.000	ok
The Wild Hunt 2	狂猎 2	1	1	1.000	ok
The Wild Hunt 3	狂猎 3	1	1	1.000	ok
The Tale of a Great Fixer Who Once Reached for The Dream	伟大的收尾人追求梦想的故事	2	2	1.000	ok
Disruption 2	妨碍2	1	1	1.000	ok
Declaration of Participation	宣言参加	1	1	1.000	ok
Night Ambush 2	夜袭2	1	1	1.000	ok
Momentary Power Vacuum	刹那的空位	1	1	1.000	ok
Justice of Others	他人的正义	1	1	1.000	ok
The Second Battlefield	再临战场	1	1	1.000	noise
Those Who Do Not Decide	不做判断之人	2	2	1.000	ok
Ambush in the Dark	暗中袭击	1	1	1.000	ok
Paradox of the Spiral	螺旋悖论	1	1	1.000	ok
A Distinct Objective	推断目标	2	1	0.500	suspect
Sanguine Artistry	鲜红艺术	1	1	1.000	ok
Children 2	孩子 2	1	1	1.000	ok
New Hires 2	新员工 2	1	1	1.000	ok
Shock Centipede 2	电击蜈蚣 2	1	1	1.000	ok
The Contract 2	契约 2	1	1	1.000	ok
The Contract 3	契约 3	1	1	1.000	ok
A Beautiful Hue of Teal	美丽的青光	1	1	1.000	ok
The Bus Deck	巴士平层	1	1	1.000	ok
Branch D-02	D-02支部	1	1	1.000	ok
Let That S.Y.N.C. In	折·脖 2	1	1	1.000	ok
An Overstayed Welcome	热烈欢迎 2	1	1	1.000	ok
Branch J-03	J-03支部	1	1	1.000	ok
Verboten	禁忌 2	1	1	1.000	ok
The Deal They Struck	他们达成的交易	1	1	1.000	ok
Inquisitors 2	异端审判官 2	1	1	1.000	ok
Inquisitors 3	异端审判官 3	1	1	1.000	ok
Scheiterhaufen	篝火 2	1	1	1.000	ok
Branch K-02	K-02支部	1	1	1.000	ok
Talent and Genius	人才与天才	1	1	1.000	ok
Drones and Abnormalities 2	无人机与异想体 2	1	1	1.000	ok
Drones and Abnormalities 3	无人机与异想体 3	1	1	1.000	ok
Terrorist Organization 2	恐怖组织 2	1	1	1.000	ok
Decay Ampules 2	崩解安瓿 2	1	1	1.000	ok
Decay Ampules 3	崩解安瓿 3	1	1	1.000	ok
Best Employee 2	最优秀的员工 2	1	1	1.000	ok
Best Employee 3	最优秀的员工 3	1	1	1.000	ok
Traitor 2	叛徒 2	1	1	1.000	ok
Traitor 3	叛徒 3	1	1	1.000	ok
Traitor 4	叛徒 4	1	1	1.000	ok
Traitor 5	叛徒 5	1	1	1.000	ok
A Red Line	一条红线	1	1	1.000	ok
Seized 2	抢夺 2	1	1	1.000	ok
Bright Villains 2	聪明的恶人 2	1	1	1.000	ok
Urgent Call 2	紧急呼叫 2	1	1	1.000	ok
Urgent Call 3	紧急呼叫 3	1	1	1.000	ok
Glorious Past 2	辉煌的过往 2	1	1	1.000	ok
Glorious Past 3	辉煌的过往 3	1	1	1.000	ok
Offer to Join 2	入职原因 2	1	1	1.000	ok
Nothing 2	没什么 2	1	1	1.000	ok
Reminisced League of Nine	记忆中的九人会	1	1	1.000	ok
Disappearing Passengers	消失的乘客	1	1	1.000	ok
Painting of Hell 2	地狱般的图景 2	1	1	1.000	ok
Next Car 2	下一节车厢 2	1	1	1.000	noise
The One Who Lords	主宰者	1	1	1.000	ok
Unexpected Foe	意外之敌	1	1	1.000	ok
The Family Hierarch's Proof	家主的证明	1	1	1.000	ok
Twelve Teachers	十二位老师	1	1	1.000	ok
Another Student	另一名学生	1	1	1.000	ok
Hierarch Rescue Operation 2	家主解救作战 2	1	1	1.000	ok
Hierarch Rescue Operation 3	家主解救作战 3	1	1	1.000	ok
Village of the Dead Lighthouse	死寂灯塔之村	2	2	1.000	ok
Relics and the Sign	遗物与印记	1	1	1.000	ok
Search for the Inflection Point	寻找反曲点	1	1	1.000	ok
Pursuit 2	追踪 2	1	1	1.000	ok
Iron Chicken Chef	铁血鸡厨	1	1	1.000	ok
Master Chicken Chef	大师鸡厨	1	1	1.000	ok
A Restaurateur’s Mild Fathoms	老板的原味心道	2	2	1.000	ok
Mudflat Scrapyard	废料海滩	1	1	1.000	ok
The Boatwrights	船夫	1	1	1.000	ok
Makeshift Bus Mods	废料巴士改造	1	1	1.000	ok
Time to Collect Scrap...	废料收集时间……	1	1	1.000	ok
Troubled Waters	尴尬时间	1	1	1.000	ok
The Last Scrap	最后的废料	1	1	1.000	noise
King Trash Crab Hunt	帝王废料蟹狩猎	1	1	1.000	ok
Monstrous Gifts	怪物们的礼物	1	1	1.000	ok
For Whom the Gnomes Pack	礼物为谁而做	2	2	1.000	ok
The Gift-giving Giant	礼物派送巨人	1	1	1.000	ok
A Journey's End	旅程的终点	1	1	1.000	ok
To Yong-jin Building 2	前往龙进大楼 2	1	1	1.000	ok
Mentor and Fellows 2	金笠与友人们 2	1	1	1.000	ok
Origin of Sin	罪之根源	1	1	1.000	ok
A Scandal in Time	时间税丑闻	1	1	1.000	ok
Timekilling Puzzle	时间杀人之谜	1	1	1.000	ok
The White-scarved League	白围巾联盟	1	1	1.000	ok
The Rewinding Clock	倒转的时钟	1	1	1.000	ok
A Trail Gone Cold	丢失的痕迹	1	1	1.000	ok
The Dying Detective	临终的侦探	1	1	1.000	ok
The Yurodiviye Mystery	圣愚之谜	1	1	1.000	ok
Twisted Time	歪曲的时间	1	1	1.000	ok
Uncategorized	目前难以分类	1	1	1.000	ok
PDA Device	PDA终端	1	1	1.000	ok
Abnormality Corrosion	异想侵蚀	1	1	1.000	ok
Lord of all Roaches	全体蜚蠊之王	1	1	1.000	ok
Emperor of Pests	害虫的皇帝	1	1	1.000	ok
For Crunchy Frying	用于炸至酥脆	1	1	1.000	ok
For Sweet Stewing	用于香甜炖菜	1	1	1.000	ok
For Tangy Braising	用于酸甜焖煮	1	1	1.000	ok
Soldato III	士兵III	1	1	1.000	ok
Iberians and the Ægir - #3	伊比利亚人与阿戈尔人 #3	1	1	1.000	ok
A Story of Lighthouse Keepers and The Profound Silence - #3	灯塔看守人与大静谧的故事 #3	1	1	1.000	ok
백설선택지1	白雪选项1	1	1	1.000	ok
백설선택지2	白雪选项2	1	1	1.000	ok
{0} gains %{2} {1}/% for the encounter.	本关卡中，{0} 获得%{2} {1}/%。	1	1	1.000	ok
All Identities gain %{1} {0}/% and %{3} {2}/%.	所有人格获得%{1} {0}/%，%{3} {2}/%。	1	1	1.000	noise
{0} gains %{2} {1}/%	{0}获得%{2} {1}/%。	4	1	0.250	suspect
{0} <color=#fe4b48>loses {1} SP</color>	{0}<color=#fe4b48>失去{1}点理智值</color>	3	1	0.333	suspect
{0} %loses {2} {1}/%	{0} %失去{2} {1}/%	1	1	1.000	ok
All allies gain %{1} [{0}]/%	全体友方单位获得%{1} [{0}]/%	1	1	1.000	noise
<color=#ebcaa2>[{0}]</color> gains %{2} [{1}]/% next turn	<color=#ebcaa2>[{0}]</color>在下回合获得%{2} [{1}]/%	3	1	0.333	suspect
<color=#ebcaa2>[{0}]</color> heals {1} HP and {2} SP	<color=#ebcaa2>[{0}]</color>恢复{1}点体力与点{2}理智值	1	1	1.000	ok
<color=#ebcaa2>[{0}]</color> heals {1} HP to Core and Part	<color=#ebcaa2>[{0}]</color> 的本体和部位恢复{1}点体力	1	1	1.000	ok
<color=#ebcaa2>All Sinners</color> heal {0} SP	<color=#ebcaa2>全体友方单位</color> 恢复{0}点理智值	1	1	1.000	ok
<color=#ebcaa2>[{0}]</color> heals {1} SP	<color=#ebcaa2>罪人[{0}]</color>恢复{1}点理智值	1	1	1.000	ok
[{0}] <color=#80c9ff>fully heals SP</color>	[{0}]的<color=#80c9ff>理智值恢复至上限</color>	1	1	1.000	ok
[{0}]'s {1} changes to {2}	[{0}]的{1}变为{2}	1	1	1.000	ok
<color=#ebcaa2>[{0}]</color> gains %{2} [{1}]/% every turn	<color=#ebcaa2>[{0}]</color>每回合对自身施加%{2} [{1}]/%	1	1	1.000	ok
<color=#ebcaa2>Fairy is Staggered!</color>	<color=#ebcaa2>精灵部位陷入混乱</color>	2	1	0.500	suspect
<color=#ebcaa2>Fairy permanently gains {1} {0}</color>	<color=#ebcaa2>精灵部位对自身永久施加 {1} {0} </color>	1	1	1.000	ok
<color=#ebcaa2>{0}</color> gains %[{1}]/%	<color=#ebcaa2>{0}</color>获得%[{1}]/%	1	1	1.000	ok
Apply %[{2} {1}]/% on <color=#ebcaa2>{0}</color>	对<color=#ebcaa2>{0}</color>施加%[{2} {1}]/%	1	1	1.000	ok
All of [{0}]’s parts gain %{3} {2} for {1} turn(s)/%.	[{0}]的所有部位</color>获得%持续{1}回合的{3}{2}/%。</color>	1	1	1.000	noise
<color=#ebcaa2>Abnormality Suppressed!</color>	<color=#ebcaa2>异想体镇压完成</color>	1	1	1.000	ok
<color=#ebcaa2>Investigating the factory…</color>	<color=#ebcaa2>我们决定调查工厂。</color>	1	1	1.000	ok
<color=#ebcaa2>Pressed “Yes”.</color>	<color=#ebcaa2>按下了“是”的按钮。</color>	1	1	1.000	ok
<color=#ebcaa2>Pressed “No”.</color>	<color=#ebcaa2>按下了“不是”的按钮。</color>	1	1	1.000	ok
<color=#ebcaa2>All enemies become %[{0}]/%.</color>	<color=#ebcaa2>全体敌方单位进入%[{0}]/%状态</color>	1	1	1.000	ok
<color=#ff8000>Combat Encounter!</color>	<color=#ff8000>触发遭遇战！</color>	1	1	1.000	ok
<color=#ebcaa2>Got an E.G.O Gift!</color>	<color=#ebcaa2>获得E.G.O饰品！</color>	1	1	1.000	ok
<color=#ebcaa2>Combat Encounter!</color>	<color=#ebcaa2>触发遭遇战！</color>	1	1	1.000	ok
<color=#ebcaa2>Enemy waves reduced by {0}!</color>	<color=#ebcaa2>敌人的波次减少{0}波！</color>	1	1	1.000	ok
<color=#ebcaa2>[{0}]’s Karma was resolved.</color>	<color=#ebcaa2>解除[{0}]的业报</color>	1	1	1.000	ok
Karma strikes every Sinner randomly!	对全体人格随机施加业报。	1	1	1.000	ok
<color=#ebcaa2>[{0}] loses %{2} [{1}]/%</color>	<color=#ebcaa2>[{0}] 减少%{2} [{1}] /%</color>	2	1	0.500	suspect
[{0}] gains <color=#00ff9c>{2} {1}</color> next turn	下回合对罪人[{0}]施加<color=#00ff9c>{2} {1}</color>	2	1	0.500	suspect
<color=#ebcaa2>[{0}] loses %{2} [{1}]/%</color>	<color=#ebcaa2>[{0}] 减少%{2} [{1}]/%</color>	2	1	0.500	suspect
[{0}] gains <color=#00ff9c>{2} {1}</color> next turn	下回合对[{0}]施加<color=#00ff9c>{2} {1}</color>	2	1	0.500	suspect
<color=#ebcaa2>{0} is Staggered</color>	<color=#ebcaa2>[{0}]陷入混乱</color>	1	1	1.000	ok
<color=#ebcaa2>Fairy is Staggered!</color>	<color=#ebcaa2>精灵陷入混乱</color>	2	1	0.500	suspect
All characters deal {0}% damage	所有角色造成的伤害{0}%	1	1	1.000	noise
All characters take {0}% damage	所有角色受到的伤害{0}%	1	1	1.000	noise
<color=#ebcaa2>{0}</color> loses %{2} {1}/%	<color=#ebcaa2>{0}</color> 减少 %{2} {1}/%	1	1	1.000	ok
All allies gain {0} for the rest of the Encounter.	本场战斗中的全体友方单位获得{0}。	1	1	1.000	noise
Halve all allies' {0} Potency and Count	全体友方单位的{0}强度与层数减半	1	1	1.000	ok
<color=#ebcaa2>{0} gains {1} Shield</color>	<color=#ebcaa2>{0} 获得 {1} 护盾</color>	1	1	1.000	ok
<color=#ebcaa2>All allies fully heal HP and SP</color>	<color=#ebcaa2>全体友方单位恢复全部理智值与体力</color>	1	1	1.000	ok
All allies <color=#00ff9c>heal 30 HP</color>	全体友方单位<color=#00ff9c>恢复30点体力</color>	1	1	1.000	noise
All allies <color=#80c9ff>heal 30 SP</color>	全体友方单位<color=#80c9ff>恢复30点理智值</color>	1	1	1.000	noise
All allies <color=#00ff9c>heal 3 HP every turn</color>	全体友方单位<color=#00ff9c>每回合恢复3点体力</color>	1	1	1.000	noise
All allies <color=#80c9ff>heal 3 SP every turn</color>	全体友方单位<color=#80c9ff>每回合恢复3点理智值</color>	1	1	1.000	noise
Rusted Hilt - To wield a blade is to Slash with it	锈蚀的刀柄 判定 - 剑术乃斩击	2	1	0.500	suspect
Fractured Blade Choice - Draw of the Sword	破碎的刀刃 选项 - 拔剑	2	1	0.500	suspect
Broken Blade Choice - Let the sword hang to the side	损坏的刀刃 选项 - 垂剑	2	1	0.500	suspect
Red Tassel Choice - Small fries	红色流苏 选项 - 殃及池鱼	2	1	0.500	suspect
Old Dopo Cloak - What's right is right	陈旧的长袍 选项 - 是则是	2	1	0.500	suspect
Rusted Hilt - To wield a blade is to Slash with it	锈蚀的刀柄选项 - 剑术乃斩击	2	1	0.500	suspect
Fractured Blade Choice - Draw of the Sword	破碎的刀刃选项 - 拔剑	2	1	0.500	suspect
Broken Blade Choice - Let the sword hang to the side	损坏的刀刃选项 - 垂剑	2	1	0.500	suspect
Red Tassel Choice - Small fries	红色流苏选项 - 殃及池鱼	2	1	0.500	suspect
Old Dopo Cloak - What's right is right	陈旧的长袍选项 - 是则是	2	1	0.500	suspect
LCE Recovers The Ring's Artwork - Corporist Piece	回收环指作品的LCE组员们 - 人体派作品	1	1	1.000	ok
LCE Recovers The Ring's Artwork - Fauvist Piece	回收环指作品的LCE组员们 - 野兽派作品	1	1	1.000	ok
Peccatulum Luxuriae??	色欲罪种??	1	1	1.000	ok
Peccatulum Superbiae??	傲慢罪种??	1	1	1.000	ok
Mayors, the Yearning Flotsam's first Choice Event	梅厄斯，羡望漂流 首个选项事件	1	1	1.000	ok
Mayors, the Yearning Flotsam's second Choice Event	梅厄斯，羡望漂流 第二个选项事件	1	1	1.000	ok
Iberians and the Ægirian - #2	伊比利亚人与阿戈尔人 #2	1	1	1.000	ok
A Story of Lighthouse Keepers and The Profound Silence - #2	灯塔看守人与大静谧的故事 #2	1	1	1.000	ok
An Inquisitor Locked in a Fight Against Sea Terrors	与海嗣激战正酣的审判官	1	1	1.000	ok
Education & Machine Console	培训与机械装置	1	1	1.000	ok
One Sin SP Healing E.G.O Gift Giveaway	一罪百善理智值恢复E.G.O饰品获取	1	1	1.000	ok
Heal HP, SP, or gain Cost	恢复体力、恢复理智值或获得经费	1	1	1.000	ok
Miracle in District 20 Hard Event 1	20区的奇迹困难事件1	1	1	1.000	ok
Miracle in District 20 Hard Event 2	20区的奇迹困难事件2	1	1	1.000	ok
The Knight of Despair Containment Unit	绝望骑士 收容单元	1	1	1.000	ok
The Queen of Hatred Containment Unit	憎恶皇后 收容单元	1	1	1.000	ok
Alriune Choice Event (#1)	爱娜温 选项(#1)	1	1	1.000	ok
Alriune Choice Event (#2)	爱娜温 选项(#2)	1	1	1.000	ok
Alriune Choice Event (#3)	爱娜温 选项(#3)	1	1	1.000	ok
An Encounter with the Unbearable	与无法忍受的存在相遇	1	1	1.000	ok
Are You Happy? 2	你感到幸福吗？2	1	1	1.000	ok
A Room Full of Crates	装满箱子的房间	1	1	1.000	ok
[Hel. P. Me. He. Lp.]	[救。救。我。救。救。]	1	1	1.000	ok
아즈텍원판 선택지1	阿兹特克历法石选项1	1	1	1.000	ok
아즈텍원판 선택지3	阿兹特克历法石选项3	1	1	1.000	ok
아즈텍원판 선택지5	阿兹特克历法石选项5	1	1	1.000	ok
강화인간 선택지1	改造人选项1	1	1	1.000	ok
강화인간 선택지2-그렇다	改造人选项2-是	1	1	1.000	ok
강화인간 선택지2-아니다	改造人选项2-不是	1	1	1.000	ok
분홍신 선택지1	粉红鞋选项1	1	1	1.000	ok
Vending Machine and Oceanic Waves	传来潮声的自动贩卖机	1	1	1.000	ok
강화앰플교환삽입소	强化安瓿交换注射所	1	1	1.000	ok
Hell's Chicken Dungeon Renewal - Starting Point Choice	地狱鸡迷宫更新 - 起点选项	1	1	1.000	ok
T Corp. Time Prepayment Apparatus	T公司 时间预付机	1	1	1.000	ok
Audio Logs of That Day	那一日的语音记录	1	1	1.000	ok
Recurring Faith and Promise 2	循环的信念与承诺2	1	1	1.000	ok
Recurring Faith and Promise 3	循环的信念与承诺3	1	1	1.000	ok
'Yield My Flesh to Claim Their Bones' Renewal Hard Fusion	肉斩骨断迷宫更新 困难合成	1	1	1.000	ok
Story Dungeon Starting Choice Event	剧情迷宫起始选项事件	1	1	1.000	ok
Hardblood weapon found while resting	休息时发现的硬血武器	1	1	1.000	ok
Timekilling Time Dungeon Renewal Starting Point	时间杀人时间迷宫 更新起点	1	1	1.000	ok
Timekilling Time Dungeon Renewal Fusion	时间杀人时间迷宫 更新合成	1	1	1.000	ok
Every skill consists of at least 1 Coin.	每个技能都至少包含1枚硬币。	1	1	1.000	noise
Sinners with low Sanity will be corroded by E.G.O.	理智值到达下限的罪人会被E.G.O侵蚀。	1	1	1.000	ok
Speed determines the formation of units in combat.	速度值决定了敌我双方的角色在战斗中的站位。	1	1	1.000	ok
Cancelling E.G.O before using it will return its resources.	在E.G.O使用之前将其取消会返还其消耗的E.G.O资源。	1	1	1.000	ok
Every Identity has a Combat Passive and a Support Passive.	所有人格都拥有一个战斗被动技能和一个支援被动技能。	1	1	1.000	noise
Identities participating in combat use Combat Passives.	参与战斗的人格可以使用战斗被动技能。	1	1	1.000	ok
E.G.O skills are placed at the bottom of a Sinner’s column.	E.G.O技能将会固定生成在仪表盘最下方的行动槽。	1	1	1.000	ok
Clashes occur when two Attack Skills target each other.	使用攻击技能对峙时，将会进行拼点。	1	1	1.000	ok
- Until Season 8 Update	- 到第8赛季开始前	1	1	1.000	ok
Paid {0} Free {1}	付费{0} 免费{1}	1	1	1.000	ok
Level up the Pass using [Paid Lunacy]?	要消耗[付费狂气]来提升通行证等级吗？	1	1	1.000	ok
<color=#f8c200>Max Pass Level</color> reached.	已达到<color=#f8c200>最高等级</color>。	1	1	1.000	ok
{0}m left	剩余{0}分	1	1	1.000	ok
Eligible for Max Pass Level rewards	可以领取战斗通行证超额奖励	1	1	1.000	ok
Spend {0} Paid Lunacy to purchase Pass Levels?	要消耗 {0} 付费狂气来购买通行证等级吗？	1	1	1.000	ok
※ Purchasing Battle Pass Levels costs 300 Paid Lunacy.	※购买通行证等级需要花费300付费狂气。	1	1	1.000	ok
{0} Update	{0} 更新	1	1	1.000	ok
+ [LIMBUS PASS] Activation	+ [边狱通行证] 赠品	1	1	1.000	ok
Spend {0} Paid Lunacy to purchase this Package?	要消耗 {0} 付费狂气来购买这个组合包吗？	1	1	1.000	ok
Select Pass/Package	选择通行证/组合包	1	1	1.000	ok
※ Purchasing a Pass Level costs {0} Paid Lunacy.	※购买 1 通行证等级需要花费{0}付费狂气。	1	1	1.000	ok
~ Until Season 4 Update	~ 到第4赛季开始前	1	1	1.000	ok
{0} Owned	持有{0}	1	1	1.000	ok
10% Discount	10%折扣	1	1	1.000	ok
- Until Season 7 Update	- 到第7赛季开始前	1	1	1.000	ok
Season 6: Zàng Huā Yín	第6赛季：葬花吟	1	1	1.000	ok
Clear any stage {0} time(s)	清剿{0}次任意关卡	1	1	1.000	ok
Defeat {0} enemies	击败{0}个敌人	1	1	1.000	ok
Suppress {0} Abnormalities	镇压{0}个异想体	1	1	1.000	ok
Have {1} in battle {0} time(s)	派遣{1}进行{0}场战斗	1	1	1.000	ok
Enter the Mirror Dungeon {0} time(s)	进入镜像迷宫{0}次	1	1	1.000	ok
Clear Mirror Dungeons {0} time(s)	清剿镜像迷宫{0}次	1	1	1.000	ok
Reach Battle Pass Level {0}	战斗通行证等级达到{0}	1	1	1.000	ok
Use Ryōshū’s 4th Match Flame {0} time(s)	使用{0}次良秀的“第四根火柴之焰”E.G.O	1	1	1.000	ok
Have Gregor as the Announcer {0} time(s)	让格里高尔进行{0}次播报	1	1	1.000	ok
{0} daily log-ins	每日登录{0}次	1	1	1.000	ok
{0} total daily log-ins	累计登录达到{0}天	1	1	1.000	ok
Clear EXP Luxcavation {0} time(s)	清剿经验采光{0}次	1	1	1.000	ok
Clear Thread Luxcavation {0} time(s)	清剿纺锤采光{0}次	1	1	1.000	ok
Assemble {0} Enkephalin Module(s)	制作脑啡肽模块{0}次	1	1	1.000	ok
Try prioritizing enemies with low HP first.	推荐优先击杀体力较低的敌方单位。	1	1	1.000	ok
Nursefathers are difficult enemies for the Sinners.	父辈是罪人难以应对的敌人。	1	1	1.000	ok
Reduce The Thumb Apprentice's HP to below half.	需要将拇指子辈的体力减少至一半以下。	1	1	1.000	ok
N Corp. Staff reinforcements occur only in N Corp.	后续人员补充只会在N公司发生。	1	1	1.000	ok
Atrophied (Low Morale)	畏缩(士气低落)	1	1	1.000	ok
Overwhelmed (Low Morale)	无措(士气低落)	1	1	1.000	ok
Kromer’s Whistles	克罗默的哨音	1	1	1.000	ok
Mirror of Mirrors - F2	镜中之镜 - 第二层	1	1	1.000	ok
Mirror of Mirrors - F3	镜中之镜 - 第三层	1	1	1.000	ok
Mirror of Mirrors - F4	镜中之镜 - 第四层	1	1	1.000	ok
Mirror of Mirrors - F5	镜中之镜 - 第五层	1	1	1.000	ok
Mirror of Mirrors Hard - F2	镜中之镜困难 - 第二层	1	1	1.000	ok
Mirror of Mirrors Hard - F3	镜中之镜困难 - 第三层	1	1	1.000	ok
Mirror of Mirrors Hard - F4	镜中之镜困难 - 第四层	1	1	1.000	ok
Mirror of Mirrors Hard - F5	镜中之镜困难 - 第五层	1	1	1.000	ok
Mirror of Mirrors Hard - F1	镜中之镜困难 - 第一层	1	1	1.000	ok
Select Sapling of Light Ability	选择光之树苗能力	1	1	1.000	ok
Select the ability to use.	选择要使用的能力。	1	1	1.000	ok
Cannot use this Sapling of Light ability.	无法使用此光之树苗能力。	1	1	1.000	ok
Already used this Sapling of Light ability today.	今天已经使用过该光之树苗能力。	1	1	1.000	ok
No remaining activations for today.	今天的使用次数已用尽。	1	1	1.000	ok
{0}: Select Sinner	{0}：选择罪人	1	1	1.000	ok
Will you apply {0} on <color=#f8c200>[{1}]</color>?	要对<color=#f8c200>[{1}]</color>使用{0}吗？	1	1	1.000	ok
Gate #1	第一关口	2	1	0.500	suspect
Gate #2	第二关口	2	1	0.500	suspect
Meditator’s Pulpit	冥想讲坛	1	1	1.000	ok
Gate #3	第三关口	2	1	0.500	suspect
League of Nine Littérateurs Lab - Spring	春天的九人会实验室	1	1	1.000	ok
League of Nine Littérateurs Lab - Autumn	秋天的九人会实验室	1	1	1.000	ok
League of Nine Littérateurs Lab - Summer	夏天的九人会实验室	1	1	1.000	ok
League of Nine Littérateurs Lab - Winter	冬天的九人会实验室	1	1	1.000	ok
Snake Slough++	蛇蜕++	1	1	1.000	ok
False Halo++	虚假的光相++	1	1	1.000	ok
Metronome++	节拍器++	1	1	1.000	ok
Contempt of the Gaze of Contempt++	轻蔑的视线的轻蔑++	1	1	1.000	ok
Unhatched Embers++	未孵化的火种++	1	1	1.000	ok
Anti-Ovine Grounding Plug+	对羊接地插头+	1	1	1.000	ok
Enh. Tattoos - The Middle	强化纹身-中指	1	1	1.000	ok
Town-protecting Harpoon++	守镇鱼叉++	1	1	1.000	ok
Broken Violin++	损坏的小提琴++	1	1	1.000	ok
Butler Style Binding Arts++	管家式束缚法++	1	1	1.000	ok
Mask of the Parade+	游行的面具+	1	1	1.000	ok
W Corp. Standard Issue Cap	W公司制式帽子	1	1	1.000	ok
Cleanup Agent Gear Set C	C型清扫人员装备套组	1	1	1.000	ok
Bloody Flesh, Fleshy Blood	由血而成之肉，由肉而成之血	1	1	1.000	ok
Discarded Dimensional Gauntlet++	被遗落的次元护手++	1	1	1.000	ok
Blue Starshard++	蓝星碎片++	1	1	1.000	ok
Hellterfly’s Dream++	地狱蝶之梦++	1	1	1.000	ok
Ashes to Ashes++	尘归尘++	1	1	1.000	ok
Wound Clerid++	拟伤虫++	1	1	1.000	ok
Fiery Down++	炽热的羽毛++	1	1	1.000	ok
Bloody Gadget++	鲜血装饰++	1	1	1.000	ok
Talisman Bundle++	成捆的符咒++	1	1	1.000	ok
Blood, Sweat, and Tears++	膏血++	1	1	1.000	ok
Green Spirit++	绿光果实++	1	1	1.000	ok
Crown of Roses++	玫瑰王冠++	1	1	1.000	ok
White Gossypium++	白棉花++	1	1	1.000	ok
Thunderbranch++	雷击木++	1	1	1.000	ok
Lowest Star++	谷底之星++	1	1	1.000	ok
Nixie Divergence++	辉光变动仪++	1	1	1.000	ok
Voodoo Doll++	巫毒娃娃++	1	1	1.000	ok
Carmilla++	卡蜜拉++	1	1	1.000	ok
Red Order++	赤色指令++	1	1	1.000	ok
Smokes and Wires++	烟霾与铁丝网++	1	1	1.000	ok
Employee Card++	员工证++	1	1	1.000	ok
Oscillating Bracelet++	震荡手环++	1	1	1.000	ok
Glimpse of Flames++	炎鳞++	1	1	1.000	ok
Barbed Lasso++	荆棘套索++	1	1	1.000	ok
Rusted Cutting Knife++	锈蚀的美工刀++	1	1	1.000	ok
Thorny Path++	荆棘之路++	1	1	1.000	ok
Red-stained Gossypium++	红染棉花++	1	1	1.000	ok
Stone Tomb++	石冢++	1	1	1.000	ok
Portable Battery Socket++	便携式电源插座++	1	1	1.000	ok
Dust to Dust++	土归土++	1	1	1.000	ok
Downpour++	暴雨++	1	1	1.000	ok
Thrill++	快感++	1	1	1.000	ok
Curriculum Vitae++	简历++	1	1	1.000	ok
Pendant of Nostalgia++	追忆吊坠++	1	1	1.000	ok
Artistic Sense++	美感++	1	1	1.000	ok
Nebulizer++	雾化吸入器++	1	1	1.000	ok
Wrist Guards++	护腕++	1	1	1.000	ok
Clear Mirror, Calm Water++	明镜止水++	1	1	1.000	ok
Lightning Rod++	避雷针++	1	1	1.000	ok
Endorphin Kit++	内啡肽试剂组++	1	1	1.000	ok
Headless Portrait++	无头肖像++	1	1	1.000	ok
Charge-type Gloves++	充能式手套++	1	1	1.000	ok
Piece of Relationship++	缘分残片++	1	1	1.000	ok
Burning Intellect++	炽热的智慧++	1	1	1.000	ok
Rusted Muzzle++	锈蚀的笼头++	1	1	1.000	ok
Bell of Truth++	真理之钟++	1	1	1.000	ok
Fluorescent Lamp++	荧光灯++	1	1	1.000	ok
Broken Compass++	破碎罗盘++	1	1	1.000	ok
Ornamental Horseshoe++	马蹄铁饰物++	1	1	1.000	ok
Material Interference Force Field++	物理屏蔽力场++	1	1	1.000	ok
Melted Paraffin++	熔化的石蜡++	1	1	1.000	ok
Polarization++	偏振光++	1	1	1.000	ok
Pain of Stifled Rage++	郁火++	1	1	1.000	ok
Arrested Hymn++	被扣留的颂歌++	1	1	1.000	ok
Tangled Bundle++	纠缠捆束++	1	1	1.000	ok
Awe++	敬畏++	1	1	1.000	ok
Bio-venom Vial++	生物剧毒药瓶++	1	1	1.000	ok
Venomous Skin++	剧毒外皮++	1	1	1.000	ok
Sour Liquor Aroma++	酸味的酒香++	1	1	1.000	ok
Ragged Umbrella++	破损的雨伞++	1	1	1.000	ok
Eldtree Snare++	古木陷阱++	1	1	1.000	ok
Rags++	破布++	1	1	1.000	ok
Grandeur++	庄严++	1	1	1.000	ok
Devil's Share++	魔鬼所享++	1	1	1.000	ok
Emerald Elytra++	绿色鞘翅++	1	1	1.000	ok
Old Wooden Doll++	陈旧的木雕人偶++	1	1	1.000	ok
UPS System++	不间断电源装置++	1	1	1.000	ok
Uncapped Defibrilator++	解除限制的除颤仪++	1	1	1.000	ok
Patrolling Flashlight++	巡逻用手电筒++	1	1	1.000	ok
Scalpel++	手术用刀++	1	1	1.000	ok
Deceptive Accord++	虚饰的和平++	1	1	1.000	ok
Tailor's Scissors++	裁缝用剪刀++	1	1	1.000	ok
Resolution++	决意++	1	1	1.000	ok
Moment of Sentencing++	宣判之刻++	1	1	1.000	ok
Carpenter's Nail++	木工用长钉++	1	1	1.000	ok
Once, A Blessing++	曾经的祝福++	1	1	1.000	ok
Torn Bandolier++	撕裂的弹带++	1	1	1.000	ok
Keenbranch++	磨尖的树枝++	1	1	1.000	ok
Burial Curse++	作祟++	1	1	1.000	ok
Compression Bandage++	加压绷带++	1	1	1.000	ok
Temporal Bridle++	时间的枷锁++	1	1	1.000	ok
Clasped Sculpture++	紧握的雕像++	1	1	1.000	ok
Reverberation++	残响++	1	1	1.000	ok
Smoking Gunpowder++	有烟火药++	1	1	1.000	ok
Recollection of a Certain Day	某日的记忆	1	1	1.000	ok
Layered Bandages+	重叠的创可贴+	1	1	1.000	ok
Short Cane Sword++	拐杖短剑++	1	1	1.000	ok
Cloudpattern Gourd Bottle++	云纹鹤颈瓶++	1	1	1.000	ok
Plume of Proof++	见证的羽饰++	1	1	1.000	ok
Torn Hems++	磨破的衣袖++	1	1	1.000	ok
Pocket Flashcards++	口袋助记卡++	1	1	1.000	ok
For You Who Love the City	献给热爱都市的你	1	1	1.000	ok
Meat Tenderizer++	松肉锤++	1	1	1.000	ok
The End of all Evil	万恶之终结	1	1	1.000	ok
Uniform - Liu Assoc.	制式服装-六协会	1	1	1.000	ok
Omni-tool++	万能工具++	1	1	1.000	ok
The Spider's Thread++	蜘蛛网++	1	1	1.000	ok
The Book of Vengeance: Annex	复仇账簿：附录	1	1	1.000	ok
Clappity Clap!	拍手啪啪！	1	1	1.000	ok
N Corp. Service des Clous Briefcase	N公司定格小队的包	1	1	1.000	ok
The Book of the Homeland Swordplay [本國劍譜]	本国剑谱	1	1	1.000	ok
Bloodied Mask of a Devotee	染血信徒面具	1	1	1.000	ok
Old Warehouse’s Key	破旧仓库的钥匙	1	1	1.000	ok
Ritualist’s Right	仪式资格	1	1	1.000	ok
Piece of a Torn Spring	破碎之春的残片	1	1	1.000	ok
Piece of a Torn Summer	破碎之夏的残片	1	1	1.000	ok
Piece of a Torn Autumn	破碎之秋的残片	1	1	1.000	ok
Piece of a Torn Winter	破碎之冬的残片	1	1	1.000	ok
Artwork: Pulsation	作品：跃动	1	1	1.000	ok
Artwork: Ferity	作品：野性	1	1	1.000	ok
Artwork: Evolving Pulsation	杰作：正在进化的跃动	1	1	1.000	ok
Artwork: Taxidermied Ferity	杰作：制成标本的野性	1	1	1.000	ok
Searing Brass++	灼热的铜管++	1	1	1.000	ok
The Memory of Kong Family Annihilation	孔灭日的记忆	1	1	1.000	ok
Red Cloth that Closes the Heart	蒙蔽心扉的红布	1	1	1.000	ok
Virtue - Zhi (智)	品德 - 智	1	1	1.000	ok
Virtue - Yong (勇)	品德 - 勇	1	1	1.000	ok
Virtue - Ren (仁)	品德 - 仁	1	1	1.000	ok
Cultivation: Cut, File, Carve, Polish	切磋琢磨	1	1	1.000	ok
Shaoxing Wine++	绍兴酒++	1	1	1.000	ok
Trial Extraction : A.B.S	试验提取：红艳煞	1	1	1.000	ok
Trial Extraction : Lantern	试验提取：提灯	1	1	1.000	ok
Modified Extraction : AEDD	变形提取：AEDD	1	1	1.000	ok
Spicebush, Glasses, and Mailed Letter	山茶花、眼镜和送达的信	1	1	1.000	ok
A Small, Lovely Violin	小巧而精致的小提琴	1	1	1.000	ok
ENTER: The B.B.	幼·兄登场	1	1	1.000	ok
Heishou Bolus - Mao	黑兽丸 - 卯	1	1	1.000	ok
Interlinked Time++	交织的时间++	1	1	1.000	ok
Emergency Investigator Badge++	紧急授予型搜查官徽章++	1	1	1.000	ok
Entanglement Override Sequencer++	强制纠缠定序器++	1	1	1.000	ok
Spent Use, Forming Hate	可用之处已尽，郁积的憎恶	1	1	1.000	ok
Harmonics++	泛音++	1	1	1.000	ok
Walking Bass++	行进贝斯++	1	1	1.000	ok
Stubborn Öufi Fixer	顽固的Öufi协会收尾人	1	1	1.000	ok
Precise Öufi Fixer	严谨的Öufi协会收尾人	1	1	1.000	ok
Josephine of the Wild Hunt	狂猎 约瑟芬	1	1	1.000	ok
Hindley of the Wild Hunt	狂猎 亨德利	1	1	1.000	ok
Linton of the Wild Hunt	狂猎 林顿	1	1	1.000	ok
The Reaved Lamenter of the Wild Hunt	狂猎 因被夺取而哭嚎的亨德利	1	1	1.000	ok
Left Hand of Every Catherine	所有凯瑟琳 左手	1	1	1.000	ok
Right Hand of Every Catherine	所有凯瑟琳 右手	1	1	1.000	ok
Cinq West Section 3 Camille	Cinq协会西部3科 卡米尔	1	1	1.000	ok
"Ghost" Bloodfiend of Failed Penitence	扮演不知悔改的幽灵的血魔	1	1	1.000	ok
"Ghost" Bloodfiend of Prayers	扮演祈祷的幽灵的血魔	1	1	1.000	ok
Monster from the Gorged and Devoured Jar of Loneliness	互相吞食的蛊毒瓮怪物	1	1	1.000	ok
Swift N Corp. E.G.O::Sticking	敏捷的N公司E.G.O::黏稠	1	1	1.000	ok
Nimble N Corp. E.G.O::Sticking	灵敏的N公司E.G.O::黏稠	1	1	1.000	ok
Rigid Soldato of the Thumb	穿戴整齐的拇指士兵	1	1	1.000	ok
N Corp. E.G.O::Contempt, Awe Jia Huan	N公司 E.G.O::轻蔑，敬畏 贾环	1	1	1.000	ok
N Corp. E.G.O::Fell Bullet Gubo	N公司 E.G.O::凶弹 仇甫	1	1	1.000	ok
Censored Lobotomy Corp. L3 Agent	被审查的脑叶公司3级员工	2	1	0.500	suspect
Censored Lobotomy Corp. L3 Agent	被审查的脑叶公司2级员工	2	1	0.500	suspect
The Pinky Nursefather - ???	小指 父辈 - ???	1	1	1.000	ok
True Night Drifter of the Drunken Palm	真-醉手夜客	1	1	1.000	ok
Heishou Pack - Si : Veilstriker	黑兽 - 巳：隐袭	1	1	1.000	ok
Heishou Pack - Si : Shadestriker	黑兽 - 巳：阴袭	1	1	1.000	ok
Heishou Pack - Si : Depthstriker	黑兽 - 巳：潜袭	1	1	1.000	ok
Ch'unokkun - Incapacitate	推奴人 - 压制	1	1	1.000	ok
Ch'unokkun - Bind	推奴人 - 捕缚	1	1	1.000	ok
Icy N Corp. Class 2 Staff	冷漠的N公司2级员工	1	1	1.000	ok
Reticent N Corp. Class 2 Staff	静默的N公司2级员工	1	1	1.000	ok
Kkomi and Vergilius?	可米与维吉里乌斯？	1	1	1.000	ok
Swift Cultist of the Deep	敏捷的深海教徒	1	1	1.000	ok
Steadfast Cultist of the Deep	倔强的深海教徒	1	1	1.000	ok
Heishou Pack - Mao: Featherstriker	黑兽 - 卯：迅击	1	1	1.000	ok
Heishou Pack - Mao: Umbrastriker	黑兽 - 卯：暗袭	1	1	1.000	ok
T Corp. Class 3 Collector - Neutralize	T公司 3级征收人员 - 射杀	1	1	1.000	ok
T Corp. Class 3 Collector - Suppress	T公司 3级征收人员 - 压制	1	1	1.000	ok
Quiet K Corp. Checkpoint Security	沉默的K公司检查站安保人员	1	1	1.000	ok
Stern K Corp. Checkpoint Security	正经的K公司检查站安保人员	1	1	1.000	ok
Confused K Corp. Checkpoint Security	混乱的K公司检查站安保人员	1	1	1.000	ok
Swamped K Corp. Checkpoint Security	头晕眼花的K公司检查站安保人员	1	1	1.000	ok
Hazed K Corp. Checkpoint Security	窘迫的K公司检查站安保人员	1	1	1.000	ok
Stunned K Corp. Checkpoint Security	眼前一黑的K公司检查站安保人员	1	1	1.000	ok
Reawakened Lobotomy E.G.O::Sloshing	复活的脑叶公司E.G.O::荡漾	1	1	1.000	ok
Imagined T Corp. Class 3 Collector	心象中的T公司3级征收人员	1	1	1.000	ok
Reawakened Lobotomy E.G.O::Red Sheet - Marile	复活的脑叶公司E.G.O::朱符 - 马里勒	1	1	1.000	ok
Shaking K Corp. Checkpoint Security	颤抖的K公司检查站安保人员	1	1	1.000	ok
Timid K Corp. Checkpoint Security	警惕的K公司检查站安保人员	1	1	1.000	ok
K Corp. Class 3 Empowered Staff	K公司3级员工-强化	3	1	0.333	suspect
Refracted So That No One Will Cry	折射的因而无人哭泣	1	1	1.000	ok
Refracted Whale of the Porous Hand Mermaid	折射的穴掌鲸人鱼	1	1	1.000	ok
Refracted Whale of the Porous Hand Soldier Mermaid	折射的穴掌鲸 士兵人鱼	1	1	1.000	ok
Refracted Twinhook Pirates First Mate Smee	折射的双钩海盗团大副 斯米	1	1	1.000	ok
Refracted Pallid and Blue Mermaid	折射的苍白而泛青的人鱼	1	1	1.000	ok
Refracted Whale of the Thousand Strands Mermaid	折射的千缕鲸人鱼	1	1	1.000	ok
Refracted Portrait of a Certain Day	折射的某日的肖像	1	1	1.000	ok
Refracted Enamored Researcher of the Ring?	折射的忘我的环指研究员？	1	1	1.000	ok
Refracted Mad Researcher of the Ring?	折射的发狂的环指研究员？	1	1	1.000	ok
Refracted Pointillist Researcher of the Ring?	折射的点彩派环指研究员？	1	1	1.000	ok
Refracted Hindley, The Reaved Lamenter	折射的因被夺取而哭嚎的亨德利	1	1	1.000	ok
Refracted Swift Edgar Family Butler	折射的灵敏的埃德加家族管家	1	1	1.000	ok
Refracted Fast Edgar Family Butler	折射的迅捷的埃德加家族管家	1	1	1.000	ok
Refracted Shifty Edgar Family Butler	折射的诡诈的埃德加家族管家	1	1	1.000	ok
Refracted Trained Edgar Family Butler	折射的熟练的埃德加家族管家	1	1	1.000	ok
Refracted Hostile Wuthering Heights Butler	折射的险恶的呼啸山庄管家	1	1	1.000	ok
Refracted Trained Wuthering Heights Butler	折射的受训的呼啸山庄管家	1	1	1.000	ok
The Refracted King in Binds	折射的受缚之王	1	1	1.000	ok
Refracted Kurokumo Clan Captain Jun	折射的黑云会 副会长 俊	1	1	1.000	ok
Refracted Peccatulum Invidiae?	折射的嫉妒罪种?	1	1	1.000	ok
Refracted Der Fluchschütze	折射的凶弹射手	1	1	1.000	ok
Refracted Old G Corp. Head Manager	折射的旧G公司部长	1	1	1.000	ok
Refracted Bloodbag of the Painful Parade	折射的痛苦的游行血袋	1	1	1.000	ok
Refracted Bloodbag of the Rear Parade	折射的紧随其后的游行血袋	1	1	1.000	ok
Refracted Bloodfiend of the Happy Parade	折射的幸福的游行血魔	1	1	1.000	ok
Refracted Bloodfiend of the Joyful Parade	折射的快乐的游行血魔	1	1	1.000	ok
Refracted Combative Fanghunt Office Fixer	折射的好斗的猎牙事务所收尾人	1	1	1.000	ok
Refracted Prideful Fanghunt Office Fixer	折射的心高气傲的猎牙事务所收尾人	1	1	1.000	ok
Refracted Peccatulum Pigritiae??	折射的怠惰罪种??	1	1	1.000	ok
Refracted Peccatulum Morositatis??	折射的忧郁罪种??	1	1	1.000	ok
Refracted Peccatulum Irae??	折射的暴怒罪种??	1	1	1.000	ok
Refracted Butterfly of Entangled Lives::The Pupa	折射的罗生蝶::蛹	1	1	1.000	ok
Refracted Illusory Butterfly of Entangled Lives::The Past	折射的罗生蝶幻影::过去	1	1	1.000	ok
Refracted Illusory Butterfly of Entangled Lives::The Future	折射的罗生蝶幻影::未来	1	1	1.000	ok
Refracted Butterfly of Entangled Lives::Imago	折射的罗生蝶::蝶	1	1	1.000	ok
Refracted Will You Play?	折射的玩吗？	1	1	1.000	ok
Refracted Hongyu, the Crimson Jade [紅玉]	折射的红玉	1	1	1.000	ok
The Refracted Pinky Nursefather - Shiomi Yoru	折射的小指 父辈 - 盐见夜	1	1	1.000	ok
The Refracted Ring Nursefather - Callisto	折射的环指 父辈 - 卡利斯托	1	1	1.000	ok
The Refracted Ring Apprentice - Albina	折射的环指 子辈 - 阿尔比娜	1	1	1.000	ok
[Season 4] 3★ Guarantee Decaextraction Ticket	[第4赛季]3★人格必得十连提取券	1	1	1.000	ok
[Season 4] Egoshard Crate	[第4赛季]自我碎片箱	1	1	1.000	ok
[Season 4] Nominable Egoshard Crate	[第4赛季]自我碎片自选箱	1	1	1.000	ok
[Season 4] Yi Sang’s Egoshard	[第4赛季]自我碎片-李箱	1	1	1.000	ok
[Season 4] Faust’s Egoshard	[第4赛季]自我碎片-浮士德	1	1	1.000	ok
[Season 4] Don Quixote’s Egoshard	[第4赛季]自我碎片-堂吉诃德	1	1	1.000	ok
[Season 4] Ryōshū’s Egoshard	[第4赛季]自我碎片-良秀	1	1	1.000	ok
[Season 4] Meursault’s Egoshard	[第4赛季]自我碎片-默尔索	1	1	1.000	ok
[Season 4] Hong Lu’s Egoshard	[第4赛季]自我碎片-鸿璐	1	1	1.000	ok
[Season 4] Heathcliff’s Egoshard	[第4赛季]自我碎片-希斯克利夫	1	1	1.000	ok
[Season 4] Ishmael’s Egoshard	[第4赛季]自我碎片-以实玛利	1	1	1.000	ok
[Season 4] Rodion's Egoshard	[第4赛季]自我碎片-罗佳	1	1	1.000	ok
[Season 4] Sinclair’s Egoshard	[第4赛季]自我碎片-辛克莱	1	1	1.000	ok
[Season 4] Outis’s Egoshard	[第4赛季]自我碎片-奥提斯	1	1	1.000	ok
[Season 4] Gregor’s Egoshard	[第4赛季]自我碎片-格里高尔	1	1	1.000	ok
Season 4 [Selected Sinner]’s Egoshard	第4赛季 [选择的罪人] 自我碎片	1	1	1.000	ok
[Season 5] 3★ Guarantee Decaextraction Ticket	[第5赛季]3★人格必得十连提取券	1	1	1.000	ok
[Season 5] Egoshard Crate	[第5赛季]自我碎片箱	1	1	1.000	ok
[Season 5] Nominable Egoshard Crate	[第5赛季]自我碎片自选箱	1	1	1.000	ok
[Season 5] Yi Sang’s Egoshard	[第5赛季]自我碎片-李箱	1	1	1.000	ok
[Season 5] Faust’s Egoshard	[第5赛季]自我碎片-浮士德	1	1	1.000	ok
[Season 5] Don Quixote’s Egoshard	[第5赛季]自我碎片-堂吉诃德	1	1	1.000	ok
[Season 5] Ryōshū’s Egoshard	[第5赛季]自我碎片-良秀	1	1	1.000	ok
[Season 5] Meursault’s Egoshard	[第5赛季]自我碎片-默尔索	1	1	1.000	ok
[Season 5] Hong Lu’s Egoshard	[第5赛季]自我碎片-鸿璐	1	1	1.000	ok
[Season 5] Heathcliff’s Egoshard	[第5赛季]自我碎片-希斯克利夫	1	1	1.000	ok
[Season 5] Ishmael’s Egoshard	[第5赛季]自我碎片-以实玛利	1	1	1.000	ok
[Season 5] Rodion's Egoshard	[第5赛季]自我碎片-罗佳	1	1	1.000	ok
[Season 5] Sinclair’s Egoshard	[第5赛季]自我碎片-辛克莱	1	1	1.000	ok
[Season 5] Outis’s Egoshard	[第5赛季]自我碎片-奥提斯	1	1	1.000	ok
[Season 5] Gregor’s Egoshard	[第5赛季]自我碎片-格里高尔	1	1	1.000	ok
Season 5 Uptie & Threadspinning only Shard (Universal)	第5赛季同步&异想解析专用碎片（通用）	1	1	1.000	ok
Season 5 [Selected Sinner]’s Egoshard	第5赛季 [选择的罪人] 自我碎片	1	1	1.000	ok
[Season 6] 3★ Guarantee Decaextraction Ticket	[第6赛季]3★人格必得十连提取券	1	1	1.000	ok
[Season 6] Egoshard Crate	[第6赛季]自我碎片箱	1	1	1.000	ok
[Season 6] Nominable Egoshard Crate	[第6赛季]自我碎片自选箱	1	1	1.000	ok
[Season 6] Yi Sang’s Egoshard	[第6赛季]自我碎片-李箱	1	1	1.000	ok
[Season 6] Faust’s Egoshard	[第6赛季]自我碎片-浮士德	1	1	1.000	ok
[Season 6] Don Quixote’s Egoshard	[第6赛季]自我碎片-堂吉诃德	1	1	1.000	ok
[Season 6] Ryōshū’s Egoshard	[第6赛季]自我碎片-良秀	1	1	1.000	ok
[Season 6] Meursault’s Egoshard	[第6赛季]自我碎片-默尔索	1	1	1.000	ok
[Season 6] Hong Lu’s Egoshard	[第6赛季]自我碎片-鸿璐	1	1	1.000	ok
[Season 6] Heathcliff’s Egoshard	[第6赛季]自我碎片-希斯克利夫	1	1	1.000	ok
[Season 6] Ishmael’s Egoshard	[第6赛季]自我碎片-以实玛利	1	1	1.000	ok
[Season 6] Rodion's Egoshard	[第6赛季]自我碎片-罗佳	1	1	1.000	ok
[Season 6] Sinclair’s Egoshard	[第6赛季]自我碎片-辛克莱	1	1	1.000	ok
[Season 6] Outis’s Egoshard	[第6赛季]自我碎片-奥提斯	1	1	1.000	ok
[Season 6] Gregor’s Egoshard	[第6赛季]自我碎片-格里高尔	1	1	1.000	ok
Season 6 Uptie & Threadspinning only Shard (Universal)	第6赛季同步&异想解析专用碎片（通用）	1	1	1.000	ok
Season 6 [Selected Sinner]’s Egoshard	第6赛季 [选择的罪人] 自我碎片	1	1	1.000	ok
[Season 7] 3★ Guarantee Decaextraction Ticket	[第7赛季]3★人格必得十连提取券	1	1	1.000	ok
[Season 7] Egoshard Crate	[第7赛季]自我碎片箱	1	1	1.000	ok
[Season 7] Yi Sang’s Egoshard	[第7赛季]自我碎片-李箱	1	1	1.000	ok
[Season 7] Faust’s Egoshard	[第7赛季]自我碎片-浮士德	1	1	1.000	ok
[Season 7] Don Quixote’s Egoshard	[第7赛季]自我碎片-堂吉诃德	1	1	1.000	ok
[Season 7] Ryōshū’s Egoshard	[第7赛季]自我碎片-良秀	1	1	1.000	ok
[Season 7] Meursault’s Egoshard	[第7赛季]自我碎片-默尔索	1	1	1.000	ok
[Season 7] Hong Lu’s Egoshard	[第7赛季]自我碎片-鸿璐	1	1	1.000	ok
[Season 7] Heathcliff’s Egoshard	[第7赛季]自我碎片-希斯克利夫	1	1	1.000	ok
[Season 7] Ishmael’s Egoshard	[第7赛季]自我碎片-以实玛利	1	1	1.000	ok
[Season 7] Rodion's Egoshard	[第7赛季]自我碎片-罗佳	1	1	1.000	ok
[Season 7] Sinclair’s Egoshard	[第7赛季]自我碎片-辛克莱	1	1	1.000	ok
[Season 7] Outis’s Egoshard	[第7赛季]自我碎片-奥提斯	1	1	1.000	ok
[Season 7] Gregor’s Egoshard	[第7赛季]自我碎片-格里高尔	1	1	1.000	ok
Season 7 Uptie & Threadspinning only Shard (Universal)	第7赛季同步&异想解析专用碎片（通用）	1	1	1.000	ok
Season 7 [Selected Sinner]’s Egoshard	第7赛季 [选择的罪人] 自我碎片	1	1	1.000	ok
[Season 1] 3★ Guarantee Decaextraction Ticket	[第1赛季]3★人格必得十连提取券	1	1	1.000	ok
[Season 2] 3★ Guarantee Decaextraction Ticket	[第2赛季]3★人格必得十连提取券	1	1	1.000	ok
[Season 3] 3★ Guarantee Decaextraction Ticket	[第3赛季]3★人格必得十连提取券	1	1	1.000	ok
[Season 1] Egoshard Crate	[第1赛季]自我碎片箱	1	1	1.000	ok
[Season 1] Nominable Egoshard Crate	[第1赛季]自我碎片自选箱	1	1	1.000	ok
[Season 2] Egoshard Crate	[第2赛季]自我碎片箱	1	1	1.000	ok
[Season 2] Nominable Egoshard Crate	[第2赛季]自我碎片自选箱	1	1	1.000	ok
[Season 3] Egoshard Crate	[第3赛季]自我碎片箱	1	1	1.000	ok
[Season 1] Yi Sang’s Egoshard	[第1赛季]自我碎片-李箱	1	1	1.000	ok
[Season 1] Faust’s Egoshard	[第1赛季]自我碎片-浮士德	1	1	1.000	ok
[Season 1] Don Quixote’s Egoshard	[第1赛季]自我碎片-堂吉诃德	1	1	1.000	ok
[Season 1] Ryōshū’s Egoshard	[第1赛季]自我碎片-良秀	1	1	1.000	ok
[Season 1] Meursault’s Egoshard	[第1赛季]自我碎片-默尔索	1	1	1.000	ok
[Season 1] Hong Lu’s Egoshard	[第1赛季]自我碎片-鸿璐	1	1	1.000	ok
[Season 1] Heathcliff’s Egoshard	[第1赛季]自我碎片-希斯克利夫	1	1	1.000	ok
[Season 1] Ishmael’s Egoshard	[第1赛季]自我碎片-以实玛利	1	1	1.000	ok
[Season 1] Rodion’s Egoshard	[第1赛季]自我碎片-罗佳	1	1	1.000	ok
[Season 1] Sinclair’s Egoshard	[第1赛季]自我碎片-辛克莱	1	1	1.000	ok
[Season 1] Outis’s Egoshard	[第1赛季]自我碎片-奥提斯	1	1	1.000	ok
[Season 1] Gregor’s Egoshard	[第1赛季]自我碎片-格里高尔	1	1	1.000	ok
Season 1 [Selected Sinner]’s Egoshard	第1赛季 [选择的罪人] 自我碎片	1	1	1.000	ok
[Season 2] Yi Sang’s Egoshard	[第2赛季]自我碎片-李箱	1	1	1.000	ok
[Season 2] Faust’s Egoshard	[第2赛季]自我碎片-浮士德	1	1	1.000	ok
[Season 2] Don Quixote’s Egoshard	[第2赛季]自我碎片-堂吉诃德	1	1	1.000	ok
[Season 2] Ryōshū’s Egoshard	[第2赛季]自我碎片-良秀	1	1	1.000	ok
[Season 2] Meursault’s Egoshard	[第2赛季]自我碎片-默尔索	1	1	1.000	ok
[Season 2] Hong Lu’s Egoshard	[第2赛季]自我碎片-鸿璐	1	1	1.000	ok
[Season 2] Heathcliff’s Egoshard	[第2赛季]自我碎片-希斯克利夫	1	1	1.000	ok
[Season 2] Ishmael’s Egoshard	[第2赛季]自我碎片-以实玛利	1	1	1.000	ok
[Season 2] Rodion’s Egoshard	[第2赛季]自我碎片-罗佳	1	1	1.000	ok
[Season 2] Sinclair’s Egoshard	[第2赛季]自我碎片-辛克莱	1	1	1.000	ok
[Season 2] Outis’s Egoshard	[第2赛季]自我碎片-奥提斯	1	1	1.000	ok
[Season 2] Gregor’s Egoshard	[第2赛季]自我碎片-格里高尔	1	1	1.000	ok
[Season 3] Yi Sang’s Egoshard	[第3赛季]自我碎片-李箱	1	1	1.000	ok
[Season 3] Faust’s Egoshard	[第3赛季]自我碎片-浮士德	1	1	1.000	ok
[Season 3] Don Quixote’s Egoshard	[第3赛季]自我碎片-堂吉诃德	1	1	1.000	ok
[Season 3] Ryōshū’s Egoshard	[第3赛季]自我碎片-良秀	1	1	1.000	ok
[Season 3] Meursault’s Egoshard	[第3赛季]自我碎片-默尔索	1	1	1.000	ok
[Season 3] Hong Lu’s Egoshard	[第3赛季]自我碎片-鸿璐	1	1	1.000	ok
[Season 3] Heathcliff’s Egoshard	[第3赛季]自我碎片-希斯克利夫	1	1	1.000	ok
[Season 3] Ishmael’s Egoshard	[第3赛季]自我碎片-以实玛利	1	1	1.000	ok
[Season 3] Rodion’s Egoshard	[第3赛季]自我碎片-罗佳	1	1	1.000	ok
[Season 3] Sinclair’s Egoshard	[第3赛季]自我碎片-辛克莱	1	1	1.000	ok
[Season 3] Outis’s Egoshard	[第3赛季]自我碎片-奥提斯	1	1	1.000	ok
[Season 3] Gregor’s Egoshard	[第3赛季]自我碎片-格里高尔	1	1	1.000	ok
Season 2 [Selected Sinner]’s Egoshard	第2赛季 [选择的罪人] 自我碎片	1	1	1.000	ok
Nominable S1 Battle Pass E.G.O Ticket	第1赛季通行证E.G.O自选券	1	1	1.000	ok
Season 4 Uptie & Threadspinning only Shard (Universal)	第4赛季同步&异想解析专用碎片（通用）	1	1	1.000	ok
Starlight of Names and Spiders	名与蛛的星芒	1	1	1.000	ok
Nominable Announcer Ticket [Yisang Exchange]	播报员自选券[理想兑换]	1	1	1.000	ok
Gain a random Tier {0} E.G.O Gift	随机获得一件{0}级E.G.O饰品	1	1	1.000	ok
E.G.O Resource +{1} for {0} different Affinities	随机{0}种E.G.O资源各+{1}	1	1	1.000	ok
E.G.O Resource +{1} for {0} of the least-owned Affinities	最少的{0}种E.G.O资源各+{1}	1	1	1.000	ok
Mirror of Mirrors - Normal	镜中之镜 - 普通	1	1	1.000	ok
Mirror of Mirrors - Hard	镜中之镜 - 困难	1	1	1.000	ok
Mirror of the Lake - Normal	湖之镜 - 普通	1	1	1.000	ok
Mirror of the Lake - Hard	湖之镜 - 困难	1	1	1.000	ok
Mirror of the Wuthering - Simulation	呼啸之镜 - 模拟	1	1	1.000	ok
Mirror of the Wuthering - Ritornello	呼啸之镜 - Ritornello	1	1	1.000	ok
Mirror of the Dreaming [NORMAL]	梦中之镜[普通]	1	0	0.000	noise
Mirror of the Dreaming [HARD]	梦中之镜[困难]	1	0	0.000	noise
Mirror of Immortality [NORMAL]	永生之镜 [NORMAL]	1	1	1.000	ok
Mirror of Immortality [HARD]	永生之镜 [HARD]	1	1	1.000	ok
Mirror of Names and Spiders [NORMAL]	名与蛛之镜 [NORMAL]	1	1	1.000	ok
Mirror of Names and Spiders [HARD]	名与蛛之镜 [HARD]	1	1	1.000	ok
Faith & Erosion	信仰与侵蚀	1	1	1.000	ok
Nest, Workshop, and Technology	巢、工坊、技术	1	1	1.000	ok
Slicers & Dicers	斩切者们	1	1	1.000	ok
Piercers & Penetrators	穿刺者们	1	1	1.000	ok
Crushers & Breakers	粉碎者们	1	1	1.000	ok
Mountain of Corpses, Sea of Blood	尸山血海	1	1	1.000	ok
Line 4 - Section #3	4号线 - 第3区段	1	1	1.000	ok
Line 4 - Section #4	4号线 - 第4区段	1	1	1.000	ok
Line 3 - Terminus	3号线 - 终点站	1	1	1.000	ok
Line 1 : MADNESS	1号线 : 疯狂	1	1	1.000	ok
Complete & Total Extermination	即刻处刑时间	1	1	1.000	ok
The Master of La Manchaland	拉·曼却领之主	1	1	1.000	ok
Choose Identity to Level Up	选择进行升级的人格	1	1	1.000	ok
Will you enhance the selected Identity?	要升级选中的人格吗？	1	1	1.000	ok
Identity Powered Up!	人格已强化！	1	1	1.000	ok
Terminate the ongoing simulation?	要终止正在进行的模拟吗？	1	1	1.000	ok
{0} Simulation Progress	{0} 模拟进度	1	1	1.000	ok
◆ No Rewards	◆ 不会获得奖励	1	1	1.000	ok
{0} Simulation	{0}的模拟	2	1	0.500	suspect
Are you sure you wish to proceed?	未装备E.G.O。	1	1	1.000	ok
◆ No Enkephalin Module Cost	◆ 不会消耗脑啡肽模块	1	1	1.000	ok
Level Up #{0}	已达到阶段{0}	1	1	1.000	ok
! Simulating… !	！模拟中	1	1	1.000	ok
Data was lost due to a server error.	由于服务器错误，数据丢失。	2	1	0.500	suspect
The selected Sinner heals {0}% HP and {1} SP	所选罪人恢复{0}%体力和{1}点理智值	1	1	1.000	noise
All Sinners heal {0}% HP and {1} SP	全体罪人恢复{0}%体力和{1}点理智值	1	1	1.000	noise
Pick up a mirror shard amid the crumbs.	拾起在碎屑中发现的镜子碎片。	2	1	0.500	suspect
Replace {0}'s Skill	替换{0}的技能	1	1	1.000	ok
Clear Mirror of Mirrors on Normal to unlock	通过镜中之镜普通难度时解锁	1	1	1.000	ok
Mirror Dungeon {0}	镜像迷宫 {0}	2	1	0.500	suspect
Spend your 「Weekly Bonuses」 to claim the bonus rewards?	要消耗“每周加成”以领取额外奖励吗？	1	1	1.000	ok
End expedition without claiming rewards?	要在不领取奖励的情况下结束探索吗？	1	1	1.000	ok
The selected Sinner heals {0}% HP	所选罪人恢复{0}%的体力	2	1	0.500	noise
All Sinners heal {0}% HP	全体罪人恢复{0}%的体力	2	1	0.500	noise
Place the crumb on the table.	将碎屑放到桌面上。	1	1	1.000	ok
Clear Main Story 4-54 and Mirror of the Beginning to unlock	通过主线4-54和起始之镜时解锁	1	1	1.000	ok
Pick up a mirror shard amid the crumbs.	捡起在碎屑中看到的镜子碎片。	2	1	0.500	suspect
Place the most tired Sinner in the chair.	让最疲劳的罪人在椅子上休息。	1	1	1.000	ok
All Sinners take a seat to rest.	让全体罪人坐在椅子上休息。	1	1	1.000	noise
The bizarre and curious things draw your attention.	一些神奇而怪诞的事物吸引了你的注意力。	1	1	1.000	ok
You hear something drop with a clang.	你听到什么东西掉落的声音。	1	1	1.000	ok
Anything else to buy?	要再买点什么吗？	1	1	1.000	ok
Exploring Floor {0}	正在探索第{0}层	1	1	1.000	ok
Who should take the rest?	座位并不宽敞。	1	1	1.000	ok
Leave the shop?	要离开商店吗？	1	1	1.000	ok
Leave the rest stop?	要离开休息点吗？	1	1	1.000	ok
Spend the Cost to deploy the selected Identities and E.G.O?	是否确认花费经费以编入所选人格与E.G.O？	1	1	1.000	ok
Activate Challenge Mode?	要激活挑战模式吗？	1	1	1.000	ok
- Identity Levels 45	- 人格等级 45	1	1	1.000	ok
- E.G.O Threadspin Tier 3	- E.G.O异想解析 3阶段	1	1	1.000	ok
- Identity Uptie Tier 3	- 人格同步 3阶段	1	1	1.000	ok
- All Starter Buffs Active	- 开局增益全部激活	1	1	1.000	ok
Higher Tier Burn Gifts appear	出现烧伤类饰品的概率提高	1	1	1.000	ok
Higher Tier Bleed Gifts appear	出现流血类饰品的概率提高	1	1	1.000	ok
Higher Tier Tremor Gifts appear	出现震颤类饰品的概率提高	1	1	1.000	ok
Higher Tier Rupture Gifts appear	出现破裂类饰品的概率提高	1	1	1.000	ok
Higher Tier Sinking Gifts appear	出现沉沦类饰品的概率提高	1	1	1.000	ok
Higher Tier Poise Gifts appear	出现呼吸法类饰品的概率提高	1	1	1.000	ok
Higher Tier Charge Gifts appear	出现充能类饰品的概率提高	1	1	1.000	ok
Higher Tier Random Gifts appear	出现随机饰品的概率提高	1	1	1.000	ok
Tier 4+ Gifts appear & Higher Tier Gifts appear	出现4级以上饰品&出现饰品等级提高	1	1	1.000	ok
Selectable Burn E.G.O Gift +1	出现的烧伤类饰品数量+1	1	1	1.000	ok
Selectable Bleed E.G.O Gift +1	出现的流血类饰品数量+1	1	1	1.000	ok
Selectable Tremor E.G.O Gift +1	出现的震颤类饰品数量+1	1	1	1.000	ok
Selectable Rupture E.G.O Gift +1	出现的破裂类饰品数量+1	1	1	1.000	ok
Selectable Sinking E.G.O Gift +1	出现的沉沦类饰品数量+1	1	1	1.000	ok
Selectable Poise E.G.O Gift +1	出现的呼吸法类饰品数量+1	1	1	1.000	ok
Selectable Charge E.G.O Gift +1	出现的充能类饰品数量+1	1	1	1.000	ok
Selectable Random E.G.O Gift +1	出现的随机饰品数量+1	1	1	1.000	ok
Introduce 2 new Burn Gifts	追加出现2款烧伤类饰品	1	1	1.000	ok
Introduce 2 new Bleed Gifts	追加出现2款流血类饰品	1	1	1.000	ok
Introduce 2 new Tremor Gifts	追加出现2款震颤类饰品	1	1	1.000	ok
Introduce 2 new Rupture Gifts	追加出现2款破裂类饰品	1	1	1.000	ok
Introduce 2 new Sinking Gifts	追加出现2款沉沦类饰品	1	1	1.000	ok
Introduce 2 new Poise Gifts	追加出现2款呼吸法类饰品	1	1	1.000	ok
Introduce 2 new Charge Gifts	追加出现2款充能类饰品	1	1	1.000	ok
Gain more Cost from Combat Encounters	在战斗中获得的经费增加	1	1	1.000	ok
Gain more Cost from Regular Encounters	在常规遭遇战中获得的经费增加	1	1	1.000	ok
Gain more Cost from Focused Encounters	在集中遭遇战中获得的经费增加	1	1	1.000	ok
Gain more Cost from Risky Encounters	在危险遭遇战中获得的经费增加	1	1	1.000	ok
Gain more Cost from Floor Boss Encounters	在阶层头目战中获得的经费增加	1	1	1.000	ok
Gift Choice +1	可选择饰品数量+1	1	1	1.000	ok
Small chance for a free Refresh	较低概率免费进行刷新	1	1	1.000	ok
Small chance for a free Enhance	较低概率免费进行强化	1	1	1.000	ok
Cheaper Burn Gift Enhancement Cost	强化烧伤类饰品所需经费减少	1	1	1.000	ok
Cheaper Bleed Gift Enhancement Cost	强化流血类饰品所需经费减少	1	1	1.000	ok
Cheaper Tremor Gift Enhancement Cost	强化震颤类饰品所需经费减少	1	1	1.000	ok
Cheaper Rupture Gift Enhancement Cost	强化破裂类饰品所需经费减少	1	1	1.000	ok
Cheaper Sinking Gift Enhancement Cost	强化沉沦类饰品所需经费减少	1	1	1.000	ok
Cheaper Poise Gift Enhancement Cost	强化呼吸法类饰品所需经费减少	1	1	1.000	ok
Cheaper Charge Gift Enhancement Cost	强化充能类饰品所需经费减少	1	1	1.000	ok
Cheaper Burn Gift Purchase Cost	购买烧伤类饰品所需经费减少	1	1	1.000	ok
Cheaper Bleed Gift Purchase Cost	购买流血类饰品所需经费减少	1	1	1.000	ok
Cheaper Tremor Gift Purchase Cost	购买震颤类饰品所需经费减少	1	1	1.000	ok
Cheaper Rupture Gift Purchase Cost	购买破裂类饰品所需经费减少	1	1	1.000	ok
Cheaper Sinking Gift Purchase Cost	购买沉沦类饰品所需经费减少	1	1	1.000	ok
Cheaper Poise Gift Purchase Cost	购买呼吸法类饰品所需经费减少	1	1	1.000	ok
Cheaper Charge Gift Purchase Cost	购买充能类饰品所需经费减少	1	1	1.000	ok
Cheaper Keywordless Gift Purchase Cost	购买泛用型饰品所需经费减少	1	1	1.000	ok
Deal +4% Slash Damage	斩击伤害+4%	1	1	1.000	ok
Deal +4% Pierce Damage	突刺伤害+4%	1	1	1.000	ok
Deal +4% Blunt Damage	打击伤害+4%	1	1	1.000	ok
Slash Resistance -0.1	斩击抗性-0.1	1	1	1.000	ok
Pierce Resistance -0.1	突刺抗性-0.1	1	1	1.000	ok
Blunt Resistance -0.1	打击抗性-0.1	1	1	1.000	ok
Fuse the selected E.G.O Gifts?	是否合成E.G.O饰品？	1	1	1.000	ok
Clear Canto IV to Unlock	通过第4章后解锁	1	1	1.000	ok
Summary/Details	概要/详情	1	1	1.000	ok
Select the E.G.O Gift you would like to sell.	请选择要售卖的E.G.O饰品。	1	1	1.000	ok
Sell [{0}] for {1} Cost?	是否以{1}点经费的售价售卖[{0}]？	1	1	1.000	ok
Starter Buffs - Astral Milestones	开局增益 - 星位里程碑	1	1	1.000	ok
! Exploring !	! 探索中 !	1	1	1.000	ok
Normal Floor {0}	普通难度第{0}层	1	1	1.000	ok
※ Difficulty: {0} [x{1}]	※ 难度： {0} [x{1}]	1	1	1.000	ok
This E.G.O Gift cannot be Enhanced.	该E.G.O饰品无法强化。	1	1	1.000	ok
This E.G.O Gift is already fully Enhanced.	该E.G.O饰品已达到强化极限。	1	1	1.000	ok
You need to own at least 2 E.G.O Gifts.	需要至少2件E.G.O饰品。	1	1	1.000	ok
You can select only Tier 3 or lower E.G.O Gifts.	只可选择3级以下的E.G.O饰品。	1	1	1.000	ok
You cannot sell this E.G.O Gift.	该E.G.O饰品无法售卖。	1	1	1.000	ok
Refresh (Once)	刷新（1次）	1	1	1.000	ok
Hard Floor {0}	困难{0}层	1	1	1.000	ok
This E.G.O Gift cannot be Fused.	该E.G.O饰品无法合成。	1	1	1.000	ok
{0} - Featured Theme Packs	{0} - 主题卡包	1	1	1.000	ok
Simulation Floor {0}	模拟第{0}层	1	1	1.000	ok
Ritornello Floor {0}	Ritornello第{0}层	1	1	1.000	ok
Ringing of the New Year's Eve	除夕夜的钟声	1	1	1.000	ok
Path of the West Wind	西风归路	1	1	1.000	ok
(NOT USED)	(未使用)	1	1	1.000	ok
Combining Gifts with the same Keyword	相同关键词的情况	1	1	1.000	ok
Combining Gifts when only 2/3 Gifts share the Keyword	有两个关键词相同而一个不同的情况	1	1	1.000	ok
Tier 1 + Tier 1 + Tier 1 => Tier 1	1级 + 1级 + 1级 => 1级	1	1	1.000	ok
Tier 1 + Tier 1 + Tier 1 => <color=#f8c200>Tier 2</color>	1级 + 1级 + 1级 => <color=#f8c200>2级</color>	1	1	1.000	ok
Tier 1 + Tier 1 + Tier 2 => Tier 1	1级 + 1级 + 2级 => 1级	1	1	1.000	ok
Tier 1 + Tier 1 + Tier 2 => <color=#f8c200>Tier 2</color>	1级 + 1级 + 2级 => <color=#f8c200>2级</color>	1	1	1.000	ok
Tier 1 + Tier 2 + Tier 3 => Tier 2	1级 + 2级 + 3级 => 2级	1	1	1.000	ok
Tier 1 + Tier 2 + Tier 3 => <color=#f8c200>Tier 3</color>	1级 + 2级 + 3级 => <color=#f8c200>3级</color>	1	1	1.000	ok
Tier 2 + Tier 3 + Tier 3 => Tier 3	2级 + 3级 + 3级 => 3级	1	1	1.000	ok
Tier 2 + Tier 3 + Tier 3 => <color=#f8c200>Tier 4</color>	2级 + 3级 + 3级 => <color=#f8c200>4级</color>	1	1	1.000	ok
Select Floor {0} Theme Pack	选择{0}层主题卡包	1	1	1.000	ok
Did Not Gain an E.G.O Gift	E.G.O饰品获取失败	1	1	1.000	ok
Shop - Keyword Refresh	商店 - 关键词刷新	1	1	1.000	ok
Please choose a Keyword you want to Fuse into.	请选择一个关键词。	1	1	1.000	ok
Number of ingredient E.G.O Gifts used for Fusion	作为合成材料的E.G.O饰品的数量	1	1	1.000	ok
Rates for an E.G.O Gift with your selected Keyword	所选关键词出现概率	1	1	1.000	ok
Enemy Level Up +{0}	敌方等级增加+{0}	1	1	1.000	ok
A Trial has been added.	苦难已追加。	1	1	1.000	ok
Grace of Stars has been selected.	星之恩惠已选择完毕。	1	1	1.000	ok
What should we do?	可以恢复或是复活罪人。	31	1	0.032	suspect
HP and SP healed for {0}.	罪人{0}的体力与理智值恢复了。	1	1	1.000	ok
All Sinners' HP and SP have been healed.	全体罪人的体力与理智值恢复了。	1	1	1.000	noise
{0}, revived, returns to battle.	罪人{0}复活，可以重新参与战斗。	1	1	1.000	ok
At {0}+ Starlight Bonus	星芒奖励不低于{0}	1	1	1.000	ok
Continue with selected effects?	要选择此效果吗？	1	1	1.000	ok
Remaining Starlight Bonus will be converted to Cost	剩余的星芒奖励将转换为经费。	1	1	1.000	ok
Greatly heal a single Sinner.	1名罪人大量恢复。	1	1	1.000	ok
Select the Sinner to revive.	选择要复活的罪人。	1	1	1.000	ok
Mirror of the Dreaming - F{0}	梦中之镜第{0}层	1	1	1.000	ok
11~16 Points	11~16点	1	1	1.000	ok
17 ~ 24 Points	17~24点	1	1	1.000	ok
25+ Points	25点以上	1	1	1.000	ok
<color=#990000>Super Shop</color>	<color=#990000>特殊商店</color>	1	1	1.000	ok
4+ Gifts	4件以上	2	1	0.500	suspect
Identity Levels +3	获得长线战斗奖励	1	1	1.000	ok
At [10]+ Starlight Bonus	星芒不低于[10]点	1	1	1.000	ok
At [20]+ Starlight Bonus	星芒不低于[20]点	1	1	1.000	ok
At [30]+ Starlight Bonus	星芒不低于[30]点	1	1	1.000	ok
At [40]+ Starlight Bonus	星芒不低于[40]点	1	1	1.000	ok
At [50]+ Starlight Bonus	星芒不低于[50]点	1	1	1.000	ok
At [60]+ Starlight Bonus	星芒不低于[60]点	1	1	1.000	ok
15 ~ 21 Points	15~21点	1	1	1.000	ok
22+ Points	22点以上	1	1	1.000	ok
※ Purchasing {0} Projection Rate costs {1} Paid Lunacy.	※ 购买 {0} 投影度需要花费 {1} 付费狂气。	1	1	1.000	ok
Spend {0} Paid Lunacy to purchase Projection Rate?	要消耗 {0} 付费狂气来购买投影度吗？	1	1	1.000	ok
Parallel Superposition Mode :	平行叠加模式：	1	1	1.000	ok
Search Theme Packs for Floor {0}	观测第{0}阶层主题卡包	1	1	1.000	ok
'{0}' Pack will be replaced with '{1}' Pack.	主题卡包“{0}”将被“{1}”替换。	1	1	1.000	ok
Spend 5 Starlight to improve Fusion chance?	是否要消耗5星芒以提升合成概率？	1	1	1.000	ok
This is a guaranteed E.G.O Gift Fusion Recipe.	此为固定的E.G.O饰品合成配方。	1	1	1.000	ok
This Theme Pack is already available.	该主题卡包已在可选列表中。	1	1	1.000	ok
This Theme Pack's unlock conditions need to be met first.	您必须先满足该主题卡包的解锁条件。	1	1	1.000	ok
Not enough Starlight to Observe Theme Packs.	用于观测该主题卡包的星芒不足。	1	1	1.000	ok
Clear Canto 7 to Unlock.	通关第7章后解锁。	1	1	1.000	ok
Hard Difficulty will be updated at a later date.	困难难度将在后续更新中开放。	1	1	1.000	ok
Fusion Forecast cannot exceed 100%.	合成概率无法超过100%。	1	1	1.000	ok
Mirror of Immortality - F{0}	永生之镜 第{0}层	1	1	1.000	ok
At {0}+ Starlight	{0}星芒以上	2	1	0.500	suspect
Unused Starlight have been added to the Clear Rewards.	未使用的星芒已并入清剿奖励。	1	1	1.000	ok
※ Rounded down.	※小数点后舍去。	1	1	1.000	ok
Forgo E.G.O Gift Search?	要放弃E.G.O饰品观测吗？	1	1	1.000	ok
You do not have enough Starlight for this Gift Search.	您现在可用的星芒量，少于饰品观测的星芒所需量。	1	1	1.000	ok
No Grace of Stars Selected	未选择星之恩惠	1	1	1.000	ok
Season {0} Battle Pass	第{0}赛季通行证	1	1	1.000	ok
Accept results and return to Stage select	接受结果并前往关卡入场界面	1	1	1.000	ok
All participating Sinners have been killed.	参加战斗的全体罪人已经死亡。	1	1	1.000	noise
Remaining Units:	当前剩余人员：	1	1	1.000	ok
Dimension Reversal Zone - COGNITION ERROR WARNING	次元反转区域 - 认知错误警告	1	1	1.000	ok
Deployment Order has been restored via ally revival.	由于友方复活，已恢复编队顺序	1	1	1.000	ok
Mirror of Names and Spiders - F{0}	名与蛛之镜 第{0}层	1	1	1.000	ok
No E.G.O Gifts available for Refresh.	没有可刷新的E.G.O饰品。	1	1	1.000	ok
Not enough Starlight for Refresh.	用于刷新的星芒不足。	1	1	1.000	ok
Grace of Stars <{0}> Activated: Gained Vestige(s)	触发星之恩惠<{0}>效果：获得残影	1	1	1.000	ok
Clear Canto VIII to Unlock.	通关第8章后解锁。	1	1	1.000	ok
({0} battles won)	(当前{0}场)	1	1	1.000	ok
Select a Sinner for Skill Replacement.	请选择要替换技能的罪人。	1	1	1.000	ok
Return to healing type selection	选择恢复类型	1	1	1.000	ok
Cannot Enhance to the same Tier.	该E.G.O饰品已强化，无法继续强化。	1	1	1.000	ok
You need more Cost to Enhance this E.G.O Gift.	用于强化的经费不足。	1	1	1.000	ok
Cannot be Enhanced to the selected Tier.	无法强化至该阶段。	1	1	1.000	ok
[Entanglement]	无法合成[纠缠]	1	1	1.000	ok
{0} Projection	{0}投影	2	1	0.500	suspect
Filter - Keyword	筛选-关键词	1	1	1.000	ok
Filter - Acquisition	筛选-拥有情况	1	1	1.000	ok
Current Theme Pack-Exclusive - Fusion	当前主题卡包限定-合成	1	1	1.000	noise
That's Goin' in the Book	写进账簿吧	1	1	1.000	ok
Don't Resist and Accept Your Punishments	老实接受执行吧	1	1	1.000	ok
That Heishou's Left Me a Smarting Ache	黑兽混蛋留下的伤口真疼啊	1	1	1.000	ok
You're The Middle's Priority Revenge Target	中指的优先复仇对象	1	1	1.000	ok
Júbilo Hedonista	随兴游乐	1	1	1.000	ok
Flaring Up~	真火热呢~	1	1	1.000	ok
Isn’t It Warm?	很温暖吧？	1	1	1.000	ok
Thou Shalt Hammer!	汝当锤！	1	1	1.000	ok
Here’s to Getting Off Early~	祝提前下班~	1	1	1.000	ok
Carrot & Stick	恩威并用	1	1	1.000	ok
Eyes of a Friend Who ████	■■■■的朋友之眼	1	1	1.000	ok
Vibroweld Morph-combat Cane (Unauthorized Invention)	震动结合变形战斗拐杖(未许可发明)	1	1	1.000	ok
Golden Time - Extracting	黄金时间-收取	1	1	1.000	ok
T Corp. Physics Distortion Field	T公司制物理扭曲场	1	1	1.000	ok
Golden Time - Standoff	黄金时间-对抗	1	1	1.000	ok
Overcharge / Cleanup Order	过度充能/清扫指示	1	1	1.000	ok
Lemme go and I swear I'll make it in time!	放我一马我保证一定会好好完成派送的！	1	1	1.000	ok
Bloodfiend Hunting Manual - Styptics	血魔狩猎教程-止血	1	1	1.000	ok
Don Quixote Hardblood Arts 8: Scissors	堂吉诃德派硬血8式剪刀	1	1	1.000	ok
"Blossom with Blood..."	“令血盛开…”	1	1	1.000	ok
I'll do better next time...	下次会好好派送的…	2	1	0.500	suspect
Bearer of the Blood Kin	背负血族之人	1	1	1.000	ok
‘Feed your repressed hunger, my Family’	“族人们啊，去满足压抑已久的饥饿吧”	1	1	1.000	ok
E.G.O disintegration is not unlike decomposition of compost	E.G.O崩溃之时，将尽数分解为养分	1	1	1.000	ok
District 12 Special Workshop Fuel	12区特制工坊燃料	1	1	1.000	ok
I hope they're from our Office...	希望那是我们事务所的制服…	1	1	1.000	ok
Like a Serpent: Flexible, Elastic, and Unpredictable	蛇行突袭	1	1	1.000	ok
Heishou Mutation [Mao] / Mao Branch Adept	黑兽化【卯】/卯 魁首	1	1	1.000	ok
Rupture-breathing Resolve [破吸自桓]	破吸自桓	1	1	1.000	ok
Lingering Resolve [餘桓]	余桓	1	1	1.000	ok
Whispers of the Betrayed Knight	受叛骑士之私语	1	1	1.000	ok
Break, Tear, and Pierce	摧毁、撕裂、刺穿	1	1	1.000	ok
Golden Time - Microcavity	黄金时间-共振	1	1	1.000	ok
Expeditious Execution of Official Duties	迅速执行公务	1	1	1.000	ok
Please be traceless in your deeds.	行事勿留把柄，扫清痕迹。	1	1	1.000	ok
The Steed's Houndlike Loyalty [狗馬之心]	犬马之心	1	1	1.000	ok
Obsidian Exoskeleton Shall Rend and Protect My Flesh	裂肉而生之玄甲，守护我身	1	1	1.000	ok
Let me show everyone something very interesting	给你们都看点有趣的	1	1	1.000	ok
Snipe - Archery	狙击-弓	1	1	1.000	ok
One day I'll wear me Armour for Cancelled Trains	“总有一天我会穿上停运列车清理用装甲的”	1	1	1.000	ok
Responsibility of a Former Prince	曾为王子的责任	1	1	1.000	ok
Lament of the Lost Sheep [亡羊之嘆]	亡羊之叹	1	1	1.000	ok
Unlock / Effloresced E.G.O::Procuration	解放/绽放E.G.O::代行	1	1	1.000	ok
The Great Magicked Beeper Knoweth My Desire!	魔法哔哔大人果真明白吾之心愿呢！	1	1	1.000	ok
This, too, is the Grace of the Great Magicked Beeper!	此亦为魔法哔哔大人之恩惠吧	1	1	1.000	ok
Hey, Are Ya Into Fixers, Too?	你…也喜欢收尾人吗？	1	1	1.000	ok
Were There More Lives to be Saved?	还有需要拯救的生命吗	1	1	1.000	ok
The Oracle's Proxy / Unlock	神谕代行者/解放	1	1	1.000	ok
E.G.O Alteration / Spore Round	E.G.O变调/孢子弹	1	1	1.000	ok
Needs a Rougher Touch for this Part...!	这里稍微狂野一点…！	1	1	1.000	ok
Nice and Slow, Don't Let It Break...	轻轻地，不要把它弄坏…	1	1	1.000	ok
The Master's Tutelage [師事]	师事	1	1	1.000	ok
Book of Vengeance - The House of Spiders Special Clause	复仇账簿-蜘蛛巢特别条款	1	1	1.000	ok
Smell of Blood and Fire	血与火的气息	1	1	1.000	ok
Saikai [再会] - The Middle	再会-中指	1	1	1.000	ok
Someone Mess With the Family?	谁对我的家人动手了	1	1	1.000	ok
Cut Down What Must Be Felled	斩而杀之，仅此而已	3	1	0.333	suspect
I'll Melt Open the Way Out	退路我就先熔掉咯	1	1	1.000	ok
Receiving Arts 9: Binding	迎客之道第9式 捆缚	1	1	1.000	ok
I'll Cut You First!	从你开始切吧！	1	1	1.000	ok
The Enthralling Tales, the Beating Passion	侧耳倾听的故事与激荡的心情	1	1	1.000	ok
If we can be freed from this excruciating sickness	若能摆脱这可怖的疾病	1	1	1.000	ok
Can I go on an adventure, too?	我也能去冒险吗	1	1	1.000	ok
But I have my Father and my Family whom I cannot abandon	但我有亲族、有家人，不能视而不见	1	1	1.000	ok
This Explosive Insanity!	像疯了一样爆炸！	1	1	1.000	ok
Fix Core HP to 1	本体的体力维持为1	1	1	1.000	ok
La Manchaland, Abandoned and Festering	被遗弃而溃烂的拉·曼却领	1	1	1.000	ok
The Eternal Cycle of Windmills, Wheels, and Us	永远转动的风车，大摩天轮，以及我们	1	1	1.000	ok
Here we go... another lap.	再次…再次旋转…	1	1	1.000	ok
Broken Fragment of a Futile, Naive Dream	空虚而安逸之梦的碎片	1	1	1.000	ok
A Selfish Wish at the Expense of the Family	牺牲了家族的自私愿望	1	1	1.000	ok
I never should've dreamed this irresponsible dream	不可奢求的那不负责任的梦	1	1	1.000	ok
Deteriorate (削貶)	削贬	1	1	1.000	ok
This is where your path ends	你的道就到此为止了吗	1	1	1.000	ok
Shin (心) Radiance	心之焕发	1	1	1.000	ok
Bolus of... Immortality?	不老不死之丸？	1	1	1.000	ok
I'VE NEVER FELT BETTER!	感觉最棒了！	1	1	1.000	ok
MY REVENGEANCE HAS JUST BEGUN!	余的复仇开始啦！	2	1	0.500	suspect
Master of the Deathrite Monks	役使咒杀僧之人	1	1	1.000	ok
Dammit... Take them out!	妈的…处理掉那些家伙！	1	1	1.000	ok
Ugh... these damn engravings...!	呃…那该死的纹样…！	1	1	1.000	ok
Your shabby weapons are incomparable to mine	跟你那破烂武器不在一个次元	1	1	1.000	ok
Is that all you've got?	就这点能耐？	1	1	1.000	ok
Jin Gang, Unbreakable Diamond	金刚不坏	1	1	1.000	ok
My Little Brother's Hand I Let Slip	未能握住的弟弟之手	1	1	1.000	ok
The Cost of Fell Bullets	凶弹的代价	1	1	1.000	ok
A new era is upon us, my dear fellow.	友人啊，新时代即将到来。	1	1	1.000	ok
Please, dedicate yourself for the new ideal.	请为崭新的理想献身吧。	1	1	1.000	ok
Golden Bough Assimilation - Malattunement	金枝同化-未感应	1	1	1.000	ok
Forbidden Pill of Hongyuan - Completed Heixian Bolus [全黑仙丸]	鸿园禁药-全黑仙丸	1	1	1.000	ok
Golden Bough Assimilation - Distortion	金枝同化-扭曲	1	1	1.000	ok
Rot and Decay in the Husk of Gold and Jade [金玉其外 敗絮其中]	金玉其外 败絮其中	1	1	1.000	ok
Witness Me, O Revered Xianren!	仙人啊，请看吧！	1	1	1.000	ok
Duties of the Precious Jade	宝玉的本分	1	1	1.000	ok
Refute the Evil; Restore Justice [破邪顯正]	破邪显正	1	1	1.000	ok
O The Supreme Xianren of Immortality	至高无上的不死仙人	1	1	1.000	ok
Let us be eternally free from aging and death	永生永世的不老不死	1	1	1.000	ok
Deeper in the World of Bristly	变得愈加蓬乱的头发	1	1	1.000	ok
I CAN'T BAG THE GIFTS!!	礼物塞不下啦！！	1	1	1.000	ok
Palermitan Rapier / The Cleaving Blade	巴勒莫剑/切斩刀	1	1	1.000	ok
A Textbook with a Singular Purpose	只为一个目的制作的教材	1	1	1.000	ok
Searching Arm - Partial Deterrence Release	寻找着某物的手臂-抑制力部分解除	1	1	1.000	ok
Ebony Queen - Partial Deterrence Release	黑檀女王-抑制力部分解除	1	1	1.000	ok
Increased Aggression - Partial Deterrence Release	攻击性强化-抑制力部分解除	1	1	1.000	ok
Lacerating Afterimages from Myriad Moments	从多重时间斩来的残像	1	1	1.000	ok
'I Shall Give You Some Quarter'	“适当应付一下吧”	1	1	1.000	ok
Living Nerves - Partial Deterrence Release	鲜活的神经-抑制力部分解除	1	1	1.000	ok
Flaming Wings - Partial Deterrence Release	燃烧的双翼-抑制力部分解除	1	1	1.000	ok
Artwork Pleasing to the Senses	令人满意的艺术	1	1	1.000	ok
The Pulse and Beat of Corpus-turned-Ingredient	作为材料的肉体的搏动	1	1	1.000	ok
Whoa... That looks mad dangerous!	呜哇…好像超不妙的？	1	1	1.000	ok
Healthy Corpus Leads to Healthy Ingredient	优良的素材来自于优良的肉体	1	1	1.000	ok
Former Heishou - Wu Adept	原黑兽 - 午 魁首	1	1	1.000	ok
I will trample... and crush you to mulch	践踏…直至将你们踏作齑粉	1	1	1.000	ok
Soul Lost in Daylight (魂飛中天)	魂飞中天	1	1	1.000	ok
Intrepid trespasser...!	竟敢前来此处，你们当这里是什么地方…！	1	1	1.000	ok
I've got nothing to fear with a bottle of wine by my side	与酒偕行，心无所畏	1	1	1.000	ok
River of Blooddrops (血滴成河)	血滴成河	1	1	1.000	ok
It's going to be so much fun, hmm?	不觉得很有趣吗？	1	1	1.000	ok
Kkomi's not a Piñata	就算打可米也不会爆出糖的	1	1	1.000	ok
Roar of the Rogue Waves	激潮的咆哮	1	1	1.000	ok
Take Theirs First!	拿走那家伙的时间！	1	1	1.000	ok
Passive for the Arm Part	手臂部位被动	1	1	1.000	ok
The Sword Points Toward Those Who Could Not be Protected	剑锋所指乃是所有未能守护之人	1	1	1.000	ok
I'll Just Have to Force-feed You!	直接塞进嘴里！	2	1	0.500	suspect
Let's All Cook Together!	大家一起来做菜吧	1	1	1.000	ok
An Apple’s Twilight	苹果的黄金期	1	1	1.000	ok
Booze Makes You Hicc!	醉意令人打嗝！	1	1	1.000	ok
Stimulating Smell, Isn't It?	香气四溢吧？	1	1	1.000	ok
To be Drenched in Blood	以血浸染	1	1	1.000	ok
Ooh, Dear Master...	啊啊，主人…	1	1	1.000	ok
You Must Be the Interloper's Family?	你也是不速之客吗？	1	1	1.000	ok
Eclosion - Life That Was	羽化-前生	1	1	1.000	ok
Eclosion - Life That Is	羽化-今生	1	1	1.000	ok
Kṣaṇa of Circumvolution	刹那之一巡	3	1	0.333	suspect
Eclosion - Life That Will Be	羽化-来生	1	1	1.000	ok
Erumpent Flower-burying Efflorescence [梅花滿開]	梅花盛开	1	1	1.000	ok
One Last Radiance [回光返照]	回光返照	1	1	1.000	ok
Let's Play Tag! Here I Go!	鬼抓人开始咯	1	1	1.000	ok
Will You Play? Will You Play? Will You Play?	来玩吗？来玩吗？来玩吗？	1	1	1.000	ok
The Past - Segmentation [分節]	过去-分节	1	1	1.000	ok
The Past - Origination [緣起]	过去-缘起	1	1	1.000	ok
The Present - Segmentation [分節]	现在-分节	1	1	1.000	ok
The Present - Origination [緣起]	现在-缘起	1	1	1.000	ok
The Future - Segmentation [分節]	未来-分节	1	1	1.000	ok
The Future - Origination [緣起]	未来-缘起	1	1	1.000	ok
How to Prepare for War	备战之法	1	1	1.000	ok
My Bestie and a Rival	最佳拍档兼宿敌	1	1	1.000	ok
Like a Moth to a Flame	如同飞蛾扑火	1	1	1.000	ok
Its Eyes Have Watched Over the Entire Black Forest	其目一直注视着整个黑森林	1	1	1.000	ok
The Wasp of the Distortion Detective Office	扭曲侦探事务所的胡蜂	1	1	1.000	ok
Detecti—I mean, Team Leader! We've Got Your Back!	侦探…！不…队长，请相信我们！	1	1	1.000	ok
Effloresced E.G.O::Lavacrum Sanguinis	绽放E.G.O::血之洗礼	1	1	1.000	ok
Special Airborne Operations Force - Abraxas Chariot	空降特战部队-阿布拉克萨斯战车	1	1	1.000	ok
Power of Love and Justice	爱与正义之力	1	1	1.000	ok
Bursting Strike, Breathing Siphon	破伤吸还	1	1	1.000	ok
To the Front Lines!!	前往前线！！	1	1	1.000	ok
No... Get Away From Me!	停下…别过来！	1	1	1.000	ok
What Are You Doing?!	你在搞什么？	6	1	0.167	suspect
In the World of Bristly	变得蓬乱的头发	2	1	0.500	suspect
I Will... Do My Best	我会…尽我所能	1	1	1.000	ok
Apologies... Mistress!	万分抱歉…夫人！	1	1	1.000	ok
Insolent Fool!	何等失礼！	2	1	0.500	suspect
Will You Witness Me, Mistress?!	夫人，您在看吗？！	1	1	1.000	ok
A Single Point of Art	艺术的一点	1	1	1.000	ok
Body Augment - Phys. Boost	肉体强化手术-肉体增强	1	1	1.000	ok
Body Augment - Cooldown	肉体强化手术-冷却	1	1	1.000	ok
This Time, I Win...!	这次我赢了…！	1	1	1.000	ok
Dead Rabbits Boss?	死兔帮 老大？	1	1	1.000	ok
Bod... ...st	肉体…增强	1	1	1.000	ok
...erding	逐…	1	1	1.000	ok
An Encounter of Moderate Difficulty	不会无聊的战斗	1	1	1.000	ok
Target - Jia Baoyu	目标-贾宝玉	1	1	1.000	ok
Well, well... Hic. This won't do	哎呀，哎呀…嗝，这可不行	1	1	1.000	ok
Shi(史) Family Charge Circuitry	史家制充能回路	1	1	1.000	ok
Experiment Goal - Maturation	实验目标-成长	1	1	1.000	ok
Experiment Goal - Germination	实验目标-发芽	1	1	1.000	ok
Experiment Goal - Blossom	实验目标-绽放	1	1	1.000	ok
Esecuzione della Regola - Preparation Stage	执行纪律-准备阶段	1	1	1.000	ok
Esecuzione della Regola - Crush the Lower Jaw	执行纪律-下颌碎骨	1	1	1.000	ok
Fresh Human-omes!	新鲜的人类诺姆	1	1	1.000	ok
If I lend my ear to the inner self...	倾听内在的自我…	1	1	1.000	ok
Intense Primary Color - Rouge	强烈原色-红色	1	1	1.000	ok
Intense Primary Color - Bleu	强烈原色-蓝色	1	1	1.000	ok
Le Fauvisme - Masque de Chèvre-Hibou	野兽派-山羊·枭面	1	1	1.000	ok
Meat Gear: Enhance	血肉齿轮-强化	1	1	1.000	ok
Thought Gear: Delay	思想齿轮-延迟	1	1	1.000	ok
Thought Gear: Risk	思想齿轮-危险	1	1	1.000	ok
Not Me Boys!	小崽子们！	1	1	1.000	ok
Caution: Unsteady	注意摇晃	2	1	0.500	suspect
Caution: Delicate	注意损伤	1	1	1.000	ok
All Identities heal {0}% HP	全体人格恢复{0}%体力	1	1	1.000	noise
Revive an Identity with fully healed HP	1名已阵亡人格的体力完全恢复	1	1	1.000	ok
First Stop: Contact	首站：遭遇	4	1	0.250	noise
Station #2: Restoration	第2站：复原	4	1	0.250	suspect
Station #3: Sinkage	第3站：沉沦	4	1	0.250	suspect
Station #4: Reunion	第4站：再会	4	1	0.250	suspect
Station #5: Insulation	第5站：绝缘	4	1	0.250	suspect
Station #6: Pickup	第6站：选拔	4	1	0.250	suspect
Station #7: Headlessness	第7站：无首	4	1	0.250	suspect
Station #8: Existence	第8站：存在	4	1	0.250	suspect
Station #9: Serum	第9站：血清	4	1	0.250	suspect
Station #10: Forked Tongue	第10站：岔舌	4	1	0.250	suspect
Station #11: Energization	第11站：导电	4	1	0.250	suspect
Station #12: Purity	第12站：纯粹	4	1	0.250	suspect
Last Stop: Non-self	终点站：无我	4	1	0.250	noise
First Stop: Curse	起点站：诅咒	2	1	0.500	noise
Station #2: Servitude	第2站：奴役	2	1	0.500	suspect
Station #3: Rainfall	第3站：落雨	2	1	0.500	suspect
Station #5: The Lure	第5站：引诱	2	1	0.500	suspect
Station #6: Exploitation	第6站：榨取	2	1	0.500	suspect
Station #8: Cycle	第8站：巡回	2	1	0.500	suspect
First Stop: Cogwheel	首站：齿轮	2	1	0.500	noise
Station #2: Waves	第2站：波浪	2	1	0.500	suspect
Station #3: Nostalgia	第3站：乡愁	2	1	0.500	suspect
Station #5: Drudgery	第5站：苦行	2	1	0.500	suspect
Station #6: Truth	第6站：真理	2	1	0.500	suspect
Station #7: Eclosion	第7站：羽化	2	1	0.500	suspect
Station #9: Pallidification	第9站：白化	2	1	0.500	suspect
Station #10: Brainwash	第10站：洗脑	2	1	0.500	suspect
Station #11: Gaslight	第11站：汽灯	2	1	0.500	suspect
Station #12: Interlude	第12站：幕间	2	1	0.500	suspect
Terminus: Spiral	终点站：螺旋	1	1	1.000	ok
Line {0}	{0}号线	1	1	1.000	ok
Traveling: {0}	行进线路：{0}	1	1	1.000	ok
What Line will you travel?	您想选择哪条线路？	1	1	1.000	ok
Refraction Railway {0}	折射轨道 {0}	1	1	1.000	ok
Rank #{0}	排名 #{0}	1	1	1.000	ok
{0}-{1} In Progress	{0}正在前往第{1}站	1	1	1.000	ok
(Complete before {0})	（{0}为止完成上述获取条件）	1	1	1.000	ok
(Unobtainable past {0} total turns)	（总计回合数超过{0}时不可获取）	1	1	1.000	ok
The travelogue is currently empty.	暂无记录。	1	1	1.000	ok
Would you like to disembark from the Refraction Railway?	是否终止挑战折射轨道？	1	1	1.000	ok
Clear Turn Count by Section	各区段通关回合数	1	1	1.000	ok
- Identities : Uptie Tier 4, Level 55 (Level Cap: 55)	- 人格：同步4阶段，55级（最高等级上限：55）	1	1	1.000	ok
Obtain by clearing Line 1 BokGak under 120 total turns.	通关1号线复刻且总计回合数不超过120后可获得。	1	1	1.000	ok
Cycle {0} Completed	第{0}巡回 已完成	1	1	1.000	ok
Cycle Count :	目前巡回数：	1	1	1.000	ok
Buff Name 1 (Dummy)	BUFF名称1（dummy）	1	1	1.000	ok
Buff Name 2 (Dummy)	BUFF名称2（dummy）	1	1	1.000	ok
Buff Name 3 (Dummy)	BUFF名称3（dummy）	1	1	1.000	ok
Buff Name 4 (Dummy)	BUFF名称4（dummy）	1	1	1.000	ok
Buff Name 5 (Dummy)	BUFF名称5（dummy）	1	1	1.000	ok
Select 1 <style="railwayDungeonAlly">Ally Buff</style>.	选择1种<style="railwayDungeonAlly">友方BUFF</style>。	1	1	1.000	ok
Select 1 <style="railwayDungeonEnemy">Enemy Buff</style>.	选择1种<style="railwayDungeonEnemy">敌方BUFF</style>。	1	1	1.000	ok
Cannot be selected this Cycle.	在本次巡回中无法选择	1	1	1.000	ok
({0} Cycle Count)	（巡回数{0}）	1	1	1.000	ok
Cycle : {0}	巡回：{0}	1	1	1.000	ok
Turns : {0}	回合：{0}	1	1	1.000	ok
Your Team Loadout has been saved.	你的编队已被保存。	1	1	1.000	ok
GIVE UP (there's no giving up, delete this option)	放弃（不使用，需删除）	1	1	1.000	ok
이번 전투를 포기하고 4호선 진입 전으로 돌아갑니다. (사용하지 않음 제거 필요)	放弃本次战斗，前往进入4号线之前的页面。（不使用，需删除）	1	1	1.000	ok
HP and SP have been reset.	体力、理智值已初始化。	1	1	1.000	ok
<font="BebasKai SDF">SECTION 01</font>	SECTION 01	1	1	1.000	ok
<font="BebasKai SDF">SECTION 02</font>	SECTION 02	1	1	1.000	ok
<font="BebasKai SDF">SECTION 03</font>	SECTION 03	1	1	1.000	ok
<font="BebasKai SDF">SECTION 04</font>	SECTION 04	1	1	1.000	ok
- Identities : Uptie Tier 4, Level 50	- 人格：同步 4阶段，50级	2	1	0.500	suspect
Section #{0}	第{0}区段	1	1	1.000	ok
Butterfly of Entangled Lives::Imago Passive	罗生蝶::蝶 被动	1	1	1.000	ok
Will be displayed upon clearing Section 2.	将在通过第2区段时显示。	1	1	1.000	ok
{0} Resistance + 0.25, {1} Resistance + 0.25	{0}抗性+0.25，{1}抗性+0.25	1	1	1.000	ok
Entry SP {1} {0}	起始理智值 {1} {0}	1	1	1.000	ok
The Lake and the Butterfly 2	湖与蝴蝶 2	1	1	1.000	ok
The Lake and the Butterfly 3	湖与蝴蝶 3	1	1	1.000	ok
Where It All Went Wrong	扣错的纽扣	1	1	1.000	ok
Life, Stolen	被盗走的人生	1	1	1.000	ok
IN WHICH THE TALE OF OUR YOUNG MASTER IS REVEALED	吾等之少爷所经历的故事在此揭示	1	1	1.000	ok
OF THE PENITENT BLOODFIENDS AND THE BIZARRE SURVEY	关于悔过自新的血魔与奇异的问卷调查	1	1	1.000	ok
OF THE PREDICTABLE ENDING TO SANSÓN'S STAGEPLAY	关于参孙的戏剧那显而易见的结局	1	1	1.000	ok
OF JIA XICHUN'S QUERY AND THE SINNER'S LUKEWARM ANSWERS	关于罪人们对贾惜春的疑问与质询含糊其辞的回答	1	1	1.000	ok
IN WHICH IS CONTINUED THE PARADE OF DESPAIR	充满绝望的游行在此继续	1	1	1.000	ok
OF WHAT BEFELL DULCINEA THE BEAUTIFUL AND DON QUIXOTE	关于美丽的杜尔西内娅与堂吉诃德间的遭遇	1	1	1.000	ok
Those Who Do Not Decide 2	不做判断之人2	1	1	1.000	ok
Abikyōkan 2	阿鼻叫唤 2	1	1	1.000	ok
Cigarettes & The Nursefather	香烟与父辈	1	1	1.000	ok
The Panther, Lion, and Wolf	豹，狮，狼	1	1	1.000	ok
Soldiers of Limbu―	我们是边狱公……	2	1	0.500	suspect
Effie—Saude, too	埃菲索德，又一次的小插曲。	1	1	1.000	ok
Unterführung	地下通道 2	1	1	1.000	ok
An Age Without Technology 2	技术不复存在的时代 2	1	1	1.000	ok
When the Student Becomes the Master	青出于蓝而胜于蓝	1	1	1.000	ok
Into Oblivion, in Silence	静静地被遗忘	1	1	1.000	ok
Hell’s Chickapalooza	地狱鸡 2	1	1	1.000	ok
A Chicken in Another Hand	鸡在掌握 2	1	1	1.000	ok
A Restaurateur’s Spicy Fathoms	老板的辣味心道	1	1	1.000	ok
The Beach Episode!	去海边！	1	1	1.000	ok
Trash Crabs?	废料蟹？	1	1	1.000	ok
Time to Collect Scrap!	废料收集时间！	1	1	1.000	ok
Beach... Volleyball?	沙滩……排球？	1	1	1.000	ok
Gift of Hatred, Given Shape	用仇恨制作的礼物	1	1	1.000	ok
The Visit from T Corp.	时间管理局员工	1	1	1.000	ok
A Case of the Gallows	绞刑架的真身	1	1	1.000	ok
The Adventure of the Three Detectives	三个侦探	1	1	1.000	ok
The Clock Tower of Fear	恐怖钟楼	1	1	1.000	ok
The City’s Technology	都市的科技	1	1	1.000	ok
The Sign [Future]	印记[未来]	1	1	1.000	ok
<color=#d40000><s>Great Brother</s></color>	<color=#d40000><s>长兄</s></color>	1	1	1.000	ok
<color=#d40000><s>Sottocapo</s></color>	<color=#d40000><s>二老板</s></color>	1	1	1.000	ok
<color=#d40000><s>Le Sette Famiglie<s></color>	<color=#d40000><s>七大家族</s></color>	1	1	1.000	ok
<color=#d40000><s>Maestro<s></color>	<color=#d40000><s>大师</s></color>	1	1	1.000	ok
<color=#d40000><s>Jia Family</s></color>	<color=#d40000><s>贾家</s></color>	1	1	1.000	ok
<color=#d40000><s>Heishou Pack Adept</s></color>	<color=#d40000><s>黑兽 魁首</s></color>	1	1	1.000	ok
Associate Office - Öufi	直属事务所 - Öufi	1	1	1.000	ok
<s>The Fingers</s>	<s>手指</s>	1	1	1.000	ok
<s>The House of Spiders</s>	<s>蜘蛛巢</s>	1	1	1.000	ok
<color=#d40000><s>Dihui Star</s></color>	<color=#d40000><s>地慧星</s></color>	1	1	1.000	ok
<color=#d40000><s>Great Sister</s></color>	<color=#d40000><s>长姊</s></color>	1	1	1.000	ok
可获得各种奖励	BattlePass.json	0	0	0.000	noise
连接通道	DungeonArea1-1.json	0	0	0.000	noise
大厅	DungeonArea1-1.json	0	0	0.000	noise
{1}%概率随机获得一件E.G.O饰品	MirrorDungeonBattleRewardCase.json	0	0	0.000	noise
您确定要继续吗？	MirrorDungeonUI.json	0	0	0.000	noise
进行镌星。	MirrorDungeonUI_2.json	0	0	0.000	noise
不足	MirrorDungeonUI_2.json	0	0	0.000	noise
让谁休息比较好呢？	MirrorDungeonUI_2.json	0	0	0.000	noise
烧伤E.G.O饰品类别开放	MirrorDungeonUI_4.json	0	0	0.000	noise
流血E.G.O饰品类别开放	MirrorDungeonUI_4.json	0	0	0.000	noise
震颤E.G.O饰品类别开放	MirrorDungeonUI_4.json	0	0	0.000	noise
破裂E.G.O饰品类别开放	MirrorDungeonUI_4.json	0	0	0.000	noise
沉沦E.G.O饰品类别开放	MirrorDungeonUI_4.json	0	0	0.000	noise
呼吸法E.G.O饰品类别开放	MirrorDungeonUI_4.json	0	0	0.000	noise
充能E.G.O饰品类别开放	MirrorDungeonUI_4.json	0	0	0.000	noise
斩击E.G.O饰品类别开放	MirrorDungeonUI_4.json	0	0	0.000	noise
突刺E.G.O饰品类别开放	MirrorDungeonUI_4.json	0	0	0.000	noise
打击E.G.O饰品类别开放	MirrorDungeonUI_4.json	0	0	0.000	noise
获得50点初始经费	MirrorDungeonUI_4.json	0	0	0.000	noise
初始经费+50	MirrorDungeonUI_4.json	0	0	0.000	noise
可选择的E.G.O饰品数量+1	MirrorDungeonUI_4.json	0	0	0.000	noise
出现E.G.O饰品等级上升	MirrorDungeonUI_4.json	0	0	0.000	noise
出现E.G.O饰品数量+1	MirrorDungeonUI_4.json	0	0	0.000	noise
刷新经费 -20%	MirrorDungeonUI_4.json	0	0	0.000	noise
购买E.G.O饰品所需经费减少 -5%	MirrorDungeonUI_4.json	0	0	0.000	noise
1级E.G.O饰品购买所需经费 -7.5%	MirrorDungeonUI_4.json	0	0	0.000	noise
2级E.G.O饰品购买所需经费 -7.5%	MirrorDungeonUI_4.json	0	0	0.000	noise
3级E.G.O饰品购买所需经费 -7.5%	MirrorDungeonUI_4.json	0	0	0.000	noise
4级E.G.O饰品购买所需经费 -7.5%	MirrorDungeonUI_4.json	0	0	0.000	noise
购买烧伤E.G.O饰品所需经费减少 -7.5%	MirrorDungeonUI_4.json	0	0	0.000	noise
购买流血E.G.O饰品所需经费减少 -7.5%	MirrorDungeonUI_4.json	0	0	0.000	noise
购买震颤E.G.O饰品所需经费减少 -7.5%	MirrorDungeonUI_4.json	0	0	0.000	noise
购买破裂E.G.O饰品所需经费减少 -7.5%	MirrorDungeonUI_4.json	0	0	0.000	noise
购买沉沦E.G.O饰品所需经费减少 -7.5%	MirrorDungeonUI_4.json	0	0	0.000	noise
购买呼吸法E.G.O饰品所需经费减少 -7.5%	MirrorDungeonUI_4.json	0	0	0.000	noise
购买充能E.G.O饰品所需经费减少 -7.5%	MirrorDungeonUI_4.json	0	0	0.000	noise
购买斩击E.G.O饰品所需经费减少 -7.5%	MirrorDungeonUI_4.json	0	0	0.000	noise
购买突刺E.G.O饰品所需经费减少 -7.5%	MirrorDungeonUI_4.json	0	0	0.000	noise
购买打击E.G.O饰品所需经费减少 -7.5%	MirrorDungeonUI_4.json	0	0	0.000	noise
购买无关键词E.G.O饰品所需经费减少 -7.5%	MirrorDungeonUI_4.json	0	0	0.000	noise
E.G.O饰品出现数量+1	MirrorDungeonUI_4.json	0	0	0.000	noise
1级E.G.O饰品售卖所得经费 +20%	MirrorDungeonUI_4.json	0	0	0.000	noise
2级E.G.O饰品售卖所得经费 +20%	MirrorDungeonUI_4.json	0	0	0.000	noise
3级E.G.O饰品售卖所得经费 +20%	MirrorDungeonUI_4.json	0	0	0.000	noise
4级E.G.O饰品售卖所得经费 +20%	MirrorDungeonUI_4.json	0	0	0.000	noise
技能替换经费 -20%	MirrorDungeonUI_4.json	0	0	0.000	noise
强化E.G.O饰品所需经费减少 -7.5%	MirrorDungeonUI_4.json	0	0	0.000	noise
强化1级E.G.O饰品所需经费减少 -7.5%	MirrorDungeonUI_4.json	0	0	0.000	noise
强化2级E.G.O饰品所需经费减少 -7.5%	MirrorDungeonUI_4.json	0	0	0.000	noise
强化3级E.G.O饰品所需经费减少 -7.5%	MirrorDungeonUI_4.json	0	0	0.000	noise
强化4级及以上E.G.O饰品所需经费减少 -7.5%	MirrorDungeonUI_4.json	0	0	0.000	noise
刷新时有20%的概率不消耗经费	MirrorDungeonUI_4.json	0	0	0.000	noise
强化烧伤E.G.O饰品所需经费减少 -7.5%	MirrorDungeonUI_4.json	0	0	0.000	noise
强化流血E.G.O饰品所需经费减少 -7.5%	MirrorDungeonUI_4.json	0	0	0.000	noise
强化震颤E.G.O饰品所需经费减少 -7.5%	MirrorDungeonUI_4.json	0	0	0.000	noise
强化破裂E.G.O饰品所需经费减少 -7.5%	MirrorDungeonUI_4.json	0	0	0.000	noise
强化沉沦E.G.O饰品所需经费减少 -7.5%	MirrorDungeonUI_4.json	0	0	0.000	noise
强化呼吸法E.G.O饰品所需经费减少 -7.5%	MirrorDungeonUI_4.json	0	0	0.000	noise
强化充能E.G.O饰品所需经费减少 -7.5%	MirrorDungeonUI_4.json	0	0	0.000	noise
20%概率强化时返还经费	MirrorDungeonUI_4.json	0	0	0.000	noise
E.G.O饰品强化经费 -10%	MirrorDungeonUI_4.json	0	0	0.000	noise
斩击E.G.O饰品强化经费 -7.5%	MirrorDungeonUI_4.json	0	0	0.000	noise
突刺E.G.O饰品强化经费 -7.5%	MirrorDungeonUI_4.json	0	0	0.000	noise
打击E.G.O饰品强化经费 -7.5%	MirrorDungeonUI_4.json	0	0	0.000	noise
无关键词E.G.O饰品强化经费 -7.5%	MirrorDungeonUI_4.json	0	0	0.000	noise
阶层主题出现数量 +1	MirrorDungeonUI_4.json	0	0	0.000	noise
造成伤害量 +2.5%	MirrorDungeonUI_4.json	0	0	0.000	noise
攻击等级 +1	MirrorDungeonUI_4.json	0	0	0.000	noise
受到的伤害 -2.5%	MirrorDungeonUI_4.json	0	0	0.000	noise
防御等级 +1	MirrorDungeonUI_4.json	0	0	0.000	noise
最大速度值+1	MirrorDungeonUI_4.json	0	0	0.000	noise
返还刷新经费	MirrorDungeonUI_4.json	0	0	0.000	noise
返还强化经费	MirrorDungeonUI_4.json	0	0	0.000	noise
奖励	MirrorDungeonUI_5.json	0	0	0.000	noise
该如何抉择？	MirrorDungeonUI_5.json	0	0	0.000	noise
罪人[{0}]复活	MirrorDungeonUI_5.json	0	0	0.000	noise
第8章后开放	MirrorDungeonUI_5.json	0	0	0.000	noise
获得合成·售卖专用饰品	MirrorDungeonUI_5.json	0	0	0.000	noise
获得经费	MirrorDungeonUI_5.json	0	0	0.000	noise
出现特殊商店的概率	MirrorDungeonUI_5.json	0	0	0.000	noise
人格等级+3	MirrorDungeonUI_5.json	0	0	0.000	noise
激活	MirrorDungeonUI_6.json	0	0	0.000	noise
无法激活	MirrorDungeonUI_6.json	0	0	0.000	noise
回满体力	RailwayDungeonUI.json	0	0	0.000	noise
